[INFO] Scanning for projects...
[INFO] ------------------------------------------------------------------------
[INFO] Reactor Build Order:
[INFO] 
[INFO] Folio PDF by ZeroCloud - Parent                                    [pom]
[INFO] Folio PDF by ZeroCloud - Capability Provider Contract              [jar]
[INFO] Folio PDF by ZeroCloud - Conversion                                [jar]
[INFO] Folio PDF by ZeroCloud - Document Engine                           [jar]
[INFO] Folio PDF by ZeroCloud - Stable iText 7 Migration Facade           [jar]
[INFO] Folio PDF by ZeroCloud - Acceptance Evidence                       [jar]
[INFO] 
[INFO] ----------------------< net.zerocloud:pdf-parent >----------------------
[INFO] Building Folio PDF by ZeroCloud - Parent 0.1.0-SNAPSHOT            [1/6]
[INFO]   from pom.xml
[INFO] --------------------------------[ pom ]---------------------------------
[INFO] 
[INFO] --- enforcer:3.6.2:enforce (enforce-build-runtime) @ pdf-parent ---
[INFO] Rule 0: org.apache.maven.enforcer.rules.version.RequireMavenVersion passed
[INFO] Rule 1: org.apache.maven.enforcer.rules.version.RequireJavaVersion passed
[INFO] 
[INFO] ----------------< net.zerocloud:pdf-provider-contract >-----------------
[INFO] Building Folio PDF by ZeroCloud - Capability Provider Contract 0.1.0-SNAPSHOT [2/6]
[INFO]   from pdf-provider-contract/pom.xml
[INFO] --------------------------------[ jar ]---------------------------------
[INFO] 
[INFO] --- enforcer:3.6.2:enforce (enforce-build-runtime) @ pdf-provider-contract ---
[INFO] 
[INFO] --- resources:3.3.1:resources (default-resources) @ pdf-provider-contract ---
[INFO] Copying 1 resource from src/main/resources to target/classes
[INFO] Copying 2 resources from .. to target/classes/META-INF
[INFO] 
[INFO] --- compiler:3.15.0:compile (default-compile) @ pdf-provider-contract ---
[INFO] Nothing to compile - all classes are up to date.
[INFO] 
[INFO] --- resources:3.3.1:testResources (default-testResources) @ pdf-provider-contract ---
[INFO] skip non existing resourceDirectory /home/ubuntu/IdeaProjects/open-pdf/pdf-provider-contract/src/test/resources
[INFO] 
[INFO] --- compiler:3.15.0:testCompile (default-testCompile) @ pdf-provider-contract ---
[INFO] Nothing to compile - all classes are up to date.
[INFO] 
[INFO] --- surefire:3.5.4:test (default-test) @ pdf-provider-contract ---
[INFO] 
[INFO] --------------------< net.zerocloud:pdf-conversion >--------------------
[INFO] Building Folio PDF by ZeroCloud - Conversion 0.1.0-SNAPSHOT        [3/6]
[INFO]   from pdf-conversion/pom.xml
[INFO] --------------------------------[ jar ]---------------------------------
[INFO] 
[INFO] --- enforcer:3.6.2:enforce (enforce-build-runtime) @ pdf-conversion ---
[INFO] 
[INFO] --- resources:3.3.1:resources (default-resources) @ pdf-conversion ---
[INFO] skip non existing resourceDirectory /home/ubuntu/IdeaProjects/open-pdf/pdf-conversion/src/main/resources
[INFO] Copying 2 resources from .. to target/classes/META-INF
[INFO] 
[INFO] --- compiler:3.15.0:compile (default-compile) @ pdf-conversion ---
[INFO] Nothing to compile - all classes are up to date.
[INFO] 
[INFO] --- resources:3.3.1:testResources (default-testResources) @ pdf-conversion ---
[INFO] skip non existing resourceDirectory /home/ubuntu/IdeaProjects/open-pdf/pdf-conversion/src/test/resources
[INFO] Copying 1 resource from ../pdf-acceptance/src/main/resources/net/zerocloud/pdf/acceptance/fonts/noto to target/test-classes/net/zerocloud/pdf/fixtures/noto
[INFO] 
[INFO] --- compiler:3.15.0:testCompile (default-testCompile) @ pdf-conversion ---
[INFO] Nothing to compile - all classes are up to date.
[INFO] 
[INFO] --- surefire:3.5.4:test (default-test) @ pdf-conversion ---
[INFO] 
[INFO] ---------------------< net.zerocloud:pdf-document >---------------------
[INFO] Building Folio PDF by ZeroCloud - Document Engine 0.1.0-SNAPSHOT   [4/6]
[INFO]   from pdf-document/pom.xml
[INFO] --------------------------------[ jar ]---------------------------------
[INFO] 
[INFO] --- enforcer:3.6.2:enforce (enforce-build-runtime) @ pdf-document ---
[INFO] 
[INFO] --- resources:3.3.1:resources (default-resources) @ pdf-document ---
[INFO] Copying 1 resource from src/main/resources to target/classes
[INFO] Copying 2 resources from .. to target/classes/META-INF
[INFO] 
[INFO] --- compiler:3.15.0:compile (default-compile) @ pdf-document ---
[INFO] Nothing to compile - all classes are up to date.
[INFO] 
[INFO] --- resources:3.3.1:testResources (default-testResources) @ pdf-document ---
[INFO] Copying 12 resources from src/test/resources to target/test-classes
[INFO] Copying 15 resources from ../pdf-acceptance/src/main/resources/net/zerocloud/pdf/acceptance/fonts/noto to target/test-classes/net/zerocloud/pdf/fixtures/noto
[INFO] 
[INFO] --- compiler:3.15.0:testCompile (default-testCompile) @ pdf-document ---
[INFO] Nothing to compile - all classes are up to date.
[INFO] 
[INFO] --- surefire:3.5.4:test (default-test) @ pdf-document ---
[INFO] 
[INFO] -----------------< net.zerocloud:pdf-migration-itext7 >-----------------
[INFO] Building Folio PDF by ZeroCloud - Stable iText 7 Migration Facade 0.1.0-SNAPSHOT [5/6]
[INFO]   from pdf-migration-itext7/pom.xml
[INFO] --------------------------------[ jar ]---------------------------------
[INFO] 
[INFO] --- enforcer:3.6.2:enforce (enforce-build-runtime) @ pdf-migration-itext7 ---
[INFO] 
[INFO] --- resources:3.3.1:resources (default-resources) @ pdf-migration-itext7 ---
[INFO] Copying 1 resource from src/main/resources to target/classes
[INFO] Copying 2 resources from .. to target/classes/META-INF
[INFO] 
[INFO] --- compiler:3.15.0:compile (default-compile) @ pdf-migration-itext7 ---
[INFO] Nothing to compile - all classes are up to date.
[INFO] 
[INFO] --- resources:3.3.1:testResources (default-testResources) @ pdf-migration-itext7 ---
[INFO] Copying 5 resources from ../pdf-document/src/test/resources to target/test-classes
[INFO] 
[INFO] --- compiler:3.15.0:testCompile (default-testCompile) @ pdf-migration-itext7 ---
[INFO] Nothing to compile - all classes are up to date.
[INFO] 
[INFO] --- surefire:3.5.4:test (default-test) @ pdf-migration-itext7 ---
[INFO] 
[INFO] --------------------< net.zerocloud:pdf-acceptance >--------------------
[INFO] Building Folio PDF by ZeroCloud - Acceptance Evidence 0.1.0-SNAPSHOT [6/6]
[INFO]   from pdf-acceptance/pom.xml
[INFO] --------------------------------[ jar ]---------------------------------
[INFO] 
[INFO] --- enforcer:3.6.2:enforce (enforce-build-runtime) @ pdf-acceptance ---
[INFO] 
[INFO] --- resources:3.3.1:resources (default-resources) @ pdf-acceptance ---
[INFO] Copying 32 resources from src/main/resources to target/classes
[INFO] 
[INFO] --- compiler:3.15.0:compile (default-compile) @ pdf-acceptance ---
[INFO] Nothing to compile - all classes are up to date.
[INFO] 
[INFO] --- resources:3.3.1:testResources (default-testResources) @ pdf-acceptance ---
[INFO] skip non existing resourceDirectory /home/ubuntu/IdeaProjects/open-pdf/pdf-acceptance/src/test/resources
[INFO] 
[INFO] --- compiler:3.15.0:testCompile (default-testCompile) @ pdf-acceptance ---
[INFO] Recompiling the module because of changed source code.
[INFO] Compiling 28 source files with javac [debug parameters release 8] to target/test-classes
[INFO] 
[INFO] --- surefire:3.5.4:test (default-test) @ pdf-acceptance ---
[INFO] Using auto detected provider org.apache.maven.surefire.junit4.JUnit4Provider
[INFO] 
[INFO] -------------------------------------------------------
[INFO]  T E S T S
[INFO] -------------------------------------------------------
[INFO] Running net.zerocloud.pdf.acceptance.T13EvidenceCommandTest
[ERROR] Tests run: 1, Failures: 1, Errors: 0, Skipped: 0, Time elapsed: 82.42 s <<< FAILURE! -- in net.zerocloud.pdf.acceptance.T13EvidenceCommandTest
[ERROR] net.zerocloud.pdf.acceptance.T13EvidenceCommandTest.observesFourIndependentChainsForTheExactExtractionProduct -- Time elapsed: 82.37 s <<< FAILURE!
java.lang.AssertionError: Every retained artifact must be bound before aggregation expected:<[declarations/arlington-cid/control-cid0-basefont-name.pdf, declarations/arlington-cid/control-cid0-basefont-required.pdf, declarations/arlington-cid/control-cid0-descriptor-dictionary.pdf, declarations/arlington-cid/control-cid0-descriptor-required.pdf, declarations/arlington-cid/control-cid0-dw-number.pdf, declarations/arlington-cid/control-cid0-dw2-array.pdf, declarations/arlington-cid/control-cid0-dw2-cardinality.pdf, declarations/arlington-cid/control-cid0-dw2-numbers.pdf, declarations/arlington-cid/control-cid0-ordering-required.pdf, declarations/arlington-cid/control-cid0-ordering-string.pdf, declarations/arlington-cid/control-cid0-registry-required.pdf, declarations/arlington-cid/control-cid0-registry-string.pdf, declarations/arlington-cid/control-cid0-ros-dictionary.pdf, declarations/arlington-cid/control-cid0-ros-required.pdf, declarations/arlington-cid/control-cid0-supplement-integer.pdf, declarations/arlington-cid/control-cid0-supplement-required.pdf, declarations/arlington-cid/control-cid0-w-array.pdf, declarations/arlington-cid/control-cid0-w-numbers.pdf, declarations/arlington-cid/control-cid0-w2-array.pdf, declarations/arlington-cid/control-cid0-w2-numbers.pdf, declarations/arlington-cid/control-cid2-basefont-name.pdf, declarations/arlington-cid/control-cid2-basefont-required.pdf, declarations/arlington-cid/control-cid2-descriptor-dictionary.pdf, declarations/arlington-cid/control-cid2-descriptor-required.pdf, declarations/arlington-cid/control-cid2-dw-number.pdf, declarations/arlington-cid/control-cid2-dw2-array.pdf, declarations/arlington-cid/control-cid2-dw2-cardinality.pdf, declarations/arlington-cid/control-cid2-dw2-numbers.pdf, declarations/arlington-cid/control-cid2-map-name.pdf, declarations/arlington-cid/control-cid2-map-type.pdf, declarations/arlington-cid/control-cid2-ordering-required.pdf, declarations/arlington-cid/control-cid2-ordering-string.pdf, declarations/arlington-cid/control-cid2-registry-required.pdf, declarations/arlington-cid/control-cid2-registry-string.pdf, declarations/arlington-cid/control-cid2-ros-dictionary.pdf, declarations/arlington-cid/control-cid2-ros-required.pdf, declarations/arlington-cid/control-cid2-supplement-integer.pdf, declarations/arlington-cid/control-cid2-supplement-required.pdf, declarations/arlington-cid/control-cid2-w-array.pdf, declarations/arlington-cid/control-cid2-w-numbers.pdf, declarations/arlington-cid/control-cid2-w2-array.pdf, declarations/arlington-cid/control-cid2-w2-numbers.pdf, declarations/arlington-cid/control-type0-basefont-name.pdf, declarations/arlington-cid/control-type0-basefont-required.pdf, declarations/arlington-cid/control-type0-descendants-array.pdf, declarations/arlington-cid/control-type0-descendants-nonempty.pdf, declarations/arlington-cid/control-type0-descendants-required.pdf, declarations/arlington-cid/control-type0-encoding-required.pdf, declarations/arlington-cid/control-type0-encoding-type.pdf, declarations/arlington-cid/control-type0-tounicode-stream.pdf, declarations/arlington-cid/findings.txt, declarations/arlington-cid/negative-cid0-basefont-name.txt, declarations/arlington-cid/negative-cid0-basefont-required.txt, declarations/arlington-cid/negative-cid0-descriptor-dictionary.txt, declarations/arlington-cid/negative-cid0-descriptor-required.txt, declarations/arlington-cid/negative-cid0-dw-number.txt, declarations/arlington-cid/negative-cid0-dw2-array.txt, declarations/arlington-cid/negative-cid0-dw2-cardinality.txt, declarations/arlington-cid/negative-cid0-dw2-numbers.txt, declarations/arlington-cid/negative-cid0-ordering-required.txt, declarations/arlington-cid/negative-cid0-ordering-string.txt, declarations/arlington-cid/negative-cid0-registry-required.txt, declarations/arlington-cid/negative-cid0-registry-string.txt, declarations/arlington-cid/negative-cid0-ros-dictionary.txt, declarations/arlington-cid/negative-cid0-ros-required.txt, declarations/arlington-cid/negative-cid0-supplement-integer.txt, declarations/arlington-cid/negative-cid0-supplement-required.txt, declarations/arlington-cid/negative-cid0-w-array.txt, declarations/arlington-cid/negative-cid0-w-numbers.txt, declarations/arlington-cid/negative-cid0-w2-array.txt, declarations/arlington-cid/negative-cid0-w2-numbers.txt, declarations/arlington-cid/negative-cid2-basefont-name.txt, declarations/arlington-cid/negative-cid2-basefont-required.txt, declarations/arlington-cid/negative-cid2-descriptor-dictionary.txt, declarations/arlington-cid/negative-cid2-descriptor-required.txt, declarations/arlington-cid/negative-cid2-dw-number.txt, declarations/arlington-cid/negative-cid2-dw2-array.txt, declarations/arlington-cid/negative-cid2-dw2-cardinality.txt, declarations/arlington-cid/negative-cid2-dw2-numbers.txt, declarations/arlington-cid/negative-cid2-map-name.txt, declarations/arlington-cid/negative-cid2-map-type.txt, declarations/arlington-cid/negative-cid2-ordering-required.txt, declarations/arlington-cid/negative-cid2-ordering-string.txt, declarations/arlington-cid/negative-cid2-registry-required.txt, declarations/arlington-cid/negative-cid2-registry-string.txt, declarations/arlington-cid/negative-cid2-ros-dictionary.txt, declarations/arlington-cid/negative-cid2-ros-required.txt, declarations/arlington-cid/negative-cid2-supplement-integer.txt, declarations/arlington-cid/negative-cid2-supplement-required.txt, declarations/arlington-cid/negative-cid2-w-array.txt, declarations/arlington-cid/negative-cid2-w-numbers.txt, declarations/arlington-cid/negative-cid2-w2-array.txt, declarations/arlington-cid/negative-cid2-w2-numbers.txt, declarations/arlington-cid/negative-type0-basefont-name.txt, declarations/arlington-cid/negative-type0-basefont-required.txt, declarations/arlington-cid/negative-type0-descendants-array.txt, declarations/arlington-cid/negative-type0-descendants-nonempty.txt, declarations/arlington-cid/negative-type0-descendants-required.txt, declarations/arlington-cid/negative-type0-encoding-required.txt, declarations/arlington-cid/negative-type0-encoding-type.txt, declarations/arlington-cid/negative-type0-tounicode-stream.txt, declarations/arlington-cid/standards.properties, declarations/arlington-cmaps/control-cmap-encoding-name-name.pdf, declarations/arlington-cmaps/control-cmap-encoding-name-required.pdf, declarations/arlington-cmaps/control-cmap-encoding-parent-type.pdf, declarations/arlington-cmaps/control-cmap-encoding-ros-dictionary.pdf, declarations/arlington-cmaps/control-cmap-encoding-ros-required.pdf, declarations/arlington-cmaps/control-cmap-encoding-type-name.pdf, declarations/arlington-cmaps/control-cmap-encoding-type-required.pdf, declarations/arlington-cmaps/control-cmap-encoding-type-value.pdf, declarations/arlington-cmaps/control-cmap-encoding-wmode-integer.pdf, declarations/arlington-cmaps/control-cmap-encoding-wmode-value.pdf, declarations/arlington-cmaps/control-cmap-unicode-name-name.pdf, declarations/arlington-cmaps/control-cmap-unicode-parent-type.pdf, declarations/arlington-cmaps/control-cmap-unicode-ros-dictionary.pdf, declarations/arlington-cmaps/control-cmap-unicode-type-name.pdf, declarations/arlington-cmaps/control-cmap-unicode-type-value.pdf, declarations/arlington-cmaps/control-cmap-unicode-wmode-integer.pdf, declarations/arlington-cmaps/control-cmap-unicode-wmode-value.pdf, declarations/arlington-cmaps/findings.txt, declarations/arlington-cmaps/negative-cmap-encoding-name-name.txt, declarations/arlington-cmaps/negative-cmap-encoding-name-required.txt, declarations/arlington-cmaps/negative-cmap-encoding-parent-type.txt, declarations/arlington-cmaps/negative-cmap-encoding-ros-dictionary.txt, declarations/arlington-cmaps/negative-cmap-encoding-ros-required.txt, declarations/arlington-cmaps/negative-cmap-encoding-type-name.txt, declarations/arlington-cmaps/negative-cmap-encoding-type-required.txt, declarations/arlington-cmaps/negative-cmap-encoding-type-value.txt, declarations/arlington-cmaps/negative-cmap-encoding-wmode-integer.txt, declarations/arlington-cmaps/negative-cmap-encoding-wmode-value.txt, declarations/arlington-cmaps/negative-cmap-unicode-name-name.txt, declarations/arlington-cmaps/negative-cmap-unicode-parent-type.txt, declarations/arlington-cmaps/negative-cmap-unicode-ros-dictionary.txt, declarations/arlington-cmaps/negative-cmap-unicode-type-name.txt, declarations/arlington-cmaps/negative-cmap-unicode-type-value.txt, declarations/arlington-cmaps/negative-cmap-unicode-wmode-integer.txt, declarations/arlington-cmaps/negative-cmap-unicode-wmode-value.txt, declarations/arlington-cmaps/standards.properties, declarations/arlington-core/control-annotation-ap-dictionary.pdf, declarations/arlington-core/control-annotation-flags-reserved.pdf, declarations/arlington-core/control-annotation-id-unique.pdf, declarations/arlington-core/control-annotation-page-owner.pdf, declarations/arlington-core/control-page-contents-array-member.pdf, declarations/arlington-core/control-page-contents-type.pdf, declarations/arlington-core/control-page-resources-required.pdf, declarations/arlington-core/control-pages-type-value.pdf, declarations/arlington-core/control-pages-type.pdf, declarations/arlington-core/control-stream-decodeparams-array-member.pdf, declarations/arlington-core/control-stream-decodeparams-count.pdf, declarations/arlington-core/control-stream-decodeparams-position.pdf, declarations/arlington-core/control-stream-decodeparams-type.pdf, declarations/arlington-core/control-stream-filter-array-name-type.pdf, declarations/arlington-core/control-stream-filter-array-name-value.pdf, declarations/arlington-core/control-stream-filter-name-value.pdf, declarations/arlington-core/control-stream-filter-type.pdf, declarations/arlington-core/control-stream-flate-predictor-type.pdf, declarations/arlington-core/control-stream-flate-predictor-value.pdf, declarations/arlington-core/control-text-appearance-required.pdf, declarations/arlington-core/control-text-name-name.pdf, declarations/arlington-core/control-text-open-boolean.pdf, declarations/arlington-core/control-trailer-info-indirect.pdf, declarations/arlington-core/control-trailer-info-required.pdf, declarations/arlington-core/findings.txt, declarations/arlington-core/negative-annotation-ap-dictionary.txt, declarations/arlington-core/negative-annotation-flags-reserved.txt, declarations/arlington-core/negative-annotation-id-unique.txt, declarations/arlington-core/negative-annotation-page-owner.txt, declarations/arlington-core/negative-page-contents-array-member.txt, declarations/arlington-core/negative-page-contents-type.txt, declarations/arlington-core/negative-page-resources-required.txt, declarations/arlington-core/negative-pages-type-value.txt, declarations/arlington-core/negative-pages-type.txt, declarations/arlington-core/negative-stream-decodeparams-array-member.txt, declarations/arlington-core/negative-stream-decodeparams-count.txt, declarations/arlington-core/negative-stream-decodeparams-position.txt, declarations/arlington-core/negative-stream-decodeparams-type.txt, declarations/arlington-core/negative-stream-filter-array-name-type.txt, declarations/arlington-core/negative-stream-filter-array-name-value.txt, declarations/arlington-core/negative-stream-filter-name-value.txt, declarations/arlington-core/negative-stream-filter-type.txt, declarations/arlington-core/negative-stream-flate-predictor-type.txt, declarations/arlington-core/negative-stream-flate-predictor-value.txt, declarations/arlington-core/negative-text-appearance-required.txt, declarations/arlington-core/negative-text-name-name.txt, declarations/arlington-core/negative-text-open-boolean.txt, declarations/arlington-core/negative-trailer-info-indirect.txt, declarations/arlington-core/negative-trailer-info-required.txt, declarations/arlington-core/standards.properties, declarations/arlington-descriptors/control-cid0-descriptor-ascent-number.pdf, declarations/arlington-descriptors/control-cid0-descriptor-ascent-required.pdf, declarations/arlington-descriptors/control-cid0-descriptor-bbox-numbers.pdf, declarations/arlington-descriptors/control-cid0-descriptor-bbox-required.pdf, declarations/arlington-descriptors/control-cid0-descriptor-capheight-number.pdf, declarations/arlington-descriptors/control-cid0-descriptor-descent-nonpositive.pdf, declarations/arlington-descriptors/control-cid0-descriptor-descent-number.pdf, declarations/arlington-descriptors/control-cid0-descriptor-descent-required.pdf, declarations/arlington-descriptors/control-cid0-descriptor-flags-integer.pdf, declarations/arlington-descriptors/control-cid0-descriptor-flags-required.pdf, declarations/arlington-descriptors/control-cid0-descriptor-fontname-name.pdf, declarations/arlington-descriptors/control-cid0-descriptor-fontname-required.pdf, declarations/arlington-descriptors/control-cid0-descriptor-italicangle-number.pdf, declarations/arlington-descriptors/control-cid0-descriptor-italicangle-required.pdf, declarations/arlington-descriptors/control-cid0-descriptor-stemv-number.pdf, declarations/arlington-descriptors/control-cid0-descriptor-stemv-required.pdf, declarations/arlington-descriptors/control-cid0-descriptor-type-name.pdf, declarations/arlington-descriptors/control-cid0-descriptor-type-required.pdf, declarations/arlington-descriptors/control-cid0-fontfile-stream.pdf, declarations/arlington-descriptors/control-cid0-program-subtype-required.pdf, declarations/arlington-descriptors/control-cid0-program-subtype-value.pdf, declarations/arlington-descriptors/control-cid2-descriptor-ascent-number.pdf, declarations/arlington-descriptors/control-cid2-descriptor-ascent-required.pdf, declarations/arlington-descriptors/control-cid2-descriptor-bbox-numbers.pdf, declarations/arlington-descriptors/control-cid2-descriptor-bbox-required.pdf, declarations/arlington-descriptors/control-cid2-descriptor-capheight-number.pdf, declarations/arlington-descriptors/control-cid2-descriptor-descent-nonpositive.pdf, declarations/arlington-descriptors/control-cid2-descriptor-descent-number.pdf, declarations/arlington-descriptors/control-cid2-descriptor-descent-required.pdf, declarations/arlington-descriptors/control-cid2-descriptor-flags-integer.pdf, declarations/arlington-descriptors/control-cid2-descriptor-flags-required.pdf, declarations/arlington-descriptors/control-cid2-descriptor-fontname-name.pdf, declarations/arlington-descriptors/control-cid2-descriptor-fontname-required.pdf, declarations/arlington-descriptors/control-cid2-descriptor-italicangle-number.pdf, declarations/arlington-descriptors/control-cid2-descriptor-italicangle-required.pdf, declarations/arlington-descriptors/control-cid2-descriptor-stemv-number.pdf, declarations/arlington-descriptors/control-cid2-descriptor-stemv-required.pdf, declarations/arlington-descriptors/control-cid2-descriptor-type-name.pdf, declarations/arlington-descriptors/control-cid2-descriptor-type-required.pdf, declarations/arlington-descriptors/control-cid2-fontfile-stream.pdf, declarations/arlington-descriptors/control-truetype-descriptor-ascent-number.pdf, declarations/arlington-descriptors/control-truetype-descriptor-ascent-required.pdf, declarations/arlington-descriptors/control-truetype-descriptor-bbox-numbers.pdf, declarations/arlington-descriptors/control-truetype-descriptor-bbox-required.pdf, declarations/arlington-descriptors/control-truetype-descriptor-capheight-number.pdf, declarations/arlington-descriptors/control-truetype-descriptor-descent-nonpositive.pdf, declarations/arlington-descriptors/control-truetype-descriptor-descent-number.pdf, declarations/arlington-descriptors/control-truetype-descriptor-descent-required.pdf, declarations/arlington-descriptors/control-truetype-descriptor-flags-integer.pdf, declarations/arlington-descriptors/control-truetype-descriptor-flags-required.pdf, declarations/arlington-descriptors/control-truetype-descriptor-fontname-name.pdf, declarations/arlington-descriptors/control-truetype-descriptor-fontname-required.pdf, declarations/arlington-descriptors/control-truetype-descriptor-italicangle-number.pdf, declarations/arlington-descriptors/control-truetype-descriptor-italicangle-required.pdf, declarations/arlington-descriptors/control-truetype-descriptor-stemv-number.pdf, declarations/arlington-descriptors/control-truetype-descriptor-stemv-required.pdf, declarations/arlington-descriptors/control-truetype-descriptor-type-name.pdf, declarations/arlington-descriptors/control-truetype-descriptor-type-required.pdf, declarations/arlington-descriptors/control-truetype-fontfile-stream.pdf, declarations/arlington-descriptors/control-truetype-program-length1-integer.pdf, declarations/arlington-descriptors/control-type1-descriptor-ascent-number.pdf, declarations/arlington-descriptors/control-type1-descriptor-ascent-required.pdf, declarations/arlington-descriptors/control-type1-descriptor-bbox-numbers.pdf, declarations/arlington-descriptors/control-type1-descriptor-bbox-required.pdf, declarations/arlington-descriptors/control-type1-descriptor-capheight-number.pdf, declarations/arlington-descriptors/control-type1-descriptor-descent-nonpositive.pdf, declarations/arlington-descriptors/control-type1-descriptor-descent-number.pdf, declarations/arlington-descriptors/control-type1-descriptor-descent-required.pdf, declarations/arlington-descriptors/control-type1-descriptor-flags-integer.pdf, declarations/arlington-descriptors/control-type1-descriptor-flags-required.pdf, declarations/arlington-descriptors/control-type1-descriptor-fontname-name.pdf, declarations/arlington-descriptors/control-type1-descriptor-fontname-required.pdf, declarations/arlington-descriptors/control-type1-descriptor-italicangle-number.pdf, declarations/arlington-descriptors/control-type1-descriptor-italicangle-required.pdf, declarations/arlington-descriptors/control-type1-descriptor-stemv-number.pdf, declarations/arlington-descriptors/control-type1-descriptor-stemv-required.pdf, declarations/arlington-descriptors/control-type1-descriptor-type-name.pdf, declarations/arlington-descriptors/control-type1-descriptor-type-required.pdf, declarations/arlington-descriptors/control-type1-fontfile-stream.pdf, declarations/arlington-descriptors/control-type1-program-subtype-required.pdf, declarations/arlington-descriptors/control-type1-program-subtype-value.pdf, declarations/arlington-descriptors/control-type3-descriptor-ascent-number.pdf, declarations/arlington-descriptors/control-type3-descriptor-bbox-numbers.pdf, declarations/arlington-descriptors/control-type3-descriptor-capheight-number.pdf, declarations/arlington-descriptors/control-type3-descriptor-descent-nonpositive.pdf, declarations/arlington-descriptors/control-type3-descriptor-descent-number.pdf, declarations/arlington-descriptors/control-type3-descriptor-flags-integer.pdf, declarations/arlington-descriptors/control-type3-descriptor-flags-required.pdf, declarations/arlington-descriptors/control-type3-descriptor-fontname-name.pdf, declarations/arlington-descriptors/control-type3-descriptor-italicangle-number.pdf, declarations/arlington-descriptors/control-type3-descriptor-italicangle-required.pdf, declarations/arlington-descriptors/control-type3-descriptor-stemv-number.pdf, declarations/arlington-descriptors/control-type3-descriptor-type-name.pdf, declarations/arlington-descriptors/control-type3-descriptor-type-required.pdf, declarations/arlington-descriptors/findings.txt, declarations/arlington-descriptors/negative-cid0-descriptor-ascent-number.txt, declarations/arlington-descriptors/negative-cid0-descriptor-ascent-required.txt, declarations/arlington-descriptors/negative-cid0-descriptor-bbox-numbers.txt, declarations/arlington-descriptors/negative-cid0-descriptor-bbox-required.txt, declarations/arlington-descriptors/negative-cid0-descriptor-capheight-number.txt, declarations/arlington-descriptors/negative-cid0-descriptor-descent-nonpositive.txt, declarations/arlington-descriptors/negative-cid0-descriptor-descent-number.txt, declarations/arlington-descriptors/negative-cid0-descriptor-descent-required.txt, declarations/arlington-descriptors/negative-cid0-descriptor-flags-integer.txt, declarations/arlington-descriptors/negative-cid0-descriptor-flags-required.txt, declarations/arlington-descriptors/negative-cid0-descriptor-fontname-name.txt, declarations/arlington-descriptors/negative-cid0-descriptor-fontname-required.txt, declarations/arlington-descriptors/negative-cid0-descriptor-italicangle-number.txt, declarations/arlington-descriptors/negative-cid0-descriptor-italicangle-required.txt, declarations/arlington-descriptors/negative-cid0-descriptor-stemv-number.txt, declarations/arlington-descriptors/negative-cid0-descriptor-stemv-required.txt, declarations/arlington-descriptors/negative-cid0-descriptor-type-name.txt, declarations/arlington-descriptors/negative-cid0-descriptor-type-required.txt, declarations/arlington-descriptors/negative-cid0-fontfile-stream.txt, declarations/arlington-descriptors/negative-cid0-program-subtype-required.txt, declarations/arlington-descriptors/negative-cid0-program-subtype-value.txt, declarations/arlington-descriptors/negative-cid2-descriptor-ascent-number.txt, declarations/arlington-descriptors/negative-cid2-descriptor-ascent-required.txt, declarations/arlington-descriptors/negative-cid2-descriptor-bbox-numbers.txt, declarations/arlington-descriptors/negative-cid2-descriptor-bbox-required.txt, declarations/arlington-descriptors/negative-cid2-descriptor-capheight-number.txt, declarations/arlington-descriptors/negative-cid2-descriptor-descent-nonpositive.txt, declarations/arlington-descriptors/negative-cid2-descriptor-descent-number.txt, declarations/arlington-descriptors/negative-cid2-descriptor-descent-required.txt, declarations/arlington-descriptors/negative-cid2-descriptor-flags-integer.txt, declarations/arlington-descriptors/negative-cid2-descriptor-flags-required.txt, declarations/arlington-descriptors/negative-cid2-descriptor-fontname-name.txt, declarations/arlington-descriptors/negative-cid2-descriptor-fontname-required.txt, declarations/arlington-descriptors/negative-cid2-descriptor-italicangle-number.txt, declarations/arlington-descriptors/negative-cid2-descriptor-italicangle-required.txt, declarations/arlington-descriptors/negative-cid2-descriptor-stemv-number.txt, declarations/arlington-descriptors/negative-cid2-descriptor-stemv-required.txt, declarations/arlington-descriptors/negative-cid2-descriptor-type-name.txt, declarations/arlington-descriptors/negative-cid2-descriptor-type-required.txt, declarations/arlington-descriptors/negative-cid2-fontfile-stream.txt, declarations/arlington-descriptors/negative-truetype-descriptor-ascent-number.txt, declarations/arlington-descriptors/negative-truetype-descriptor-ascent-required.txt, declarations/arlington-descriptors/negative-truetype-descriptor-bbox-numbers.txt, declarations/arlington-descriptors/negative-truetype-descriptor-bbox-required.txt, declarations/arlington-descriptors/negative-truetype-descriptor-capheight-number.txt, declarations/arlington-descriptors/negative-truetype-descriptor-descent-nonpositive.txt, declarations/arlington-descriptors/negative-truetype-descriptor-descent-number.txt, declarations/arlington-descriptors/negative-truetype-descriptor-descent-required.txt, declarations/arlington-descriptors/negative-truetype-descriptor-flags-integer.txt, declarations/arlington-descriptors/negative-truetype-descriptor-flags-required.txt, declarations/arlington-descriptors/negative-truetype-descriptor-fontname-name.txt, declarations/arlington-descriptors/negative-truetype-descriptor-fontname-required.txt, declarations/arlington-descriptors/negative-truetype-descriptor-italicangle-number.txt, declarations/arlington-descriptors/negative-truetype-descriptor-italicangle-required.txt, declarations/arlington-descriptors/negative-truetype-descriptor-stemv-number.txt, declarations/arlington-descriptors/negative-truetype-descriptor-stemv-required.txt, declarations/arlington-descriptors/negative-truetype-descriptor-type-name.txt, declarations/arlington-descriptors/negative-truetype-descriptor-type-required.txt, declarations/arlington-descriptors/negative-truetype-fontfile-stream.txt, declarations/arlington-descriptors/negative-truetype-program-length1-integer.txt, declarations/arlington-descriptors/negative-type1-descriptor-ascent-number.txt, declarations/arlington-descriptors/negative-type1-descriptor-ascent-required.txt, declarations/arlington-descriptors/negative-type1-descriptor-bbox-numbers.txt, declarations/arlington-descriptors/negative-type1-descriptor-bbox-required.txt, declarations/arlington-descriptors/negative-type1-descriptor-capheight-number.txt, declarations/arlington-descriptors/negative-type1-descriptor-descent-nonpositive.txt, declarations/arlington-descriptors/negative-type1-descriptor-descent-number.txt, declarations/arlington-descriptors/negative-type1-descriptor-descent-required.txt, declarations/arlington-descriptors/negative-type1-descriptor-flags-integer.txt, declarations/arlington-descriptors/negative-type1-descriptor-flags-required.txt, declarations/arlington-descriptors/negative-type1-descriptor-fontname-name.txt, declarations/arlington-descriptors/negative-type1-descriptor-fontname-required.txt, declarations/arlington-descriptors/negative-type1-descriptor-italicangle-number.txt, declarations/arlington-descriptors/negative-type1-descriptor-italicangle-required.txt, declarations/arlington-descriptors/negative-type1-descriptor-stemv-number.txt, declarations/arlington-descriptors/negative-type1-descriptor-stemv-required.txt, declarations/arlington-descriptors/negative-type1-descriptor-type-name.txt, declarations/arlington-descriptors/negative-type1-descriptor-type-required.txt, declarations/arlington-descriptors/negative-type1-fontfile-stream.txt, declarations/arlington-descriptors/negative-type1-program-subtype-required.txt, declarations/arlington-descriptors/negative-type1-program-subtype-value.txt, declarations/arlington-descriptors/negative-type3-descriptor-ascent-number.txt, declarations/arlington-descriptors/negative-type3-descriptor-bbox-numbers.txt, declarations/arlington-descriptors/negative-type3-descriptor-capheight-number.txt, declarations/arlington-descriptors/negative-type3-descriptor-descent-nonpositive.txt, declarations/arlington-descriptors/negative-type3-descriptor-descent-number.txt, declarations/arlington-descriptors/negative-type3-descriptor-flags-integer.txt, declarations/arlington-descriptors/negative-type3-descriptor-flags-required.txt, declarations/arlington-descriptors/negative-type3-descriptor-fontname-name.txt, declarations/arlington-descriptors/negative-type3-descriptor-italicangle-number.txt, declarations/arlington-descriptors/negative-type3-descriptor-italicangle-required.txt, declarations/arlington-descriptors/negative-type3-descriptor-stemv-number.txt, declarations/arlington-descriptors/negative-type3-descriptor-type-name.txt, declarations/arlington-descriptors/negative-type3-descriptor-type-required.txt, declarations/arlington-descriptors/standards.properties, declarations/arlington-fonts/control-cid0-fontname-consistent.pdf, declarations/arlington-fonts/control-cid0-w2-triples.pdf, declarations/arlington-fonts/control-cid2-fontname-consistent.pdf, declarations/arlington-fonts/control-cid2-w2-triples.pdf, declarations/arlington-fonts/control-shared-fontname-consistent.pdf, declarations/arlington-fonts/control-truetype-fontname-consistent.pdf, declarations/arlington-fonts/control-type1-fontname-consistent.pdf, declarations/arlington-fonts/control-type3-fontname-consistent.pdf, declarations/arlington-fonts/findings.txt, declarations/arlington-fonts/negative-cid0-fontname-consistent.txt, declarations/arlington-fonts/negative-cid0-w2-triples.txt, declarations/arlington-fonts/negative-cid2-fontname-consistent.txt, declarations/arlington-fonts/negative-cid2-w2-triples.txt, declarations/arlington-fonts/negative-shared-fontname-consistent.txt, declarations/arlington-fonts/negative-truetype-fontname-consistent.txt, declarations/arlington-fonts/negative-type1-fontname-consistent.txt, declarations/arlington-fonts/negative-type3-fontname-consistent.txt, declarations/arlington-fonts/standards.properties, declarations/arlington-text/control-mmtype1-basefont-name.pdf, declarations/arlington-text/control-mmtype1-basefont-null.pdf, declarations/arlington-text/control-mmtype1-basefont-required.pdf, declarations/arlington-text/control-mmtype1-descriptor-dictionary.pdf, declarations/arlington-text/control-mmtype1-descriptor-null.pdf, declarations/arlington-text/control-mmtype1-descriptor-required.pdf, declarations/arlington-text/control-mmtype1-encoding-type.pdf, declarations/arlington-text/control-mmtype1-firstchar-integer.pdf, declarations/arlington-text/control-mmtype1-firstchar-null.pdf, declarations/arlington-text/control-mmtype1-firstchar-required.pdf, declarations/arlington-text/control-mmtype1-lastchar-integer.pdf, declarations/arlington-text/control-mmtype1-lastchar-null.pdf, declarations/arlington-text/control-mmtype1-lastchar-required.pdf, declarations/arlington-text/control-mmtype1-widths-array.pdf, declarations/arlington-text/control-mmtype1-widths-cardinality.pdf, declarations/arlington-text/control-mmtype1-widths-null.pdf, declarations/arlington-text/control-mmtype1-widths-numbers.pdf, declarations/arlington-text/control-mmtype1-widths-required.pdf, declarations/arlington-text/control-page-userunit-number.pdf, declarations/arlington-text/control-page-userunit-positive.pdf, declarations/arlington-text/control-truetype-basefont-name.pdf, declarations/arlington-text/control-truetype-basefont-null.pdf, declarations/arlington-text/control-truetype-basefont-required.pdf, declarations/arlington-text/control-truetype-descriptor-dictionary.pdf, declarations/arlington-text/control-truetype-descriptor-null.pdf, declarations/arlington-text/control-truetype-descriptor-required.pdf, declarations/arlington-text/control-truetype-encoding-type.pdf, declarations/arlington-text/control-truetype-firstchar-integer.pdf, declarations/arlington-text/control-truetype-firstchar-null.pdf, declarations/arlington-text/control-truetype-firstchar-required.pdf, declarations/arlington-text/control-truetype-lastchar-integer.pdf, declarations/arlington-text/control-truetype-lastchar-null.pdf, declarations/arlington-text/control-truetype-lastchar-required.pdf, declarations/arlington-text/control-truetype-widths-array.pdf, declarations/arlington-text/control-truetype-widths-cardinality.pdf, declarations/arlington-text/control-truetype-widths-null.pdf, declarations/arlington-text/control-truetype-widths-numbers.pdf, declarations/arlington-text/control-truetype-widths-required.pdf, declarations/arlington-text/control-type1-basefont-name.pdf, declarations/arlington-text/control-type1-basefont-null.pdf, declarations/arlington-text/control-type1-basefont-required.pdf, declarations/arlington-text/control-type1-descriptor-dictionary.pdf, declarations/arlington-text/control-type1-descriptor-null.pdf, declarations/arlington-text/control-type1-descriptor-required.pdf, declarations/arlington-text/control-type1-encoding-type.pdf, declarations/arlington-text/control-type1-firstchar-integer.pdf, declarations/arlington-text/control-type1-firstchar-null.pdf, declarations/arlington-text/control-type1-firstchar-required.pdf, declarations/arlington-text/control-type1-lastchar-integer.pdf, declarations/arlington-text/control-type1-lastchar-null.pdf, declarations/arlington-text/control-type1-lastchar-required.pdf, declarations/arlington-text/control-type1-widths-array.pdf, declarations/arlington-text/control-type1-widths-cardinality.pdf, declarations/arlington-text/control-type1-widths-null.pdf, declarations/arlington-text/control-type1-widths-numbers.pdf, declarations/arlington-text/control-type1-widths-required.pdf, declarations/arlington-text/control-type3-bbox-numbers.pdf, declarations/arlington-text/control-type3-bbox-required.pdf, declarations/arlington-text/control-type3-charproc-stream.pdf, declarations/arlington-text/control-type3-charprocs-dictionary.pdf, declarations/arlington-text/control-type3-charprocs-required.pdf, declarations/arlington-text/control-type3-differences-disjoint.pdf, declarations/arlington-text/control-type3-encoding-dictionary.pdf, declarations/arlington-text/control-type3-encoding-required.pdf, declarations/arlington-text/control-type3-firstchar-integer.pdf, declarations/arlington-text/control-type3-firstchar-required.pdf, declarations/arlington-text/control-type3-glyph-fractional-width-agreement.pdf, declarations/arlington-text/control-type3-glyph-header-operands.pdf, declarations/arlington-text/control-type3-glyph-header-operator.pdf, declarations/arlington-text/control-type3-glyph-width-agreement.pdf, declarations/arlington-text/control-type3-glyph-zero-wy.pdf, declarations/arlington-text/control-type3-lastchar-integer.pdf, declarations/arlington-text/control-type3-lastchar-required.pdf, declarations/arlington-text/control-type3-matrix-count.pdf, declarations/arlington-text/control-type3-matrix-numbers.pdf, declarations/arlington-text/control-type3-matrix-required.pdf, declarations/arlington-text/control-type3-resources-dictionary.pdf, declarations/arlington-text/control-type3-tagged-descriptor-required.pdf, declarations/arlington-text/control-type3-widths-cardinality.pdf, declarations/arlington-text/control-type3-widths-numbers.pdf, declarations/arlington-text/control-type3-widths-required.pdf, declarations/arlington-text/findings.txt, declarations/arlington-text/negative-mmtype1-basefont-name.txt, declarations/arlington-text/negative-mmtype1-basefont-null.txt, declarations/arlington-text/negative-mmtype1-basefont-required.txt, declarations/arlington-text/negative-mmtype1-descriptor-dictionary.txt, declarations/arlington-text/negative-mmtype1-descriptor-null.txt, declarations/arlington-text/negative-mmtype1-descriptor-required.txt, declarations/arlington-text/negative-mmtype1-encoding-type.txt, declarations/arlington-text/negative-mmtype1-firstchar-integer.txt, declarations/arlington-text/negative-mmtype1-firstchar-null.txt, declarations/arlington-text/negative-mmtype1-firstchar-required.txt, declarations/arlington-text/negative-mmtype1-lastchar-integer.txt, declarations/arlington-text/negative-mmtype1-lastchar-null.txt, declarations/arlington-text/negative-mmtype1-lastchar-required.txt, declarations/arlington-text/negative-mmtype1-widths-array.txt, declarations/arlington-text/negative-mmtype1-widths-cardinality.txt, declarations/arlington-text/negative-mmtype1-widths-null.txt, declarations/arlington-text/negative-mmtype1-widths-numbers.txt, declarations/arlington-text/negative-mmtype1-widths-required.txt, declarations/arlington-text/negative-page-userunit-number.txt, declarations/arlington-text/negative-page-userunit-positive.txt, declarations/arlington-text/negative-truetype-basefont-name.txt, declarations/arlington-text/negative-truetype-basefont-null.txt, declarations/arlington-text/negative-truetype-basefont-required.txt, declarations/arlington-text/negative-truetype-descriptor-dictionary.txt, declarations/arlington-text/negative-truetype-descriptor-null.txt, declarations/arlington-text/negative-truetype-descriptor-required.txt, declarations/arlington-text/negative-truetype-encoding-type.txt, declarations/arlington-text/negative-truetype-firstchar-integer.txt, declarations/arlington-text/negative-truetype-firstchar-null.txt, declarations/arlington-text/negative-truetype-firstchar-required.txt, declarations/arlington-text/negative-truetype-lastchar-integer.txt, declarations/arlington-text/negative-truetype-lastchar-null.txt, declarations/arlington-text/negative-truetype-lastchar-required.txt, declarations/arlington-text/negative-truetype-widths-array.txt, declarations/arlington-text/negative-truetype-widths-cardinality.txt, declarations/arlington-text/negative-truetype-widths-null.txt, declarations/arlington-text/negative-truetype-widths-numbers.txt, declarations/arlington-text/negative-truetype-widths-required.txt, declarations/arlington-text/negative-type1-basefont-name.txt, declarations/arlington-text/negative-type1-basefont-null.txt, declarations/arlington-text/negative-type1-basefont-required.txt, declarations/arlington-text/negative-type1-descriptor-dictionary.txt, declarations/arlington-text/negative-type1-descriptor-null.txt, declarations/arlington-text/negative-type1-descriptor-required.txt, declarations/arlington-text/negative-type1-encoding-type.txt, declarations/arlington-text/negative-type1-firstchar-integer.txt, declarations/arlington-text/negative-type1-firstchar-null.txt, declarations/arlington-text/negative-type1-firstchar-required.txt, declarations/arlington-text/negative-type1-lastchar-integer.txt, declarations/arlington-text/negative-type1-lastchar-null.txt, declarations/arlington-text/negative-type1-lastchar-required.txt, declarations/arlington-text/negative-type1-widths-array.txt, declarations/arlington-text/negative-type1-widths-cardinality.txt, declarations/arlington-text/negative-type1-widths-null.txt, declarations/arlington-text/negative-type1-widths-numbers.txt, declarations/arlington-text/negative-type1-widths-required.txt, declarations/arlington-text/negative-type3-bbox-numbers.txt, declarations/arlington-text/negative-type3-bbox-required.txt, declarations/arlington-text/negative-type3-charproc-stream.txt, declarations/arlington-text/negative-type3-charprocs-dictionary.txt, declarations/arlington-text/negative-type3-charprocs-required.txt, declarations/arlington-text/negative-type3-differences-disjoint.txt, declarations/arlington-text/negative-type3-encoding-dictionary.txt, declarations/arlington-text/negative-type3-encoding-required.txt, declarations/arlington-text/negative-type3-firstchar-integer.txt, declarations/arlington-text/negative-type3-firstchar-required.txt, declarations/arlington-text/negative-type3-glyph-fractional-width-agreement.txt, declarations/arlington-text/negative-type3-glyph-header-operands.txt, declarations/arlington-text/negative-type3-glyph-header-operator.txt, declarations/arlington-text/negative-type3-glyph-width-agreement.txt, declarations/arlington-text/negative-type3-glyph-zero-wy.txt, declarations/arlington-text/negative-type3-lastchar-integer.txt, declarations/arlington-text/negative-type3-lastchar-required.txt, declarations/arlington-text/negative-type3-matrix-count.txt, declarations/arlington-text/negative-type3-matrix-numbers.txt, declarations/arlington-text/negative-type3-matrix-required.txt, declarations/arlington-text/negative-type3-resources-dictionary.txt, declarations/arlington-text/negative-type3-tagged-descriptor-required.txt, declarations/arlington-text/negative-type3-widths-cardinality.txt, declarations/arlington-text/negative-type3-widths-numbers.txt, declarations/arlington-text/negative-type3-widths-required.txt, declarations/arlington-text/standards.properties, declarations/declarations.txt, declarations/extraction.pdf, declarations/identities-after.properties, declarations/identities-before.properties, declarations/pdfcpu/control-annotation-contents-string.pdf, declarations/pdfcpu/control-annotation-flags-integer.pdf, declarations/pdfcpu/control-annotation-name-string.pdf, declarations/pdfcpu/control-annotation-page-indirect.pdf, declarations/pdfcpu/control-annotation-page-type.pdf, declarations/pdfcpu/control-annotation-rect-numbers.pdf, declarations/pdfcpu/control-annotation-rect-rectangle.pdf, declarations/pdfcpu/control-annotation-rect-required.pdf, declarations/pdfcpu/control-annotation-subtype-name.pdf, declarations/pdfcpu/control-annotation-subtype-required.pdf, declarations/pdfcpu/control-annotation-type-name.pdf, declarations/pdfcpu/control-annotation-type-value.pdf, declarations/pdfcpu/control-catalog-pages-indirect.pdf, declarations/pdfcpu/control-catalog-pages.pdf, declarations/pdfcpu/control-catalog-type-required.pdf, declarations/pdfcpu/control-catalog-type.pdf, declarations/pdfcpu/control-form-bbox-numbers.pdf, declarations/pdfcpu/control-form-bbox-rectangle.pdf, declarations/pdfcpu/control-form-bbox-required.pdf, declarations/pdfcpu/control-form-formtype-integer.pdf, declarations/pdfcpu/control-form-formtype-value.pdf, declarations/pdfcpu/control-form-matrix-array.pdf, declarations/pdfcpu/control-form-matrix-count.pdf, declarations/pdfcpu/control-form-matrix-numbers.pdf, declarations/pdfcpu/control-form-resources-dictionary.pdf, declarations/pdfcpu/control-form-subtype-name.pdf, declarations/pdfcpu/control-form-subtype-required.pdf, declarations/pdfcpu/control-form-type-name.pdf, declarations/pdfcpu/control-form-type-value.pdf, declarations/pdfcpu/control-page-annots-array.pdf, declarations/pdfcpu/control-page-annots-member.pdf, declarations/pdfcpu/control-page-artbox-numbers.pdf, declarations/pdfcpu/control-page-artbox-rectangle.pdf, declarations/pdfcpu/control-page-bleedbox-numbers.pdf, declarations/pdfcpu/control-page-bleedbox-rectangle.pdf, declarations/pdfcpu/control-page-contents-nonempty.pdf, declarations/pdfcpu/control-page-cropbox-numbers.pdf, declarations/pdfcpu/control-page-cropbox-rectangle.pdf, declarations/pdfcpu/control-page-mediabox-numbers.pdf, declarations/pdfcpu/control-page-mediabox-rectangle.pdf, declarations/pdfcpu/control-page-mediabox-required.pdf, declarations/pdfcpu/control-page-parent-indirect.pdf, declarations/pdfcpu/control-page-parent-link.pdf, declarations/pdfcpu/control-page-parent-required.pdf, declarations/pdfcpu/control-page-resources-type.pdf, declarations/pdfcpu/control-page-rotate-integer.pdf, declarations/pdfcpu/control-page-rotate-value.pdf, declarations/pdfcpu/control-page-trimbox-numbers.pdf, declarations/pdfcpu/control-page-trimbox-rectangle.pdf, declarations/pdfcpu/control-page-type-value.pdf, declarations/pdfcpu/control-page-type.pdf, declarations/pdfcpu/control-pages-count-integer.pdf, declarations/pdfcpu/control-pages-count-nonnegative.pdf, declarations/pdfcpu/control-pages-count-required.pdf, declarations/pdfcpu/control-pages-count-value.pdf, declarations/pdfcpu/control-pages-kid-reference.pdf, declarations/pdfcpu/control-pages-kids.pdf, declarations/pdfcpu/control-resource-xobject-map.pdf, declarations/pdfcpu/control-resource-xobject-stream.pdf, declarations/pdfcpu/control-trailer-info-null.pdf, declarations/pdfcpu/findings.txt, declarations/pdfcpu/negative-annotation-contents-string.txt, declarations/pdfcpu/negative-annotation-flags-integer.txt, declarations/pdfcpu/negative-annotation-name-string.txt, declarations/pdfcpu/negative-annotation-page-indirect.txt, declarations/pdfcpu/negative-annotation-page-type.txt, declarations/pdfcpu/negative-annotation-rect-numbers.txt, declarations/pdfcpu/negative-annotation-rect-rectangle.txt, declarations/pdfcpu/negative-annotation-rect-required.txt, declarations/pdfcpu/negative-annotation-subtype-name.txt, declarations/pdfcpu/negative-annotation-subtype-required.txt, declarations/pdfcpu/negative-annotation-type-name.txt, declarations/pdfcpu/negative-annotation-type-value.txt, declarations/pdfcpu/negative-catalog-pages-indirect.txt, declarations/pdfcpu/negative-catalog-pages.txt, declarations/pdfcpu/negative-catalog-type-required.txt, declarations/pdfcpu/negative-catalog-type.txt, declarations/pdfcpu/negative-form-bbox-numbers.txt, declarations/pdfcpu/negative-form-bbox-rectangle.txt, declarations/pdfcpu/negative-form-bbox-required.txt, declarations/pdfcpu/negative-form-formtype-integer.txt, declarations/pdfcpu/negative-form-formtype-value.txt, declarations/pdfcpu/negative-form-matrix-array.txt, declarations/pdfcpu/negative-form-matrix-count.txt, declarations/pdfcpu/negative-form-matrix-numbers.txt, declarations/pdfcpu/negative-form-resources-dictionary.txt, declarations/pdfcpu/negative-form-subtype-name.txt, declarations/pdfcpu/negative-form-subtype-required.txt, declarations/pdfcpu/negative-form-type-name.txt, declarations/pdfcpu/negative-form-type-value.txt, declarations/pdfcpu/negative-page-annots-array.txt, declarations/pdfcpu/negative-page-annots-member.txt, declarations/pdfcpu/negative-page-artbox-numbers.txt, declarations/pdfcpu/negative-page-artbox-rectangle.txt, declarations/pdfcpu/negative-page-bleedbox-numbers.txt, declarations/pdfcpu/negative-page-bleedbox-rectangle.txt, declarations/pdfcpu/negative-page-contents-nonempty.txt, declarations/pdfcpu/negative-page-cropbox-numbers.txt, declarations/pdfcpu/negative-page-cropbox-rectangle.txt, declarations/pdfcpu/negative-page-mediabox-numbers.txt, declarations/pdfcpu/negative-page-mediabox-rectangle.txt, declarations/pdfcpu/negative-page-mediabox-required.txt, declarations/pdfcpu/negative-page-parent-indirect.txt, declarations/pdfcpu/negative-page-parent-link.txt, declarations/pdfcpu/negative-page-parent-required.txt, declarations/pdfcpu/negative-page-resources-type.txt, declarations/pdfcpu/negative-page-rotate-integer.txt, declarations/pdfcpu/negative-page-rotate-value.txt, declarations/pdfcpu/negative-page-trimbox-numbers.txt, declarations/pdfcpu/negative-page-trimbox-rectangle.txt, declarations/pdfcpu/negative-page-type-value.txt, declarations/pdfcpu/negative-page-type.txt, declarations/pdfcpu/negative-pages-count-integer.txt, declarations/pdfcpu/negative-pages-count-nonnegative.txt, declarations/pdfcpu/negative-pages-count-required.txt, declarations/pdfcpu/negative-pages-count-value.txt, declarations/pdfcpu/negative-pages-kid-reference.txt, declarations/pdfcpu/negative-pages-kids.txt, declarations/pdfcpu/negative-resource-xobject-map.txt, declarations/pdfcpu/negative-resource-xobject-stream.txt, declarations/pdfcpu/negative-trailer-info-null.txt, declarations/pdfcpu/standards.properties, declarations/result.properties, declarations/retained-files.sha256, extraction.pdf, programs/control-cmaps.cmap-block-count.pdf, programs/control-cmaps.cmap-encoding-bfchar.pdf, programs/control-cmaps.cmap-encoding-type.pdf, programs/control-cmaps.cmap-font-ordering.pdf, programs/control-cmaps.cmap-font-registry.pdf, programs/control-cmaps.cmap-font-simple-domain.pdf, programs/control-cmaps.cmap-font-type0-domain.pdf, programs/control-cmaps.cmap-inherited-codespace.pdf, programs/control-cmaps.cmap-late-codespace.pdf, programs/control-cmaps.cmap-mapping-code.pdf, programs/control-cmaps.cmap-missing-begin.pdf, programs/control-cmaps.cmap-missing-end.pdf, programs/control-cmaps.cmap-missing-parent-space.pdf, programs/control-cmaps.cmap-mode-agreement.pdf, programs/control-cmaps.cmap-name-agreement.pdf, programs/control-cmaps.cmap-negative-cid.pdf, programs/control-cmaps.cmap-overlap.pdf, programs/control-cmaps.cmap-parent-cycle.pdf, programs/control-cmaps.cmap-range-cardinality.pdf, programs/control-cmaps.cmap-reversed-byte.pdf, programs/control-cmaps.cmap-reversed.pdf, programs/control-cmaps.cmap-ros-agreement.pdf, programs/control-cmaps.cmap-surrogate.pdf, programs/control-cmaps.cmap-uid-string.pdf, programs/control-cmaps.cmap-unequal-length.pdf, programs/control-cmaps.cmap-unicode-cidchar.pdf, programs/control-cmaps.cmap-unicode-type.pdf, programs/control-cmaps.cmap-usecmap-late.pdf, programs/control-cmaps.cmap-usecmap-missing-parent.pdf, programs/control-cmaps.cmap-usecmap-name.pdf, programs/control-cmaps.cmap-usefont-nonzero.pdf, programs/control-cmaps.cmap-version-string.pdf, programs/control-cmaps.cmap-xuid-string.pdf, programs/control-content.boolean-mcid.pdf, programs/control-content.catalog-pdf2-form-caller-font.pdf, programs/control-content.concatenate-inside-text.pdf, programs/control-content.dictionary-name-alias.pdf, programs/control-content.dictionary-word.pdf, programs/control-content.different-font-name-byte.pdf, programs/control-content.different-font-name-utf8.pdf, programs/control-content.duplicate-mcid.pdf, programs/control-content.font-box-too-small.pdf, programs/control-content.font-restored-to-unset.pdf, programs/control-content.font-size-name.pdf, programs/control-content.form-does-not-pop-caller-graphics.pdf, programs/control-content.form-in-text-object.pdf, programs/control-content.form-name.pdf, programs/control-content.form-used-as-font.pdf, programs/control-content.glyph-missing-header.pdf, programs/control-content.glyph-outside-d1-bounds.pdf, programs/control-content.glyph-rectangle-arity.pdf, programs/control-content.glyph-rectangle-name.pdf, programs/control-content.glyph-repeated-header.pdf, programs/control-content.glyph-unpainted-path.pdf, programs/control-content.graphics-crosses-marked.pdf, programs/control-content.graphics-unclosed.pdf, programs/control-content.graphics-underflow.pdf, programs/control-content.marked-crosses-graphics.pdf, programs/control-content.marked-crosses-text.pdf, programs/control-content.marked-unclosed.pdf, programs/control-content.marked-underflow.pdf, programs/control-content.matrix-outside-text.pdf, programs/control-content.missing-font-resource.pdf, programs/control-content.missing-form-resource.pdf, programs/control-content.missing-name-escape.pdf, programs/control-content.missing-property-resource.pdf, programs/control-content.name-alternate.pdf, programs/control-content.name-mcid.pdf, programs/control-content.named-property-wrong-type.pdf, programs/control-content.negative-mcid.pdf, programs/control-content.nested-form-caller-font.pdf, programs/control-content.nested-text.pdf, programs/control-content.no-selected-font.pdf, programs/control-content.nonhex-name-escape.pdf, programs/control-content.null-name-escape.pdf, programs/control-content.numeric-language.pdf, programs/control-content.numeric-replacement.pdf, programs/control-content.real-mcid.pdf, programs/control-content.restore-inside-text.pdf, programs/control-content.rgb-name.pdf, programs/control-content.save-inside-text.pdf, programs/control-content.show-name.pdf, programs/control-content.show-outside-text.pdf, programs/control-content.text-crosses-marked.pdf, programs/control-content.text-matrix-arity.pdf, programs/control-content.text-matrix-name.pdf, programs/control-content.unmatched-text-end.pdf, programs/control-content.unterminated-text.pdf, programs/control-font-metrics.cid-cff-widths-array.pdf, programs/control-font-metrics.cid-cff-widths-default.pdf, programs/control-font-metrics.cid-cff-widths-range.pdf, programs/control-font-metrics.cid-truetype-widths-array.pdf, programs/control-font-metrics.cid-truetype-widths-default.pdf, programs/control-font-metrics.cid-truetype-widths-range.pdf, programs/control-font-metrics.mmtype1-widths.pdf, programs/control-font-metrics.truetype-widths.pdf, programs/control-font-metrics.type1-widths.pdf, programs/control-fonts.cff-as-cid.pdf, programs/control-fonts.cff-descriptor-bounds.pdf, programs/control-fonts.cff-first-offset-two.pdf, programs/control-fonts.cff-first-offset-zero.pdf, programs/control-fonts.cff-glyph-first-offset-two.pdf, programs/control-fonts.cff-header.pdf, programs/control-fonts.cff-last-offset-outside-file.pdf, programs/control-fonts.cff-missing-endchar.pdf, programs/control-fonts.cff-missing-moveto.pdf, programs/control-fonts.cff-program-name.pdf, programs/control-fonts.cff-topdict-count.pdf, programs/control-fonts.cff-wrong-moveto-arity.pdf, programs/control-fonts.cid-as-cff.pdf, programs/control-fonts.cid-cff-descriptor-bounds.pdf, programs/control-fonts.cid-cff-first-offset-two.pdf, programs/control-fonts.cid-cff-first-offset-zero.pdf, programs/control-fonts.cid-cff-glyph-first-offset-two.pdf, programs/control-fonts.cid-cff-header.pdf, programs/control-fonts.cid-cff-last-offset-outside-file.pdf, programs/control-fonts.cid-cff-missing-endchar.pdf, programs/control-fonts.cid-cff-missing-fdarray.pdf, programs/control-fonts.cid-cff-missing-fdselect.pdf, programs/control-fonts.cid-cff-missing-moveto.pdf, programs/control-fonts.cid-cff-program-name.pdf, programs/control-fonts.cid-cff-topdict-count.pdf, programs/control-fonts.cid-cff-wrong-moveto-arity.pdf, programs/control-fonts.cid-truetype-descriptor-bounds.pdf, programs/control-fonts.truetype-decoded-length.pdf, programs/control-fonts.truetype-descriptor-bounds.pdf, programs/control-fonts.truetype-entry-selector.pdf, programs/control-fonts.truetype-glyph-bounds.pdf, programs/control-fonts.truetype-header.pdf, programs/control-fonts.truetype-nonzero-padding.pdf, programs/control-fonts.truetype-program-name.pdf, programs/control-fonts.truetype-range-shift.pdf, programs/control-fonts.truetype-search-range.pdf, programs/control-fonts.truetype-table-checksum.pdf, programs/control-fonts.truetype-table-order.pdf, programs/control-fonts.truetype-table-outside-file.pdf, programs/control-fonts.truetype-table-tag.pdf, programs/control-fonts.truetype-unaligned-table.pdf, programs/control-fonts.truetype-units-per-em-0.pdf, programs/control-fonts.truetype-units-per-em-15.pdf, programs/control-fonts.truetype-units-per-em-16385.pdf, programs/control-fonts.truetype-whole-checksum.pdf, programs/control-structure-content.content-annotation-page.pdf, programs/control-structure-content.content-both-parent-keys.pdf, programs/control-structure-content.content-direct-object.pdf, programs/control-structure-content.content-form-parent.pdf, programs/control-structure-content.content-missing-form-mcid.pdf, programs/control-structure-content.content-missing-page-mcid.pdf, programs/control-structure-content.content-object-parent.pdf, programs/control-structure-content.content-page-key.pdf, programs/control-structure-hierarchy.missing-role.pdf, programs/control-structure-hierarchy.parent-backlink.pdf, programs/control-structure-hierarchy.root-content-child.pdf, programs/control-structure-hierarchy.root-type.pdf, programs/control-structure-hierarchy.shared-child.pdf, programs/control-structure-hierarchy.text-actual-name.pdf, programs/control-structure-hierarchy.text-language-name.pdf, programs/control-structure-namespaces.namespace-direct-target.pdf, programs/control-structure-namespaces.namespace-mapping-type.pdf, programs/control-structure-namespaces.namespace-name-type.pdf, programs/control-structure-namespaces.namespace-unlisted.pdf, programs/control-structure-parent-tree.parent-key-order.pdf, programs/control-structure-parent-tree.parent-key-type.pdf, programs/control-structure-parent-tree.parent-next-key.pdf, programs/control-structure-parent-tree.parent-nonstructural-value.pdf, programs/extraction.pdf, programs/identities-after.properties, programs/identities-before.properties, programs/input/cmaps/process.txt, programs/input/cmaps/qpdf-version.txt, programs/input/cmaps/qpdf-version.txt.stderr, programs/input/cmaps/qpdf.json, programs/input/cmaps/qpdf.json.stderr, programs/input/cmaps/result.properties, programs/input/content/process.txt, programs/input/content/qpdf-version.txt, programs/input/content/qpdf-version.txt.stderr, programs/input/content/qpdf.json, programs/input/content/qpdf.json.stderr, programs/input/content/result.properties, programs/input/font-metrics/process.txt, programs/input/font-metrics/qpdf-version.txt, programs/input/font-metrics/qpdf-version.txt.stderr, programs/input/font-metrics/qpdf.json, programs/input/font-metrics/qpdf.json.stderr, programs/input/font-metrics/result.properties, programs/input/fonts/process.txt, programs/input/fonts/qpdf-version.txt, programs/input/fonts/qpdf-version.txt.stderr, programs/input/fonts/qpdf.json, programs/input/fonts/qpdf.json.stderr, programs/input/fonts/result.properties, programs/input/structure-content/process.txt, programs/input/structure-content/qpdf-version.txt, programs/input/structure-content/qpdf-version.txt.stderr, programs/input/structure-content/qpdf.json, programs/input/structure-content/qpdf.json.stderr, programs/input/structure-content/result.properties, programs/input/structure-hierarchy/process.txt, programs/input/structure-hierarchy/qpdf-version.txt, programs/input/structure-hierarchy/qpdf-version.txt.stderr, programs/input/structure-hierarchy/qpdf.json, programs/input/structure-hierarchy/qpdf.json.stderr, programs/input/structure-hierarchy/result.properties, programs/input/structure-namespaces/process.txt, programs/input/structure-namespaces/qpdf-version.txt, programs/input/structure-namespaces/qpdf-version.txt.stderr, programs/input/structure-namespaces/qpdf.json, programs/input/structure-namespaces/qpdf.json.stderr, programs/input/structure-namespaces/result.properties, programs/input/structure-parent-tree/process.txt, programs/input/structure-parent-tree/qpdf-version.txt, programs/input/structure-parent-tree/qpdf-version.txt.stderr, programs/input/structure-parent-tree/qpdf.json, programs/input/structure-parent-tree/qpdf.json.stderr, programs/input/structure-parent-tree/result.properties, programs/programs.txt, programs/qualifications/cmaps.cmap-block-count/process.txt, programs/qualifications/cmaps.cmap-block-count/qpdf-version.txt, programs/qualifications/cmaps.cmap-block-count/qpdf-version.txt.stderr, programs/qualifications/cmaps.cmap-block-count/qpdf.json, programs/qualifications/cmaps.cmap-block-count/qpdf.json.stderr, programs/qualifications/cmaps.cmap-block-count/result.properties, programs/qualifications/cmaps.cmap-encoding-bfchar/process.txt, programs/qualifications/cmaps.cmap-encoding-bfchar/qpdf-version.txt, programs/qualifications/cmaps.cmap-encoding-bfchar/qpdf-version.txt.stderr, programs/qualifications/cmaps.cmap-encoding-bfchar/qpdf.json, programs/qualifications/cmaps.cmap-encoding-bfchar/qpdf.json.stderr, programs/qualifications/cmaps.cmap-encoding-bfchar/result.properties, programs/qualifications/cmaps.cmap-encoding-type/process.txt, programs/qualifications/cmaps.cmap-encoding-type/qpdf-version.txt, programs/qualifications/cmaps.cmap-encoding-type/qpdf-version.txt.stderr, programs/qualifications/cmaps.cmap-encoding-type/qpdf.json, programs/qualifications/cmaps.cmap-encoding-type/qpdf.json.stderr, programs/qualifications/cmaps.cmap-encoding-type/result.properties, programs/qualifications/cmaps.cmap-font-ordering/process.txt, programs/qualifications/cmaps.cmap-font-ordering/qpdf-version.txt, programs/qualifications/cmaps.cmap-font-ordering/qpdf-version.txt.stderr, programs/qualifications/cmaps.cmap-font-ordering/qpdf.json, programs/qualifications/cmaps.cmap-font-ordering/qpdf.json.stderr, programs/qualifications/cmaps.cmap-font-ordering/result.properties, programs/qualifications/cmaps.cmap-font-registry/process.txt, programs/qualifications/cmaps.cmap-font-registry/qpdf-version.txt, programs/qualifications/cmaps.cmap-font-registry/qpdf-version.txt.stderr, programs/qualifications/cmaps.cmap-font-registry/qpdf.json, programs/qualifications/cmaps.cmap-font-registry/qpdf.json.stderr, programs/qualifications/cmaps.cmap-font-registry/result.properties, programs/qualifications/cmaps.cmap-font-simple-domain/process.txt, programs/qualifications/cmaps.cmap-font-simple-domain/qpdf-version.txt, programs/qualifications/cmaps.cmap-font-simple-domain/qpdf-version.txt.stderr, programs/qualifications/cmaps.cmap-font-simple-domain/qpdf.json, programs/qualifications/cmaps.cmap-font-simple-domain/qpdf.json.stderr, programs/qualifications/cmaps.cmap-font-simple-domain/result.properties, programs/qualifications/cmaps.cmap-font-type0-domain/process.txt, programs/qualifications/cmaps.cmap-font-type0-domain/qpdf-version.txt, programs/qualifications/cmaps.cmap-font-type0-domain/qpdf-version.txt.stderr, programs/qualifications/cmaps.cmap-font-type0-domain/qpdf.json, programs/qualifications/cmaps.cmap-font-type0-domain/qpdf.json.stderr, programs/qualifications/cmaps.cmap-font-type0-domain/result.properties, programs/qualifications/cmaps.cmap-inherited-codespace/process.txt, programs/qualifications/cmaps.cmap-inherited-codespace/qpdf-version.txt, programs/qualifications/cmaps.cmap-inherited-codespace/qpdf-version.txt.stderr, programs/qualifications/cmaps.cmap-inherited-codespace/qpdf.json, programs/qualifications/cmaps.cmap-inherited-codespace/qpdf.json.stderr, programs/qualifications/cmaps.cmap-inherited-codespace/result.properties, programs/qualifications/cmaps.cmap-late-codespace/process.txt, programs/qualifications/cmaps.cmap-late-codespace/qpdf-version.txt, programs/qualifications/cmaps.cmap-late-codespace/qpdf-version.txt.stderr, programs/qualifications/cmaps.cmap-late-codespace/qpdf.json, programs/qualifications/cmaps.cmap-late-codespace/qpdf.json.stderr, programs/qualifications/cmaps.cmap-late-codespace/result.properties, programs/qualifications/cmaps.cmap-mapping-code/process.txt, programs/qualifications/cmaps.cmap-mapping-code/qpdf-version.txt, programs/qualifications/cmaps.cmap-mapping-code/qpdf-version.txt.stderr, programs/qualifications/cmaps.cmap-mapping-code/qpdf.json, programs/qualifications/cmaps.cmap-mapping-code/qpdf.json.stderr, programs/qualifications/cmaps.cmap-mapping-code/result.properties, programs/qualifications/cmaps.cmap-missing-begin/process.txt, programs/qualifications/cmaps.cmap-missing-begin/qpdf-version.txt, programs/qualifications/cmaps.cmap-missing-begin/qpdf-version.txt.stderr, programs/qualifications/cmaps.cmap-missing-begin/qpdf.json, programs/qualifications/cmaps.cmap-missing-begin/qpdf.json.stderr, programs/qualifications/cmaps.cmap-missing-begin/result.properties, programs/qualifications/cmaps.cmap-missing-end/process.txt, programs/qualifications/cmaps.cmap-missing-end/qpdf-version.txt, programs/qualifications/cmaps.cmap-missing-end/qpdf-version.txt.stderr, programs/qualifications/cmaps.cmap-missing-end/qpdf.json, programs/qualifications/cmaps.cmap-missing-end/qpdf.json.stderr, programs/qualifications/cmaps.cmap-missing-end/result.properties, programs/qualifications/cmaps.cmap-missing-parent-space/process.txt, programs/qualifications/cmaps.cmap-missing-parent-space/qpdf-version.txt, programs/qualifications/cmaps.cmap-missing-parent-space/qpdf-version.txt.stderr, programs/qualifications/cmaps.cmap-missing-parent-space/qpdf.json, programs/qualifications/cmaps.cmap-missing-parent-space/qpdf.json.stderr, programs/qualifications/cmaps.cmap-missing-parent-space/result.properties, programs/qualifications/cmaps.cmap-mode-agreement/process.txt, programs/qualifications/cmaps.cmap-mode-agreement/qpdf-version.txt, programs/qualifications/cmaps.cmap-mode-agreement/qpdf-version.txt.stderr, programs/qualifications/cmaps.cmap-mode-agreement/qpdf.json, programs/qualifications/cmaps.cmap-mode-agreement/qpdf.json.stderr, programs/qualifications/cmaps.cmap-mode-agreement/result.properties, programs/qualifications/cmaps.cmap-name-agreement/process.txt, programs/qualifications/cmaps.cmap-name-agreement/qpdf-version.txt, programs/qualifications/cmaps.cmap-name-agreement/qpdf-version.txt.stderr, programs/qualifications/cmaps.cmap-name-agreement/qpdf.json, programs/qualifications/cmaps.cmap-name-agreement/qpdf.json.stderr, programs/qualifications/cmaps.cmap-name-agreement/result.properties, programs/qualifications/cmaps.cmap-negative-cid/process.txt, programs/qualifications/cmaps.cmap-negative-cid/qpdf-version.txt, programs/qualifications/cmaps.cmap-negative-cid/qpdf-version.txt.stderr, programs/qualifications/cmaps.cmap-negative-cid/qpdf.json, programs/qualifications/cmaps.cmap-negative-cid/qpdf.json.stderr, programs/qualifications/cmaps.cmap-negative-cid/result.properties, programs/qualifications/cmaps.cmap-overlap/process.txt, programs/qualifications/cmaps.cmap-overlap/qpdf-version.txt, programs/qualifications/cmaps.cmap-overlap/qpdf-version.txt.stderr, programs/qualifications/cmaps.cmap-overlap/qpdf.json, programs/qualifications/cmaps.cmap-overlap/qpdf.json.stderr, programs/qualifications/cmaps.cmap-overlap/result.properties, programs/qualifications/cmaps.cmap-parent-cycle/process.txt, programs/qualifications/cmaps.cmap-parent-cycle/qpdf-version.txt, programs/qualifications/cmaps.cmap-parent-cycle/qpdf-version.txt.stderr, programs/qualifications/cmaps.cmap-parent-cycle/qpdf.json, programs/qualifications/cmaps.cmap-parent-cycle/qpdf.json.stderr, programs/qualifications/cmaps.cmap-parent-cycle/result.properties, programs/qualifications/cmaps.cmap-range-cardinality/process.txt, programs/qualifications/cmaps.cmap-range-cardinality/qpdf-version.txt, programs/qualifications/cmaps.cmap-range-cardinality/qpdf-version.txt.stderr, programs/qualifications/cmaps.cmap-range-cardinality/qpdf.json, programs/qualifications/cmaps.cmap-range-cardinality/qpdf.json.stderr, programs/qualifications/cmaps.cmap-range-cardinality/result.properties, programs/qualifications/cmaps.cmap-reversed-byte/process.txt, programs/qualifications/cmaps.cmap-reversed-byte/qpdf-version.txt, programs/qualifications/cmaps.cmap-reversed-byte/qpdf-version.txt.stderr, programs/qualifications/cmaps.cmap-reversed-byte/qpdf.json, programs/qualifications/cmaps.cmap-reversed-byte/qpdf.json.stderr, programs/qualifications/cmaps.cmap-reversed-byte/result.properties, programs/qualifications/cmaps.cmap-reversed/process.txt, programs/qualifications/cmaps.cmap-reversed/qpdf-version.txt, programs/qualifications/cmaps.cmap-reversed/qpdf-version.txt.stderr, programs/qualifications/cmaps.cmap-reversed/qpdf.json, programs/qualifications/cmaps.cmap-reversed/qpdf.json.stderr, programs/qualifications/cmaps.cmap-reversed/result.properties, programs/qualifications/cmaps.cmap-ros-agreement/process.txt, programs/qualifications/cmaps.cmap-ros-agreement/qpdf-version.txt, programs/qualifications/cmaps.cmap-ros-agreement/qpdf-version.txt.stderr, programs/qualifications/cmaps.cmap-ros-agreement/qpdf.json, programs/qualifications/cmaps.cmap-ros-agreement/qpdf.json.stderr, programs/qualifications/cmaps.cmap-ros-agreement/result.properties, programs/qualifications/cmaps.cmap-surrogate/process.txt, programs/qualifications/cmaps.cmap-surrogate/qpdf-version.txt, programs/qualifications/cmaps.cmap-surrogate/qpdf-version.txt.stderr, programs/qualifications/cmaps.cmap-surrogate/qpdf.json, programs/qualifications/cmaps.cmap-surrogate/qpdf.json.stderr, programs/qualifications/cmaps.cmap-surrogate/result.properties, programs/qualifications/cmaps.cmap-uid-string/process.txt, programs/qualifications/cmaps.cmap-uid-string/qpdf-version.txt, programs/qualifications/cmaps.cmap-uid-string/qpdf-version.txt.stderr, programs/qualifications/cmaps.cmap-uid-string/qpdf.json, programs/qualifications/cmaps.cmap-uid-string/qpdf.json.stderr, programs/qualifications/cmaps.cmap-uid-string/result.properties, programs/qualifications/cmaps.cmap-unequal-length/process.txt, programs/qualifications/cmaps.cmap-unequal-length/qpdf-version.txt, programs/qualifications/cmaps.cmap-unequal-length/qpdf-version.txt.stderr, programs/qualifications/cmaps.cmap-unequal-length/qpdf.json, programs/qualifications/cmaps.cmap-unequal-length/qpdf.json.stderr, programs/qualifications/cmaps.cmap-unequal-length/result.properties, programs/qualifications/cmaps.cmap-unicode-cidchar/process.txt, programs/qualifications/cmaps.cmap-unicode-cidchar/qpdf-version.txt, programs/qualifications/cmaps.cmap-unicode-cidchar/qpdf-version.txt.stderr, programs/qualifications/cmaps.cmap-unicode-cidchar/qpdf.json, programs/qualifications/cmaps.cmap-unicode-cidchar/qpdf.json.stderr, programs/qualifications/cmaps.cmap-unicode-cidchar/result.properties, programs/qualifications/cmaps.cmap-unicode-type/process.txt, programs/qualifications/cmaps.cmap-unicode-type/qpdf-version.txt, programs/qualifications/cmaps.cmap-unicode-type/qpdf-version.txt.stderr, programs/qualifications/cmaps.cmap-unicode-type/qpdf.json, programs/qualifications/cmaps.cmap-unicode-type/qpdf.json.stderr, programs/qualifications/cmaps.cmap-unicode-type/result.properties, programs/qualifications/cmaps.cmap-usecmap-late/process.txt, programs/qualifications/cmaps.cmap-usecmap-late/qpdf-version.txt, programs/qualifications/cmaps.cmap-usecmap-late/qpdf-version.txt.stderr, programs/qualifications/cmaps.cmap-usecmap-late/qpdf.json, programs/qualifications/cmaps.cmap-usecmap-late/qpdf.json.stderr, programs/qualifications/cmaps.cmap-usecmap-late/result.properties, programs/qualifications/cmaps.cmap-usecmap-missing-parent/process.txt, programs/qualifications/cmaps.cmap-usecmap-missing-parent/qpdf-version.txt, programs/qualifications/cmaps.cmap-usecmap-missing-parent/qpdf-version.txt.stderr, programs/qualifications/cmaps.cmap-usecmap-missing-parent/qpdf.json, programs/qualifications/cmaps.cmap-usecmap-missing-parent/qpdf.json.stderr, programs/qualifications/cmaps.cmap-usecmap-missing-parent/result.properties, programs/qualifications/cmaps.cmap-usecmap-name/process.txt, programs/qualifications/cmaps.cmap-usecmap-name/qpdf-version.txt, programs/qualifications/cmaps.cmap-usecmap-name/qpdf-version.txt.stderr, programs/qualifications/cmaps.cmap-usecmap-name/qpdf.json, programs/qualifications/cmaps.cmap-usecmap-name/qpdf.json.stderr, programs/qualifications/cmaps.cmap-usecmap-name/result.properties, programs/qualifications/cmaps.cmap-usefont-nonzero/process.txt, programs/qualifications/cmaps.cmap-usefont-nonzero/qpdf-version.txt, programs/qualifications/cmaps.cmap-usefont-nonzero/qpdf-version.txt.stderr, programs/qualifications/cmaps.cmap-usefont-nonzero/qpdf.json, programs/qualifications/cmaps.cmap-usefont-nonzero/qpdf.json.stderr, programs/qualifications/cmaps.cmap-usefont-nonzero/result.properties, programs/qualifications/cmaps.cmap-version-string/process.txt, programs/qualifications/cmaps.cmap-version-string/qpdf-version.txt, programs/qualifications/cmaps.cmap-version-string/qpdf-version.txt.stderr, programs/qualifications/cmaps.cmap-version-string/qpdf.json, programs/qualifications/cmaps.cmap-version-string/qpdf.json.stderr, programs/qualifications/cmaps.cmap-version-string/result.properties, programs/qualifications/cmaps.cmap-xuid-string/process.txt, programs/qualifications/cmaps.cmap-xuid-string/qpdf-version.txt, programs/qualifications/cmaps.cmap-xuid-string/qpdf-version.txt.stderr, programs/qualifications/cmaps.cmap-xuid-string/qpdf.json, programs/qualifications/cmaps.cmap-xuid-string/qpdf.json.stderr, programs/qualifications/cmaps.cmap-xuid-string/result.properties, programs/qualifications/content.boolean-mcid/process.txt, programs/qualifications/content.boolean-mcid/qpdf-version.txt, programs/qualifications/content.boolean-mcid/qpdf-version.txt.stderr, programs/qualifications/content.boolean-mcid/qpdf.json, programs/qualifications/content.boolean-mcid/qpdf.json.stderr, programs/qualifications/content.boolean-mcid/result.properties, programs/qualifications/content.catalog-pdf2-form-caller-font/process.txt, programs/qualifications/content.catalog-pdf2-form-caller-font/qpdf-version.txt, programs/qualifications/content.catalog-pdf2-form-caller-font/qpdf-version.txt.stderr, programs/qualifications/content.catalog-pdf2-form-caller-font/qpdf.json, programs/qualifications/content.catalog-pdf2-form-caller-font/qpdf.json.stderr, programs/qualifications/content.catalog-pdf2-form-caller-font/result.properties, programs/qualifications/content.concatenate-inside-text/process.txt, programs/qualifications/content.concatenate-inside-text/qpdf-version.txt, programs/qualifications/content.concatenate-inside-text/qpdf-version.txt.stderr, programs/qualifications/content.concatenate-inside-text/qpdf.json, programs/qualifications/content.concatenate-inside-text/qpdf.json.stderr, programs/qualifications/content.concatenate-inside-text/result.properties, programs/qualifications/content.dictionary-name-alias/process.txt, programs/qualifications/content.dictionary-name-alias/qpdf-version.txt, programs/qualifications/content.dictionary-name-alias/qpdf-version.txt.stderr, programs/qualifications/content.dictionary-name-alias/qpdf.json, programs/qualifications/content.dictionary-name-alias/qpdf.json.stderr, programs/qualifications/content.dictionary-name-alias/result.properties, programs/qualifications/content.dictionary-word/process.txt, programs/qualifications/content.dictionary-word/qpdf-version.txt, programs/qualifications/content.dictionary-word/qpdf-version.txt.stderr, programs/qualifications/content.dictionary-word/qpdf.json, programs/qualifications/content.dictionary-word/qpdf.json.stderr, programs/qualifications/content.dictionary-word/result.properties, programs/qualifications/content.different-font-name-byte/process.txt, programs/qualifications/content.different-font-name-byte/qpdf-version.txt, programs/qualifications/content.different-font-name-byte/qpdf-version.txt.stderr, programs/qualifications/content.different-font-name-byte/qpdf.json, programs/qualifications/content.different-font-name-byte/qpdf.json.stderr, programs/qualifications/content.different-font-name-byte/result.properties, programs/qualifications/content.different-font-name-utf8/process.txt, programs/qualifications/content.different-font-name-utf8/qpdf-version.txt, programs/qualifications/content.different-font-name-utf8/qpdf-version.txt.stderr, programs/qualifications/content.different-font-name-utf8/qpdf.json, programs/qualifications/content.different-font-name-utf8/qpdf.json.stderr, programs/qualifications/content.different-font-name-utf8/result.properties, programs/qualifications/content.duplicate-mcid/process.txt, programs/qualifications/content.duplicate-mcid/qpdf-version.txt, programs/qualifications/content.duplicate-mcid/qpdf-version.txt.stderr, programs/qualifications/content.duplicate-mcid/qpdf.json, programs/qualifications/content.duplicate-mcid/qpdf.json.stderr, programs/qualifications/content.duplicate-mcid/result.properties, programs/qualifications/content.font-box-too-small/process.txt, programs/qualifications/content.font-box-too-small/qpdf-version.txt, programs/qualifications/content.font-box-too-small/qpdf-version.txt.stderr, programs/qualifications/content.font-box-too-small/qpdf.json, programs/qualifications/content.font-box-too-small/qpdf.json.stderr, programs/qualifications/content.font-box-too-small/result.properties, programs/qualifications/content.font-restored-to-unset/process.txt, programs/qualifications/content.font-restored-to-unset/qpdf-version.txt, programs/qualifications/content.font-restored-to-unset/qpdf-version.txt.stderr, programs/qualifications/content.font-restored-to-unset/qpdf.json, programs/qualifications/content.font-restored-to-unset/qpdf.json.stderr, programs/qualifications/content.font-restored-to-unset/result.properties, programs/qualifications/content.font-size-name/process.txt, programs/qualifications/content.font-size-name/qpdf-version.txt, programs/qualifications/content.font-size-name/qpdf-version.txt.stderr, programs/qualifications/content.font-size-name/qpdf.json, programs/qualifications/content.font-size-name/qpdf.json.stderr, programs/qualifications/content.font-size-name/result.properties, programs/qualifications/content.form-does-not-pop-caller-graphics/process.txt, programs/qualifications/content.form-does-not-pop-caller-graphics/qpdf-version.txt, programs/qualifications/content.form-does-not-pop-caller-graphics/qpdf-version.txt.stderr, programs/qualifications/content.form-does-not-pop-caller-graphics/qpdf.json, programs/qualifications/content.form-does-not-pop-caller-graphics/qpdf.json.stderr, programs/qualifications/content.form-does-not-pop-caller-graphics/result.properties, programs/qualifications/content.form-in-text-object/process.txt, programs/qualifications/content.form-in-text-object/qpdf-version.txt, programs/qualifications/content.form-in-text-object/qpdf-version.txt.stderr, programs/qualifications/content.form-in-text-object/qpdf.json, programs/qualifications/content.form-in-text-object/qpdf.json.stderr, programs/qualifications/content.form-in-text-object/result.properties, programs/qualifications/content.form-name/process.txt, programs/qualifications/content.form-name/qpdf-version.txt, programs/qualifications/content.form-name/qpdf-version.txt.stderr, programs/qualifications/content.form-name/qpdf.json, programs/qualifications/content.form-name/qpdf.json.stderr, programs/qualifications/content.form-name/result.properties, programs/qualifications/content.form-used-as-font/process.txt, programs/qualifications/content.form-used-as-font/qpdf-version.txt, programs/qualifications/content.form-used-as-font/qpdf-version.txt.stderr, programs/qualifications/content.form-used-as-font/qpdf.json, programs/qualifications/content.form-used-as-font/qpdf.json.stderr, programs/qualifications/content.form-used-as-font/result.properties, programs/qualifications/content.glyph-missing-header/process.txt, programs/qualifications/content.glyph-missing-header/qpdf-version.txt, programs/qualifications/content.glyph-missing-header/qpdf-version.txt.stderr, programs/qualifications/content.glyph-missing-header/qpdf.json, programs/qualifications/content.glyph-missing-header/qpdf.json.stderr, programs/qualifications/content.glyph-missing-header/result.properties, programs/qualifications/content.glyph-outside-d1-bounds/process.txt, programs/qualifications/content.glyph-outside-d1-bounds/qpdf-version.txt, programs/qualifications/content.glyph-outside-d1-bounds/qpdf-version.txt.stderr, programs/qualifications/content.glyph-outside-d1-bounds/qpdf.json, programs/qualifications/content.glyph-outside-d1-bounds/qpdf.json.stderr, programs/qualifications/content.glyph-outside-d1-bounds/result.properties, programs/qualifications/content.glyph-rectangle-arity/process.txt, programs/qualifications/content.glyph-rectangle-arity/qpdf-version.txt, programs/qualifications/content.glyph-rectangle-arity/qpdf-version.txt.stderr, programs/qualifications/content.glyph-rectangle-arity/qpdf.json, programs/qualifications/content.glyph-rectangle-arity/qpdf.json.stderr, programs/qualifications/content.glyph-rectangle-arity/result.properties, programs/qualifications/content.glyph-rectangle-name/process.txt, programs/qualifications/content.glyph-rectangle-name/qpdf-version.txt, programs/qualifications/content.glyph-rectangle-name/qpdf-version.txt.stderr, programs/qualifications/content.glyph-rectangle-name/qpdf.json, programs/qualifications/content.glyph-rectangle-name/qpdf.json.stderr, programs/qualifications/content.glyph-rectangle-name/result.properties, programs/qualifications/content.glyph-repeated-header/process.txt, programs/qualifications/content.glyph-repeated-header/qpdf-version.txt, programs/qualifications/content.glyph-repeated-header/qpdf-version.txt.stderr, programs/qualifications/content.glyph-repeated-header/qpdf.json, programs/qualifications/content.glyph-repeated-header/qpdf.json.stderr, programs/qualifications/content.glyph-repeated-header/result.properties, programs/qualifications/content.glyph-unpainted-path/process.txt, programs/qualifications/content.glyph-unpainted-path/qpdf-version.txt, programs/qualifications/content.glyph-unpainted-path/qpdf-version.txt.stderr, programs/qualifications/content.glyph-unpainted-path/qpdf.json, programs/qualifications/content.glyph-unpainted-path/qpdf.json.stderr, programs/qualifications/content.glyph-unpainted-path/result.properties, programs/qualifications/content.graphics-crosses-marked/process.txt, programs/qualifications/content.graphics-crosses-marked/qpdf-version.txt, programs/qualifications/content.graphics-crosses-marked/qpdf-version.txt.stderr, programs/qualifications/content.graphics-crosses-marked/qpdf.json, programs/qualifications/content.graphics-crosses-marked/qpdf.json.stderr, programs/qualifications/content.graphics-crosses-marked/result.properties, programs/qualifications/content.graphics-unclosed/process.txt, programs/qualifications/content.graphics-unclosed/qpdf-version.txt, programs/qualifications/content.graphics-unclosed/qpdf-version.txt.stderr, programs/qualifications/content.graphics-unclosed/qpdf.json, programs/qualifications/content.graphics-unclosed/qpdf.json.stderr, programs/qualifications/content.graphics-unclosed/result.properties, programs/qualifications/content.graphics-underflow/process.txt, programs/qualifications/content.graphics-underflow/qpdf-version.txt, programs/qualifications/content.graphics-underflow/qpdf-version.txt.stderr, programs/qualifications/content.graphics-underflow/qpdf.json, programs/qualifications/content.graphics-underflow/qpdf.json.stderr, programs/qualifications/content.graphics-underflow/result.properties, programs/qualifications/content.marked-crosses-graphics/process.txt, programs/qualifications/content.marked-crosses-graphics/qpdf-version.txt, programs/qualifications/content.marked-crosses-graphics/qpdf-version.txt.stderr, programs/qualifications/content.marked-crosses-graphics/qpdf.json, programs/qualifications/content.marked-crosses-graphics/qpdf.json.stderr, programs/qualifications/content.marked-crosses-graphics/result.properties, programs/qualifications/content.marked-crosses-text/process.txt, programs/qualifications/content.marked-crosses-text/qpdf-version.txt, programs/qualifications/content.marked-crosses-text/qpdf-version.txt.stderr, programs/qualifications/content.marked-crosses-text/qpdf.json, programs/qualifications/content.marked-crosses-text/qpdf.json.stderr, programs/qualifications/content.marked-crosses-text/result.properties, programs/qualifications/content.marked-unclosed/process.txt, programs/qualifications/content.marked-unclosed/qpdf-version.txt, programs/qualifications/content.marked-unclosed/qpdf-version.txt.stderr, programs/qualifications/content.marked-unclosed/qpdf.json, programs/qualifications/content.marked-unclosed/qpdf.json.stderr, programs/qualifications/content.marked-unclosed/result.properties, programs/qualifications/content.marked-underflow/process.txt, programs/qualifications/content.marked-underflow/qpdf-version.txt, programs/qualifications/content.marked-underflow/qpdf-version.txt.stderr, programs/qualifications/content.marked-underflow/qpdf.json, programs/qualifications/content.marked-underflow/qpdf.json.stderr, programs/qualifications/content.marked-underflow/result.properties, programs/qualifications/content.matrix-outside-text/process.txt, programs/qualifications/content.matrix-outside-text/qpdf-version.txt, programs/qualifications/content.matrix-outside-text/qpdf-version.txt.stderr, programs/qualifications/content.matrix-outside-text/qpdf.json, programs/qualifications/content.matrix-outside-text/qpdf.json.stderr, programs/qualifications/content.matrix-outside-text/result.properties, programs/qualifications/content.missing-font-resource/process.txt, programs/qualifications/content.missing-font-resource/qpdf-version.txt, programs/qualifications/content.missing-font-resource/qpdf-version.txt.stderr, programs/qualifications/content.missing-font-resource/qpdf.json, programs/qualifications/content.missing-font-resource/qpdf.json.stderr, programs/qualifications/content.missing-font-resource/result.properties, programs/qualifications/content.missing-form-resource/process.txt, programs/qualifications/content.missing-form-resource/qpdf-version.txt, programs/qualifications/content.missing-form-resource/qpdf-version.txt.stderr, programs/qualifications/content.missing-form-resource/qpdf.json, programs/qualifications/content.missing-form-resource/qpdf.json.stderr, programs/qualifications/content.missing-form-resource/result.properties, programs/qualifications/content.missing-name-escape/process.txt, programs/qualifications/content.missing-name-escape/qpdf-version.txt, programs/qualifications/content.missing-name-escape/qpdf-version.txt.stderr, programs/qualifications/content.missing-name-escape/qpdf.json, programs/qualifications/content.missing-name-escape/qpdf.json.stderr, programs/qualifications/content.missing-name-escape/result.properties, programs/qualifications/content.missing-property-resource/process.txt, programs/qualifications/content.missing-property-resource/qpdf-version.txt, programs/qualifications/content.missing-property-resource/qpdf-version.txt.stderr, programs/qualifications/content.missing-property-resource/qpdf.json, programs/qualifications/content.missing-property-resource/qpdf.json.stderr, programs/qualifications/content.missing-property-resource/result.properties, programs/qualifications/content.name-alternate/process.txt, programs/qualifications/content.name-alternate/qpdf-version.txt, programs/qualifications/content.name-alternate/qpdf-version.txt.stderr, programs/qualifications/content.name-alternate/qpdf.json, programs/qualifications/content.name-alternate/qpdf.json.stderr, programs/qualifications/content.name-alternate/result.properties, programs/qualifications/content.name-mcid/process.txt, programs/qualifications/content.name-mcid/qpdf-version.txt, programs/qualifications/content.name-mcid/qpdf-version.txt.stderr, programs/qualifications/content.name-mcid/qpdf.json, programs/qualifications/content.name-mcid/qpdf.json.stderr, programs/qualifications/content.name-mcid/result.properties, programs/qualifications/content.named-property-wrong-type/process.txt, programs/qualifications/content.named-property-wrong-type/qpdf-version.txt, programs/qualifications/content.named-property-wrong-type/qpdf-version.txt.stderr, programs/qualifications/content.named-property-wrong-type/qpdf.json, programs/qualifications/content.named-property-wrong-type/qpdf.json.stderr, programs/qualifications/content.named-property-wrong-type/result.properties, programs/qualifications/content.negative-mcid/process.txt, programs/qualifications/content.negative-mcid/qpdf-version.txt, programs/qualifications/content.negative-mcid/qpdf-version.txt.stderr, programs/qualifications/content.negative-mcid/qpdf.json, programs/qualifications/content.negative-mcid/qpdf.json.stderr, programs/qualifications/content.negative-mcid/result.properties, programs/qualifications/content.nested-form-caller-font/process.txt, programs/qualifications/content.nested-form-caller-font/qpdf-version.txt, programs/qualifications/content.nested-form-caller-font/qpdf-version.txt.stderr, programs/qualifications/content.nested-form-caller-font/qpdf.json, programs/qualifications/content.nested-form-caller-font/qpdf.json.stderr, programs/qualifications/content.nested-form-caller-font/result.properties, programs/qualifications/content.nested-text/process.txt, programs/qualifications/content.nested-text/qpdf-version.txt, programs/qualifications/content.nested-text/qpdf-version.txt.stderr, programs/qualifications/content.nested-text/qpdf.json, programs/qualifications/content.nested-text/qpdf.json.stderr, programs/qualifications/content.nested-text/result.properties, programs/qualifications/content.no-selected-font/process.txt, programs/qualifications/content.no-selected-font/qpdf-version.txt, programs/qualifications/content.no-selected-font/qpdf-version.txt.stderr, programs/qualifications/content.no-selected-font/qpdf.json, programs/qualifications/content.no-selected-font/qpdf.json.stderr, programs/qualifications/content.no-selected-font/result.properties, programs/qualifications/content.nonhex-name-escape/process.txt, programs/qualifications/content.nonhex-name-escape/qpdf-version.txt, programs/qualifications/content.nonhex-name-escape/qpdf-version.txt.stderr, programs/qualifications/content.nonhex-name-escape/qpdf.json, programs/qualifications/content.nonhex-name-escape/qpdf.json.stderr, programs/qualifications/content.nonhex-name-escape/result.properties, programs/qualifications/content.null-name-escape/process.txt, programs/qualifications/content.null-name-escape/qpdf-version.txt, programs/qualifications/content.null-name-escape/qpdf-version.txt.stderr, programs/qualifications/content.null-name-escape/qpdf.json, programs/qualifications/content.null-name-escape/qpdf.json.stderr, programs/qualifications/content.null-name-escape/result.properties, programs/qualifications/content.numeric-language/process.txt, programs/qualifications/content.numeric-language/qpdf-version.txt, programs/qualifications/content.numeric-language/qpdf-version.txt.stderr, programs/qualifications/content.numeric-language/qpdf.json, programs/qualifications/content.numeric-language/qpdf.json.stderr, programs/qualifications/content.numeric-language/result.properties, programs/qualifications/content.numeric-replacement/process.txt, programs/qualifications/content.numeric-replacement/qpdf-version.txt, programs/qualifications/content.numeric-replacement/qpdf-version.txt.stderr, programs/qualifications/content.numeric-replacement/qpdf.json, programs/qualifications/content.numeric-replacement/qpdf.json.stderr, programs/qualifications/content.numeric-replacement/result.properties, programs/qualifications/content.real-mcid/process.txt, programs/qualifications/content.real-mcid/qpdf-version.txt, programs/qualifications/content.real-mcid/qpdf-version.txt.stderr, programs/qualifications/content.real-mcid/qpdf.json, programs/qualifications/content.real-mcid/qpdf.json.stderr, programs/qualifications/content.real-mcid/result.properties, programs/qualifications/content.restore-inside-text/process.txt, programs/qualifications/content.restore-inside-text/qpdf-version.txt, programs/qualifications/content.restore-inside-text/qpdf-version.txt.stderr, programs/qualifications/content.restore-inside-text/qpdf.json, programs/qualifications/content.restore-inside-text/qpdf.json.stderr, programs/qualifications/content.restore-inside-text/result.properties, programs/qualifications/content.rgb-name/process.txt, programs/qualifications/content.rgb-name/qpdf-version.txt, programs/qualifications/content.rgb-name/qpdf-version.txt.stderr, programs/qualifications/content.rgb-name/qpdf.json, programs/qualifications/content.rgb-name/qpdf.json.stderr, programs/qualifications/content.rgb-name/result.properties, programs/qualifications/content.save-inside-text/process.txt, programs/qualifications/content.save-inside-text/qpdf-version.txt, programs/qualifications/content.save-inside-text/qpdf-version.txt.stderr, programs/qualifications/content.save-inside-text/qpdf.json, programs/qualifications/content.save-inside-text/qpdf.json.stderr, programs/qualifications/content.save-inside-text/result.properties, programs/qualifications/content.show-name/process.txt, programs/qualifications/content.show-name/qpdf-version.txt, programs/qualifications/content.show-name/qpdf-version.txt.stderr, programs/qualifications/content.show-name/qpdf.json, programs/qualifications/content.show-name/qpdf.json.stderr, programs/qualifications/content.show-name/result.properties, programs/qualifications/content.show-outside-text/process.txt, programs/qualifications/content.show-outside-text/qpdf-version.txt, programs/qualifications/content.show-outside-text/qpdf-version.txt.stderr, programs/qualifications/content.show-outside-text/qpdf.json, programs/qualifications/content.show-outside-text/qpdf.json.stderr, programs/qualifications/content.show-outside-text/result.properties, programs/qualifications/content.text-crosses-marked/process.txt, programs/qualifications/content.text-crosses-marked/qpdf-version.txt, programs/qualifications/content.text-crosses-marked/qpdf-version.txt.stderr, programs/qualifications/content.text-crosses-marked/qpdf.json, programs/qualifications/content.text-crosses-marked/qpdf.json.stderr, programs/qualifications/content.text-crosses-marked/result.properties, programs/qualifications/content.text-matrix-arity/process.txt, programs/qualifications/content.text-matrix-arity/qpdf-version.txt, programs/qualifications/content.text-matrix-arity/qpdf-version.txt.stderr, programs/qualifications/content.text-matrix-arity/qpdf.json, programs/qualifications/content.text-matrix-arity/qpdf.json.stderr, programs/qualifications/content.text-matrix-arity/result.properties, programs/qualifications/content.text-matrix-name/process.txt, programs/qualifications/content.text-matrix-name/qpdf-version.txt, programs/qualifications/content.text-matrix-name/qpdf-version.txt.stderr, programs/qualifications/content.text-matrix-name/qpdf.json, programs/qualifications/content.text-matrix-name/qpdf.json.stderr, programs/qualifications/content.text-matrix-name/result.properties, programs/qualifications/content.unmatched-text-end/process.txt, programs/qualifications/content.unmatched-text-end/qpdf-version.txt, programs/qualifications/content.unmatched-text-end/qpdf-version.txt.stderr, programs/qualifications/content.unmatched-text-end/qpdf.json, programs/qualifications/content.unmatched-text-end/qpdf.json.stderr, programs/qualifications/content.unmatched-text-end/result.properties, programs/qualifications/content.unterminated-text/process.txt, programs/qualifications/content.unterminated-text/qpdf-version.txt, programs/qualifications/content.unterminated-text/qpdf-version.txt.stderr, programs/qualifications/content.unterminated-text/qpdf.json, programs/qualifications/content.unterminated-text/qpdf.json.stderr, programs/qualifications/content.unterminated-text/result.properties, programs/qualifications/font-metrics.cid-cff-widths-array/process.txt, programs/qualifications/font-metrics.cid-cff-widths-array/qpdf-version.txt, programs/qualifications/font-metrics.cid-cff-widths-array/qpdf-version.txt.stderr, programs/qualifications/font-metrics.cid-cff-widths-array/qpdf.json, programs/qualifications/font-metrics.cid-cff-widths-array/qpdf.json.stderr, programs/qualifications/font-metrics.cid-cff-widths-array/result.properties, programs/qualifications/font-metrics.cid-cff-widths-default/process.txt, programs/qualifications/font-metrics.cid-cff-widths-default/qpdf-version.txt, programs/qualifications/font-metrics.cid-cff-widths-default/qpdf-version.txt.stderr, programs/qualifications/font-metrics.cid-cff-widths-default/qpdf.json, programs/qualifications/font-metrics.cid-cff-widths-default/qpdf.json.stderr, programs/qualifications/font-metrics.cid-cff-widths-default/result.properties, programs/qualifications/font-metrics.cid-cff-widths-range/process.txt, programs/qualifications/font-metrics.cid-cff-widths-range/qpdf-version.txt, programs/qualifications/font-metrics.cid-cff-widths-range/qpdf-version.txt.stderr, programs/qualifications/font-metrics.cid-cff-widths-range/qpdf.json, programs/qualifications/font-metrics.cid-cff-widths-range/qpdf.json.stderr, programs/qualifications/font-metrics.cid-cff-widths-range/result.properties, programs/qualifications/font-metrics.cid-truetype-widths-array/process.txt, programs/qualifications/font-metrics.cid-truetype-widths-array/qpdf-version.txt, programs/qualifications/font-metrics.cid-truetype-widths-array/qpdf-version.txt.stderr, programs/qualifications/font-metrics.cid-truetype-widths-array/qpdf.json, programs/qualifications/font-metrics.cid-truetype-widths-array/qpdf.json.stderr, programs/qualifications/font-metrics.cid-truetype-widths-array/result.properties, programs/qualifications/font-metrics.cid-truetype-widths-default/process.txt, programs/qualifications/font-metrics.cid-truetype-widths-default/qpdf-version.txt, programs/qualifications/font-metrics.cid-truetype-widths-default/qpdf-version.txt.stderr, programs/qualifications/font-metrics.cid-truetype-widths-default/qpdf.json, programs/qualifications/font-metrics.cid-truetype-widths-default/qpdf.json.stderr, programs/qualifications/font-metrics.cid-truetype-widths-default/result.properties, programs/qualifications/font-metrics.cid-truetype-widths-range/process.txt, programs/qualifications/font-metrics.cid-truetype-widths-range/qpdf-version.txt, programs/qualifications/font-metrics.cid-truetype-widths-range/qpdf-version.txt.stderr, programs/qualifications/font-metrics.cid-truetype-widths-range/qpdf.json, programs/qualifications/font-metrics.cid-truetype-widths-range/qpdf.json.stderr, programs/qualifications/font-metrics.cid-truetype-widths-range/result.properties, programs/qualifications/font-metrics.mmtype1-widths/process.txt, programs/qualifications/font-metrics.mmtype1-widths/qpdf-version.txt, programs/qualifications/font-metrics.mmtype1-widths/qpdf-version.txt.stderr, programs/qualifications/font-metrics.mmtype1-widths/qpdf.json, programs/qualifications/font-metrics.mmtype1-widths/qpdf.json.stderr, programs/qualifications/font-metrics.mmtype1-widths/result.properties, programs/qualifications/font-metrics.truetype-widths/process.txt, programs/qualifications/font-metrics.truetype-widths/qpdf-version.txt, programs/qualifications/font-metrics.truetype-widths/qpdf-version.txt.stderr, programs/qualifications/font-metrics.truetype-widths/qpdf.json, programs/qualifications/font-metrics.truetype-widths/qpdf.json.stderr, programs/qualifications/font-metrics.truetype-widths/result.properties, programs/qualifications/font-metrics.type1-widths/process.txt, programs/qualifications/font-metrics.type1-widths/qpdf-version.txt, programs/qualifications/font-metrics.type1-widths/qpdf-version.txt.stderr, programs/qualifications/font-metrics.type1-widths/qpdf.json, programs/qualifications/font-metrics.type1-widths/qpdf.json.stderr, programs/qualifications/font-metrics.type1-widths/result.properties, programs/qualifications/fonts.cff-as-cid/process.txt, programs/qualifications/fonts.cff-as-cid/qpdf-version.txt, programs/qualifications/fonts.cff-as-cid/qpdf-version.txt.stderr, programs/qualifications/fonts.cff-as-cid/qpdf.json, programs/qualifications/fonts.cff-as-cid/qpdf.json.stderr, programs/qualifications/fonts.cff-as-cid/result.properties, programs/qualifications/fonts.cff-descriptor-bounds/process.txt, programs/qualifications/fonts.cff-descriptor-bounds/qpdf-version.txt, programs/qualifications/fonts.cff-descriptor-bounds/qpdf-version.txt.stderr, programs/qualifications/fonts.cff-descriptor-bounds/qpdf.json, programs/qualifications/fonts.cff-descriptor-bounds/qpdf.json.stderr, programs/qualifications/fonts.cff-descriptor-bounds/result.properties, programs/qualifications/fonts.cff-first-offset-two/process.txt, programs/qualifications/fonts.cff-first-offset-two/qpdf-version.txt, programs/qualifications/fonts.cff-first-offset-two/qpdf-version.txt.stderr, programs/qualifications/fonts.cff-first-offset-two/qpdf.json, programs/qualifications/fonts.cff-first-offset-two/qpdf.json.stderr, programs/qualifications/fonts.cff-first-offset-two/result.properties, programs/qualifications/fonts.cff-first-offset-zero/process.txt, programs/qualifications/fonts.cff-first-offset-zero/qpdf-version.txt, programs/qualifications/fonts.cff-first-offset-zero/qpdf-version.txt.stderr, programs/qualifications/fonts.cff-first-offset-zero/qpdf.json, programs/qualifications/fonts.cff-first-offset-zero/qpdf.json.stderr, programs/qualifications/fonts.cff-first-offset-zero/result.properties, programs/qualifications/fonts.cff-glyph-first-offset-two/process.txt, programs/qualifications/fonts.cff-glyph-first-offset-two/qpdf-version.txt, programs/qualifications/fonts.cff-glyph-first-offset-two/qpdf-version.txt.stderr, programs/qualifications/fonts.cff-glyph-first-offset-two/qpdf.json, programs/qualifications/fonts.cff-glyph-first-offset-two/qpdf.json.stderr, programs/qualifications/fonts.cff-glyph-first-offset-two/result.properties, programs/qualifications/fonts.cff-header/process.txt, programs/qualifications/fonts.cff-header/qpdf-version.txt, programs/qualifications/fonts.cff-header/qpdf-version.txt.stderr, programs/qualifications/fonts.cff-header/qpdf.json, programs/qualifications/fonts.cff-header/qpdf.json.stderr, programs/qualifications/fonts.cff-header/result.properties, programs/qualifications/fonts.cff-last-offset-outside-file/process.txt, programs/qualifications/fonts.cff-last-offset-outside-file/qpdf-version.txt, programs/qualifications/fonts.cff-last-offset-outside-file/qpdf-version.txt.stderr, programs/qualifications/fonts.cff-last-offset-outside-file/qpdf.json, programs/qualifications/fonts.cff-last-offset-outside-file/qpdf.json.stderr, programs/qualifications/fonts.cff-last-offset-outside-file/result.properties, programs/qualifications/fonts.cff-missing-endchar/process.txt, programs/qualifications/fonts.cff-missing-endchar/qpdf-version.txt, programs/qualifications/fonts.cff-missing-endchar/qpdf-version.txt.stderr, programs/qualifications/fonts.cff-missing-endchar/qpdf.json, programs/qualifications/fonts.cff-missing-endchar/qpdf.json.stderr, programs/qualifications/fonts.cff-missing-endchar/result.properties, programs/qualifications/fonts.cff-missing-moveto/process.txt, programs/qualifications/fonts.cff-missing-moveto/qpdf-version.txt, programs/qualifications/fonts.cff-missing-moveto/qpdf-version.txt.stderr, programs/qualifications/fonts.cff-missing-moveto/qpdf.json, programs/qualifications/fonts.cff-missing-moveto/qpdf.json.stderr, programs/qualifications/fonts.cff-missing-moveto/result.properties, programs/qualifications/fonts.cff-program-name/process.txt, programs/qualifications/fonts.cff-program-name/qpdf-version.txt, programs/qualifications/fonts.cff-program-name/qpdf-version.txt.stderr, programs/qualifications/fonts.cff-program-name/qpdf.json, programs/qualifications/fonts.cff-program-name/qpdf.json.stderr, programs/qualifications/fonts.cff-program-name/result.properties, programs/qualifications/fonts.cff-topdict-count/process.txt, programs/qualifications/fonts.cff-topdict-count/qpdf-version.txt, programs/qualifications/fonts.cff-topdict-count/qpdf-version.txt.stderr, programs/qualifications/fonts.cff-topdict-count/qpdf.json, programs/qualifications/fonts.cff-topdict-count/qpdf.json.stderr, programs/qualifications/fonts.cff-topdict-count/result.properties, programs/qualifications/fonts.cff-wrong-moveto-arity/process.txt, programs/qualifications/fonts.cff-wrong-moveto-arity/qpdf-version.txt, programs/qualifications/fonts.cff-wrong-moveto-arity/qpdf-version.txt.stderr, programs/qualifications/fonts.cff-wrong-moveto-arity/qpdf.json, programs/qualifications/fonts.cff-wrong-moveto-arity/qpdf.json.stderr, programs/qualifications/fonts.cff-wrong-moveto-arity/result.properties, programs/qualifications/fonts.cid-as-cff/process.txt, programs/qualifications/fonts.cid-as-cff/qpdf-version.txt, programs/qualifications/fonts.cid-as-cff/qpdf-version.txt.stderr, programs/qualifications/fonts.cid-as-cff/qpdf.json, programs/qualifications/fonts.cid-as-cff/qpdf.json.stderr, programs/qualifications/fonts.cid-as-cff/result.properties, programs/qualifications/fonts.cid-cff-descriptor-bounds/process.txt, programs/qualifications/fonts.cid-cff-descriptor-bounds/qpdf-version.txt, programs/qualifications/fonts.cid-cff-descriptor-bounds/qpdf-version.txt.stderr, programs/qualifications/fonts.cid-cff-descriptor-bounds/qpdf.json, programs/qualifications/fonts.cid-cff-descriptor-bounds/qpdf.json.stderr, programs/qualifications/fonts.cid-cff-descriptor-bounds/result.properties, programs/qualifications/fonts.cid-cff-first-offset-two/process.txt, programs/qualifications/fonts.cid-cff-first-offset-two/qpdf-version.txt, programs/qualifications/fonts.cid-cff-first-offset-two/qpdf-version.txt.stderr, programs/qualifications/fonts.cid-cff-first-offset-two/qpdf.json, programs/qualifications/fonts.cid-cff-first-offset-two/qpdf.json.stderr, programs/qualifications/fonts.cid-cff-first-offset-two/result.properties, programs/qualifications/fonts.cid-cff-first-offset-zero/process.txt, programs/qualifications/fonts.cid-cff-first-offset-zero/qpdf-version.txt, programs/qualifications/fonts.cid-cff-first-offset-zero/qpdf-version.txt.stderr, programs/qualifications/fonts.cid-cff-first-offset-zero/qpdf.json, programs/qualifications/fonts.cid-cff-first-offset-zero/qpdf.json.stderr, programs/qualifications/fonts.cid-cff-first-offset-zero/result.properties, programs/qualifications/fonts.cid-cff-glyph-first-offset-two/process.txt, programs/qualifications/fonts.cid-cff-glyph-first-offset-two/qpdf-version.txt, programs/qualifications/fonts.cid-cff-glyph-first-offset-two/qpdf-version.txt.stderr, programs/qualifications/fonts.cid-cff-glyph-first-offset-two/qpdf.json, programs/qualifications/fonts.cid-cff-glyph-first-offset-two/qpdf.json.stderr, programs/qualifications/fonts.cid-cff-glyph-first-offset-two/result.properties, programs/qualifications/fonts.cid-cff-header/process.txt, programs/qualifications/fonts.cid-cff-header/qpdf-version.txt, programs/qualifications/fonts.cid-cff-header/qpdf-version.txt.stderr, programs/qualifications/fonts.cid-cff-header/qpdf.json, programs/qualifications/fonts.cid-cff-header/qpdf.json.stderr, programs/qualifications/fonts.cid-cff-header/result.properties, programs/qualifications/fonts.cid-cff-last-offset-outside-file/process.txt, programs/qualifications/fonts.cid-cff-last-offset-outside-file/qpdf-version.txt, programs/qualifications/fonts.cid-cff-last-offset-outside-file/qpdf-version.txt.stderr, programs/qualifications/fonts.cid-cff-last-offset-outside-file/qpdf.json, programs/qualifications/fonts.cid-cff-last-offset-outside-file/qpdf.json.stderr, programs/qualifications/fonts.cid-cff-last-offset-outside-file/result.properties, programs/qualifications/fonts.cid-cff-missing-endchar/process.txt, programs/qualifications/fonts.cid-cff-missing-endchar/qpdf-version.txt, programs/qualifications/fonts.cid-cff-missing-endchar/qpdf-version.txt.stderr, programs/qualifications/fonts.cid-cff-missing-endchar/qpdf.json, programs/qualifications/fonts.cid-cff-missing-endchar/qpdf.json.stderr, programs/qualifications/fonts.cid-cff-missing-endchar/result.properties, programs/qualifications/fonts.cid-cff-missing-fdarray/process.txt, programs/qualifications/fonts.cid-cff-missing-fdarray/qpdf-version.txt, programs/qualifications/fonts.cid-cff-missing-fdarray/qpdf-version.txt.stderr, programs/qualifications/fonts.cid-cff-missing-fdarray/qpdf.json, programs/qualifications/fonts.cid-cff-missing-fdarray/qpdf.json.stderr, programs/qualifications/fonts.cid-cff-missing-fdarray/result.properties, programs/qualifications/fonts.cid-cff-missing-fdselect/process.txt, programs/qualifications/fonts.cid-cff-missing-fdselect/qpdf-version.txt, programs/qualifications/fonts.cid-cff-missing-fdselect/qpdf-version.txt.stderr, programs/qualifications/fonts.cid-cff-missing-fdselect/qpdf.json, programs/qualifications/fonts.cid-cff-missing-fdselect/qpdf.json.stderr, programs/qualifications/fonts.cid-cff-missing-fdselect/result.properties, programs/qualifications/fonts.cid-cff-missing-moveto/process.txt, programs/qualifications/fonts.cid-cff-missing-moveto/qpdf-version.txt, programs/qualifications/fonts.cid-cff-missing-moveto/qpdf-version.txt.stderr, programs/qualifications/fonts.cid-cff-missing-moveto/qpdf.json, programs/qualifications/fonts.cid-cff-missing-moveto/qpdf.json.stderr, programs/qualifications/fonts.cid-cff-missing-moveto/result.properties, programs/qualifications/fonts.cid-cff-program-name/process.txt, programs/qualifications/fonts.cid-cff-program-name/qpdf-version.txt, programs/qualifications/fonts.cid-cff-program-name/qpdf-version.txt.stderr, programs/qualifications/fonts.cid-cff-program-name/qpdf.json, programs/qualifications/fonts.cid-cff-program-name/qpdf.json.stderr, programs/qualifications/fonts.cid-cff-program-name/result.properties, programs/qualifications/fonts.cid-cff-topdict-count/process.txt, programs/qualifications/fonts.cid-cff-topdict-count/qpdf-version.txt, programs/qualifications/fonts.cid-cff-topdict-count/qpdf-version.txt.stderr, programs/qualifications/fonts.cid-cff-topdict-count/qpdf.json, programs/qualifications/fonts.cid-cff-topdict-count/qpdf.json.stderr, programs/qualifications/fonts.cid-cff-topdict-count/result.properties, programs/qualifications/fonts.cid-cff-wrong-moveto-arity/process.txt, programs/qualifications/fonts.cid-cff-wrong-moveto-arity/qpdf-version.txt, programs/qualifications/fonts.cid-cff-wrong-moveto-arity/qpdf-version.txt.stderr, programs/qualifications/fonts.cid-cff-wrong-moveto-arity/qpdf.json, programs/qualifications/fonts.cid-cff-wrong-moveto-arity/qpdf.json.stderr, programs/qualifications/fonts.cid-cff-wrong-moveto-arity/result.properties, programs/qualifications/fonts.cid-truetype-descriptor-bounds/process.txt, programs/qualifications/fonts.cid-truetype-descriptor-bounds/qpdf-version.txt, programs/qualifications/fonts.cid-truetype-descriptor-bounds/qpdf-version.txt.stderr, programs/qualifications/fonts.cid-truetype-descriptor-bounds/qpdf.json, programs/qualifications/fonts.cid-truetype-descriptor-bounds/qpdf.json.stderr, programs/qualifications/fonts.cid-truetype-descriptor-bounds/result.properties, programs/qualifications/fonts.truetype-decoded-length/process.txt, programs/qualifications/fonts.truetype-decoded-length/qpdf-version.txt, programs/qualifications/fonts.truetype-decoded-length/qpdf-version.txt.stderr, programs/qualifications/fonts.truetype-decoded-length/qpdf.json, programs/qualifications/fonts.truetype-decoded-length/qpdf.json.stderr, programs/qualifications/fonts.truetype-decoded-length/result.properties, programs/qualifications/fonts.truetype-descriptor-bounds/process.txt, programs/qualifications/fonts.truetype-descriptor-bounds/qpdf-version.txt, programs/qualifications/fonts.truetype-descriptor-bounds/qpdf-version.txt.stderr, programs/qualifications/fonts.truetype-descriptor-bounds/qpdf.json, programs/qualifications/fonts.truetype-descriptor-bounds/qpdf.json.stderr, programs/qualifications/fonts.truetype-descriptor-bounds/result.properties, programs/qualifications/fonts.truetype-entry-selector/process.txt, programs/qualifications/fonts.truetype-entry-selector/qpdf-version.txt, programs/qualifications/fonts.truetype-entry-selector/qpdf-version.txt.stderr, programs/qualifications/fonts.truetype-entry-selector/qpdf.json, programs/qualifications/fonts.truetype-entry-selector/qpdf.json.stderr, programs/qualifications/fonts.truetype-entry-selector/result.properties, programs/qualifications/fonts.truetype-glyph-bounds/process.txt, programs/qualifications/fonts.truetype-glyph-bounds/qpdf-version.txt, programs/qualifications/fonts.truetype-glyph-bounds/qpdf-version.txt.stderr, programs/qualifications/fonts.truetype-glyph-bounds/qpdf.json, programs/qualifications/fonts.truetype-glyph-bounds/qpdf.json.stderr, programs/qualifications/fonts.truetype-glyph-bounds/result.properties, programs/qualifications/fonts.truetype-header/process.txt, programs/qualifications/fonts.truetype-header/qpdf-version.txt, programs/qualifications/fonts.truetype-header/qpdf-version.txt.stderr, programs/qualifications/fonts.truetype-header/qpdf.json, programs/qualifications/fonts.truetype-header/qpdf.json.stderr, programs/qualifications/fonts.truetype-header/result.properties, programs/qualifications/fonts.truetype-nonzero-padding/process.txt, programs/qualifications/fonts.truetype-nonzero-padding/qpdf-version.txt, programs/qualifications/fonts.truetype-nonzero-padding/qpdf-version.txt.stderr, programs/qualifications/fonts.truetype-nonzero-padding/qpdf.json, programs/qualifications/fonts.truetype-nonzero-padding/qpdf.json.stderr, programs/qualifications/fonts.truetype-nonzero-padding/result.properties, programs/qualifications/fonts.truetype-program-name/process.txt, programs/qualifications/fonts.truetype-program-name/qpdf-version.txt, programs/qualifications/fonts.truetype-program-name/qpdf-version.txt.stderr, programs/qualifications/fonts.truetype-program-name/qpdf.json, programs/qualifications/fonts.truetype-program-name/qpdf.json.stderr, programs/qualifications/fonts.truetype-program-name/result.properties, programs/qualifications/fonts.truetype-range-shift/process.txt, programs/qualifications/fonts.truetype-range-shift/qpdf-version.txt, programs/qualifications/fonts.truetype-range-shift/qpdf-version.txt.stderr, programs/qualifications/fonts.truetype-range-shift/qpdf.json, programs/qualifications/fonts.truetype-range-shift/qpdf.json.stderr, programs/qualifications/fonts.truetype-range-shift/result.properties, programs/qualifications/fonts.truetype-search-range/process.txt, programs/qualifications/fonts.truetype-search-range/qpdf-version.txt, programs/qualifications/fonts.truetype-search-range/qpdf-version.txt.stderr, programs/qualifications/fonts.truetype-search-range/qpdf.json, programs/qualifications/fonts.truetype-search-range/qpdf.json.stderr, programs/qualifications/fonts.truetype-search-range/result.properties, programs/qualifications/fonts.truetype-table-checksum/process.txt, programs/qualifications/fonts.truetype-table-checksum/qpdf-version.txt, programs/qualifications/fonts.truetype-table-checksum/qpdf-version.txt.stderr, programs/qualifications/fonts.truetype-table-checksum/qpdf.json, programs/qualifications/fonts.truetype-table-checksum/qpdf.json.stderr, programs/qualifications/fonts.truetype-table-checksum/result.properties, programs/qualifications/fonts.truetype-table-order/process.txt, programs/qualifications/fonts.truetype-table-order/qpdf-version.txt, programs/qualifications/fonts.truetype-table-order/qpdf-version.txt.stderr, programs/qualifications/fonts.truetype-table-order/qpdf.json, programs/qualifications/fonts.truetype-table-order/qpdf.json.stderr, programs/qualifications/fonts.truetype-table-order/result.properties, programs/qualifications/fonts.truetype-table-outside-file/process.txt, programs/qualifications/fonts.truetype-table-outside-file/qpdf-version.txt, programs/qualifications/fonts.truetype-table-outside-file/qpdf-version.txt.stderr, programs/qualifications/fonts.truetype-table-outside-file/qpdf.json, programs/qualifications/fonts.truetype-table-outside-file/qpdf.json.stderr, programs/qualifications/fonts.truetype-table-outside-file/result.properties, programs/qualifications/fonts.truetype-table-tag/process.txt, programs/qualifications/fonts.truetype-table-tag/qpdf-version.txt, programs/qualifications/fonts.truetype-table-tag/qpdf-version.txt.stderr, programs/qualifications/fonts.truetype-table-tag/qpdf.json, programs/qualifications/fonts.truetype-table-tag/qpdf.json.stderr, programs/qualifications/fonts.truetype-table-tag/result.properties, programs/qualifications/fonts.truetype-unaligned-table/process.txt, programs/qualifications/fonts.truetype-unaligned-table/qpdf-version.txt, programs/qualifications/fonts.truetype-unaligned-table/qpdf-version.txt.stderr, programs/qualifications/fonts.truetype-unaligned-table/qpdf.json, programs/qualifications/fonts.truetype-unaligned-table/qpdf.json.stderr, programs/qualifications/fonts.truetype-unaligned-table/result.properties, programs/qualifications/fonts.truetype-units-per-em-0/process.txt, programs/qualifications/fonts.truetype-units-per-em-0/qpdf-version.txt, programs/qualifications/fonts.truetype-units-per-em-0/qpdf-version.txt.stderr, programs/qualifications/fonts.truetype-units-per-em-0/qpdf.json, programs/qualifications/fonts.truetype-units-per-em-0/qpdf.json.stderr, programs/qualifications/fonts.truetype-units-per-em-0/result.properties, programs/qualifications/fonts.truetype-units-per-em-15/process.txt, programs/qualifications/fonts.truetype-units-per-em-15/qpdf-version.txt, programs/qualifications/fonts.truetype-units-per-em-15/qpdf-version.txt.stderr, programs/qualifications/fonts.truetype-units-per-em-15/qpdf.json, programs/qualifications/fonts.truetype-units-per-em-15/qpdf.json.stderr, programs/qualifications/fonts.truetype-units-per-em-15/result.properties, programs/qualifications/fonts.truetype-units-per-em-16385/process.txt, programs/qualifications/fonts.truetype-units-per-em-16385/qpdf-version.txt, programs/qualifications/fonts.truetype-units-per-em-16385/qpdf-version.txt.stderr, programs/qualifications/fonts.truetype-units-per-em-16385/qpdf.json, programs/qualifications/fonts.truetype-units-per-em-16385/qpdf.json.stderr, programs/qualifications/fonts.truetype-units-per-em-16385/result.properties, programs/qualifications/fonts.truetype-whole-checksum/process.txt, programs/qualifications/fonts.truetype-whole-checksum/qpdf-version.txt, programs/qualifications/fonts.truetype-whole-checksum/qpdf-version.txt.stderr, programs/qualifications/fonts.truetype-whole-checksum/qpdf.json, programs/qualifications/fonts.truetype-whole-checksum/qpdf.json.stderr, programs/qualifications/fonts.truetype-whole-checksum/result.properties, programs/qualifications/structure-content.content-annotation-page/process.txt, programs/qualifications/structure-content.content-annotation-page/qpdf-version.txt, programs/qualifications/structure-content.content-annotation-page/qpdf-version.txt.stderr, programs/qualifications/structure-content.content-annotation-page/qpdf.json, programs/qualifications/structure-content.content-annotation-page/qpdf.json.stderr, programs/qualifications/structure-content.content-annotation-page/result.properties, programs/qualifications/structure-content.content-both-parent-keys/process.txt, programs/qualifications/structure-content.content-both-parent-keys/qpdf-version.txt, programs/qualifications/structure-content.content-both-parent-keys/qpdf-version.txt.stderr, programs/qualifications/structure-content.content-both-parent-keys/qpdf.json, programs/qualifications/structure-content.content-both-parent-keys/qpdf.json.stderr, programs/qualifications/structure-content.content-both-parent-keys/result.properties, programs/qualifications/structure-content.content-direct-object/process.txt, programs/qualifications/structure-content.content-direct-object/qpdf-version.txt, programs/qualifications/structure-content.content-direct-object/qpdf-version.txt.stderr, programs/qualifications/structure-content.content-direct-object/qpdf.json, programs/qualifications/structure-content.content-direct-object/qpdf.json.stderr, programs/qualifications/structure-content.content-direct-object/result.properties, programs/qualifications/structure-content.content-form-parent/process.txt, programs/qualifications/structure-content.content-form-parent/qpdf-version.txt, programs/qualifications/structure-content.content-form-parent/qpdf-version.txt.stderr, programs/qualifications/structure-content.content-form-parent/qpdf.json, programs/qualifications/structure-content.content-form-parent/qpdf.json.stderr, programs/qualifications/structure-content.content-form-parent/result.properties, programs/qualifications/structure-content.content-missing-form-mcid/process.txt, programs/qualifications/structure-content.content-missing-form-mcid/qpdf-version.txt, programs/qualifications/structure-content.content-missing-form-mcid/qpdf-version.txt.stderr, programs/qualifications/structure-content.content-missing-form-mcid/qpdf.json, programs/qualifications/structure-content.content-missing-form-mcid/qpdf.json.stderr, programs/qualifications/structure-content.content-missing-form-mcid/result.properties, programs/qualifications/structure-content.content-missing-page-mcid/process.txt, programs/qualifications/structure-content.content-missing-page-mcid/qpdf-version.txt, programs/qualifications/structure-content.content-missing-page-mcid/qpdf-version.txt.stderr, programs/qualifications/structure-content.content-missing-page-mcid/qpdf.json, programs/qualifications/structure-content.content-missing-page-mcid/qpdf.json.stderr, programs/qualifications/structure-content.content-missing-page-mcid/result.properties, programs/qualifications/structure-content.content-object-parent/process.txt, programs/qualifications/structure-content.content-object-parent/qpdf-version.txt, programs/qualifications/structure-content.content-object-parent/qpdf-version.txt.stderr, programs/qualifications/structure-content.content-object-parent/qpdf.json, programs/qualifications/structure-content.content-object-parent/qpdf.json.stderr, programs/qualifications/structure-content.content-object-parent/result.properties, programs/qualifications/structure-content.content-page-key/process.txt, programs/qualifications/structure-content.content-page-key/qpdf-version.txt, programs/qualifications/structure-content.content-page-key/qpdf-version.txt.stderr, programs/qualifications/structure-content.content-page-key/qpdf.json, programs/qualifications/structure-content.content-page-key/qpdf.json.stderr, programs/qualifications/structure-content.content-page-key/result.properties, programs/qualifications/structure-hierarchy.missing-role/process.txt, programs/qualifications/structure-hierarchy.missing-role/qpdf-version.txt, programs/qualifications/structure-hierarchy.missing-role/qpdf-version.txt.stderr, programs/qualifications/structure-hierarchy.missing-role/qpdf.json, programs/qualifications/structure-hierarchy.missing-role/qpdf.json.stderr, programs/qualifications/structure-hierarchy.missing-role/result.properties, programs/qualifications/structure-hierarchy.parent-backlink/process.txt, programs/qualifications/structure-hierarchy.parent-backlink/qpdf-version.txt, programs/qualifications/structure-hierarchy.parent-backlink/qpdf-version.txt.stderr, programs/qualifications/structure-hierarchy.parent-backlink/qpdf.json, programs/qualifications/structure-hierarchy.parent-backlink/qpdf.json.stderr, programs/qualifications/structure-hierarchy.parent-backlink/result.properties, programs/qualifications/structure-hierarchy.root-content-child/process.txt, programs/qualifications/structure-hierarchy.root-content-child/qpdf-version.txt, programs/qualifications/structure-hierarchy.root-content-child/qpdf-version.txt.stderr, programs/qualifications/structure-hierarchy.root-content-child/qpdf.json, programs/qualifications/structure-hierarchy.root-content-child/qpdf.json.stderr, programs/qualifications/structure-hierarchy.root-content-child/result.properties, programs/qualifications/structure-hierarchy.root-type/process.txt, programs/qualifications/structure-hierarchy.root-type/qpdf-version.txt, programs/qualifications/structure-hierarchy.root-type/qpdf-version.txt.stderr, programs/qualifications/structure-hierarchy.root-type/qpdf.json, programs/qualifications/structure-hierarchy.root-type/qpdf.json.stderr, programs/qualifications/structure-hierarchy.root-type/result.properties, programs/qualifications/structure-hierarchy.shared-child/process.txt, programs/qualifications/structure-hierarchy.shared-child/qpdf-version.txt, programs/qualifications/structure-hierarchy.shared-child/qpdf-version.txt.stderr, programs/qualifications/structure-hierarchy.shared-child/qpdf.json, programs/qualifications/structure-hierarchy.shared-child/qpdf.json.stderr, programs/qualifications/structure-hierarchy.shared-child/result.properties, programs/qualifications/structure-hierarchy.text-actual-name/process.txt, programs/qualifications/structure-hierarchy.text-actual-name/qpdf-version.txt, programs/qualifications/structure-hierarchy.text-actual-name/qpdf-version.txt.stderr, programs/qualifications/structure-hierarchy.text-actual-name/qpdf.json, programs/qualifications/structure-hierarchy.text-actual-name/qpdf.json.stderr, programs/qualifications/structure-hierarchy.text-actual-name/result.properties, programs/qualifications/structure-hierarchy.text-language-name/process.txt, programs/qualifications/structure-hierarchy.text-language-name/qpdf-version.txt, programs/qualifications/structure-hierarchy.text-language-name/qpdf-version.txt.stderr, programs/qualifications/structure-hierarchy.text-language-name/qpdf.json, programs/qualifications/structure-hierarchy.text-language-name/qpdf.json.stderr, programs/qualifications/structure-hierarchy.text-language-name/result.properties, programs/qualifications/structure-namespaces.namespace-direct-target/process.txt, programs/qualifications/structure-namespaces.namespace-direct-target/qpdf-version.txt, programs/qualifications/structure-namespaces.namespace-direct-target/qpdf-version.txt.stderr, programs/qualifications/structure-namespaces.namespace-direct-target/qpdf.json, programs/qualifications/structure-namespaces.namespace-direct-target/qpdf.json.stderr, programs/qualifications/structure-namespaces.namespace-direct-target/result.properties, programs/qualifications/structure-namespaces.namespace-mapping-type/process.txt, programs/qualifications/structure-namespaces.namespace-mapping-type/qpdf-version.txt, programs/qualifications/structure-namespaces.namespace-mapping-type/qpdf-version.txt.stderr, programs/qualifications/structure-namespaces.namespace-mapping-type/qpdf.json, programs/qualifications/structure-namespaces.namespace-mapping-type/qpdf.json.stderr, programs/qualifications/structure-namespaces.namespace-mapping-type/result.properties, programs/qualifications/structure-namespaces.namespace-name-type/process.txt, programs/qualifications/structure-namespaces.namespace-name-type/qpdf-version.txt, programs/qualifications/structure-namespaces.namespace-name-type/qpdf-version.txt.stderr, programs/qualifications/structure-namespaces.namespace-name-type/qpdf.json, programs/qualifications/structure-namespaces.namespace-name-type/qpdf.json.stderr, programs/qualifications/structure-namespaces.namespace-name-type/result.properties, programs/qualifications/structure-namespaces.namespace-unlisted/process.txt, programs/qualifications/structure-namespaces.namespace-unlisted/qpdf-version.txt, programs/qualifications/structure-namespaces.namespace-unlisted/qpdf-version.txt.stderr, programs/qualifications/structure-namespaces.namespace-unlisted/qpdf.json, programs/qualifications/structure-namespaces.namespace-unlisted/qpdf.json.stderr, programs/qualifications/structure-namespaces.namespace-unlisted/result.properties, programs/qualifications/structure-parent-tree.parent-key-order/process.txt, programs/qualifications/structure-parent-tree.parent-key-order/qpdf-version.txt, programs/qualifications/structure-parent-tree.parent-key-order/qpdf-version.txt.stderr, programs/qualifications/structure-parent-tree.parent-key-order/qpdf.json, programs/qualifications/structure-parent-tree.parent-key-order/qpdf.json.stderr, programs/qualifications/structure-parent-tree.parent-key-order/result.properties, programs/qualifications/structure-parent-tree.parent-key-type/process.txt, programs/qualifications/structure-parent-tree.parent-key-type/qpdf-version.txt, programs/qualifications/structure-parent-tree.parent-key-type/qpdf-version.txt.stderr, programs/qualifications/structure-parent-tree.parent-key-type/qpdf.json, programs/qualifications/structure-parent-tree.parent-key-type/qpdf.json.stderr, programs/qualifications/structure-parent-tree.parent-key-type/result.properties, programs/qualifications/structure-parent-tree.parent-next-key/process.txt, programs/qualifications/structure-parent-tree.parent-next-key/qpdf-version.txt, programs/qualifications/structure-parent-tree.parent-next-key/qpdf-version.txt.stderr, programs/qualifications/structure-parent-tree.parent-next-key/qpdf.json, programs/qualifications/structure-parent-tree.parent-next-key/qpdf.json.stderr, programs/qualifications/structure-parent-tree.parent-next-key/result.properties, programs/qualifications/structure-parent-tree.parent-nonstructural-value/process.txt, programs/qualifications/structure-parent-tree.parent-nonstructural-value/qpdf-version.txt, programs/qualifications/structure-parent-tree.parent-nonstructural-value/qpdf-version.txt.stderr, programs/qualifications/structure-parent-tree.parent-nonstructural-value/qpdf.json, programs/qualifications/structure-parent-tree.parent-nonstructural-value/qpdf.json.stderr, programs/qualifications/structure-parent-tree.parent-nonstructural-value/result.properties, programs/result.properties, programs/retained-files.sha256, semantic/extraction.pdf, semantic/observation.properties, semantic/qpdf/observed.json, semantic/qpdf/qpdf-stderr.txt, semantic/qpdf/qpdf-version-stderr.txt, semantic/qpdf/qpdf-version.txt, semantic/qpdf/qpdf.json, semantic/qpdf/reference-qpdf-stderr.txt, semantic/qpdf/reference-qpdf.json, semantic/qpdf/reference.json, semantic/qpdf/result.properties, semantic/qpdf/semantic.txt, semantic/result.properties, semantic/retained-files.sha256, semantic/semantic-command.txt, semantic/semantic.txt, syntax/extraction.pdf, syntax/qpdf-syntax.md, syntax/qpdf-syntax.txt, syntax/result.properties, syntax/retained-files.sha256, syntax/syntax.md, syntax/syntax.txt, visual/extraction.pdf, visual/page-1-difference.png, visual/page-1-expected.png, visual/page-1-implementation.png, visual/page-1-pdfium.png, visual/page-1-renderer-difference.png, visual/page-1-visual.md, visual/page-1-visual.txt, visual/result.properties, visual/retained-files.sha256, visual/visual.txt]> but was:<[declarations/arlington-cid/control-cid0-basefont-name.pdf, declarations/arlington-cid/control-cid0-basefont-required.pdf, declarations/arlington-cid/control-cid0-descriptor-dictionary.pdf, declarations/arlington-cid/control-cid0-descriptor-required.pdf, declarations/arlington-cid/control-cid0-dw-number.pdf, declarations/arlington-cid/control-cid0-dw2-array.pdf, declarations/arlington-cid/control-cid0-dw2-cardinality.pdf, declarations/arlington-cid/control-cid0-dw2-numbers.pdf, declarations/arlington-cid/control-cid0-ordering-required.pdf, declarations/arlington-cid/control-cid0-ordering-string.pdf, declarations/arlington-cid/control-cid0-registry-required.pdf, declarations/arlington-cid/control-cid0-registry-string.pdf, declarations/arlington-cid/control-cid0-ros-dictionary.pdf, declarations/arlington-cid/control-cid0-ros-required.pdf, declarations/arlington-cid/control-cid0-supplement-integer.pdf, declarations/arlington-cid/control-cid0-supplement-required.pdf, declarations/arlington-cid/control-cid0-w-array.pdf, declarations/arlington-cid/control-cid0-w-numbers.pdf, declarations/arlington-cid/control-cid0-w2-array.pdf, declarations/arlington-cid/control-cid0-w2-numbers.pdf, declarations/arlington-cid/control-cid2-basefont-name.pdf, declarations/arlington-cid/control-cid2-basefont-required.pdf, declarations/arlington-cid/control-cid2-descriptor-dictionary.pdf, declarations/arlington-cid/control-cid2-descriptor-required.pdf, declarations/arlington-cid/control-cid2-dw-number.pdf, declarations/arlington-cid/control-cid2-dw2-array.pdf, declarations/arlington-cid/control-cid2-dw2-cardinality.pdf, declarations/arlington-cid/control-cid2-dw2-numbers.pdf, declarations/arlington-cid/control-cid2-map-name.pdf, declarations/arlington-cid/control-cid2-map-type.pdf, declarations/arlington-cid/control-cid2-ordering-required.pdf, declarations/arlington-cid/control-cid2-ordering-string.pdf, declarations/arlington-cid/control-cid2-registry-required.pdf, declarations/arlington-cid/control-cid2-registry-string.pdf, declarations/arlington-cid/control-cid2-ros-dictionary.pdf, declarations/arlington-cid/control-cid2-ros-required.pdf, declarations/arlington-cid/control-cid2-supplement-integer.pdf, declarations/arlington-cid/control-cid2-supplement-required.pdf, declarations/arlington-cid/control-cid2-w-array.pdf, declarations/arlington-cid/control-cid2-w-numbers.pdf, declarations/arlington-cid/control-cid2-w2-array.pdf, declarations/arlington-cid/control-cid2-w2-numbers.pdf, declarations/arlington-cid/control-type0-basefont-name.pdf, declarations/arlington-cid/control-type0-basefont-required.pdf, declarations/arlington-cid/control-type0-descendants-array.pdf, declarations/arlington-cid/control-type0-descendants-nonempty.pdf, declarations/arlington-cid/control-type0-descendants-required.pdf, declarations/arlington-cid/control-type0-encoding-required.pdf, declarations/arlington-cid/control-type0-encoding-type.pdf, declarations/arlington-cid/control-type0-tounicode-stream.pdf, declarations/arlington-cid/findings.txt, declarations/arlington-cid/negative-cid0-basefont-name.txt, declarations/arlington-cid/negative-cid0-basefont-required.txt, declarations/arlington-cid/negative-cid0-descriptor-dictionary.txt, declarations/arlington-cid/negative-cid0-descriptor-required.txt, declarations/arlington-cid/negative-cid0-dw-number.txt, declarations/arlington-cid/negative-cid0-dw2-array.txt, declarations/arlington-cid/negative-cid0-dw2-cardinality.txt, declarations/arlington-cid/negative-cid0-dw2-numbers.txt, declarations/arlington-cid/negative-cid0-ordering-required.txt, declarations/arlington-cid/negative-cid0-ordering-string.txt, declarations/arlington-cid/negative-cid0-registry-required.txt, declarations/arlington-cid/negative-cid0-registry-string.txt, declarations/arlington-cid/negative-cid0-ros-dictionary.txt, declarations/arlington-cid/negative-cid0-ros-required.txt, declarations/arlington-cid/negative-cid0-supplement-integer.txt, declarations/arlington-cid/negative-cid0-supplement-required.txt, declarations/arlington-cid/negative-cid0-w-array.txt, declarations/arlington-cid/negative-cid0-w-numbers.txt, declarations/arlington-cid/negative-cid0-w2-array.txt, declarations/arlington-cid/negative-cid0-w2-numbers.txt, declarations/arlington-cid/negative-cid2-basefont-name.txt, declarations/arlington-cid/negative-cid2-basefont-required.txt, declarations/arlington-cid/negative-cid2-descriptor-dictionary.txt, declarations/arlington-cid/negative-cid2-descriptor-required.txt, declarations/arlington-cid/negative-cid2-dw-number.txt, declarations/arlington-cid/negative-cid2-dw2-array.txt, declarations/arlington-cid/negative-cid2-dw2-cardinality.txt, declarations/arlington-cid/negative-cid2-dw2-numbers.txt, declarations/arlington-cid/negative-cid2-map-name.txt, declarations/arlington-cid/negative-cid2-map-type.txt, declarations/arlington-cid/negative-cid2-ordering-required.txt, declarations/arlington-cid/negative-cid2-ordering-string.txt, declarations/arlington-cid/negative-cid2-registry-required.txt, declarations/arlington-cid/negative-cid2-registry-string.txt, declarations/arlington-cid/negative-cid2-ros-dictionary.txt, declarations/arlington-cid/negative-cid2-ros-required.txt, declarations/arlington-cid/negative-cid2-supplement-integer.txt, declarations/arlington-cid/negative-cid2-supplement-required.txt, declarations/arlington-cid/negative-cid2-w-array.txt, declarations/arlington-cid/negative-cid2-w-numbers.txt, declarations/arlington-cid/negative-cid2-w2-array.txt, declarations/arlington-cid/negative-cid2-w2-numbers.txt, declarations/arlington-cid/negative-type0-basefont-name.txt, declarations/arlington-cid/negative-type0-basefont-required.txt, declarations/arlington-cid/negative-type0-descendants-array.txt, declarations/arlington-cid/negative-type0-descendants-nonempty.txt, declarations/arlington-cid/negative-type0-descendants-required.txt, declarations/arlington-cid/negative-type0-encoding-required.txt, declarations/arlington-cid/negative-type0-encoding-type.txt, declarations/arlington-cid/negative-type0-tounicode-stream.txt, declarations/arlington-cid/standards.properties, declarations/arlington-cmaps/control-cmap-encoding-name-name.pdf, declarations/arlington-cmaps/control-cmap-encoding-name-required.pdf, declarations/arlington-cmaps/control-cmap-encoding-parent-type.pdf, declarations/arlington-cmaps/control-cmap-encoding-ros-dictionary.pdf, declarations/arlington-cmaps/control-cmap-encoding-ros-required.pdf, declarations/arlington-cmaps/control-cmap-encoding-type-name.pdf, declarations/arlington-cmaps/control-cmap-encoding-type-required.pdf, declarations/arlington-cmaps/control-cmap-encoding-type-value.pdf, declarations/arlington-cmaps/control-cmap-encoding-wmode-integer.pdf, declarations/arlington-cmaps/control-cmap-encoding-wmode-value.pdf, declarations/arlington-cmaps/control-cmap-unicode-name-name.pdf, declarations/arlington-cmaps/control-cmap-unicode-parent-type.pdf, declarations/arlington-cmaps/control-cmap-unicode-ros-dictionary.pdf, declarations/arlington-cmaps/control-cmap-unicode-type-name.pdf, declarations/arlington-cmaps/control-cmap-unicode-type-value.pdf, declarations/arlington-cmaps/control-cmap-unicode-wmode-integer.pdf, declarations/arlington-cmaps/control-cmap-unicode-wmode-value.pdf, declarations/arlington-cmaps/findings.txt, declarations/arlington-cmaps/negative-cmap-encoding-name-name.txt, declarations/arlington-cmaps/negative-cmap-encoding-name-required.txt, declarations/arlington-cmaps/negative-cmap-encoding-parent-type.txt, declarations/arlington-cmaps/negative-cmap-encoding-ros-dictionary.txt, declarations/arlington-cmaps/negative-cmap-encoding-ros-required.txt, declarations/arlington-cmaps/negative-cmap-encoding-type-name.txt, declarations/arlington-cmaps/negative-cmap-encoding-type-required.txt, declarations/arlington-cmaps/negative-cmap-encoding-type-value.txt, declarations/arlington-cmaps/negative-cmap-encoding-wmode-integer.txt, declarations/arlington-cmaps/negative-cmap-encoding-wmode-value.txt, declarations/arlington-cmaps/negative-cmap-unicode-name-name.txt, declarations/arlington-cmaps/negative-cmap-unicode-parent-type.txt, declarations/arlington-cmaps/negative-cmap-unicode-ros-dictionary.txt, declarations/arlington-cmaps/negative-cmap-unicode-type-name.txt, declarations/arlington-cmaps/negative-cmap-unicode-type-value.txt, declarations/arlington-cmaps/negative-cmap-unicode-wmode-integer.txt, declarations/arlington-cmaps/negative-cmap-unicode-wmode-value.txt, declarations/arlington-cmaps/standards.properties, declarations/arlington-core/control-annotation-ap-dictionary.pdf, declarations/arlington-core/control-annotation-flags-reserved.pdf, declarations/arlington-core/control-annotation-id-unique.pdf, declarations/arlington-core/control-annotation-page-owner.pdf, declarations/arlington-core/control-page-contents-array-member.pdf, declarations/arlington-core/control-page-contents-type.pdf, declarations/arlington-core/control-page-resources-required.pdf, declarations/arlington-core/control-pages-type-value.pdf, declarations/arlington-core/control-pages-type.pdf, declarations/arlington-core/control-stream-decodeparams-array-member.pdf, declarations/arlington-core/control-stream-decodeparams-count.pdf, declarations/arlington-core/control-stream-decodeparams-position.pdf, declarations/arlington-core/control-stream-decodeparams-type.pdf, declarations/arlington-core/control-stream-filter-array-name-type.pdf, declarations/arlington-core/control-stream-filter-array-name-value.pdf, declarations/arlington-core/control-stream-filter-name-value.pdf, declarations/arlington-core/control-stream-filter-type.pdf, declarations/arlington-core/control-stream-flate-predictor-type.pdf, declarations/arlington-core/control-stream-flate-predictor-value.pdf, declarations/arlington-core/control-text-appearance-required.pdf, declarations/arlington-core/control-text-name-name.pdf, declarations/arlington-core/control-text-open-boolean.pdf, declarations/arlington-core/control-trailer-info-indirect.pdf, declarations/arlington-core/control-trailer-info-required.pdf, declarations/arlington-core/findings.txt, declarations/arlington-core/negative-annotation-ap-dictionary.txt, declarations/arlington-core/negative-annotation-flags-reserved.txt, declarations/arlington-core/negative-annotation-id-unique.txt, declarations/arlington-core/negative-annotation-page-owner.txt, declarations/arlington-core/negative-page-contents-array-member.txt, declarations/arlington-core/negative-page-contents-type.txt, declarations/arlington-core/negative-page-resources-required.txt, declarations/arlington-core/negative-pages-type-value.txt, declarations/arlington-core/negative-pages-type.txt, declarations/arlington-core/negative-stream-decodeparams-array-member.txt, declarations/arlington-core/negative-stream-decodeparams-count.txt, declarations/arlington-core/negative-stream-decodeparams-position.txt, declarations/arlington-core/negative-stream-decodeparams-type.txt, declarations/arlington-core/negative-stream-filter-array-name-type.txt, declarations/arlington-core/negative-stream-filter-array-name-value.txt, declarations/arlington-core/negative-stream-filter-name-value.txt, declarations/arlington-core/negative-stream-filter-type.txt, declarations/arlington-core/negative-stream-flate-predictor-type.txt, declarations/arlington-core/negative-stream-flate-predictor-value.txt, declarations/arlington-core/negative-text-appearance-required.txt, declarations/arlington-core/negative-text-name-name.txt, declarations/arlington-core/negative-text-open-boolean.txt, declarations/arlington-core/negative-trailer-info-indirect.txt, declarations/arlington-core/negative-trailer-info-required.txt, declarations/arlington-core/standards.properties, declarations/arlington-descriptors/control-cid0-descriptor-ascent-number.pdf, declarations/arlington-descriptors/control-cid0-descriptor-ascent-required.pdf, declarations/arlington-descriptors/control-cid0-descriptor-bbox-numbers.pdf, declarations/arlington-descriptors/control-cid0-descriptor-bbox-required.pdf, declarations/arlington-descriptors/control-cid0-descriptor-capheight-number.pdf, declarations/arlington-descriptors/control-cid0-descriptor-descent-nonpositive.pdf, declarations/arlington-descriptors/control-cid0-descriptor-descent-number.pdf, declarations/arlington-descriptors/control-cid0-descriptor-descent-required.pdf, declarations/arlington-descriptors/control-cid0-descriptor-flags-integer.pdf, declarations/arlington-descriptors/control-cid0-descriptor-flags-required.pdf, declarations/arlington-descriptors/control-cid0-descriptor-fontname-name.pdf, declarations/arlington-descriptors/control-cid0-descriptor-fontname-required.pdf, declarations/arlington-descriptors/control-cid0-descriptor-italicangle-number.pdf, declarations/arlington-descriptors/control-cid0-descriptor-italicangle-required.pdf, declarations/arlington-descriptors/control-cid0-descriptor-stemv-number.pdf, declarations/arlington-descriptors/control-cid0-descriptor-stemv-required.pdf, declarations/arlington-descriptors/control-cid0-descriptor-type-name.pdf, declarations/arlington-descriptors/control-cid0-descriptor-type-required.pdf, declarations/arlington-descriptors/control-cid0-fontfile-stream.pdf, declarations/arlington-descriptors/control-cid0-program-subtype-required.pdf, declarations/arlington-descriptors/control-cid0-program-subtype-value.pdf, declarations/arlington-descriptors/control-cid2-descriptor-ascent-number.pdf, declarations/arlington-descriptors/control-cid2-descriptor-ascent-required.pdf, declarations/arlington-descriptors/control-cid2-descriptor-bbox-numbers.pdf, declarations/arlington-descriptors/control-cid2-descriptor-bbox-required.pdf, declarations/arlington-descriptors/control-cid2-descriptor-capheight-number.pdf, declarations/arlington-descriptors/control-cid2-descriptor-descent-nonpositive.pdf, declarations/arlington-descriptors/control-cid2-descriptor-descent-number.pdf, declarations/arlington-descriptors/control-cid2-descriptor-descent-required.pdf, declarations/arlington-descriptors/control-cid2-descriptor-flags-integer.pdf, declarations/arlington-descriptors/control-cid2-descriptor-flags-required.pdf, declarations/arlington-descriptors/control-cid2-descriptor-fontname-name.pdf, declarations/arlington-descriptors/control-cid2-descriptor-fontname-required.pdf, declarations/arlington-descriptors/control-cid2-descriptor-italicangle-number.pdf, declarations/arlington-descriptors/control-cid2-descriptor-italicangle-required.pdf, declarations/arlington-descriptors/control-cid2-descriptor-stemv-number.pdf, declarations/arlington-descriptors/control-cid2-descriptor-stemv-required.pdf, declarations/arlington-descriptors/control-cid2-descriptor-type-name.pdf, declarations/arlington-descriptors/control-cid2-descriptor-type-required.pdf, declarations/arlington-descriptors/control-cid2-fontfile-stream.pdf, declarations/arlington-descriptors/control-truetype-descriptor-ascent-number.pdf, declarations/arlington-descriptors/control-truetype-descriptor-ascent-required.pdf, declarations/arlington-descriptors/control-truetype-descriptor-bbox-numbers.pdf, declarations/arlington-descriptors/control-truetype-descriptor-bbox-required.pdf, declarations/arlington-descriptors/control-truetype-descriptor-capheight-number.pdf, declarations/arlington-descriptors/control-truetype-descriptor-descent-nonpositive.pdf, declarations/arlington-descriptors/control-truetype-descriptor-descent-number.pdf, declarations/arlington-descriptors/control-truetype-descriptor-descent-required.pdf, declarations/arlington-descriptors/control-truetype-descriptor-flags-integer.pdf, declarations/arlington-descriptors/control-truetype-descriptor-flags-required.pdf, declarations/arlington-descriptors/control-truetype-descriptor-fontname-name.pdf, declarations/arlington-descriptors/control-truetype-descriptor-fontname-required.pdf, declarations/arlington-descriptors/control-truetype-descriptor-italicangle-number.pdf, declarations/arlington-descriptors/control-truetype-descriptor-italicangle-required.pdf, declarations/arlington-descriptors/control-truetype-descriptor-stemv-number.pdf, declarations/arlington-descriptors/control-truetype-descriptor-stemv-required.pdf, declarations/arlington-descriptors/control-truetype-descriptor-type-name.pdf, declarations/arlington-descriptors/control-truetype-descriptor-type-required.pdf, declarations/arlington-descriptors/control-truetype-fontfile-stream.pdf, declarations/arlington-descriptors/control-truetype-program-length1-integer.pdf, declarations/arlington-descriptors/control-type1-descriptor-ascent-number.pdf, declarations/arlington-descriptors/control-type1-descriptor-ascent-required.pdf, declarations/arlington-descriptors/control-type1-descriptor-bbox-numbers.pdf, declarations/arlington-descriptors/control-type1-descriptor-bbox-required.pdf, declarations/arlington-descriptors/control-type1-descriptor-capheight-number.pdf, declarations/arlington-descriptors/control-type1-descriptor-descent-nonpositive.pdf, declarations/arlington-descriptors/control-type1-descriptor-descent-number.pdf, declarations/arlington-descriptors/control-type1-descriptor-descent-required.pdf, declarations/arlington-descriptors/control-type1-descriptor-flags-integer.pdf, declarations/arlington-descriptors/control-type1-descriptor-flags-required.pdf, declarations/arlington-descriptors/control-type1-descriptor-fontname-name.pdf, declarations/arlington-descriptors/control-type1-descriptor-fontname-required.pdf, declarations/arlington-descriptors/control-type1-descriptor-italicangle-number.pdf, declarations/arlington-descriptors/control-type1-descriptor-italicangle-required.pdf, declarations/arlington-descriptors/control-type1-descriptor-stemv-number.pdf, declarations/arlington-descriptors/control-type1-descriptor-stemv-required.pdf, declarations/arlington-descriptors/control-type1-descriptor-type-name.pdf, declarations/arlington-descriptors/control-type1-descriptor-type-required.pdf, declarations/arlington-descriptors/control-type1-fontfile-stream.pdf, declarations/arlington-descriptors/control-type1-program-subtype-required.pdf, declarations/arlington-descriptors/control-type1-program-subtype-value.pdf, declarations/arlington-descriptors/control-type3-descriptor-ascent-number.pdf, declarations/arlington-descriptors/control-type3-descriptor-bbox-numbers.pdf, declarations/arlington-descriptors/control-type3-descriptor-capheight-number.pdf, declarations/arlington-descriptors/control-type3-descriptor-descent-nonpositive.pdf, declarations/arlington-descriptors/control-type3-descriptor-descent-number.pdf, declarations/arlington-descriptors/control-type3-descriptor-flags-integer.pdf, declarations/arlington-descriptors/control-type3-descriptor-flags-required.pdf, declarations/arlington-descriptors/control-type3-descriptor-fontname-name.pdf, declarations/arlington-descriptors/control-type3-descriptor-italicangle-number.pdf, declarations/arlington-descriptors/control-type3-descriptor-italicangle-required.pdf, declarations/arlington-descriptors/control-type3-descriptor-stemv-number.pdf, declarations/arlington-descriptors/control-type3-descriptor-type-name.pdf, declarations/arlington-descriptors/control-type3-descriptor-type-required.pdf, declarations/arlington-descriptors/findings.txt, declarations/arlington-descriptors/negative-cid0-descriptor-ascent-number.txt, declarations/arlington-descriptors/negative-cid0-descriptor-ascent-required.txt, declarations/arlington-descriptors/negative-cid0-descriptor-bbox-numbers.txt, declarations/arlington-descriptors/negative-cid0-descriptor-bbox-required.txt, declarations/arlington-descriptors/negative-cid0-descriptor-capheight-number.txt, declarations/arlington-descriptors/negative-cid0-descriptor-descent-nonpositive.txt, declarations/arlington-descriptors/negative-cid0-descriptor-descent-number.txt, declarations/arlington-descriptors/negative-cid0-descriptor-descent-required.txt, declarations/arlington-descriptors/negative-cid0-descriptor-flags-integer.txt, declarations/arlington-descriptors/negative-cid0-descriptor-flags-required.txt, declarations/arlington-descriptors/negative-cid0-descriptor-fontname-name.txt, declarations/arlington-descriptors/negative-cid0-descriptor-fontname-required.txt, declarations/arlington-descriptors/negative-cid0-descriptor-italicangle-number.txt, declarations/arlington-descriptors/negative-cid0-descriptor-italicangle-required.txt, declarations/arlington-descriptors/negative-cid0-descriptor-stemv-number.txt, declarations/arlington-descriptors/negative-cid0-descriptor-stemv-required.txt, declarations/arlington-descriptors/negative-cid0-descriptor-type-name.txt, declarations/arlington-descriptors/negative-cid0-descriptor-type-required.txt, declarations/arlington-descriptors/negative-cid0-fontfile-stream.txt, declarations/arlington-descriptors/negative-cid0-program-subtype-required.txt, declarations/arlington-descriptors/negative-cid0-program-subtype-value.txt, declarations/arlington-descriptors/negative-cid2-descriptor-ascent-number.txt, declarations/arlington-descriptors/negative-cid2-descriptor-ascent-required.txt, declarations/arlington-descriptors/negative-cid2-descriptor-bbox-numbers.txt, declarations/arlington-descriptors/negative-cid2-descriptor-bbox-required.txt, declarations/arlington-descriptors/negative-cid2-descriptor-capheight-number.txt, declarations/arlington-descriptors/negative-cid2-descriptor-descent-nonpositive.txt, declarations/arlington-descriptors/negative-cid2-descriptor-descent-number.txt, declarations/arlington-descriptors/negative-cid2-descriptor-descent-required.txt, declarations/arlington-descriptors/negative-cid2-descriptor-flags-integer.txt, declarations/arlington-descriptors/negative-cid2-descriptor-flags-required.txt, declarations/arlington-descriptors/negative-cid2-descriptor-fontname-name.txt, declarations/arlington-descriptors/negative-cid2-descriptor-fontname-required.txt, declarations/arlington-descriptors/negative-cid2-descriptor-italicangle-number.txt, declarations/arlington-descriptors/negative-cid2-descriptor-italicangle-required.txt, declarations/arlington-descriptors/negative-cid2-descriptor-stemv-number.txt, declarations/arlington-descriptors/negative-cid2-descriptor-stemv-required.txt, declarations/arlington-descriptors/negative-cid2-descriptor-type-name.txt, declarations/arlington-descriptors/negative-cid2-descriptor-type-required.txt, declarations/arlington-descriptors/negative-cid2-fontfile-stream.txt, declarations/arlington-descriptors/negative-truetype-descriptor-ascent-number.txt, declarations/arlington-descriptors/negative-truetype-descriptor-ascent-required.txt, declarations/arlington-descriptors/negative-truetype-descriptor-bbox-numbers.txt, declarations/arlington-descriptors/negative-truetype-descriptor-bbox-required.txt, declarations/arlington-descriptors/negative-truetype-descriptor-capheight-number.txt, declarations/arlington-descriptors/negative-truetype-descriptor-descent-nonpositive.txt, declarations/arlington-descriptors/negative-truetype-descriptor-descent-number.txt, declarations/arlington-descriptors/negative-truetype-descriptor-descent-required.txt, declarations/arlington-descriptors/negative-truetype-descriptor-flags-integer.txt, declarations/arlington-descriptors/negative-truetype-descriptor-flags-required.txt, declarations/arlington-descriptors/negative-truetype-descriptor-fontname-name.txt, declarations/arlington-descriptors/negative-truetype-descriptor-fontname-required.txt, declarations/arlington-descriptors/negative-truetype-descriptor-italicangle-number.txt, declarations/arlington-descriptors/negative-truetype-descriptor-italicangle-required.txt, declarations/arlington-descriptors/negative-truetype-descriptor-stemv-number.txt, declarations/arlington-descriptors/negative-truetype-descriptor-stemv-required.txt, declarations/arlington-descriptors/negative-truetype-descriptor-type-name.txt, declarations/arlington-descriptors/negative-truetype-descriptor-type-required.txt, declarations/arlington-descriptors/negative-truetype-fontfile-stream.txt, declarations/arlington-descriptors/negative-truetype-program-length1-integer.txt, declarations/arlington-descriptors/negative-type1-descriptor-ascent-number.txt, declarations/arlington-descriptors/negative-type1-descriptor-ascent-required.txt, declarations/arlington-descriptors/negative-type1-descriptor-bbox-numbers.txt, declarations/arlington-descriptors/negative-type1-descriptor-bbox-required.txt, declarations/arlington-descriptors/negative-type1-descriptor-capheight-number.txt, declarations/arlington-descriptors/negative-type1-descriptor-descent-nonpositive.txt, declarations/arlington-descriptors/negative-type1-descriptor-descent-number.txt, declarations/arlington-descriptors/negative-type1-descriptor-descent-required.txt, declarations/arlington-descriptors/negative-type1-descriptor-flags-integer.txt, declarations/arlington-descriptors/negative-type1-descriptor-flags-required.txt, declarations/arlington-descriptors/negative-type1-descriptor-fontname-name.txt, declarations/arlington-descriptors/negative-type1-descriptor-fontname-required.txt, declarations/arlington-descriptors/negative-type1-descriptor-italicangle-number.txt, declarations/arlington-descriptors/negative-type1-descriptor-italicangle-required.txt, declarations/arlington-descriptors/negative-type1-descriptor-stemv-number.txt, declarations/arlington-descriptors/negative-type1-descriptor-stemv-required.txt, declarations/arlington-descriptors/negative-type1-descriptor-type-name.txt, declarations/arlington-descriptors/negative-type1-descriptor-type-required.txt, declarations/arlington-descriptors/negative-type1-fontfile-stream.txt, declarations/arlington-descriptors/negative-type1-program-subtype-required.txt, declarations/arlington-descriptors/negative-type1-program-subtype-value.txt, declarations/arlington-descriptors/negative-type3-descriptor-ascent-number.txt, declarations/arlington-descriptors/negative-type3-descriptor-bbox-numbers.txt, declarations/arlington-descriptors/negative-type3-descriptor-capheight-number.txt, declarations/arlington-descriptors/negative-type3-descriptor-descent-nonpositive.txt, declarations/arlington-descriptors/negative-type3-descriptor-descent-number.txt, declarations/arlington-descriptors/negative-type3-descriptor-flags-integer.txt, declarations/arlington-descriptors/negative-type3-descriptor-flags-required.txt, declarations/arlington-descriptors/negative-type3-descriptor-fontname-name.txt, declarations/arlington-descriptors/negative-type3-descriptor-italicangle-number.txt, declarations/arlington-descriptors/negative-type3-descriptor-italicangle-required.txt, declarations/arlington-descriptors/negative-type3-descriptor-stemv-number.txt, declarations/arlington-descriptors/negative-type3-descriptor-type-name.txt, declarations/arlington-descriptors/negative-type3-descriptor-type-required.txt, declarations/arlington-descriptors/standards.properties, declarations/arlington-fonts/control-cid0-fontname-consistent.pdf, declarations/arlington-fonts/control-cid0-w2-triples.pdf, declarations/arlington-fonts/control-cid2-fontname-consistent.pdf, declarations/arlington-fonts/control-cid2-w2-triples.pdf, declarations/arlington-fonts/control-shared-fontname-consistent.pdf, declarations/arlington-fonts/control-truetype-fontname-consistent.pdf, declarations/arlington-fonts/control-type1-fontname-consistent.pdf, declarations/arlington-fonts/control-type3-fontname-consistent.pdf, declarations/arlington-fonts/findings.txt, declarations/arlington-fonts/negative-cid0-fontname-consistent.txt, declarations/arlington-fonts/negative-cid0-w2-triples.txt, declarations/arlington-fonts/negative-cid2-fontname-consistent.txt, declarations/arlington-fonts/negative-cid2-w2-triples.txt, declarations/arlington-fonts/negative-shared-fontname-consistent.txt, declarations/arlington-fonts/negative-truetype-fontname-consistent.txt, declarations/arlington-fonts/negative-type1-fontname-consistent.txt, declarations/arlington-fonts/negative-type3-fontname-consistent.txt, declarations/arlington-fonts/standards.properties, declarations/arlington-text/control-mmtype1-basefont-name.pdf, declarations/arlington-text/control-mmtype1-basefont-null.pdf, declarations/arlington-text/control-mmtype1-basefont-required.pdf, declarations/arlington-text/control-mmtype1-descriptor-dictionary.pdf, declarations/arlington-text/control-mmtype1-descriptor-null.pdf, declarations/arlington-text/control-mmtype1-descriptor-required.pdf, declarations/arlington-text/control-mmtype1-encoding-type.pdf, declarations/arlington-text/control-mmtype1-firstchar-integer.pdf, declarations/arlington-text/control-mmtype1-firstchar-null.pdf, declarations/arlington-text/control-mmtype1-firstchar-required.pdf, declarations/arlington-text/control-mmtype1-lastchar-integer.pdf, declarations/arlington-text/control-mmtype1-lastchar-null.pdf, declarations/arlington-text/control-mmtype1-lastchar-required.pdf, declarations/arlington-text/control-mmtype1-widths-array.pdf, declarations/arlington-text/control-mmtype1-widths-cardinality.pdf, declarations/arlington-text/control-mmtype1-widths-null.pdf, declarations/arlington-text/control-mmtype1-widths-numbers.pdf, declarations/arlington-text/control-mmtype1-widths-required.pdf, declarations/arlington-text/control-page-userunit-number.pdf, declarations/arlington-text/control-page-userunit-positive.pdf, declarations/arlington-text/control-truetype-basefont-name.pdf, declarations/arlington-text/control-truetype-basefont-null.pdf, declarations/arlington-text/control-truetype-basefont-required.pdf, declarations/arlington-text/control-truetype-descriptor-dictionary.pdf, declarations/arlington-text/control-truetype-descriptor-null.pdf, declarations/arlington-text/control-truetype-descriptor-required.pdf, declarations/arlington-text/control-truetype-encoding-type.pdf, declarations/arlington-text/control-truetype-firstchar-integer.pdf, declarations/arlington-text/control-truetype-firstchar-null.pdf, declarations/arlington-text/control-truetype-firstchar-required.pdf, declarations/arlington-text/control-truetype-lastchar-integer.pdf, declarations/arlington-text/control-truetype-lastchar-null.pdf, declarations/arlington-text/control-truetype-lastchar-required.pdf, declarations/arlington-text/control-truetype-widths-array.pdf, declarations/arlington-text/control-truetype-widths-cardinality.pdf, declarations/arlington-text/control-truetype-widths-null.pdf, declarations/arlington-text/control-truetype-widths-numbers.pdf, declarations/arlington-text/control-truetype-widths-required.pdf, declarations/arlington-text/control-type1-basefont-name.pdf, declarations/arlington-text/control-type1-basefont-null.pdf, declarations/arlington-text/control-type1-basefont-required.pdf, declarations/arlington-text/control-type1-descriptor-dictionary.pdf, declarations/arlington-text/control-type1-descriptor-null.pdf, declarations/arlington-text/control-type1-descriptor-required.pdf, declarations/arlington-text/control-type1-encoding-type.pdf, declarations/arlington-text/control-type1-firstchar-integer.pdf, declarations/arlington-text/control-type1-firstchar-null.pdf, declarations/arlington-text/control-type1-firstchar-required.pdf, declarations/arlington-text/control-type1-lastchar-integer.pdf, declarations/arlington-text/control-type1-lastchar-null.pdf, declarations/arlington-text/control-type1-lastchar-required.pdf, declarations/arlington-text/control-type1-widths-array.pdf, declarations/arlington-text/control-type1-widths-cardinality.pdf, declarations/arlington-text/control-type1-widths-null.pdf, declarations/arlington-text/control-type1-widths-numbers.pdf, declarations/arlington-text/control-type1-widths-required.pdf, declarations/arlington-text/control-type3-bbox-numbers.pdf, declarations/arlington-text/control-type3-bbox-required.pdf, declarations/arlington-text/control-type3-charproc-stream.pdf, declarations/arlington-text/control-type3-charprocs-dictionary.pdf, declarations/arlington-text/control-type3-charprocs-required.pdf, declarations/arlington-text/control-type3-differences-disjoint.pdf, declarations/arlington-text/control-type3-encoding-dictionary.pdf, declarations/arlington-text/control-type3-encoding-required.pdf, declarations/arlington-text/control-type3-firstchar-integer.pdf, declarations/arlington-text/control-type3-firstchar-required.pdf, declarations/arlington-text/control-type3-glyph-fractional-width-agreement.pdf, declarations/arlington-text/control-type3-glyph-header-operands.pdf, declarations/arlington-text/control-type3-glyph-header-operator.pdf, declarations/arlington-text/control-type3-glyph-width-agreement.pdf, declarations/arlington-text/control-type3-glyph-zero-wy.pdf, declarations/arlington-text/control-type3-lastchar-integer.pdf, declarations/arlington-text/control-type3-lastchar-required.pdf, declarations/arlington-text/control-type3-matrix-count.pdf, declarations/arlington-text/control-type3-matrix-numbers.pdf, declarations/arlington-text/control-type3-matrix-required.pdf, declarations/arlington-text/control-type3-resources-dictionary.pdf, declarations/arlington-text/control-type3-tagged-descriptor-required.pdf, declarations/arlington-text/control-type3-widths-cardinality.pdf, declarations/arlington-text/control-type3-widths-numbers.pdf, declarations/arlington-text/control-type3-widths-required.pdf, declarations/arlington-text/findings.txt, declarations/arlington-text/negative-mmtype1-basefont-name.txt, declarations/arlington-text/negative-mmtype1-basefont-null.txt, declarations/arlington-text/negative-mmtype1-basefont-required.txt, declarations/arlington-text/negative-mmtype1-descriptor-dictionary.txt, declarations/arlington-text/negative-mmtype1-descriptor-null.txt, declarations/arlington-text/negative-mmtype1-descriptor-required.txt, declarations/arlington-text/negative-mmtype1-encoding-type.txt, declarations/arlington-text/negative-mmtype1-firstchar-integer.txt, declarations/arlington-text/negative-mmtype1-firstchar-null.txt, declarations/arlington-text/negative-mmtype1-firstchar-required.txt, declarations/arlington-text/negative-mmtype1-lastchar-integer.txt, declarations/arlington-text/negative-mmtype1-lastchar-null.txt, declarations/arlington-text/negative-mmtype1-lastchar-required.txt, declarations/arlington-text/negative-mmtype1-widths-array.txt, declarations/arlington-text/negative-mmtype1-widths-cardinality.txt, declarations/arlington-text/negative-mmtype1-widths-null.txt, declarations/arlington-text/negative-mmtype1-widths-numbers.txt, declarations/arlington-text/negative-mmtype1-widths-required.txt, declarations/arlington-text/negative-page-userunit-number.txt, declarations/arlington-text/negative-page-userunit-positive.txt, declarations/arlington-text/negative-truetype-basefont-name.txt, declarations/arlington-text/negative-truetype-basefont-null.txt, declarations/arlington-text/negative-truetype-basefont-required.txt, declarations/arlington-text/negative-truetype-descriptor-dictionary.txt, declarations/arlington-text/negative-truetype-descriptor-null.txt, declarations/arlington-text/negative-truetype-descriptor-required.txt, declarations/arlington-text/negative-truetype-encoding-type.txt, declarations/arlington-text/negative-truetype-firstchar-integer.txt, declarations/arlington-text/negative-truetype-firstchar-null.txt, declarations/arlington-text/negative-truetype-firstchar-required.txt, declarations/arlington-text/negative-truetype-lastchar-integer.txt, declarations/arlington-text/negative-truetype-lastchar-null.txt, declarations/arlington-text/negative-truetype-lastchar-required.txt, declarations/arlington-text/negative-truetype-widths-array.txt, declarations/arlington-text/negative-truetype-widths-cardinality.txt, declarations/arlington-text/negative-truetype-widths-null.txt, declarations/arlington-text/negative-truetype-widths-numbers.txt, declarations/arlington-text/negative-truetype-widths-required.txt, declarations/arlington-text/negative-type1-basefont-name.txt, declarations/arlington-text/negative-type1-basefont-null.txt, declarations/arlington-text/negative-type1-basefont-required.txt, declarations/arlington-text/negative-type1-descriptor-dictionary.txt, declarations/arlington-text/negative-type1-descriptor-null.txt, declarations/arlington-text/negative-type1-descriptor-required.txt, declarations/arlington-text/negative-type1-encoding-type.txt, declarations/arlington-text/negative-type1-firstchar-integer.txt, declarations/arlington-text/negative-type1-firstchar-null.txt, declarations/arlington-text/negative-type1-firstchar-required.txt, declarations/arlington-text/negative-type1-lastchar-integer.txt, declarations/arlington-text/negative-type1-lastchar-null.txt, declarations/arlington-text/negative-type1-lastchar-required.txt, declarations/arlington-text/negative-type1-widths-array.txt, declarations/arlington-text/negative-type1-widths-cardinality.txt, declarations/arlington-text/negative-type1-widths-null.txt, declarations/arlington-text/negative-type1-widths-numbers.txt, declarations/arlington-text/negative-type1-widths-required.txt, declarations/arlington-text/negative-type3-bbox-numbers.txt, declarations/arlington-text/negative-type3-bbox-required.txt, declarations/arlington-text/negative-type3-charproc-stream.txt, declarations/arlington-text/negative-type3-charprocs-dictionary.txt, declarations/arlington-text/negative-type3-charprocs-required.txt, declarations/arlington-text/negative-type3-differences-disjoint.txt, declarations/arlington-text/negative-type3-encoding-dictionary.txt, declarations/arlington-text/negative-type3-encoding-required.txt, declarations/arlington-text/negative-type3-firstchar-integer.txt, declarations/arlington-text/negative-type3-firstchar-required.txt, declarations/arlington-text/negative-type3-glyph-fractional-width-agreement.txt, declarations/arlington-text/negative-type3-glyph-header-operands.txt, declarations/arlington-text/negative-type3-glyph-header-operator.txt, declarations/arlington-text/negative-type3-glyph-width-agreement.txt, declarations/arlington-text/negative-type3-glyph-zero-wy.txt, declarations/arlington-text/negative-type3-lastchar-integer.txt, declarations/arlington-text/negative-type3-lastchar-required.txt, declarations/arlington-text/negative-type3-matrix-count.txt, declarations/arlington-text/negative-type3-matrix-numbers.txt, declarations/arlington-text/negative-type3-matrix-required.txt, declarations/arlington-text/negative-type3-resources-dictionary.txt, declarations/arlington-text/negative-type3-tagged-descriptor-required.txt, declarations/arlington-text/negative-type3-widths-cardinality.txt, declarations/arlington-text/negative-type3-widths-numbers.txt, declarations/arlington-text/negative-type3-widths-required.txt, declarations/arlington-text/standards.properties, declarations/declarations.txt, declarations/extraction.pdf, declarations/identities-after.properties, declarations/identities-before.properties, declarations/pdfcpu/control-annotation-contents-string.pdf, declarations/pdfcpu/control-annotation-flags-integer.pdf, declarations/pdfcpu/control-annotation-name-string.pdf, declarations/pdfcpu/control-annotation-page-indirect.pdf, declarations/pdfcpu/control-annotation-page-type.pdf, declarations/pdfcpu/control-annotation-rect-numbers.pdf, declarations/pdfcpu/control-annotation-rect-rectangle.pdf, declarations/pdfcpu/control-annotation-rect-required.pdf, declarations/pdfcpu/control-annotation-subtype-name.pdf, declarations/pdfcpu/control-annotation-subtype-required.pdf, declarations/pdfcpu/control-annotation-type-name.pdf, declarations/pdfcpu/control-annotation-type-value.pdf, declarations/pdfcpu/control-catalog-pages-indirect.pdf, declarations/pdfcpu/control-catalog-pages.pdf, declarations/pdfcpu/control-catalog-type-required.pdf, declarations/pdfcpu/control-catalog-type.pdf, declarations/pdfcpu/control-form-bbox-numbers.pdf, declarations/pdfcpu/control-form-bbox-rectangle.pdf, declarations/pdfcpu/control-form-bbox-required.pdf, declarations/pdfcpu/control-form-formtype-integer.pdf, declarations/pdfcpu/control-form-formtype-value.pdf, declarations/pdfcpu/control-form-matrix-array.pdf, declarations/pdfcpu/control-form-matrix-count.pdf, declarations/pdfcpu/control-form-matrix-numbers.pdf, declarations/pdfcpu/control-form-resources-dictionary.pdf, declarations/pdfcpu/control-form-subtype-name.pdf, declarations/pdfcpu/control-form-subtype-required.pdf, declarations/pdfcpu/control-form-type-name.pdf, declarations/pdfcpu/control-form-type-value.pdf, declarations/pdfcpu/control-page-annots-array.pdf, declarations/pdfcpu/control-page-annots-member.pdf, declarations/pdfcpu/control-page-artbox-numbers.pdf, declarations/pdfcpu/control-page-artbox-rectangle.pdf, declarations/pdfcpu/control-page-bleedbox-numbers.pdf, declarations/pdfcpu/control-page-bleedbox-rectangle.pdf, declarations/pdfcpu/control-page-contents-nonempty.pdf, declarations/pdfcpu/control-page-cropbox-numbers.pdf, declarations/pdfcpu/control-page-cropbox-rectangle.pdf, declarations/pdfcpu/control-page-mediabox-numbers.pdf, declarations/pdfcpu/control-page-mediabox-rectangle.pdf, declarations/pdfcpu/control-page-mediabox-required.pdf, declarations/pdfcpu/control-page-parent-indirect.pdf, declarations/pdfcpu/control-page-parent-link.pdf, declarations/pdfcpu/control-page-parent-required.pdf, declarations/pdfcpu/control-page-resources-type.pdf, declarations/pdfcpu/control-page-rotate-integer.pdf, declarations/pdfcpu/control-page-rotate-value.pdf, declarations/pdfcpu/control-page-trimbox-numbers.pdf, declarations/pdfcpu/control-page-trimbox-rectangle.pdf, declarations/pdfcpu/control-page-type-value.pdf, declarations/pdfcpu/control-page-type.pdf, declarations/pdfcpu/control-pages-count-integer.pdf, declarations/pdfcpu/control-pages-count-nonnegative.pdf, declarations/pdfcpu/control-pages-count-required.pdf, declarations/pdfcpu/control-pages-count-value.pdf, declarations/pdfcpu/control-pages-kid-reference.pdf, declarations/pdfcpu/control-pages-kids.pdf, declarations/pdfcpu/control-resource-xobject-map.pdf, declarations/pdfcpu/control-resource-xobject-stream.pdf, declarations/pdfcpu/control-trailer-info-null.pdf, declarations/pdfcpu/findings.txt, declarations/pdfcpu/negative-annotation-contents-string.txt, declarations/pdfcpu/negative-annotation-flags-integer.txt, declarations/pdfcpu/negative-annotation-name-string.txt, declarations/pdfcpu/negative-annotation-page-indirect.txt, declarations/pdfcpu/negative-annotation-page-type.txt, declarations/pdfcpu/negative-annotation-rect-numbers.txt, declarations/pdfcpu/negative-annotation-rect-rectangle.txt, declarations/pdfcpu/negative-annotation-rect-required.txt, declarations/pdfcpu/negative-annotation-subtype-name.txt, declarations/pdfcpu/negative-annotation-subtype-required.txt, declarations/pdfcpu/negative-annotation-type-name.txt, declarations/pdfcpu/negative-annotation-type-value.txt, declarations/pdfcpu/negative-catalog-pages-indirect.txt, declarations/pdfcpu/negative-catalog-pages.txt, declarations/pdfcpu/negative-catalog-type-required.txt, declarations/pdfcpu/negative-catalog-type.txt, declarations/pdfcpu/negative-form-bbox-numbers.txt, declarations/pdfcpu/negative-form-bbox-rectangle.txt, declarations/pdfcpu/negative-form-bbox-required.txt, declarations/pdfcpu/negative-form-formtype-integer.txt, declarations/pdfcpu/negative-form-formtype-value.txt, declarations/pdfcpu/negative-form-matrix-array.txt, declarations/pdfcpu/negative-form-matrix-count.txt, declarations/pdfcpu/negative-form-matrix-numbers.txt, declarations/pdfcpu/negative-form-resources-dictionary.txt, declarations/pdfcpu/negative-form-subtype-name.txt, declarations/pdfcpu/negative-form-subtype-required.txt, declarations/pdfcpu/negative-form-type-name.txt, declarations/pdfcpu/negative-form-type-value.txt, declarations/pdfcpu/negative-page-annots-array.txt, declarations/pdfcpu/negative-page-annots-member.txt, declarations/pdfcpu/negative-page-artbox-numbers.txt, declarations/pdfcpu/negative-page-artbox-rectangle.txt, declarations/pdfcpu/negative-page-bleedbox-numbers.txt, declarations/pdfcpu/negative-page-bleedbox-rectangle.txt, declarations/pdfcpu/negative-page-contents-nonempty.txt, declarations/pdfcpu/negative-page-cropbox-numbers.txt, declarations/pdfcpu/negative-page-cropbox-rectangle.txt, declarations/pdfcpu/negative-page-mediabox-numbers.txt, declarations/pdfcpu/negative-page-mediabox-rectangle.txt, declarations/pdfcpu/negative-page-mediabox-required.txt, declarations/pdfcpu/negative-page-parent-indirect.txt, declarations/pdfcpu/negative-page-parent-link.txt, declarations/pdfcpu/negative-page-parent-required.txt, declarations/pdfcpu/negative-page-resources-type.txt, declarations/pdfcpu/negative-page-rotate-integer.txt, declarations/pdfcpu/negative-page-rotate-value.txt, declarations/pdfcpu/negative-page-trimbox-numbers.txt, declarations/pdfcpu/negative-page-trimbox-rectangle.txt, declarations/pdfcpu/negative-page-type-value.txt, declarations/pdfcpu/negative-page-type.txt, declarations/pdfcpu/negative-pages-count-integer.txt, declarations/pdfcpu/negative-pages-count-nonnegative.txt, declarations/pdfcpu/negative-pages-count-required.txt, declarations/pdfcpu/negative-pages-count-value.txt, declarations/pdfcpu/negative-pages-kid-reference.txt, declarations/pdfcpu/negative-pages-kids.txt, declarations/pdfcpu/negative-resource-xobject-map.txt, declarations/pdfcpu/negative-resource-xobject-stream.txt, declarations/pdfcpu/negative-trailer-info-null.txt, declarations/pdfcpu/standards.properties, declarations/result.properties, declarations/retained-files.sha256, extraction.pdf, programs/control-cmaps.cmap-block-count.pdf, programs/control-cmaps.cmap-encoding-bfchar.pdf, programs/control-cmaps.cmap-encoding-type.pdf, programs/control-cmaps.cmap-font-ordering.pdf, programs/control-cmaps.cmap-font-registry.pdf, programs/control-cmaps.cmap-font-simple-domain.pdf, programs/control-cmaps.cmap-font-type0-domain.pdf, programs/control-cmaps.cmap-inherited-codespace.pdf, programs/control-cmaps.cmap-late-codespace.pdf, programs/control-cmaps.cmap-mapping-code.pdf, programs/control-cmaps.cmap-missing-begin.pdf, programs/control-cmaps.cmap-missing-end.pdf, programs/control-cmaps.cmap-missing-parent-space.pdf, programs/control-cmaps.cmap-mode-agreement.pdf, programs/control-cmaps.cmap-name-agreement.pdf, programs/control-cmaps.cmap-negative-cid.pdf, programs/control-cmaps.cmap-overlap.pdf, programs/control-cmaps.cmap-parent-cycle.pdf, programs/control-cmaps.cmap-range-cardinality.pdf, programs/control-cmaps.cmap-reversed-byte.pdf, programs/control-cmaps.cmap-reversed.pdf, programs/control-cmaps.cmap-ros-agreement.pdf, programs/control-cmaps.cmap-surrogate.pdf, programs/control-cmaps.cmap-uid-string.pdf, programs/control-cmaps.cmap-unequal-length.pdf, programs/control-cmaps.cmap-unicode-cidchar.pdf, programs/control-cmaps.cmap-unicode-type.pdf, programs/control-cmaps.cmap-usecmap-late.pdf, programs/control-cmaps.cmap-usecmap-missing-parent.pdf, programs/control-cmaps.cmap-usecmap-name.pdf, programs/control-cmaps.cmap-usefont-nonzero.pdf, programs/control-cmaps.cmap-version-string.pdf, programs/control-cmaps.cmap-xuid-string.pdf, programs/control-content.boolean-mcid.pdf, programs/control-content.catalog-pdf2-form-caller-font.pdf, programs/control-content.concatenate-inside-text.pdf, programs/control-content.dictionary-name-alias.pdf, programs/control-content.dictionary-word.pdf, programs/control-content.different-font-name-byte.pdf, programs/control-content.different-font-name-utf8.pdf, programs/control-content.duplicate-mcid.pdf, programs/control-content.font-box-too-small.pdf, programs/control-content.font-restored-to-unset.pdf, programs/control-content.font-size-name.pdf, programs/control-content.form-does-not-pop-caller-graphics.pdf, programs/control-content.form-in-text-object.pdf, programs/control-content.form-name.pdf, programs/control-content.form-used-as-font.pdf, programs/control-content.glyph-missing-header.pdf, programs/control-content.glyph-outside-d1-bounds.pdf, programs/control-content.glyph-rectangle-arity.pdf, programs/control-content.glyph-rectangle-name.pdf, programs/control-content.glyph-repeated-header.pdf, programs/control-content.glyph-unpainted-path.pdf, programs/control-content.graphics-crosses-marked.pdf, programs/control-content.graphics-unclosed.pdf, programs/control-content.graphics-underflow.pdf, programs/control-content.marked-crosses-graphics.pdf, programs/control-content.marked-crosses-text.pdf, programs/control-content.marked-unclosed.pdf, programs/control-content.marked-underflow.pdf, programs/control-content.matrix-outside-text.pdf, programs/control-content.missing-font-resource.pdf, programs/control-content.missing-form-resource.pdf, programs/control-content.missing-name-escape.pdf, programs/control-content.missing-property-resource.pdf, programs/control-content.name-alternate.pdf, programs/control-content.name-mcid.pdf, programs/control-content.named-property-wrong-type.pdf, programs/control-content.negative-mcid.pdf, programs/control-content.nested-form-caller-font.pdf, programs/control-content.nested-text.pdf, programs/control-content.no-selected-font.pdf, programs/control-content.nonhex-name-escape.pdf, programs/control-content.null-name-escape.pdf, programs/control-content.numeric-language.pdf, programs/control-content.numeric-replacement.pdf, programs/control-content.real-mcid.pdf, programs/control-content.restore-inside-text.pdf, programs/control-content.rgb-name.pdf, programs/control-content.save-inside-text.pdf, programs/control-content.show-name.pdf, programs/control-content.show-outside-text.pdf, programs/control-content.text-crosses-marked.pdf, programs/control-content.text-matrix-arity.pdf, programs/control-content.text-matrix-name.pdf, programs/control-content.unmatched-text-end.pdf, programs/control-content.unterminated-text.pdf, programs/control-font-metrics.cid-cff-widths-array.pdf, programs/control-font-metrics.cid-cff-widths-default.pdf, programs/control-font-metrics.cid-cff-widths-range.pdf, programs/control-font-metrics.cid-truetype-widths-array.pdf, programs/control-font-metrics.cid-truetype-widths-default.pdf, programs/control-font-metrics.cid-truetype-widths-range.pdf, programs/control-font-metrics.mmtype1-widths.pdf, programs/control-font-metrics.truetype-widths.pdf, programs/control-font-metrics.type1-widths.pdf, programs/control-fonts.cff-as-cid.pdf, programs/control-fonts.cff-descriptor-bounds.pdf, programs/control-fonts.cff-first-offset-two.pdf, programs/control-fonts.cff-first-offset-zero.pdf, programs/control-fonts.cff-glyph-first-offset-two.pdf, programs/control-fonts.cff-header.pdf, programs/control-fonts.cff-last-offset-outside-file.pdf, programs/control-fonts.cff-missing-endchar.pdf, programs/control-fonts.cff-missing-moveto.pdf, programs/control-fonts.cff-program-name.pdf, programs/control-fonts.cff-topdict-count.pdf, programs/control-fonts.cff-wrong-moveto-arity.pdf, programs/control-fonts.cid-as-cff.pdf, programs/control-fonts.cid-cff-descriptor-bounds.pdf, programs/control-fonts.cid-cff-first-offset-two.pdf, programs/control-fonts.cid-cff-first-offset-zero.pdf, programs/control-fonts.cid-cff-glyph-first-offset-two.pdf, programs/control-fonts.cid-cff-header.pdf, programs/control-fonts.cid-cff-last-offset-outside-file.pdf, programs/control-fonts.cid-cff-missing-endchar.pdf, programs/control-fonts.cid-cff-missing-fdarray.pdf, programs/control-fonts.cid-cff-missing-fdselect.pdf, programs/control-fonts.cid-cff-missing-moveto.pdf, programs/control-fonts.cid-cff-program-name.pdf, programs/control-fonts.cid-cff-topdict-count.pdf, programs/control-fonts.cid-cff-wrong-moveto-arity.pdf, programs/control-fonts.cid-truetype-descriptor-bounds.pdf, programs/control-fonts.truetype-decoded-length.pdf, programs/control-fonts.truetype-descriptor-bounds.pdf, programs/control-fonts.truetype-entry-selector.pdf, programs/control-fonts.truetype-glyph-bounds.pdf, programs/control-fonts.truetype-header.pdf, programs/control-fonts.truetype-nonzero-padding.pdf, programs/control-fonts.truetype-program-name.pdf, programs/control-fonts.truetype-range-shift.pdf, programs/control-fonts.truetype-search-range.pdf, programs/control-fonts.truetype-table-checksum.pdf, programs/control-fonts.truetype-table-order.pdf, programs/control-fonts.truetype-table-outside-file.pdf, programs/control-fonts.truetype-table-tag.pdf, programs/control-fonts.truetype-unaligned-table.pdf, programs/control-fonts.truetype-units-per-em-0.pdf, programs/control-fonts.truetype-units-per-em-15.pdf, programs/control-fonts.truetype-units-per-em-16385.pdf, programs/control-fonts.truetype-whole-checksum.pdf, programs/control-structure-content.content-annotation-page.pdf, programs/control-structure-content.content-both-parent-keys.pdf, programs/control-structure-content.content-direct-object.pdf, programs/control-structure-content.content-form-parent.pdf, programs/control-structure-content.content-missing-form-mcid.pdf, programs/control-structure-content.content-missing-page-mcid.pdf, programs/control-structure-content.content-object-parent.pdf, programs/control-structure-content.content-page-key.pdf, programs/control-structure-hierarchy.missing-role.pdf, programs/control-structure-hierarchy.parent-backlink.pdf, programs/control-structure-hierarchy.root-content-child.pdf, programs/control-structure-hierarchy.root-type.pdf, programs/control-structure-hierarchy.shared-child.pdf, programs/control-structure-hierarchy.text-actual-name.pdf, programs/control-structure-hierarchy.text-language-name.pdf, programs/control-structure-namespaces.namespace-direct-target.pdf, programs/control-structure-namespaces.namespace-mapping-type.pdf, programs/control-structure-namespaces.namespace-name-type.pdf, programs/control-structure-namespaces.namespace-unlisted.pdf, programs/control-structure-parent-tree.parent-key-order.pdf, programs/control-structure-parent-tree.parent-key-type.pdf, programs/control-structure-parent-tree.parent-next-key.pdf, programs/control-structure-parent-tree.parent-nonstructural-value.pdf, programs/extraction.pdf, programs/identities-after.properties, programs/identities-before.properties, programs/input/cmaps/process.txt, programs/input/cmaps/qpdf-version.txt, programs/input/cmaps/qpdf-version.txt.stderr, programs/input/cmaps/qpdf.json, programs/input/cmaps/qpdf.json.stderr, programs/input/cmaps/result.properties, programs/input/content/process.txt, programs/input/content/qpdf-version.txt, programs/input/content/qpdf-version.txt.stderr, programs/input/content/qpdf.json, programs/input/content/qpdf.json.stderr, programs/input/content/result.properties, programs/input/font-metrics/process.txt, programs/input/font-metrics/qpdf-version.txt, programs/input/font-metrics/qpdf-version.txt.stderr, programs/input/font-metrics/qpdf.json, programs/input/font-metrics/qpdf.json.stderr, programs/input/font-metrics/result.properties, programs/input/fonts/process.txt, programs/input/fonts/qpdf-version.txt, programs/input/fonts/qpdf-version.txt.stderr, programs/input/fonts/qpdf.json, programs/input/fonts/qpdf.json.stderr, programs/input/fonts/result.properties, programs/input/structure-content/process.txt, programs/input/structure-content/qpdf-version.txt, programs/input/structure-content/qpdf-version.txt.stderr, programs/input/structure-content/qpdf.json, programs/input/structure-content/qpdf.json.stderr, programs/input/structure-content/result.properties, programs/input/structure-hierarchy/process.txt, programs/input/structure-hierarchy/qpdf-version.txt, programs/input/structure-hierarchy/qpdf-version.txt.stderr, programs/input/structure-hierarchy/qpdf.json, programs/input/structure-hierarchy/qpdf.json.stderr, programs/input/structure-hierarchy/result.properties, programs/input/structure-namespaces/process.txt, programs/input/structure-namespaces/qpdf-version.txt, programs/input/structure-namespaces/qpdf-version.txt.stderr, programs/input/structure-namespaces/qpdf.json, programs/input/structure-namespaces/qpdf.json.stderr, programs/input/structure-namespaces/result.properties, programs/input/structure-parent-tree/process.txt, programs/input/structure-parent-tree/qpdf-version.txt, programs/input/structure-parent-tree/qpdf-version.txt.stderr, programs/input/structure-parent-tree/qpdf.json, programs/input/structure-parent-tree/qpdf.json.stderr, programs/input/structure-parent-tree/result.properties, programs/programs.txt, programs/qualifications/cmaps.cmap-block-count/process.txt, programs/qualifications/cmaps.cmap-block-count/qpdf-version.txt, programs/qualifications/cmaps.cmap-block-count/qpdf-version.txt.stderr, programs/qualifications/cmaps.cmap-block-count/qpdf.json, programs/qualifications/cmaps.cmap-block-count/qpdf.json.stderr, programs/qualifications/cmaps.cmap-block-count/result.properties, programs/qualifications/cmaps.cmap-encoding-bfchar/process.txt, programs/qualifications/cmaps.cmap-encoding-bfchar/qpdf-version.txt, programs/qualifications/cmaps.cmap-encoding-bfchar/qpdf-version.txt.stderr, programs/qualifications/cmaps.cmap-encoding-bfchar/qpdf.json, programs/qualifications/cmaps.cmap-encoding-bfchar/qpdf.json.stderr, programs/qualifications/cmaps.cmap-encoding-bfchar/result.properties, programs/qualifications/cmaps.cmap-encoding-type/process.txt, programs/qualifications/cmaps.cmap-encoding-type/qpdf-version.txt, programs/qualifications/cmaps.cmap-encoding-type/qpdf-version.txt.stderr, programs/qualifications/cmaps.cmap-encoding-type/qpdf.json, programs/qualifications/cmaps.cmap-encoding-type/qpdf.json.stderr, programs/qualifications/cmaps.cmap-encoding-type/result.properties, programs/qualifications/cmaps.cmap-font-ordering/process.txt, programs/qualifications/cmaps.cmap-font-ordering/qpdf-version.txt, programs/qualifications/cmaps.cmap-font-ordering/qpdf-version.txt.stderr, programs/qualifications/cmaps.cmap-font-ordering/qpdf.json, programs/qualifications/cmaps.cmap-font-ordering/qpdf.json.stderr, programs/qualifications/cmaps.cmap-font-ordering/result.properties, programs/qualifications/cmaps.cmap-font-registry/process.txt, programs/qualifications/cmaps.cmap-font-registry/qpdf-version.txt, programs/qualifications/cmaps.cmap-font-registry/qpdf-version.txt.stderr, programs/qualifications/cmaps.cmap-font-registry/qpdf.json, programs/qualifications/cmaps.cmap-font-registry/qpdf.json.stderr, programs/qualifications/cmaps.cmap-font-registry/result.properties, programs/qualifications/cmaps.cmap-font-simple-domain/process.txt, programs/qualifications/cmaps.cmap-font-simple-domain/qpdf-version.txt, programs/qualifications/cmaps.cmap-font-simple-domain/qpdf-version.txt.stderr, programs/qualifications/cmaps.cmap-font-simple-domain/qpdf.json, programs/qualifications/cmaps.cmap-font-simple-domain/qpdf.json.stderr, programs/qualifications/cmaps.cmap-font-simple-domain/result.properties, programs/qualifications/cmaps.cmap-font-type0-domain/process.txt, programs/qualifications/cmaps.cmap-font-type0-domain/qpdf-version.txt, programs/qualifications/cmaps.cmap-font-type0-domain/qpdf-version.txt.stderr, programs/qualifications/cmaps.cmap-font-type0-domain/qpdf.json, programs/qualifications/cmaps.cmap-font-type0-domain/qpdf.json.stderr, programs/qualifications/cmaps.cmap-font-type0-domain/result.properties, programs/qualifications/cmaps.cmap-inherited-codespace/process.txt, programs/qualifications/cmaps.cmap-inherited-codespace/qpdf-version.txt, programs/qualifications/cmaps.cmap-inherited-codespace/qpdf-version.txt.stderr, programs/qualifications/cmaps.cmap-inherited-codespace/qpdf.json, programs/qualifications/cmaps.cmap-inherited-codespace/qpdf.json.stderr, programs/qualifications/cmaps.cmap-inherited-codespace/result.properties, programs/qualifications/cmaps.cmap-late-codespace/process.txt, programs/qualifications/cmaps.cmap-late-codespace/qpdf-version.txt, programs/qualifications/cmaps.cmap-late-codespace/qpdf-version.txt.stderr, programs/qualifications/cmaps.cmap-late-codespace/qpdf.json, programs/qualifications/cmaps.cmap-late-codespace/qpdf.json.stderr, programs/qualifications/cmaps.cmap-late-codespace/result.properties, programs/qualifications/cmaps.cmap-mapping-code/process.txt, programs/qualifications/cmaps.cmap-mapping-code/qpdf-version.txt, programs/qualifications/cmaps.cmap-mapping-code/qpdf-version.txt.stderr, programs/qualifications/cmaps.cmap-mapping-code/qpdf.json, programs/qualifications/cmaps.cmap-mapping-code/qpdf.json.stderr, programs/qualifications/cmaps.cmap-mapping-code/result.properties, programs/qualifications/cmaps.cmap-missing-begin/process.txt, programs/qualifications/cmaps.cmap-missing-begin/qpdf-version.txt, programs/qualifications/cmaps.cmap-missing-begin/qpdf-version.txt.stderr, programs/qualifications/cmaps.cmap-missing-begin/qpdf.json, programs/qualifications/cmaps.cmap-missing-begin/qpdf.json.stderr, programs/qualifications/cmaps.cmap-missing-begin/result.properties, programs/qualifications/cmaps.cmap-missing-end/process.txt, programs/qualifications/cmaps.cmap-missing-end/qpdf-version.txt, programs/qualifications/cmaps.cmap-missing-end/qpdf-version.txt.stderr, programs/qualifications/cmaps.cmap-missing-end/qpdf.json, programs/qualifications/cmaps.cmap-missing-end/qpdf.json.stderr, programs/qualifications/cmaps.cmap-missing-end/result.properties, programs/qualifications/cmaps.cmap-missing-parent-space/process.txt, programs/qualifications/cmaps.cmap-missing-parent-space/qpdf-version.txt, programs/qualifications/cmaps.cmap-missing-parent-space/qpdf-version.txt.stderr, programs/qualifications/cmaps.cmap-missing-parent-space/qpdf.json, programs/qualifications/cmaps.cmap-missing-parent-space/qpdf.json.stderr, programs/qualifications/cmaps.cmap-missing-parent-space/result.properties, programs/qualifications/cmaps.cmap-mode-agreement/process.txt, programs/qualifications/cmaps.cmap-mode-agreement/qpdf-version.txt, programs/qualifications/cmaps.cmap-mode-agreement/qpdf-version.txt.stderr, programs/qualifications/cmaps.cmap-mode-agreement/qpdf.json, programs/qualifications/cmaps.cmap-mode-agreement/qpdf.json.stderr, programs/qualifications/cmaps.cmap-mode-agreement/result.properties, programs/qualifications/cmaps.cmap-name-agreement/process.txt, programs/qualifications/cmaps.cmap-name-agreement/qpdf-version.txt, programs/qualifications/cmaps.cmap-name-agreement/qpdf-version.txt.stderr, programs/qualifications/cmaps.cmap-name-agreement/qpdf.json, programs/qualifications/cmaps.cmap-name-agreement/qpdf.json.stderr, programs/qualifications/cmaps.cmap-name-agreement/result.properties, programs/qualifications/cmaps.cmap-negative-cid/process.txt, programs/qualifications/cmaps.cmap-negative-cid/qpdf-version.txt, programs/qualifications/cmaps.cmap-negative-cid/qpdf-version.txt.stderr, programs/qualifications/cmaps.cmap-negative-cid/qpdf.json, programs/qualifications/cmaps.cmap-negative-cid/qpdf.json.stderr, programs/qualifications/cmaps.cmap-negative-cid/result.properties, programs/qualifications/cmaps.cmap-overlap/process.txt, programs/qualifications/cmaps.cmap-overlap/qpdf-version.txt, programs/qualifications/cmaps.cmap-overlap/qpdf-version.txt.stderr, programs/qualifications/cmaps.cmap-overlap/qpdf.json, programs/qualifications/cmaps.cmap-overlap/qpdf.json.stderr, programs/qualifications/cmaps.cmap-overlap/result.properties, programs/qualifications/cmaps.cmap-parent-cycle/process.txt, programs/qualifications/cmaps.cmap-parent-cycle/qpdf-version.txt, programs/qualifications/cmaps.cmap-parent-cycle/qpdf-version.txt.stderr, programs/qualifications/cmaps.cmap-parent-cycle/qpdf.json, programs/qualifications/cmaps.cmap-parent-cycle/qpdf.json.stderr, programs/qualifications/cmaps.cmap-parent-cycle/result.properties, programs/qualifications/cmaps.cmap-range-cardinality/process.txt, programs/qualifications/cmaps.cmap-range-cardinality/qpdf-version.txt, programs/qualifications/cmaps.cmap-range-cardinality/qpdf-version.txt.stderr, programs/qualifications/cmaps.cmap-range-cardinality/qpdf.json, programs/qualifications/cmaps.cmap-range-cardinality/qpdf.json.stderr, programs/qualifications/cmaps.cmap-range-cardinality/result.properties, programs/qualifications/cmaps.cmap-reversed-byte/process.txt, programs/qualifications/cmaps.cmap-reversed-byte/qpdf-version.txt, programs/qualifications/cmaps.cmap-reversed-byte/qpdf-version.txt.stderr, programs/qualifications/cmaps.cmap-reversed-byte/qpdf.json, programs/qualifications/cmaps.cmap-reversed-byte/qpdf.json.stderr, programs/qualifications/cmaps.cmap-reversed-byte/result.properties, programs/qualifications/cmaps.cmap-reversed/process.txt, programs/qualifications/cmaps.cmap-reversed/qpdf-version.txt, programs/qualifications/cmaps.cmap-reversed/qpdf-version.txt.stderr, programs/qualifications/cmaps.cmap-reversed/qpdf.json, programs/qualifications/cmaps.cmap-reversed/qpdf.json.stderr, programs/qualifications/cmaps.cmap-reversed/result.properties, programs/qualifications/cmaps.cmap-ros-agreement/process.txt, programs/qualifications/cmaps.cmap-ros-agreement/qpdf-version.txt, programs/qualifications/cmaps.cmap-ros-agreement/qpdf-version.txt.stderr, programs/qualifications/cmaps.cmap-ros-agreement/qpdf.json, programs/qualifications/cmaps.cmap-ros-agreement/qpdf.json.stderr, programs/qualifications/cmaps.cmap-ros-agreement/result.properties, programs/qualifications/cmaps.cmap-surrogate/process.txt, programs/qualifications/cmaps.cmap-surrogate/qpdf-version.txt, programs/qualifications/cmaps.cmap-surrogate/qpdf-version.txt.stderr, programs/qualifications/cmaps.cmap-surrogate/qpdf.json, programs/qualifications/cmaps.cmap-surrogate/qpdf.json.stderr, programs/qualifications/cmaps.cmap-surrogate/result.properties, programs/qualifications/cmaps.cmap-uid-string/process.txt, programs/qualifications/cmaps.cmap-uid-string/qpdf-version.txt, programs/qualifications/cmaps.cmap-uid-string/qpdf-version.txt.stderr, programs/qualifications/cmaps.cmap-uid-string/qpdf.json, programs/qualifications/cmaps.cmap-uid-string/qpdf.json.stderr, programs/qualifications/cmaps.cmap-uid-string/result.properties, programs/qualifications/cmaps.cmap-unequal-length/process.txt, programs/qualifications/cmaps.cmap-unequal-length/qpdf-version.txt, programs/qualifications/cmaps.cmap-unequal-length/qpdf-version.txt.stderr, programs/qualifications/cmaps.cmap-unequal-length/qpdf.json, programs/qualifications/cmaps.cmap-unequal-length/qpdf.json.stderr, programs/qualifications/cmaps.cmap-unequal-length/result.properties, programs/qualifications/cmaps.cmap-unicode-cidchar/process.txt, programs/qualifications/cmaps.cmap-unicode-cidchar/qpdf-version.txt, programs/qualifications/cmaps.cmap-unicode-cidchar/qpdf-version.txt.stderr, programs/qualifications/cmaps.cmap-unicode-cidchar/qpdf.json, programs/qualifications/cmaps.cmap-unicode-cidchar/qpdf.json.stderr, programs/qualifications/cmaps.cmap-unicode-cidchar/result.properties, programs/qualifications/cmaps.cmap-unicode-type/process.txt, programs/qualifications/cmaps.cmap-unicode-type/qpdf-version.txt, programs/qualifications/cmaps.cmap-unicode-type/qpdf-version.txt.stderr, programs/qualifications/cmaps.cmap-unicode-type/qpdf.json, programs/qualifications/cmaps.cmap-unicode-type/qpdf.json.stderr, programs/qualifications/cmaps.cmap-unicode-type/result.properties, programs/qualifications/cmaps.cmap-usecmap-late/process.txt, programs/qualifications/cmaps.cmap-usecmap-late/qpdf-version.txt, programs/qualifications/cmaps.cmap-usecmap-late/qpdf-version.txt.stderr, programs/qualifications/cmaps.cmap-usecmap-late/qpdf.json, programs/qualifications/cmaps.cmap-usecmap-late/qpdf.json.stderr, programs/qualifications/cmaps.cmap-usecmap-late/result.properties, programs/qualifications/cmaps.cmap-usecmap-missing-parent/process.txt, programs/qualifications/cmaps.cmap-usecmap-missing-parent/qpdf-version.txt, programs/qualifications/cmaps.cmap-usecmap-missing-parent/qpdf-version.txt.stderr, programs/qualifications/cmaps.cmap-usecmap-missing-parent/qpdf.json, programs/qualifications/cmaps.cmap-usecmap-missing-parent/qpdf.json.stderr, programs/qualifications/cmaps.cmap-usecmap-missing-parent/result.properties, programs/qualifications/cmaps.cmap-usecmap-name/process.txt, programs/qualifications/cmaps.cmap-usecmap-name/qpdf-version.txt, programs/qualifications/cmaps.cmap-usecmap-name/qpdf-version.txt.stderr, programs/qualifications/cmaps.cmap-usecmap-name/qpdf.json, programs/qualifications/cmaps.cmap-usecmap-name/qpdf.json.stderr, programs/qualifications/cmaps.cmap-usecmap-name/result.properties, programs/qualifications/cmaps.cmap-usefont-nonzero/process.txt, programs/qualifications/cmaps.cmap-usefont-nonzero/qpdf-version.txt, programs/qualifications/cmaps.cmap-usefont-nonzero/qpdf-version.txt.stderr, programs/qualifications/cmaps.cmap-usefont-nonzero/qpdf.json, programs/qualifications/cmaps.cmap-usefont-nonzero/qpdf.json.stderr, programs/qualifications/cmaps.cmap-usefont-nonzero/result.properties, programs/qualifications/cmaps.cmap-version-string/process.txt, programs/qualifications/cmaps.cmap-version-string/qpdf-version.txt, programs/qualifications/cmaps.cmap-version-string/qpdf-version.txt.stderr, programs/qualifications/cmaps.cmap-version-string/qpdf.json, programs/qualifications/cmaps.cmap-version-string/qpdf.json.stderr, programs/qualifications/cmaps.cmap-version-string/result.properties, programs/qualifications/cmaps.cmap-xuid-string/process.txt, programs/qualifications/cmaps.cmap-xuid-string/qpdf-version.txt, programs/qualifications/cmaps.cmap-xuid-string/qpdf-version.txt.stderr, programs/qualifications/cmaps.cmap-xuid-string/qpdf.json, programs/qualifications/cmaps.cmap-xuid-string/qpdf.json.stderr, programs/qualifications/cmaps.cmap-xuid-string/result.properties, programs/qualifications/content.boolean-mcid/process.txt, programs/qualifications/content.boolean-mcid/qpdf-version.txt, programs/qualifications/content.boolean-mcid/qpdf-version.txt.stderr, programs/qualifications/content.boolean-mcid/qpdf.json, programs/qualifications/content.boolean-mcid/qpdf.json.stderr, programs/qualifications/content.boolean-mcid/result.properties, programs/qualifications/content.catalog-pdf2-form-caller-font/process.txt, programs/qualifications/content.catalog-pdf2-form-caller-font/qpdf-version.txt, programs/qualifications/content.catalog-pdf2-form-caller-font/qpdf-version.txt.stderr, programs/qualifications/content.catalog-pdf2-form-caller-font/qpdf.json, programs/qualifications/content.catalog-pdf2-form-caller-font/qpdf.json.stderr, programs/qualifications/content.catalog-pdf2-form-caller-font/result.properties, programs/qualifications/content.concatenate-inside-text/process.txt, programs/qualifications/content.concatenate-inside-text/qpdf-version.txt, programs/qualifications/content.concatenate-inside-text/qpdf-version.txt.stderr, programs/qualifications/content.concatenate-inside-text/qpdf.json, programs/qualifications/content.concatenate-inside-text/qpdf.json.stderr, programs/qualifications/content.concatenate-inside-text/result.properties, programs/qualifications/content.dictionary-name-alias/process.txt, programs/qualifications/content.dictionary-name-alias/qpdf-version.txt, programs/qualifications/content.dictionary-name-alias/qpdf-version.txt.stderr, programs/qualifications/content.dictionary-name-alias/qpdf.json, programs/qualifications/content.dictionary-name-alias/qpdf.json.stderr, programs/qualifications/content.dictionary-name-alias/result.properties, programs/qualifications/content.dictionary-word/process.txt, programs/qualifications/content.dictionary-word/qpdf-version.txt, programs/qualifications/content.dictionary-word/qpdf-version.txt.stderr, programs/qualifications/content.dictionary-word/qpdf.json, programs/qualifications/content.dictionary-word/qpdf.json.stderr, programs/qualifications/content.dictionary-word/result.properties, programs/qualifications/content.different-font-name-byte/process.txt, programs/qualifications/content.different-font-name-byte/qpdf-version.txt, programs/qualifications/content.different-font-name-byte/qpdf-version.txt.stderr, programs/qualifications/content.different-font-name-byte/qpdf.json, programs/qualifications/content.different-font-name-byte/qpdf.json.stderr, programs/qualifications/content.different-font-name-byte/result.properties, programs/qualifications/content.different-font-name-utf8/process.txt, programs/qualifications/content.different-font-name-utf8/qpdf-version.txt, programs/qualifications/content.different-font-name-utf8/qpdf-version.txt.stderr, programs/qualifications/content.different-font-name-utf8/qpdf.json, programs/qualifications/content.different-font-name-utf8/qpdf.json.stderr, programs/qualifications/content.different-font-name-utf8/result.properties, programs/qualifications/content.duplicate-mcid/process.txt, programs/qualifications/content.duplicate-mcid/qpdf-version.txt, programs/qualifications/content.duplicate-mcid/qpdf-version.txt.stderr, programs/qualifications/content.duplicate-mcid/qpdf.json, programs/qualifications/content.duplicate-mcid/qpdf.json.stderr, programs/qualifications/content.duplicate-mcid/result.properties, programs/qualifications/content.font-box-too-small/process.txt, programs/qualifications/content.font-box-too-small/qpdf-version.txt, programs/qualifications/content.font-box-too-small/qpdf-version.txt.stderr, programs/qualifications/content.font-box-too-small/qpdf.json, programs/qualifications/content.font-box-too-small/qpdf.json.stderr, programs/qualifications/content.font-box-too-small/result.properties, programs/qualifications/content.font-restored-to-unset/process.txt, programs/qualifications/content.font-restored-to-unset/qpdf-version.txt, programs/qualifications/content.font-restored-to-unset/qpdf-version.txt.stderr, programs/qualifications/content.font-restored-to-unset/qpdf.json, programs/qualifications/content.font-restored-to-unset/qpdf.json.stderr, programs/qualifications/content.font-restored-to-unset/result.properties, programs/qualifications/content.font-size-name/process.txt, programs/qualifications/content.font-size-name/qpdf-version.txt, programs/qualifications/content.font-size-name/qpdf-version.txt.stderr, programs/qualifications/content.font-size-name/qpdf.json, programs/qualifications/content.font-size-name/qpdf.json.stderr, programs/qualifications/content.font-size-name/result.properties, programs/qualifications/content.form-does-not-pop-caller-graphics/process.txt, programs/qualifications/content.form-does-not-pop-caller-graphics/qpdf-version.txt, programs/qualifications/content.form-does-not-pop-caller-graphics/qpdf-version.txt.stderr, programs/qualifications/content.form-does-not-pop-caller-graphics/qpdf.json, programs/qualifications/content.form-does-not-pop-caller-graphics/qpdf.json.stderr, programs/qualifications/content.form-does-not-pop-caller-graphics/result.properties, programs/qualifications/content.form-in-text-object/process.txt, programs/qualifications/content.form-in-text-object/qpdf-version.txt, programs/qualifications/content.form-in-text-object/qpdf-version.txt.stderr, programs/qualifications/content.form-in-text-object/qpdf.json, programs/qualifications/content.form-in-text-object/qpdf.json.stderr, programs/qualifications/content.form-in-text-object/result.properties, programs/qualifications/content.form-name/process.txt, programs/qualifications/content.form-name/qpdf-version.txt, programs/qualifications/content.form-name/qpdf-version.txt.stderr, programs/qualifications/content.form-name/qpdf.json, programs/qualifications/content.form-name/qpdf.json.stderr, programs/qualifications/content.form-name/result.properties, programs/qualifications/content.form-used-as-font/process.txt, programs/qualifications/content.form-used-as-font/qpdf-version.txt, programs/qualifications/content.form-used-as-font/qpdf-version.txt.stderr, programs/qualifications/content.form-used-as-font/qpdf.json, programs/qualifications/content.form-used-as-font/qpdf.json.stderr, programs/qualifications/content.form-used-as-font/result.properties, programs/qualifications/content.glyph-missing-header/process.txt, programs/qualifications/content.glyph-missing-header/qpdf-version.txt, programs/qualifications/content.glyph-missing-header/qpdf-version.txt.stderr, programs/qualifications/content.glyph-missing-header/qpdf.json, programs/qualifications/content.glyph-missing-header/qpdf.json.stderr, programs/qualifications/content.glyph-missing-header/result.properties, programs/qualifications/content.glyph-outside-d1-bounds/process.txt, programs/qualifications/content.glyph-outside-d1-bounds/qpdf-version.txt, programs/qualifications/content.glyph-outside-d1-bounds/qpdf-version.txt.stderr, programs/qualifications/content.glyph-outside-d1-bounds/qpdf.json, programs/qualifications/content.glyph-outside-d1-bounds/qpdf.json.stderr, programs/qualifications/content.glyph-outside-d1-bounds/result.properties, programs/qualifications/content.glyph-rectangle-arity/process.txt, programs/qualifications/content.glyph-rectangle-arity/qpdf-version.txt, programs/qualifications/content.glyph-rectangle-arity/qpdf-version.txt.stderr, programs/qualifications/content.glyph-rectangle-arity/qpdf.json, programs/qualifications/content.glyph-rectangle-arity/qpdf.json.stderr, programs/qualifications/content.glyph-rectangle-arity/result.properties, programs/qualifications/content.glyph-rectangle-name/process.txt, programs/qualifications/content.glyph-rectangle-name/qpdf-version.txt, programs/qualifications/content.glyph-rectangle-name/qpdf-version.txt.stderr, programs/qualifications/content.glyph-rectangle-name/qpdf.json, programs/qualifications/content.glyph-rectangle-name/qpdf.json.stderr, programs/qualifications/content.glyph-rectangle-name/result.properties, programs/qualifications/content.glyph-repeated-header/process.txt, programs/qualifications/content.glyph-repeated-header/qpdf-version.txt, programs/qualifications/content.glyph-repeated-header/qpdf-version.txt.stderr, programs/qualifications/content.glyph-repeated-header/qpdf.json, programs/qualifications/content.glyph-repeated-header/qpdf.json.stderr, programs/qualifications/content.glyph-repeated-header/result.properties, programs/qualifications/content.glyph-unpainted-path/process.txt, programs/qualifications/content.glyph-unpainted-path/qpdf-version.txt, programs/qualifications/content.glyph-unpainted-path/qpdf-version.txt.stderr, programs/qualifications/content.glyph-unpainted-path/qpdf.json, programs/qualifications/content.glyph-unpainted-path/qpdf.json.stderr, programs/qualifications/content.glyph-unpainted-path/result.properties, programs/qualifications/content.graphics-crosses-marked/process.txt, programs/qualifications/content.graphics-crosses-marked/qpdf-version.txt, programs/qualifications/content.graphics-crosses-marked/qpdf-version.txt.stderr, programs/qualifications/content.graphics-crosses-marked/qpdf.json, programs/qualifications/content.graphics-crosses-marked/qpdf.json.stderr, programs/qualifications/content.graphics-crosses-marked/result.properties, programs/qualifications/content.graphics-unclosed/process.txt, programs/qualifications/content.graphics-unclosed/qpdf-version.txt, programs/qualifications/content.graphics-unclosed/qpdf-version.txt.stderr, programs/qualifications/content.graphics-unclosed/qpdf.json, programs/qualifications/content.graphics-unclosed/qpdf.json.stderr, programs/qualifications/content.graphics-unclosed/result.properties, programs/qualifications/content.graphics-underflow/process.txt, programs/qualifications/content.graphics-underflow/qpdf-version.txt, programs/qualifications/content.graphics-underflow/qpdf-version.txt.stderr, programs/qualifications/content.graphics-underflow/qpdf.json, programs/qualifications/content.graphics-underflow/qpdf.json.stderr, programs/qualifications/content.graphics-underflow/result.properties, programs/qualifications/content.marked-crosses-graphics/process.txt, programs/qualifications/content.marked-crosses-graphics/qpdf-version.txt, programs/qualifications/content.marked-crosses-graphics/qpdf-version.txt.stderr, programs/qualifications/content.marked-crosses-graphics/qpdf.json, programs/qualifications/content.marked-crosses-graphics/qpdf.json.stderr, programs/qualifications/content.marked-crosses-graphics/result.properties, programs/qualifications/content.marked-crosses-text/process.txt, programs/qualifications/content.marked-crosses-text/qpdf-version.txt, programs/qualifications/content.marked-crosses-text/qpdf-version.txt.stderr, programs/qualifications/content.marked-crosses-text/qpdf.json, programs/qualifications/content.marked-crosses-text/qpdf.json.stderr, programs/qualifications/content.marked-crosses-text/result.properties, programs/qualifications/content.marked-unclosed/process.txt, programs/qualifications/content.marked-unclosed/qpdf-version.txt, programs/qualifications/content.marked-unclosed/qpdf-version.txt.stderr, programs/qualifications/content.marked-unclosed/qpdf.json, programs/qualifications/content.marked-unclosed/qpdf.json.stderr, programs/qualifications/content.marked-unclosed/result.properties, programs/qualifications/content.marked-underflow/process.txt, programs/qualifications/content.marked-underflow/qpdf-version.txt, programs/qualifications/content.marked-underflow/qpdf-version.txt.stderr, programs/qualifications/content.marked-underflow/qpdf.json, programs/qualifications/content.marked-underflow/qpdf.json.stderr, programs/qualifications/content.marked-underflow/result.properties, programs/qualifications/content.matrix-outside-text/process.txt, programs/qualifications/content.matrix-outside-text/qpdf-version.txt, programs/qualifications/content.matrix-outside-text/qpdf-version.txt.stderr, programs/qualifications/content.matrix-outside-text/qpdf.json, programs/qualifications/content.matrix-outside-text/qpdf.json.stderr, programs/qualifications/content.matrix-outside-text/result.properties, programs/qualifications/content.missing-font-resource/process.txt, programs/qualifications/content.missing-font-resource/qpdf-version.txt, programs/qualifications/content.missing-font-resource/qpdf-version.txt.stderr, programs/qualifications/content.missing-font-resource/qpdf.json, programs/qualifications/content.missing-font-resource/qpdf.json.stderr, programs/qualifications/content.missing-font-resource/result.properties, programs/qualifications/content.missing-form-resource/process.txt, programs/qualifications/content.missing-form-resource/qpdf-version.txt, programs/qualifications/content.missing-form-resource/qpdf-version.txt.stderr, programs/qualifications/content.missing-form-resource/qpdf.json, programs/qualifications/content.missing-form-resource/qpdf.json.stderr, programs/qualifications/content.missing-form-resource/result.properties, programs/qualifications/content.missing-name-escape/process.txt, programs/qualifications/content.missing-name-escape/qpdf-version.txt, programs/qualifications/content.missing-name-escape/qpdf-version.txt.stderr, programs/qualifications/content.missing-name-escape/qpdf.json, programs/qualifications/content.missing-name-escape/qpdf.json.stderr, programs/qualifications/content.missing-name-escape/result.properties, programs/qualifications/content.missing-property-resource/process.txt, programs/qualifications/content.missing-property-resource/qpdf-version.txt, programs/qualifications/content.missing-property-resource/qpdf-version.txt.stderr, programs/qualifications/content.missing-property-resource/qpdf.json, programs/qualifications/content.missing-property-resource/qpdf.json.stderr, programs/qualifications/content.missing-property-resource/result.properties, programs/qualifications/content.name-alternate/process.txt, programs/qualifications/content.name-alternate/qpdf-version.txt, programs/qualifications/content.name-alternate/qpdf-version.txt.stderr, programs/qualifications/content.name-alternate/qpdf.json, programs/qualifications/content.name-alternate/qpdf.json.stderr, programs/qualifications/content.name-alternate/result.properties, programs/qualifications/content.name-mcid/process.txt, programs/qualifications/content.name-mcid/qpdf-version.txt, programs/qualifications/content.name-mcid/qpdf-version.txt.stderr, programs/qualifications/content.name-mcid/qpdf.json, programs/qualifications/content.name-mcid/qpdf.json.stderr, programs/qualifications/content.name-mcid/result.properties, programs/qualifications/content.named-property-wrong-type/process.txt, programs/qualifications/content.named-property-wrong-type/qpdf-version.txt, programs/qualifications/content.named-property-wrong-type/qpdf-version.txt.stderr, programs/qualifications/content.named-property-wrong-type/qpdf.json, programs/qualifications/content.named-property-wrong-type/qpdf.json.stderr, programs/qualifications/content.named-property-wrong-type/result.properties, programs/qualifications/content.negative-mcid/process.txt, programs/qualifications/content.negative-mcid/qpdf-version.txt, programs/qualifications/content.negative-mcid/qpdf-version.txt.stderr, programs/qualifications/content.negative-mcid/qpdf.json, programs/qualifications/content.negative-mcid/qpdf.json.stderr, programs/qualifications/content.negative-mcid/result.properties, programs/qualifications/content.nested-form-caller-font/process.txt, programs/qualifications/content.nested-form-caller-font/qpdf-version.txt, programs/qualifications/content.nested-form-caller-font/qpdf-version.txt.stderr, programs/qualifications/content.nested-form-caller-font/qpdf.json, programs/qualifications/content.nested-form-caller-font/qpdf.json.stderr, programs/qualifications/content.nested-form-caller-font/result.properties, programs/qualifications/content.nested-text/process.txt, programs/qualifications/content.nested-text/qpdf-version.txt, programs/qualifications/content.nested-text/qpdf-version.txt.stderr, programs/qualifications/content.nested-text/qpdf.json, programs/qualifications/content.nested-text/qpdf.json.stderr, programs/qualifications/content.nested-text/result.properties, programs/qualifications/content.no-selected-font/process.txt, programs/qualifications/content.no-selected-font/qpdf-version.txt, programs/qualifications/content.no-selected-font/qpdf-version.txt.stderr, programs/qualifications/content.no-selected-font/qpdf.json, programs/qualifications/content.no-selected-font/qpdf.json.stderr, programs/qualifications/content.no-selected-font/result.properties, programs/qualifications/content.nonhex-name-escape/process.txt, programs/qualifications/content.nonhex-name-escape/qpdf-version.txt, programs/qualifications/content.nonhex-name-escape/qpdf-version.txt.stderr, programs/qualifications/content.nonhex-name-escape/qpdf.json, programs/qualifications/content.nonhex-name-escape/qpdf.json.stderr, programs/qualifications/content.nonhex-name-escape/result.properties, programs/qualifications/content.null-name-escape/process.txt, programs/qualifications/content.null-name-escape/qpdf-version.txt, programs/qualifications/content.null-name-escape/qpdf-version.txt.stderr, programs/qualifications/content.null-name-escape/qpdf.json, programs/qualifications/content.null-name-escape/qpdf.json.stderr, programs/qualifications/content.null-name-escape/result.properties, programs/qualifications/content.numeric-language/process.txt, programs/qualifications/content.numeric-language/qpdf-version.txt, programs/qualifications/content.numeric-language/qpdf-version.txt.stderr, programs/qualifications/content.numeric-language/qpdf.json, programs/qualifications/content.numeric-language/qpdf.json.stderr, programs/qualifications/content.numeric-language/result.properties, programs/qualifications/content.numeric-replacement/process.txt, programs/qualifications/content.numeric-replacement/qpdf-version.txt, programs/qualifications/content.numeric-replacement/qpdf-version.txt.stderr, programs/qualifications/content.numeric-replacement/qpdf.json, programs/qualifications/content.numeric-replacement/qpdf.json.stderr, programs/qualifications/content.numeric-replacement/result.properties, programs/qualifications/content.real-mcid/process.txt, programs/qualifications/content.real-mcid/qpdf-version.txt, programs/qualifications/content.real-mcid/qpdf-version.txt.stderr, programs/qualifications/content.real-mcid/qpdf.json, programs/qualifications/content.real-mcid/qpdf.json.stderr, programs/qualifications/content.real-mcid/result.properties, programs/qualifications/content.restore-inside-text/process.txt, programs/qualifications/content.restore-inside-text/qpdf-version.txt, programs/qualifications/content.restore-inside-text/qpdf-version.txt.stderr, programs/qualifications/content.restore-inside-text/qpdf.json, programs/qualifications/content.restore-inside-text/qpdf.json.stderr, programs/qualifications/content.restore-inside-text/result.properties, programs/qualifications/content.rgb-name/process.txt, programs/qualifications/content.rgb-name/qpdf-version.txt, programs/qualifications/content.rgb-name/qpdf-version.txt.stderr, programs/qualifications/content.rgb-name/qpdf.json, programs/qualifications/content.rgb-name/qpdf.json.stderr, programs/qualifications/content.rgb-name/result.properties, programs/qualifications/content.save-inside-text/process.txt, programs/qualifications/content.save-inside-text/qpdf-version.txt, programs/qualifications/content.save-inside-text/qpdf-version.txt.stderr, programs/qualifications/content.save-inside-text/qpdf.json, programs/qualifications/content.save-inside-text/qpdf.json.stderr, programs/qualifications/content.save-inside-text/result.properties, programs/qualifications/content.show-name/process.txt, programs/qualifications/content.show-name/qpdf-version.txt, programs/qualifications/content.show-name/qpdf-version.txt.stderr, programs/qualifications/content.show-name/qpdf.json, programs/qualifications/content.show-name/qpdf.json.stderr, programs/qualifications/content.show-name/result.properties, programs/qualifications/content.show-outside-text/process.txt, programs/qualifications/content.show-outside-text/qpdf-version.txt, programs/qualifications/content.show-outside-text/qpdf-version.txt.stderr, programs/qualifications/content.show-outside-text/qpdf.json, programs/qualifications/content.show-outside-text/qpdf.json.stderr, programs/qualifications/content.show-outside-text/result.properties, programs/qualifications/content.text-crosses-marked/process.txt, programs/qualifications/content.text-crosses-marked/qpdf-version.txt, programs/qualifications/content.text-crosses-marked/qpdf-version.txt.stderr, programs/qualifications/content.text-crosses-marked/qpdf.json, programs/qualifications/content.text-crosses-marked/qpdf.json.stderr, programs/qualifications/content.text-crosses-marked/result.properties, programs/qualifications/content.text-matrix-arity/process.txt, programs/qualifications/content.text-matrix-arity/qpdf-version.txt, programs/qualifications/content.text-matrix-arity/qpdf-version.txt.stderr, programs/qualifications/content.text-matrix-arity/qpdf.json, programs/qualifications/content.text-matrix-arity/qpdf.json.stderr, programs/qualifications/content.text-matrix-arity/result.properties, programs/qualifications/content.text-matrix-name/process.txt, programs/qualifications/content.text-matrix-name/qpdf-version.txt, programs/qualifications/content.text-matrix-name/qpdf-version.txt.stderr, programs/qualifications/content.text-matrix-name/qpdf.json, programs/qualifications/content.text-matrix-name/qpdf.json.stderr, programs/qualifications/content.text-matrix-name/result.properties, programs/qualifications/content.unmatched-text-end/process.txt, programs/qualifications/content.unmatched-text-end/qpdf-version.txt, programs/qualifications/content.unmatched-text-end/qpdf-version.txt.stderr, programs/qualifications/content.unmatched-text-end/qpdf.json, programs/qualifications/content.unmatched-text-end/qpdf.json.stderr, programs/qualifications/content.unmatched-text-end/result.properties, programs/qualifications/content.unterminated-text/process.txt, programs/qualifications/content.unterminated-text/qpdf-version.txt, programs/qualifications/content.unterminated-text/qpdf-version.txt.stderr, programs/qualifications/content.unterminated-text/qpdf.json, programs/qualifications/content.unterminated-text/qpdf.json.stderr, programs/qualifications/content.unterminated-text/result.properties, programs/qualifications/font-metrics.cid-cff-widths-array/process.txt, programs/qualifications/font-metrics.cid-cff-widths-array/qpdf-version.txt, programs/qualifications/font-metrics.cid-cff-widths-array/qpdf-version.txt.stderr, programs/qualifications/font-metrics.cid-cff-widths-array/qpdf.json, programs/qualifications/font-metrics.cid-cff-widths-array/qpdf.json.stderr, programs/qualifications/font-metrics.cid-cff-widths-array/result.properties, programs/qualifications/font-metrics.cid-cff-widths-default/process.txt, programs/qualifications/font-metrics.cid-cff-widths-default/qpdf-version.txt, programs/qualifications/font-metrics.cid-cff-widths-default/qpdf-version.txt.stderr, programs/qualifications/font-metrics.cid-cff-widths-default/qpdf.json, programs/qualifications/font-metrics.cid-cff-widths-default/qpdf.json.stderr, programs/qualifications/font-metrics.cid-cff-widths-default/result.properties, programs/qualifications/font-metrics.cid-cff-widths-range/process.txt, programs/qualifications/font-metrics.cid-cff-widths-range/qpdf-version.txt, programs/qualifications/font-metrics.cid-cff-widths-range/qpdf-version.txt.stderr, programs/qualifications/font-metrics.cid-cff-widths-range/qpdf.json, programs/qualifications/font-metrics.cid-cff-widths-range/qpdf.json.stderr, programs/qualifications/font-metrics.cid-cff-widths-range/result.properties, programs/qualifications/font-metrics.cid-truetype-widths-array/process.txt, programs/qualifications/font-metrics.cid-truetype-widths-array/qpdf-version.txt, programs/qualifications/font-metrics.cid-truetype-widths-array/qpdf-version.txt.stderr, programs/qualifications/font-metrics.cid-truetype-widths-array/qpdf.json, programs/qualifications/font-metrics.cid-truetype-widths-array/qpdf.json.stderr, programs/qualifications/font-metrics.cid-truetype-widths-array/result.properties, programs/qualifications/font-metrics.cid-truetype-widths-default/process.txt, programs/qualifications/font-metrics.cid-truetype-widths-default/qpdf-version.txt, programs/qualifications/font-metrics.cid-truetype-widths-default/qpdf-version.txt.stderr, programs/qualifications/font-metrics.cid-truetype-widths-default/qpdf.json, programs/qualifications/font-metrics.cid-truetype-widths-default/qpdf.json.stderr, programs/qualifications/font-metrics.cid-truetype-widths-default/result.properties, programs/qualifications/font-metrics.cid-truetype-widths-range/process.txt, programs/qualifications/font-metrics.cid-truetype-widths-range/qpdf-version.txt, programs/qualifications/font-metrics.cid-truetype-widths-range/qpdf-version.txt.stderr, programs/qualifications/font-metrics.cid-truetype-widths-range/qpdf.json, programs/qualifications/font-metrics.cid-truetype-widths-range/qpdf.json.stderr, programs/qualifications/font-metrics.cid-truetype-widths-range/result.properties, programs/qualifications/font-metrics.mmtype1-widths/process.txt, programs/qualifications/font-metrics.mmtype1-widths/qpdf-version.txt, programs/qualifications/font-metrics.mmtype1-widths/qpdf-version.txt.stderr, programs/qualifications/font-metrics.mmtype1-widths/qpdf.json, programs/qualifications/font-metrics.mmtype1-widths/qpdf.json.stderr, programs/qualifications/font-metrics.mmtype1-widths/result.properties, programs/qualifications/font-metrics.truetype-widths/process.txt, programs/qualifications/font-metrics.truetype-widths/qpdf-version.txt, programs/qualifications/font-metrics.truetype-widths/qpdf-version.txt.stderr, programs/qualifications/font-metrics.truetype-widths/qpdf.json, programs/qualifications/font-metrics.truetype-widths/qpdf.json.stderr, programs/qualifications/font-metrics.truetype-widths/result.properties, programs/qualifications/font-metrics.type1-widths/process.txt, programs/qualifications/font-metrics.type1-widths/qpdf-version.txt, programs/qualifications/font-metrics.type1-widths/qpdf-version.txt.stderr, programs/qualifications/font-metrics.type1-widths/qpdf.json, programs/qualifications/font-metrics.type1-widths/qpdf.json.stderr, programs/qualifications/font-metrics.type1-widths/result.properties, programs/qualifications/fonts.cff-as-cid/process.txt, programs/qualifications/fonts.cff-as-cid/qpdf-version.txt, programs/qualifications/fonts.cff-as-cid/qpdf-version.txt.stderr, programs/qualifications/fonts.cff-as-cid/qpdf.json, programs/qualifications/fonts.cff-as-cid/qpdf.json.stderr, programs/qualifications/fonts.cff-as-cid/result.properties, programs/qualifications/fonts.cff-descriptor-bounds/process.txt, programs/qualifications/fonts.cff-descriptor-bounds/qpdf-version.txt, programs/qualifications/fonts.cff-descriptor-bounds/qpdf-version.txt.stderr, programs/qualifications/fonts.cff-descriptor-bounds/qpdf.json, programs/qualifications/fonts.cff-descriptor-bounds/qpdf.json.stderr, programs/qualifications/fonts.cff-descriptor-bounds/result.properties, programs/qualifications/fonts.cff-first-offset-two/process.txt, programs/qualifications/fonts.cff-first-offset-two/qpdf-version.txt, programs/qualifications/fonts.cff-first-offset-two/qpdf-version.txt.stderr, programs/qualifications/fonts.cff-first-offset-two/qpdf.json, programs/qualifications/fonts.cff-first-offset-two/qpdf.json.stderr, programs/qualifications/fonts.cff-first-offset-two/result.properties, programs/qualifications/fonts.cff-first-offset-zero/process.txt, programs/qualifications/fonts.cff-first-offset-zero/qpdf-version.txt, programs/qualifications/fonts.cff-first-offset-zero/qpdf-version.txt.stderr, programs/qualifications/fonts.cff-first-offset-zero/qpdf.json, programs/qualifications/fonts.cff-first-offset-zero/qpdf.json.stderr, programs/qualifications/fonts.cff-first-offset-zero/result.properties, programs/qualifications/fonts.cff-glyph-first-offset-two/process.txt, programs/qualifications/fonts.cff-glyph-first-offset-two/qpdf-version.txt, programs/qualifications/fonts.cff-glyph-first-offset-two/qpdf-version.txt.stderr, programs/qualifications/fonts.cff-glyph-first-offset-two/qpdf.json, programs/qualifications/fonts.cff-glyph-first-offset-two/qpdf.json.stderr, programs/qualifications/fonts.cff-glyph-first-offset-two/result.properties, programs/qualifications/fonts.cff-header/process.txt, programs/qualifications/fonts.cff-header/qpdf-version.txt, programs/qualifications/fonts.cff-header/qpdf-version.txt.stderr, programs/qualifications/fonts.cff-header/qpdf.json, programs/qualifications/fonts.cff-header/qpdf.json.stderr, programs/qualifications/fonts.cff-header/result.properties, programs/qualifications/fonts.cff-last-offset-outside-file/process.txt, programs/qualifications/fonts.cff-last-offset-outside-file/qpdf-version.txt, programs/qualifications/fonts.cff-last-offset-outside-file/qpdf-version.txt.stderr, programs/qualifications/fonts.cff-last-offset-outside-file/qpdf.json, programs/qualifications/fonts.cff-last-offset-outside-file/qpdf.json.stderr, programs/qualifications/fonts.cff-last-offset-outside-file/result.properties, programs/qualifications/fonts.cff-missing-endchar/process.txt, programs/qualifications/fonts.cff-missing-endchar/qpdf-version.txt, programs/qualifications/fonts.cff-missing-endchar/qpdf-version.txt.stderr, programs/qualifications/fonts.cff-missing-endchar/qpdf.json, programs/qualifications/fonts.cff-missing-endchar/qpdf.json.stderr, programs/qualifications/fonts.cff-missing-endchar/result.properties, programs/qualifications/fonts.cff-missing-moveto/process.txt, programs/qualifications/fonts.cff-missing-moveto/qpdf-version.txt, programs/qualifications/fonts.cff-missing-moveto/qpdf-version.txt.stderr, programs/qualifications/fonts.cff-missing-moveto/qpdf.json, programs/qualifications/fonts.cff-missing-moveto/qpdf.json.stderr, programs/qualifications/fonts.cff-missing-moveto/result.properties, programs/qualifications/fonts.cff-program-name/process.txt, programs/qualifications/fonts.cff-program-name/qpdf-version.txt, programs/qualifications/fonts.cff-program-name/qpdf-version.txt.stderr, programs/qualifications/fonts.cff-program-name/qpdf.json, programs/qualifications/fonts.cff-program-name/qpdf.json.stderr, programs/qualifications/fonts.cff-program-name/result.properties, programs/qualifications/fonts.cff-topdict-count/process.txt, programs/qualifications/fonts.cff-topdict-count/qpdf-version.txt, programs/qualifications/fonts.cff-topdict-count/qpdf-version.txt.stderr, programs/qualifications/fonts.cff-topdict-count/qpdf.json, programs/qualifications/fonts.cff-topdict-count/qpdf.json.stderr, programs/qualifications/fonts.cff-topdict-count/result.properties, programs/qualifications/fonts.cff-wrong-moveto-arity/process.txt, programs/qualifications/fonts.cff-wrong-moveto-arity/qpdf-version.txt, programs/qualifications/fonts.cff-wrong-moveto-arity/qpdf-version.txt.stderr, programs/qualifications/fonts.cff-wrong-moveto-arity/qpdf.json, programs/qualifications/fonts.cff-wrong-moveto-arity/qpdf.json.stderr, programs/qualifications/fonts.cff-wrong-moveto-arity/result.properties, programs/qualifications/fonts.cid-as-cff/process.txt, programs/qualifications/fonts.cid-as-cff/qpdf-version.txt, programs/qualifications/fonts.cid-as-cff/qpdf-version.txt.stderr, programs/qualifications/fonts.cid-as-cff/qpdf.json, programs/qualifications/fonts.cid-as-cff/qpdf.json.stderr, programs/qualifications/fonts.cid-as-cff/result.properties, programs/qualifications/fonts.cid-cff-descriptor-bounds/process.txt, programs/qualifications/fonts.cid-cff-descriptor-bounds/qpdf-version.txt, programs/qualifications/fonts.cid-cff-descriptor-bounds/qpdf-version.txt.stderr, programs/qualifications/fonts.cid-cff-descriptor-bounds/qpdf.json, programs/qualifications/fonts.cid-cff-descriptor-bounds/qpdf.json.stderr, programs/qualifications/fonts.cid-cff-descriptor-bounds/result.properties, programs/qualifications/fonts.cid-cff-first-offset-two/process.txt, programs/qualifications/fonts.cid-cff-first-offset-two/qpdf-version.txt, programs/qualifications/fonts.cid-cff-first-offset-two/qpdf-version.txt.stderr, programs/qualifications/fonts.cid-cff-first-offset-two/qpdf.json, programs/qualifications/fonts.cid-cff-first-offset-two/qpdf.json.stderr, programs/qualifications/fonts.cid-cff-first-offset-two/result.properties, programs/qualifications/fonts.cid-cff-first-offset-zero/process.txt, programs/qualifications/fonts.cid-cff-first-offset-zero/qpdf-version.txt, programs/qualifications/fonts.cid-cff-first-offset-zero/qpdf-version.txt.stderr, programs/qualifications/fonts.cid-cff-first-offset-zero/qpdf.json, programs/qualifications/fonts.cid-cff-first-offset-zero/qpdf.json.stderr, programs/qualifications/fonts.cid-cff-first-offset-zero/result.properties, programs/qualifications/fonts.cid-cff-glyph-first-offset-two/process.txt, programs/qualifications/fonts.cid-cff-glyph-first-offset-two/qpdf-version.txt, programs/qualifications/fonts.cid-cff-glyph-first-offset-two/qpdf-version.txt.stderr, programs/qualifications/fonts.cid-cff-glyph-first-offset-two/qpdf.json, programs/qualifications/fonts.cid-cff-glyph-first-offset-two/qpdf.json.stderr, programs/qualifications/fonts.cid-cff-glyph-first-offset-two/result.properties, programs/qualifications/fonts.cid-cff-header/process.txt, programs/qualifications/fonts.cid-cff-header/qpdf-version.txt, programs/qualifications/fonts.cid-cff-header/qpdf-version.txt.stderr, programs/qualifications/fonts.cid-cff-header/qpdf.json, programs/qualifications/fonts.cid-cff-header/qpdf.json.stderr, programs/qualifications/fonts.cid-cff-header/result.properties, programs/qualifications/fonts.cid-cff-last-offset-outside-file/process.txt, programs/qualifications/fonts.cid-cff-last-offset-outside-file/qpdf-version.txt, programs/qualifications/fonts.cid-cff-last-offset-outside-file/qpdf-version.txt.stderr, programs/qualifications/fonts.cid-cff-last-offset-outside-file/qpdf.json, programs/qualifications/fonts.cid-cff-last-offset-outside-file/qpdf.json.stderr, programs/qualifications/fonts.cid-cff-last-offset-outside-file/result.properties, programs/qualifications/fonts.cid-cff-missing-endchar/process.txt, programs/qualifications/fonts.cid-cff-missing-endchar/qpdf-version.txt, programs/qualifications/fonts.cid-cff-missing-endchar/qpdf-version.txt.stderr, programs/qualifications/fonts.cid-cff-missing-endchar/qpdf.json, programs/qualifications/fonts.cid-cff-missing-endchar/qpdf.json.stderr, programs/qualifications/fonts.cid-cff-missing-endchar/result.properties, programs/qualifications/fonts.cid-cff-missing-fdarray/process.txt, programs/qualifications/fonts.cid-cff-missing-fdarray/qpdf-version.txt, programs/qualifications/fonts.cid-cff-missing-fdarray/qpdf-version.txt.stderr, programs/qualifications/fonts.cid-cff-missing-fdarray/qpdf.json, programs/qualifications/fonts.cid-cff-missing-fdarray/qpdf.json.stderr, programs/qualifications/fonts.cid-cff-missing-fdarray/result.properties, programs/qualifications/fonts.cid-cff-missing-fdselect/process.txt, programs/qualifications/fonts.cid-cff-missing-fdselect/qpdf-version.txt, programs/qualifications/fonts.cid-cff-missing-fdselect/qpdf-version.txt.stderr, programs/qualifications/fonts.cid-cff-missing-fdselect/qpdf.json, programs/qualifications/fonts.cid-cff-missing-fdselect/qpdf.json.stderr, programs/qualifications/fonts.cid-cff-missing-fdselect/result.properties, programs/qualifications/fonts.cid-cff-missing-moveto/process.txt, programs/qualifications/fonts.cid-cff-missing-moveto/qpdf-version.txt, programs/qualifications/fonts.cid-cff-missing-moveto/qpdf-version.txt.stderr, programs/qualifications/fonts.cid-cff-missing-moveto/qpdf.json, programs/qualifications/fonts.cid-cff-missing-moveto/qpdf.json.stderr, programs/qualifications/fonts.cid-cff-missing-moveto/result.properties, programs/qualifications/fonts.cid-cff-program-name/process.txt, programs/qualifications/fonts.cid-cff-program-name/qpdf-version.txt, programs/qualifications/fonts.cid-cff-program-name/qpdf-version.txt.stderr, programs/qualifications/fonts.cid-cff-program-name/qpdf.json, programs/qualifications/fonts.cid-cff-program-name/qpdf.json.stderr, programs/qualifications/fonts.cid-cff-program-name/result.properties, programs/qualifications/fonts.cid-cff-topdict-count/process.txt, programs/qualifications/fonts.cid-cff-topdict-count/qpdf-version.txt, programs/qualifications/fonts.cid-cff-topdict-count/qpdf-version.txt.stderr, programs/qualifications/fonts.cid-cff-topdict-count/qpdf.json, programs/qualifications/fonts.cid-cff-topdict-count/qpdf.json.stderr, programs/qualifications/fonts.cid-cff-topdict-count/result.properties, programs/qualifications/fonts.cid-cff-wrong-moveto-arity/process.txt, programs/qualifications/fonts.cid-cff-wrong-moveto-arity/qpdf-version.txt, programs/qualifications/fonts.cid-cff-wrong-moveto-arity/qpdf-version.txt.stderr, programs/qualifications/fonts.cid-cff-wrong-moveto-arity/qpdf.json, programs/qualifications/fonts.cid-cff-wrong-moveto-arity/qpdf.json.stderr, programs/qualifications/fonts.cid-cff-wrong-moveto-arity/result.properties, programs/qualifications/fonts.cid-truetype-descriptor-bounds/process.txt, programs/qualifications/fonts.cid-truetype-descriptor-bounds/qpdf-version.txt, programs/qualifications/fonts.cid-truetype-descriptor-bounds/qpdf-version.txt.stderr, programs/qualifications/fonts.cid-truetype-descriptor-bounds/qpdf.json, programs/qualifications/fonts.cid-truetype-descriptor-bounds/qpdf.json.stderr, programs/qualifications/fonts.cid-truetype-descriptor-bounds/result.properties, programs/qualifications/fonts.truetype-decoded-length/process.txt, programs/qualifications/fonts.truetype-decoded-length/qpdf-version.txt, programs/qualifications/fonts.truetype-decoded-length/qpdf-version.txt.stderr, programs/qualifications/fonts.truetype-decoded-length/qpdf.json, programs/qualifications/fonts.truetype-decoded-length/qpdf.json.stderr, programs/qualifications/fonts.truetype-decoded-length/result.properties, programs/qualifications/fonts.truetype-descriptor-bounds/process.txt, programs/qualifications/fonts.truetype-descriptor-bounds/qpdf-version.txt, programs/qualifications/fonts.truetype-descriptor-bounds/qpdf-version.txt.stderr, programs/qualifications/fonts.truetype-descriptor-bounds/qpdf.json, programs/qualifications/fonts.truetype-descriptor-bounds/qpdf.json.stderr, programs/qualifications/fonts.truetype-descriptor-bounds/result.properties, programs/qualifications/fonts.truetype-entry-selector/process.txt, programs/qualifications/fonts.truetype-entry-selector/qpdf-version.txt, programs/qualifications/fonts.truetype-entry-selector/qpdf-version.txt.stderr, programs/qualifications/fonts.truetype-entry-selector/qpdf.json, programs/qualifications/fonts.truetype-entry-selector/qpdf.json.stderr, programs/qualifications/fonts.truetype-entry-selector/result.properties, programs/qualifications/fonts.truetype-glyph-bounds/process.txt, programs/qualifications/fonts.truetype-glyph-bounds/qpdf-version.txt, programs/qualifications/fonts.truetype-glyph-bounds/qpdf-version.txt.stderr, programs/qualifications/fonts.truetype-glyph-bounds/qpdf.json, programs/qualifications/fonts.truetype-glyph-bounds/qpdf.json.stderr, programs/qualifications/fonts.truetype-glyph-bounds/result.properties, programs/qualifications/fonts.truetype-header/process.txt, programs/qualifications/fonts.truetype-header/qpdf-version.txt, programs/qualifications/fonts.truetype-header/qpdf-version.txt.stderr, programs/qualifications/fonts.truetype-header/qpdf.json, programs/qualifications/fonts.truetype-header/qpdf.json.stderr, programs/qualifications/fonts.truetype-header/result.properties, programs/qualifications/fonts.truetype-nonzero-padding/process.txt, programs/qualifications/fonts.truetype-nonzero-padding/qpdf-version.txt, programs/qualifications/fonts.truetype-nonzero-padding/qpdf-version.txt.stderr, programs/qualifications/fonts.truetype-nonzero-padding/qpdf.json, programs/qualifications/fonts.truetype-nonzero-padding/qpdf.json.stderr, programs/qualifications/fonts.truetype-nonzero-padding/result.properties, programs/qualifications/fonts.truetype-program-name/process.txt, programs/qualifications/fonts.truetype-program-name/qpdf-version.txt, programs/qualifications/fonts.truetype-program-name/qpdf-version.txt.stderr, programs/qualifications/fonts.truetype-program-name/qpdf.json, programs/qualifications/fonts.truetype-program-name/qpdf.json.stderr, programs/qualifications/fonts.truetype-program-name/result.properties, programs/qualifications/fonts.truetype-range-shift/process.txt, programs/qualifications/fonts.truetype-range-shift/qpdf-version.txt, programs/qualifications/fonts.truetype-range-shift/qpdf-version.txt.stderr, programs/qualifications/fonts.truetype-range-shift/qpdf.json, programs/qualifications/fonts.truetype-range-shift/qpdf.json.stderr, programs/qualifications/fonts.truetype-range-shift/result.properties, programs/qualifications/fonts.truetype-search-range/process.txt, programs/qualifications/fonts.truetype-search-range/qpdf-version.txt, programs/qualifications/fonts.truetype-search-range/qpdf-version.txt.stderr, programs/qualifications/fonts.truetype-search-range/qpdf.json, programs/qualifications/fonts.truetype-search-range/qpdf.json.stderr, programs/qualifications/fonts.truetype-search-range/result.properties, programs/qualifications/fonts.truetype-table-checksum/process.txt, programs/qualifications/fonts.truetype-table-checksum/qpdf-version.txt, programs/qualifications/fonts.truetype-table-checksum/qpdf-version.txt.stderr, programs/qualifications/fonts.truetype-table-checksum/qpdf.json, programs/qualifications/fonts.truetype-table-checksum/qpdf.json.stderr, programs/qualifications/fonts.truetype-table-checksum/result.properties, programs/qualifications/fonts.truetype-table-order/process.txt, programs/qualifications/fonts.truetype-table-order/qpdf-version.txt, programs/qualifications/fonts.truetype-table-order/qpdf-version.txt.stderr, programs/qualifications/fonts.truetype-table-order/qpdf.json, programs/qualifications/fonts.truetype-table-order/qpdf.json.stderr, programs/qualifications/fonts.truetype-table-order/result.properties, programs/qualifications/fonts.truetype-table-outside-file/process.txt, programs/qualifications/fonts.truetype-table-outside-file/qpdf-version.txt, programs/qualifications/fonts.truetype-table-outside-file/qpdf-version.txt.stderr, programs/qualifications/fonts.truetype-table-outside-file/qpdf.json, programs/qualifications/fonts.truetype-table-outside-file/qpdf.json.stderr, programs/qualifications/fonts.truetype-table-outside-file/result.properties, programs/qualifications/fonts.truetype-table-tag/process.txt, programs/qualifications/fonts.truetype-table-tag/qpdf-version.txt, programs/qualifications/fonts.truetype-table-tag/qpdf-version.txt.stderr, programs/qualifications/fonts.truetype-table-tag/qpdf.json, programs/qualifications/fonts.truetype-table-tag/qpdf.json.stderr, programs/qualifications/fonts.truetype-table-tag/result.properties, programs/qualifications/fonts.truetype-unaligned-table/process.txt, programs/qualifications/fonts.truetype-unaligned-table/qpdf-version.txt, programs/qualifications/fonts.truetype-unaligned-table/qpdf-version.txt.stderr, programs/qualifications/fonts.truetype-unaligned-table/qpdf.json, programs/qualifications/fonts.truetype-unaligned-table/qpdf.json.stderr, programs/qualifications/fonts.truetype-unaligned-table/result.properties, programs/qualifications/fonts.truetype-units-per-em-0/process.txt, programs/qualifications/fonts.truetype-units-per-em-0/qpdf-version.txt, programs/qualifications/fonts.truetype-units-per-em-0/qpdf-version.txt.stderr, programs/qualifications/fonts.truetype-units-per-em-0/qpdf.json, programs/qualifications/fonts.truetype-units-per-em-0/qpdf.json.stderr, programs/qualifications/fonts.truetype-units-per-em-0/result.properties, programs/qualifications/fonts.truetype-units-per-em-15/process.txt, programs/qualifications/fonts.truetype-units-per-em-15/qpdf-version.txt, programs/qualifications/fonts.truetype-units-per-em-15/qpdf-version.txt.stderr, programs/qualifications/fonts.truetype-units-per-em-15/qpdf.json, programs/qualifications/fonts.truetype-units-per-em-15/qpdf.json.stderr, programs/qualifications/fonts.truetype-units-per-em-15/result.properties, programs/qualifications/fonts.truetype-units-per-em-16385/process.txt, programs/qualifications/fonts.truetype-units-per-em-16385/qpdf-version.txt, programs/qualifications/fonts.truetype-units-per-em-16385/qpdf-version.txt.stderr, programs/qualifications/fonts.truetype-units-per-em-16385/qpdf.json, programs/qualifications/fonts.truetype-units-per-em-16385/qpdf.json.stderr, programs/qualifications/fonts.truetype-units-per-em-16385/result.properties, programs/qualifications/fonts.truetype-whole-checksum/process.txt, programs/qualifications/fonts.truetype-whole-checksum/qpdf-version.txt, programs/qualifications/fonts.truetype-whole-checksum/qpdf-version.txt.stderr, programs/qualifications/fonts.truetype-whole-checksum/qpdf.json, programs/qualifications/fonts.truetype-whole-checksum/qpdf.json.stderr, programs/qualifications/fonts.truetype-whole-checksum/result.properties, programs/qualifications/structure-content.content-annotation-page/process.txt, programs/qualifications/structure-content.content-annotation-page/qpdf-version.txt, programs/qualifications/structure-content.content-annotation-page/qpdf-version.txt.stderr, programs/qualifications/structure-content.content-annotation-page/qpdf.json, programs/qualifications/structure-content.content-annotation-page/qpdf.json.stderr, programs/qualifications/structure-content.content-annotation-page/result.properties, programs/qualifications/structure-content.content-both-parent-keys/process.txt, programs/qualifications/structure-content.content-both-parent-keys/qpdf-version.txt, programs/qualifications/structure-content.content-both-parent-keys/qpdf-version.txt.stderr, programs/qualifications/structure-content.content-both-parent-keys/qpdf.json, programs/qualifications/structure-content.content-both-parent-keys/qpdf.json.stderr, programs/qualifications/structure-content.content-both-parent-keys/result.properties, programs/qualifications/structure-content.content-direct-object/process.txt, programs/qualifications/structure-content.content-direct-object/qpdf-version.txt, programs/qualifications/structure-content.content-direct-object/qpdf-version.txt.stderr, programs/qualifications/structure-content.content-direct-object/qpdf.json, programs/qualifications/structure-content.content-direct-object/qpdf.json.stderr, programs/qualifications/structure-content.content-direct-object/result.properties, programs/qualifications/structure-content.content-form-parent/process.txt, programs/qualifications/structure-content.content-form-parent/qpdf-version.txt, programs/qualifications/structure-content.content-form-parent/qpdf-version.txt.stderr, programs/qualifications/structure-content.content-form-parent/qpdf.json, programs/qualifications/structure-content.content-form-parent/qpdf.json.stderr, programs/qualifications/structure-content.content-form-parent/result.properties, programs/qualifications/structure-content.content-missing-form-mcid/process.txt, programs/qualifications/structure-content.content-missing-form-mcid/qpdf-version.txt, programs/qualifications/structure-content.content-missing-form-mcid/qpdf-version.txt.stderr, programs/qualifications/structure-content.content-missing-form-mcid/qpdf.json, programs/qualifications/structure-content.content-missing-form-mcid/qpdf.json.stderr, programs/qualifications/structure-content.content-missing-form-mcid/result.properties, programs/qualifications/structure-content.content-missing-page-mcid/process.txt, programs/qualifications/structure-content.content-missing-page-mcid/qpdf-version.txt, programs/qualifications/structure-content.content-missing-page-mcid/qpdf-version.txt.stderr, programs/qualifications/structure-content.content-missing-page-mcid/qpdf.json, programs/qualifications/structure-content.content-missing-page-mcid/qpdf.json.stderr, programs/qualifications/structure-content.content-missing-page-mcid/result.properties, programs/qualifications/structure-content.content-object-parent/process.txt, programs/qualifications/structure-content.content-object-parent/qpdf-version.txt, programs/qualifications/structure-content.content-object-parent/qpdf-version.txt.stderr, programs/qualifications/structure-content.content-object-parent/qpdf.json, programs/qualifications/structure-content.content-object-parent/qpdf.json.stderr, programs/qualifications/structure-content.content-object-parent/result.properties, programs/qualifications/structure-content.content-page-key/process.txt, programs/qualifications/structure-content.content-page-key/qpdf-version.txt, programs/qualifications/structure-content.content-page-key/qpdf-version.txt.stderr, programs/qualifications/structure-content.content-page-key/qpdf.json, programs/qualifications/structure-content.content-page-key/qpdf.json.stderr, programs/qualifications/structure-content.content-page-key/result.properties, programs/qualifications/structure-hierarchy.missing-role/process.txt, programs/qualifications/structure-hierarchy.missing-role/qpdf-version.txt, programs/qualifications/structure-hierarchy.missing-role/qpdf-version.txt.stderr, programs/qualifications/structure-hierarchy.missing-role/qpdf.json, programs/qualifications/structure-hierarchy.missing-role/qpdf.json.stderr, programs/qualifications/structure-hierarchy.missing-role/result.properties, programs/qualifications/structure-hierarchy.parent-backlink/process.txt, programs/qualifications/structure-hierarchy.parent-backlink/qpdf-version.txt, programs/qualifications/structure-hierarchy.parent-backlink/qpdf-version.txt.stderr, programs/qualifications/structure-hierarchy.parent-backlink/qpdf.json, programs/qualifications/structure-hierarchy.parent-backlink/qpdf.json.stderr, programs/qualifications/structure-hierarchy.parent-backlink/result.properties, programs/qualifications/structure-hierarchy.root-content-child/process.txt, programs/qualifications/structure-hierarchy.root-content-child/qpdf-version.txt, programs/qualifications/structure-hierarchy.root-content-child/qpdf-version.txt.stderr, programs/qualifications/structure-hierarchy.root-content-child/qpdf.json, programs/qualifications/structure-hierarchy.root-content-child/qpdf.json.stderr, programs/qualifications/structure-hierarchy.root-content-child/result.properties, programs/qualifications/structure-hierarchy.root-type/process.txt, programs/qualifications/structure-hierarchy.root-type/qpdf-version.txt, programs/qualifications/structure-hierarchy.root-type/qpdf-version.txt.stderr, programs/qualifications/structure-hierarchy.root-type/qpdf.json, programs/qualifications/structure-hierarchy.root-type/qpdf.json.stderr, programs/qualifications/structure-hierarchy.root-type/result.properties, programs/qualifications/structure-hierarchy.shared-child/process.txt, programs/qualifications/structure-hierarchy.shared-child/qpdf-version.txt, programs/qualifications/structure-hierarchy.shared-child/qpdf-version.txt.stderr, programs/qualifications/structure-hierarchy.shared-child/qpdf.json, programs/qualifications/structure-hierarchy.shared-child/qpdf.json.stderr, programs/qualifications/structure-hierarchy.shared-child/result.properties, programs/qualifications/structure-hierarchy.text-actual-name/process.txt, programs/qualifications/structure-hierarchy.text-actual-name/qpdf-version.txt, programs/qualifications/structure-hierarchy.text-actual-name/qpdf-version.txt.stderr, programs/qualifications/structure-hierarchy.text-actual-name/qpdf.json, programs/qualifications/structure-hierarchy.text-actual-name/qpdf.json.stderr, programs/qualifications/structure-hierarchy.text-actual-name/result.properties, programs/qualifications/structure-hierarchy.text-language-name/process.txt, programs/qualifications/structure-hierarchy.text-language-name/qpdf-version.txt, programs/qualifications/structure-hierarchy.text-language-name/qpdf-version.txt.stderr, programs/qualifications/structure-hierarchy.text-language-name/qpdf.json, programs/qualifications/structure-hierarchy.text-language-name/qpdf.json.stderr, programs/qualifications/structure-hierarchy.text-language-name/result.properties, programs/qualifications/structure-namespaces.namespace-direct-target/process.txt, programs/qualifications/structure-namespaces.namespace-direct-target/qpdf-version.txt, programs/qualifications/structure-namespaces.namespace-direct-target/qpdf-version.txt.stderr, programs/qualifications/structure-namespaces.namespace-direct-target/qpdf.json, programs/qualifications/structure-namespaces.namespace-direct-target/qpdf.json.stderr, programs/qualifications/structure-namespaces.namespace-direct-target/result.properties, programs/qualifications/structure-namespaces.namespace-mapping-type/process.txt, programs/qualifications/structure-namespaces.namespace-mapping-type/qpdf-version.txt, programs/qualifications/structure-namespaces.namespace-mapping-type/qpdf-version.txt.stderr, programs/qualifications/structure-namespaces.namespace-mapping-type/qpdf.json, programs/qualifications/structure-namespaces.namespace-mapping-type/qpdf.json.stderr, programs/qualifications/structure-namespaces.namespace-mapping-type/result.properties, programs/qualifications/structure-namespaces.namespace-name-type/process.txt, programs/qualifications/structure-namespaces.namespace-name-type/qpdf-version.txt, programs/qualifications/structure-namespaces.namespace-name-type/qpdf-version.txt.stderr, programs/qualifications/structure-namespaces.namespace-name-type/qpdf.json, programs/qualifications/structure-namespaces.namespace-name-type/qpdf.json.stderr, programs/qualifications/structure-namespaces.namespace-name-type/result.properties, programs/qualifications/structure-namespaces.namespace-unlisted/process.txt, programs/qualifications/structure-namespaces.namespace-unlisted/qpdf-version.txt, programs/qualifications/structure-namespaces.namespace-unlisted/qpdf-version.txt.stderr, programs/qualifications/structure-namespaces.namespace-unlisted/qpdf.json, programs/qualifications/structure-namespaces.namespace-unlisted/qpdf.json.stderr, programs/qualifications/structure-namespaces.namespace-unlisted/result.properties, programs/qualifications/structure-parent-tree.parent-key-order/process.txt, programs/qualifications/structure-parent-tree.parent-key-order/qpdf-version.txt, programs/qualifications/structure-parent-tree.parent-key-order/qpdf-version.txt.stderr, programs/qualifications/structure-parent-tree.parent-key-order/qpdf.json, programs/qualifications/structure-parent-tree.parent-key-order/qpdf.json.stderr, programs/qualifications/structure-parent-tree.parent-key-order/result.properties, programs/qualifications/structure-parent-tree.parent-key-type/process.txt, programs/qualifications/structure-parent-tree.parent-key-type/qpdf-version.txt, programs/qualifications/structure-parent-tree.parent-key-type/qpdf-version.txt.stderr, programs/qualifications/structure-parent-tree.parent-key-type/qpdf.json, programs/qualifications/structure-parent-tree.parent-key-type/qpdf.json.stderr, programs/qualifications/structure-parent-tree.parent-key-type/result.properties, programs/qualifications/structure-parent-tree.parent-next-key/process.txt, programs/qualifications/structure-parent-tree.parent-next-key/qpdf-version.txt, programs/qualifications/structure-parent-tree.parent-next-key/qpdf-version.txt.stderr, programs/qualifications/structure-parent-tree.parent-next-key/qpdf.json, programs/qualifications/structure-parent-tree.parent-next-key/qpdf.json.stderr, programs/qualifications/structure-parent-tree.parent-next-key/result.properties, programs/qualifications/structure-parent-tree.parent-nonstructural-value/process.txt, programs/qualifications/structure-parent-tree.parent-nonstructural-value/qpdf-version.txt, programs/qualifications/structure-parent-tree.parent-nonstructural-value/qpdf-version.txt.stderr, programs/qualifications/structure-parent-tree.parent-nonstructural-value/qpdf.json, programs/qualifications/structure-parent-tree.parent-nonstructural-value/qpdf.json.stderr, programs/qualifications/structure-parent-tree.parent-nonstructural-value/result.properties, programs/result.properties, programs/retained-files.sha256, semantic/result.properties, syntax/result.properties, visual/result.properties]>
	at org.junit.Assert.fail(Assert.java:89)
	at org.junit.Assert.failNotEquals(Assert.java:835)
	at org.junit.Assert.assertEquals(Assert.java:120)
	at net.zerocloud.pdf.acceptance.T13EvidenceCommandTest.requireCompleteRetainedManifest(T13EvidenceCommandTest.java:78)
	at net.zerocloud.pdf.acceptance.T13EvidenceCommandTest.observesFourIndependentChainsForTheExactExtractionProduct(T13EvidenceCommandTest.java:183)
	at java.base/jdk.internal.reflect.NativeMethodAccessorImpl.invoke0(Native Method)
	at java.base/jdk.internal.reflect.NativeMethodAccessorImpl.invoke(NativeMethodAccessorImpl.java:77)
	at java.base/jdk.internal.reflect.DelegatingMethodAccessorImpl.invoke(DelegatingMethodAccessorImpl.java:43)
	at java.base/java.lang.reflect.Method.invoke(Method.java:568)
	at org.junit.runners.model.FrameworkMethod$1.runReflectiveCall(FrameworkMethod.java:59)
	at org.junit.internal.runners.model.ReflectiveCallable.run(ReflectiveCallable.java:12)
	at org.junit.runners.model.FrameworkMethod.invokeExplosively(FrameworkMethod.java:56)
	at org.junit.internal.runners.statements.InvokeMethod.evaluate(InvokeMethod.java:17)
	at org.junit.rules.ExternalResource$1.evaluate(ExternalResource.java:54)
	at org.junit.runners.ParentRunner$3.evaluate(ParentRunner.java:306)
	at org.junit.runners.BlockJUnit4ClassRunner$1.evaluate(BlockJUnit4ClassRunner.java:100)
	at org.junit.runners.ParentRunner.runLeaf(ParentRunner.java:366)
	at org.junit.runners.BlockJUnit4ClassRunner.runChild(BlockJUnit4ClassRunner.java:103)
	at org.junit.runners.BlockJUnit4ClassRunner.runChild(BlockJUnit4ClassRunner.java:63)
	at org.junit.runners.ParentRunner$4.run(ParentRunner.java:331)
	at org.junit.runners.ParentRunner$1.schedule(ParentRunner.java:79)
	at org.junit.runners.ParentRunner.runChildren(ParentRunner.java:329)
	at org.junit.runners.ParentRunner.access$100(ParentRunner.java:66)
	at org.junit.runners.ParentRunner$2.evaluate(ParentRunner.java:293)
	at org.junit.runners.ParentRunner$3.evaluate(ParentRunner.java:306)
	at org.junit.runners.ParentRunner.run(ParentRunner.java:413)
	at org.apache.maven.surefire.junit4.JUnit4Provider.execute(JUnit4Provider.java:316)
	at org.apache.maven.surefire.junit4.JUnit4Provider.executeWithRerun(JUnit4Provider.java:240)
	at org.apache.maven.surefire.junit4.JUnit4Provider.executeTestSet(JUnit4Provider.java:214)
	at org.apache.maven.surefire.junit4.JUnit4Provider.invoke(JUnit4Provider.java:155)
	at org.apache.maven.surefire.booter.ForkedBooter.runSuitesInProcess(ForkedBooter.java:385)
	at org.apache.maven.surefire.booter.ForkedBooter.execute(ForkedBooter.java:162)
	at org.apache.maven.surefire.booter.ForkedBooter.run(ForkedBooter.java:507)
	at org.apache.maven.surefire.booter.ForkedBooter.main(ForkedBooter.java:495)

[INFO] 
[INFO] Results:
[INFO] 
[ERROR] Failures: 
[ERROR]   T13EvidenceCommandTest.observesFourIndependentChainsForTheExactExtractionProduct:183->requireCompleteRetainedManifest:78 Every retained artifact must be bound before aggregation expected:<[declarations/arlington-cid/control-cid0-basefont-name.pdf, declarations/arlington-cid/control-cid0-basefont-required.pdf, declarations/arlington-cid/control-cid0-descriptor-dictionary.pdf, declarations/arlington-cid/control-cid0-descriptor-required.pdf, declarations/arlington-cid/control-cid0-dw-number.pdf, declarations/arlington-cid/control-cid0-dw2-array.pdf, declarations/arlington-cid/control-cid0-dw2-cardinality.pdf, declarations/arlington-cid/control-cid0-dw2-numbers.pdf, declarations/arlington-cid/control-cid0-ordering-required.pdf, declarations/arlington-cid/control-cid0-ordering-string.pdf, declarations/arlington-cid/control-cid0-registry-required.pdf, declarations/arlington-cid/control-cid0-registry-string.pdf, declarations/arlington-cid/control-cid0-ros-dictionary.pdf, declarations/arlington-cid/control-cid0-ros-required.pdf, declarations/arlington-cid/control-cid0-supplement-integer.pdf, declarations/arlington-cid/control-cid0-supplement-required.pdf, declarations/arlington-cid/control-cid0-w-array.pdf, declarations/arlington-cid/control-cid0-w-numbers.pdf, declarations/arlington-cid/control-cid0-w2-array.pdf, declarations/arlington-cid/control-cid0-w2-numbers.pdf, declarations/arlington-cid/control-cid2-basefont-name.pdf, declarations/arlington-cid/control-cid2-basefont-required.pdf, declarations/arlington-cid/control-cid2-descriptor-dictionary.pdf, declarations/arlington-cid/control-cid2-descriptor-required.pdf, declarations/arlington-cid/control-cid2-dw-number.pdf, declarations/arlington-cid/control-cid2-dw2-array.pdf, declarations/arlington-cid/control-cid2-dw2-cardinality.pdf, declarations/arlington-cid/control-cid2-dw2-numbers.pdf, declarations/arlington-cid/control-cid2-map-name.pdf, declarations/arlington-cid/control-cid2-map-type.pdf, declarations/arlington-cid/control-cid2-ordering-required.pdf, declarations/arlington-cid/control-cid2-ordering-string.pdf, declarations/arlington-cid/control-cid2-registry-required.pdf, declarations/arlington-cid/control-cid2-registry-string.pdf, declarations/arlington-cid/control-cid2-ros-dictionary.pdf, declarations/arlington-cid/control-cid2-ros-required.pdf, declarations/arlington-cid/control-cid2-supplement-integer.pdf, declarations/arlington-cid/control-cid2-supplement-required.pdf, declarations/arlington-cid/control-cid2-w-array.pdf, declarations/arlington-cid/control-cid2-w-numbers.pdf, declarations/arlington-cid/control-cid2-w2-array.pdf, declarations/arlington-cid/control-cid2-w2-numbers.pdf, declarations/arlington-cid/control-type0-basefont-name.pdf, declarations/arlington-cid/control-type0-basefont-required.pdf, declarations/arlington-cid/control-type0-descendants-array.pdf, declarations/arlington-cid/control-type0-descendants-nonempty.pdf, declarations/arlington-cid/control-type0-descendants-required.pdf, declarations/arlington-cid/control-type0-encoding-required.pdf, declarations/arlington-cid/control-type0-encoding-type.pdf, declarations/arlington-cid/control-type0-tounicode-stream.pdf, declarations/arlington-cid/findings.txt, declarations/arlington-cid/negative-cid0-basefont-name.txt, declarations/arlington-cid/negative-cid0-basefont-required.txt, declarations/arlington-cid/negative-cid0-descriptor-dictionary.txt, declarations/arlington-cid/negative-cid0-descriptor-required.txt, declarations/arlington-cid/negative-cid0-dw-number.txt, declarations/arlington-cid/negative-cid0-dw2-array.txt, declarations/arlington-cid/negative-cid0-dw2-cardinality.txt, declarations/arlington-cid/negative-cid0-dw2-numbers.txt, declarations/arlington-cid/negative-cid0-ordering-required.txt, declarations/arlington-cid/negative-cid0-ordering-string.txt, declarations/arlington-cid/negative-cid0-registry-required.txt, declarations/arlington-cid/negative-cid0-registry-string.txt, declarations/arlington-cid/negative-cid0-ros-dictionary.txt, declarations/arlington-cid/negative-cid0-ros-required.txt, declarations/arlington-cid/negative-cid0-supplement-integer.txt, declarations/arlington-cid/negative-cid0-supplement-required.txt, declarations/arlington-cid/negative-cid0-w-array.txt, declarations/arlington-cid/negative-cid0-w-numbers.txt, declarations/arlington-cid/negative-cid0-w2-array.txt, declarations/arlington-cid/negative-cid0-w2-numbers.txt, declarations/arlington-cid/negative-cid2-basefont-name.txt, declarations/arlington-cid/negative-cid2-basefont-required.txt, declarations/arlington-cid/negative-cid2-descriptor-dictionary.txt, declarations/arlington-cid/negative-cid2-descriptor-required.txt, declarations/arlington-cid/negative-cid2-dw-number.txt, declarations/arlington-cid/negative-cid2-dw2-array.txt, declarations/arlington-cid/negative-cid2-dw2-cardinality.txt, declarations/arlington-cid/negative-cid2-dw2-numbers.txt, declarations/arlington-cid/negative-cid2-map-name.txt, declarations/arlington-cid/negative-cid2-map-type.txt, declarations/arlington-cid/negative-cid2-ordering-required.txt, declarations/arlington-cid/negative-cid2-ordering-string.txt, declarations/arlington-cid/negative-cid2-registry-required.txt, declarations/arlington-cid/negative-cid2-registry-string.txt, declarations/arlington-cid/negative-cid2-ros-dictionary.txt, declarations/arlington-cid/negative-cid2-ros-required.txt, declarations/arlington-cid/negative-cid2-supplement-integer.txt, declarations/arlington-cid/negative-cid2-supplement-required.txt, declarations/arlington-cid/negative-cid2-w-array.txt, declarations/arlington-cid/negative-cid2-w-numbers.txt, declarations/arlington-cid/negative-cid2-w2-array.txt, declarations/arlington-cid/negative-cid2-w2-numbers.txt, declarations/arlington-cid/negative-type0-basefont-name.txt, declarations/arlington-cid/negative-type0-basefont-required.txt, declarations/arlington-cid/negative-type0-descendants-array.txt, declarations/arlington-cid/negative-type0-descendants-nonempty.txt, declarations/arlington-cid/negative-type0-descendants-required.txt, declarations/arlington-cid/negative-type0-encoding-required.txt, declarations/arlington-cid/negative-type0-encoding-type.txt, declarations/arlington-cid/negative-type0-tounicode-stream.txt, declarations/arlington-cid/standards.properties, declarations/arlington-cmaps/control-cmap-encoding-name-name.pdf, declarations/arlington-cmaps/control-cmap-encoding-name-required.pdf, declarations/arlington-cmaps/control-cmap-encoding-parent-type.pdf, declarations/arlington-cmaps/control-cmap-encoding-ros-dictionary.pdf, declarations/arlington-cmaps/control-cmap-encoding-ros-required.pdf, declarations/arlington-cmaps/control-cmap-encoding-type-name.pdf, declarations/arlington-cmaps/control-cmap-encoding-type-required.pdf, declarations/arlington-cmaps/control-cmap-encoding-type-value.pdf, declarations/arlington-cmaps/control-cmap-encoding-wmode-integer.pdf, declarations/arlington-cmaps/control-cmap-encoding-wmode-value.pdf, declarations/arlington-cmaps/control-cmap-unicode-name-name.pdf, declarations/arlington-cmaps/control-cmap-unicode-parent-type.pdf, declarations/arlington-cmaps/control-cmap-unicode-ros-dictionary.pdf, declarations/arlington-cmaps/control-cmap-unicode-type-name.pdf, declarations/arlington-cmaps/control-cmap-unicode-type-value.pdf, declarations/arlington-cmaps/control-cmap-unicode-wmode-integer.pdf, declarations/arlington-cmaps/control-cmap-unicode-wmode-value.pdf, declarations/arlington-cmaps/findings.txt, declarations/arlington-cmaps/negative-cmap-encoding-name-name.txt, declarations/arlington-cmaps/negative-cmap-encoding-name-required.txt, declarations/arlington-cmaps/negative-cmap-encoding-parent-type.txt, declarations/arlington-cmaps/negative-cmap-encoding-ros-dictionary.txt, declarations/arlington-cmaps/negative-cmap-encoding-ros-required.txt, declarations/arlington-cmaps/negative-cmap-encoding-type-name.txt, declarations/arlington-cmaps/negative-cmap-encoding-type-required.txt, declarations/arlington-cmaps/negative-cmap-encoding-type-value.txt, declarations/arlington-cmaps/negative-cmap-encoding-wmode-integer.txt, declarations/arlington-cmaps/negative-cmap-encoding-wmode-value.txt, declarations/arlington-cmaps/negative-cmap-unicode-name-name.txt, declarations/arlington-cmaps/negative-cmap-unicode-parent-type.txt, declarations/arlington-cmaps/negative-cmap-unicode-ros-dictionary.txt, declarations/arlington-cmaps/negative-cmap-unicode-type-name.txt, declarations/arlington-cmaps/negative-cmap-unicode-type-value.txt, declarations/arlington-cmaps/negative-cmap-unicode-wmode-integer.txt, declarations/arlington-cmaps/negative-cmap-unicode-wmode-value.txt, declarations/arlington-cmaps/standards.properties, declarations/arlington-core/control-annotation-ap-dictionary.pdf, declarations/arlington-core/control-annotation-flags-reserved.pdf, declarations/arlington-core/control-annotation-id-unique.pdf, declarations/arlington-core/control-annotation-page-owner.pdf, declarations/arlington-core/control-page-contents-array-member.pdf, declarations/arlington-core/control-page-contents-type.pdf, declarations/arlington-core/control-page-resources-required.pdf, declarations/arlington-core/control-pages-type-value.pdf, declarations/arlington-core/control-pages-type.pdf, declarations/arlington-core/control-stream-decodeparams-array-member.pdf, declarations/arlington-core/control-stream-decodeparams-count.pdf, declarations/arlington-core/control-stream-decodeparams-position.pdf, declarations/arlington-core/control-stream-decodeparams-type.pdf, declarations/arlington-core/control-stream-filter-array-name-type.pdf, declarations/arlington-core/control-stream-filter-array-name-value.pdf, declarations/arlington-core/control-stream-filter-name-value.pdf, declarations/arlington-core/control-stream-filter-type.pdf, declarations/arlington-core/control-stream-flate-predictor-type.pdf, declarations/arlington-core/control-stream-flate-predictor-value.pdf, declarations/arlington-core/control-text-appearance-required.pdf, declarations/arlington-core/control-text-name-name.pdf, declarations/arlington-core/control-text-open-boolean.pdf, declarations/arlington-core/control-trailer-info-indirect.pdf, declarations/arlington-core/control-trailer-info-required.pdf, declarations/arlington-core/findings.txt, declarations/arlington-core/negative-annotation-ap-dictionary.txt, declarations/arlington-core/negative-annotation-flags-reserved.txt, declarations/arlington-core/negative-annotation-id-unique.txt, declarations/arlington-core/negative-annotation-page-owner.txt, declarations/arlington-core/negative-page-contents-array-member.txt, declarations/arlington-core/negative-page-contents-type.txt, declarations/arlington-core/negative-page-resources-required.txt, declarations/arlington-core/negative-pages-type-value.txt, declarations/arlington-core/negative-pages-type.txt, declarations/arlington-core/negative-stream-decodeparams-array-member.txt, declarations/arlington-core/negative-stream-decodeparams-count.txt, declarations/arlington-core/negative-stream-decodeparams-position.txt, declarations/arlington-core/negative-stream-decodeparams-type.txt, declarations/arlington-core/negative-stream-filter-array-name-type.txt, declarations/arlington-core/negative-stream-filter-array-name-value.txt, declarations/arlington-core/negative-stream-filter-name-value.txt, declarations/arlington-core/negative-stream-filter-type.txt, declarations/arlington-core/negative-stream-flate-predictor-type.txt, declarations/arlington-core/negative-stream-flate-predictor-value.txt, declarations/arlington-core/negative-text-appearance-required.txt, declarations/arlington-core/negative-text-name-name.txt, declarations/arlington-core/negative-text-open-boolean.txt, declarations/arlington-core/negative-trailer-info-indirect.txt, declarations/arlington-core/negative-trailer-info-required.txt, declarations/arlington-core/standards.properties, declarations/arlington-descriptors/control-cid0-descriptor-ascent-number.pdf, declarations/arlington-descriptors/control-cid0-descriptor-ascent-required.pdf, declarations/arlington-descriptors/control-cid0-descriptor-bbox-numbers.pdf, declarations/arlington-descriptors/control-cid0-descriptor-bbox-required.pdf, declarations/arlington-descriptors/control-cid0-descriptor-capheight-number.pdf, declarations/arlington-descriptors/control-cid0-descriptor-descent-nonpositive.pdf, declarations/arlington-descriptors/control-cid0-descriptor-descent-number.pdf, declarations/arlington-descriptors/control-cid0-descriptor-descent-required.pdf, declarations/arlington-descriptors/control-cid0-descriptor-flags-integer.pdf, declarations/arlington-descriptors/control-cid0-descriptor-flags-required.pdf, declarations/arlington-descriptors/control-cid0-descriptor-fontname-name.pdf, declarations/arlington-descriptors/control-cid0-descriptor-fontname-required.pdf, declarations/arlington-descriptors/control-cid0-descriptor-italicangle-number.pdf, declarations/arlington-descriptors/control-cid0-descriptor-italicangle-required.pdf, declarations/arlington-descriptors/control-cid0-descriptor-stemv-number.pdf, declarations/arlington-descriptors/control-cid0-descriptor-stemv-required.pdf, declarations/arlington-descriptors/control-cid0-descriptor-type-name.pdf, declarations/arlington-descriptors/control-cid0-descriptor-type-required.pdf, declarations/arlington-descriptors/control-cid0-fontfile-stream.pdf, declarations/arlington-descriptors/control-cid0-program-subtype-required.pdf, declarations/arlington-descriptors/control-cid0-program-subtype-value.pdf, declarations/arlington-descriptors/control-cid2-descriptor-ascent-number.pdf, declarations/arlington-descriptors/control-cid2-descriptor-ascent-required.pdf, declarations/arlington-descriptors/control-cid2-descriptor-bbox-numbers.pdf, declarations/arlington-descriptors/control-cid2-descriptor-bbox-required.pdf, declarations/arlington-descriptors/control-cid2-descriptor-capheight-number.pdf, declarations/arlington-descriptors/control-cid2-descriptor-descent-nonpositive.pdf, declarations/arlington-descriptors/control-cid2-descriptor-descent-number.pdf, declarations/arlington-descriptors/control-cid2-descriptor-descent-required.pdf, declarations/arlington-descriptors/control-cid2-descriptor-flags-integer.pdf, declarations/arlington-descriptors/control-cid2-descriptor-flags-required.pdf, declarations/arlington-descriptors/control-cid2-descriptor-fontname-name.pdf, declarations/arlington-descriptors/control-cid2-descriptor-fontname-required.pdf, declarations/arlington-descriptors/control-cid2-descriptor-italicangle-number.pdf, declarations/arlington-descriptors/control-cid2-descriptor-italicangle-required.pdf, declarations/arlington-descriptors/control-cid2-descriptor-stemv-number.pdf, declarations/arlington-descriptors/control-cid2-descriptor-stemv-required.pdf, declarations/arlington-descriptors/control-cid2-descriptor-type-name.pdf, declarations/arlington-descriptors/control-cid2-descriptor-type-required.pdf, declarations/arlington-descriptors/control-cid2-fontfile-stream.pdf, declarations/arlington-descriptors/control-truetype-descriptor-ascent-number.pdf, declarations/arlington-descriptors/control-truetype-descriptor-ascent-required.pdf, declarations/arlington-descriptors/control-truetype-descriptor-bbox-numbers.pdf, declarations/arlington-descriptors/control-truetype-descriptor-bbox-required.pdf, declarations/arlington-descriptors/control-truetype-descriptor-capheight-number.pdf, declarations/arlington-descriptors/control-truetype-descriptor-descent-nonpositive.pdf, declarations/arlington-descriptors/control-truetype-descriptor-descent-number.pdf, declarations/arlington-descriptors/control-truetype-descriptor-descent-required.pdf, declarations/arlington-descriptors/control-truetype-descriptor-flags-integer.pdf, declarations/arlington-descriptors/control-truetype-descriptor-flags-required.pdf, declarations/arlington-descriptors/control-truetype-descriptor-fontname-name.pdf, declarations/arlington-descriptors/control-truetype-descriptor-fontname-required.pdf, declarations/arlington-descriptors/control-truetype-descriptor-italicangle-number.pdf, declarations/arlington-descriptors/control-truetype-descriptor-italicangle-required.pdf, declarations/arlington-descriptors/control-truetype-descriptor-stemv-number.pdf, declarations/arlington-descriptors/control-truetype-descriptor-stemv-required.pdf, declarations/arlington-descriptors/control-truetype-descriptor-type-name.pdf, declarations/arlington-descriptors/control-truetype-descriptor-type-required.pdf, declarations/arlington-descriptors/control-truetype-fontfile-stream.pdf, declarations/arlington-descriptors/control-truetype-program-length1-integer.pdf, declarations/arlington-descriptors/control-type1-descriptor-ascent-number.pdf, declarations/arlington-descriptors/control-type1-descriptor-ascent-required.pdf, declarations/arlington-descriptors/control-type1-descriptor-bbox-numbers.pdf, declarations/arlington-descriptors/control-type1-descriptor-bbox-required.pdf, declarations/arlington-descriptors/control-type1-descriptor-capheight-number.pdf, declarations/arlington-descriptors/control-type1-descriptor-descent-nonpositive.pdf, declarations/arlington-descriptors/control-type1-descriptor-descent-number.pdf, declarations/arlington-descriptors/control-type1-descriptor-descent-required.pdf, declarations/arlington-descriptors/control-type1-descriptor-flags-integer.pdf, declarations/arlington-descriptors/control-type1-descriptor-flags-required.pdf, declarations/arlington-descriptors/control-type1-descriptor-fontname-name.pdf, declarations/arlington-descriptors/control-type1-descriptor-fontname-required.pdf, declarations/arlington-descriptors/control-type1-descriptor-italicangle-number.pdf, declarations/arlington-descriptors/control-type1-descriptor-italicangle-required.pdf, declarations/arlington-descriptors/control-type1-descriptor-stemv-number.pdf, declarations/arlington-descriptors/control-type1-descriptor-stemv-required.pdf, declarations/arlington-descriptors/control-type1-descriptor-type-name.pdf, declarations/arlington-descriptors/control-type1-descriptor-type-required.pdf, declarations/arlington-descriptors/control-type1-fontfile-stream.pdf, declarations/arlington-descriptors/control-type1-program-subtype-required.pdf, declarations/arlington-descriptors/control-type1-program-subtype-value.pdf, declarations/arlington-descriptors/control-type3-descriptor-ascent-number.pdf, declarations/arlington-descriptors/control-type3-descriptor-bbox-numbers.pdf, declarations/arlington-descriptors/control-type3-descriptor-capheight-number.pdf, declarations/arlington-descriptors/control-type3-descriptor-descent-nonpositive.pdf, declarations/arlington-descriptors/control-type3-descriptor-descent-number.pdf, declarations/arlington-descriptors/control-type3-descriptor-flags-integer.pdf, declarations/arlington-descriptors/control-type3-descriptor-flags-required.pdf, declarations/arlington-descriptors/control-type3-descriptor-fontname-name.pdf, declarations/arlington-descriptors/control-type3-descriptor-italicangle-number.pdf, declarations/arlington-descriptors/control-type3-descriptor-italicangle-required.pdf, declarations/arlington-descriptors/control-type3-descriptor-stemv-number.pdf, declarations/arlington-descriptors/control-type3-descriptor-type-name.pdf, declarations/arlington-descriptors/control-type3-descriptor-type-required.pdf, declarations/arlington-descriptors/findings.txt, declarations/arlington-descriptors/negative-cid0-descriptor-ascent-number.txt, declarations/arlington-descriptors/negative-cid0-descriptor-ascent-required.txt, declarations/arlington-descriptors/negative-cid0-descriptor-bbox-numbers.txt, declarations/arlington-descriptors/negative-cid0-descriptor-bbox-required.txt, declarations/arlington-descriptors/negative-cid0-descriptor-capheight-number.txt, declarations/arlington-descriptors/negative-cid0-descriptor-descent-nonpositive.txt, declarations/arlington-descriptors/negative-cid0-descriptor-descent-number.txt, declarations/arlington-descriptors/negative-cid0-descriptor-descent-required.txt, declarations/arlington-descriptors/negative-cid0-descriptor-flags-integer.txt, declarations/arlington-descriptors/negative-cid0-descriptor-flags-required.txt, declarations/arlington-descriptors/negative-cid0-descriptor-fontname-name.txt, declarations/arlington-descriptors/negative-cid0-descriptor-fontname-required.txt, declarations/arlington-descriptors/negative-cid0-descriptor-italicangle-number.txt, declarations/arlington-descriptors/negative-cid0-descriptor-italicangle-required.txt, declarations/arlington-descriptors/negative-cid0-descriptor-stemv-number.txt, declarations/arlington-descriptors/negative-cid0-descriptor-stemv-required.txt, declarations/arlington-descriptors/negative-cid0-descriptor-type-name.txt, declarations/arlington-descriptors/negative-cid0-descriptor-type-required.txt, declarations/arlington-descriptors/negative-cid0-fontfile-stream.txt, declarations/arlington-descriptors/negative-cid0-program-subtype-required.txt, declarations/arlington-descriptors/negative-cid0-program-subtype-value.txt, declarations/arlington-descriptors/negative-cid2-descriptor-ascent-number.txt, declarations/arlington-descriptors/negative-cid2-descriptor-ascent-required.txt, declarations/arlington-descriptors/negative-cid2-descriptor-bbox-numbers.txt, declarations/arlington-descriptors/negative-cid2-descriptor-bbox-required.txt, declarations/arlington-descriptors/negative-cid2-descriptor-capheight-number.txt, declarations/arlington-descriptors/negative-cid2-descriptor-descent-nonpositive.txt, declarations/arlington-descriptors/negative-cid2-descriptor-descent-number.txt, declarations/arlington-descriptors/negative-cid2-descriptor-descent-required.txt, declarations/arlington-descriptors/negative-cid2-descriptor-flags-integer.txt, declarations/arlington-descriptors/negative-cid2-descriptor-flags-required.txt, declarations/arlington-descriptors/negative-cid2-descriptor-fontname-name.txt, declarations/arlington-descriptors/negative-cid2-descriptor-fontname-required.txt, declarations/arlington-descriptors/negative-cid2-descriptor-italicangle-number.txt, declarations/arlington-descriptors/negative-cid2-descriptor-italicangle-required.txt, declarations/arlington-descriptors/negative-cid2-descriptor-stemv-number.txt, declarations/arlington-descriptors/negative-cid2-descriptor-stemv-required.txt, declarations/arlington-descriptors/negative-cid2-descriptor-type-name.txt, declarations/arlington-descriptors/negative-cid2-descriptor-type-required.txt, declarations/arlington-descriptors/negative-cid2-fontfile-stream.txt, declarations/arlington-descriptors/negative-truetype-descriptor-ascent-number.txt, declarations/arlington-descriptors/negative-truetype-descriptor-ascent-required.txt, declarations/arlington-descriptors/negative-truetype-descriptor-bbox-numbers.txt, declarations/arlington-descriptors/negative-truetype-descriptor-bbox-required.txt, declarations/arlington-descriptors/negative-truetype-descriptor-capheight-number.txt, declarations/arlington-descriptors/negative-truetype-descriptor-descent-nonpositive.txt, declarations/arlington-descriptors/negative-truetype-descriptor-descent-number.txt, declarations/arlington-descriptors/negative-truetype-descriptor-descent-required.txt, declarations/arlington-descriptors/negative-truetype-descriptor-flags-integer.txt, declarations/arlington-descriptors/negative-truetype-descriptor-flags-required.txt, declarations/arlington-descriptors/negative-truetype-descriptor-fontname-name.txt, declarations/arlington-descriptors/negative-truetype-descriptor-fontname-required.txt, declarations/arlington-descriptors/negative-truetype-descriptor-italicangle-number.txt, declarations/arlington-descriptors/negative-truetype-descriptor-italicangle-required.txt, declarations/arlington-descriptors/negative-truetype-descriptor-stemv-number.txt, declarations/arlington-descriptors/negative-truetype-descriptor-stemv-required.txt, declarations/arlington-descriptors/negative-truetype-descriptor-type-name.txt, declarations/arlington-descriptors/negative-truetype-descriptor-type-required.txt, declarations/arlington-descriptors/negative-truetype-fontfile-stream.txt, declarations/arlington-descriptors/negative-truetype-program-length1-integer.txt, declarations/arlington-descriptors/negative-type1-descriptor-ascent-number.txt, declarations/arlington-descriptors/negative-type1-descriptor-ascent-required.txt, declarations/arlington-descriptors/negative-type1-descriptor-bbox-numbers.txt, declarations/arlington-descriptors/negative-type1-descriptor-bbox-required.txt, declarations/arlington-descriptors/negative-type1-descriptor-capheight-number.txt, declarations/arlington-descriptors/negative-type1-descriptor-descent-nonpositive.txt, declarations/arlington-descriptors/negative-type1-descriptor-descent-number.txt, declarations/arlington-descriptors/negative-type1-descriptor-descent-required.txt, declarations/arlington-descriptors/negative-type1-descriptor-flags-integer.txt, declarations/arlington-descriptors/negative-type1-descriptor-flags-required.txt, declarations/arlington-descriptors/negative-type1-descriptor-fontname-name.txt, declarations/arlington-descriptors/negative-type1-descriptor-fontname-required.txt, declarations/arlington-descriptors/negative-type1-descriptor-italicangle-number.txt, declarations/arlington-descriptors/negative-type1-descriptor-italicangle-required.txt, declarations/arlington-descriptors/negative-type1-descriptor-stemv-number.txt, declarations/arlington-descriptors/negative-type1-descriptor-stemv-required.txt, declarations/arlington-descriptors/negative-type1-descriptor-type-name.txt, declarations/arlington-descriptors/negative-type1-descriptor-type-required.txt, declarations/arlington-descriptors/negative-type1-fontfile-stream.txt, declarations/arlington-descriptors/negative-type1-program-subtype-required.txt, declarations/arlington-descriptors/negative-type1-program-subtype-value.txt, declarations/arlington-descriptors/negative-type3-descriptor-ascent-number.txt, declarations/arlington-descriptors/negative-type3-descriptor-bbox-numbers.txt, declarations/arlington-descriptors/negative-type3-descriptor-capheight-number.txt, declarations/arlington-descriptors/negative-type3-descriptor-descent-nonpositive.txt, declarations/arlington-descriptors/negative-type3-descriptor-descent-number.txt, declarations/arlington-descriptors/negative-type3-descriptor-flags-integer.txt, declarations/arlington-descriptors/negative-type3-descriptor-flags-required.txt, declarations/arlington-descriptors/negative-type3-descriptor-fontname-name.txt, declarations/arlington-descriptors/negative-type3-descriptor-italicangle-number.txt, declarations/arlington-descriptors/negative-type3-descriptor-italicangle-required.txt, declarations/arlington-descriptors/negative-type3-descriptor-stemv-number.txt, declarations/arlington-descriptors/negative-type3-descriptor-type-name.txt, declarations/arlington-descriptors/negative-type3-descriptor-type-required.txt, declarations/arlington-descriptors/standards.properties, declarations/arlington-fonts/control-cid0-fontname-consistent.pdf, declarations/arlington-fonts/control-cid0-w2-triples.pdf, declarations/arlington-fonts/control-cid2-fontname-consistent.pdf, declarations/arlington-fonts/control-cid2-w2-triples.pdf, declarations/arlington-fonts/control-shared-fontname-consistent.pdf, declarations/arlington-fonts/control-truetype-fontname-consistent.pdf, declarations/arlington-fonts/control-type1-fontname-consistent.pdf, declarations/arlington-fonts/control-type3-fontname-consistent.pdf, declarations/arlington-fonts/findings.txt, declarations/arlington-fonts/negative-cid0-fontname-consistent.txt, declarations/arlington-fonts/negative-cid0-w2-triples.txt, declarations/arlington-fonts/negative-cid2-fontname-consistent.txt, declarations/arlington-fonts/negative-cid2-w2-triples.txt, declarations/arlington-fonts/negative-shared-fontname-consistent.txt, declarations/arlington-fonts/negative-truetype-fontname-consistent.txt, declarations/arlington-fonts/negative-type1-fontname-consistent.txt, declarations/arlington-fonts/negative-type3-fontname-consistent.txt, declarations/arlington-fonts/standards.properties, declarations/arlington-text/control-mmtype1-basefont-name.pdf, declarations/arlington-text/control-mmtype1-basefont-null.pdf, declarations/arlington-text/control-mmtype1-basefont-required.pdf, declarations/arlington-text/control-mmtype1-descriptor-dictionary.pdf, declarations/arlington-text/control-mmtype1-descriptor-null.pdf, declarations/arlington-text/control-mmtype1-descriptor-required.pdf, declarations/arlington-text/control-mmtype1-encoding-type.pdf, declarations/arlington-text/control-mmtype1-firstchar-integer.pdf, declarations/arlington-text/control-mmtype1-firstchar-null.pdf, declarations/arlington-text/control-mmtype1-firstchar-required.pdf, declarations/arlington-text/control-mmtype1-lastchar-integer.pdf, declarations/arlington-text/control-mmtype1-lastchar-null.pdf, declarations/arlington-text/control-mmtype1-lastchar-required.pdf, declarations/arlington-text/control-mmtype1-widths-array.pdf, declarations/arlington-text/control-mmtype1-widths-cardinality.pdf, declarations/arlington-text/control-mmtype1-widths-null.pdf, declarations/arlington-text/control-mmtype1-widths-numbers.pdf, declarations/arlington-text/control-mmtype1-widths-required.pdf, declarations/arlington-text/control-page-userunit-number.pdf, declarations/arlington-text/control-page-userunit-positive.pdf, declarations/arlington-text/control-truetype-basefont-name.pdf, declarations/arlington-text/control-truetype-basefont-null.pdf, declarations/arlington-text/control-truetype-basefont-required.pdf, declarations/arlington-text/control-truetype-descriptor-dictionary.pdf, declarations/arlington-text/control-truetype-descriptor-null.pdf, declarations/arlington-text/control-truetype-descriptor-required.pdf, declarations/arlington-text/control-truetype-encoding-type.pdf, declarations/arlington-text/control-truetype-firstchar-integer.pdf, declarations/arlington-text/control-truetype-firstchar-null.pdf, declarations/arlington-text/control-truetype-firstchar-required.pdf, declarations/arlington-text/control-truetype-lastchar-integer.pdf, declarations/arlington-text/control-truetype-lastchar-null.pdf, declarations/arlington-text/control-truetype-lastchar-required.pdf, declarations/arlington-text/control-truetype-widths-array.pdf, declarations/arlington-text/control-truetype-widths-cardinality.pdf, declarations/arlington-text/control-truetype-widths-null.pdf, declarations/arlington-text/control-truetype-widths-numbers.pdf, declarations/arlington-text/control-truetype-widths-required.pdf, declarations/arlington-text/control-type1-basefont-name.pdf, declarations/arlington-text/control-type1-basefont-null.pdf, declarations/arlington-text/control-type1-basefont-required.pdf, declarations/arlington-text/control-type1-descriptor-dictionary.pdf, declarations/arlington-text/control-type1-descriptor-null.pdf, declarations/arlington-text/control-type1-descriptor-required.pdf, declarations/arlington-text/control-type1-encoding-type.pdf, declarations/arlington-text/control-type1-firstchar-integer.pdf, declarations/arlington-text/control-type1-firstchar-null.pdf, declarations/arlington-text/control-type1-firstchar-required.pdf, declarations/arlington-text/control-type1-lastchar-integer.pdf, declarations/arlington-text/control-type1-lastchar-null.pdf, declarations/arlington-text/control-type1-lastchar-required.pdf, declarations/arlington-text/control-type1-widths-array.pdf, declarations/arlington-text/control-type1-widths-cardinality.pdf, declarations/arlington-text/control-type1-widths-null.pdf, declarations/arlington-text/control-type1-widths-numbers.pdf, declarations/arlington-text/control-type1-widths-required.pdf, declarations/arlington-text/control-type3-bbox-numbers.pdf, declarations/arlington-text/control-type3-bbox-required.pdf, declarations/arlington-text/control-type3-charproc-stream.pdf, declarations/arlington-text/control-type3-charprocs-dictionary.pdf, declarations/arlington-text/control-type3-charprocs-required.pdf, declarations/arlington-text/control-type3-differences-disjoint.pdf, declarations/arlington-text/control-type3-encoding-dictionary.pdf, declarations/arlington-text/control-type3-encoding-required.pdf, declarations/arlington-text/control-type3-firstchar-integer.pdf, declarations/arlington-text/control-type3-firstchar-required.pdf, declarations/arlington-text/control-type3-glyph-fractional-width-agreement.pdf, declarations/arlington-text/control-type3-glyph-header-operands.pdf, declarations/arlington-text/control-type3-glyph-header-operator.pdf, declarations/arlington-text/control-type3-glyph-width-agreement.pdf, declarations/arlington-text/control-type3-glyph-zero-wy.pdf, declarations/arlington-text/control-type3-lastchar-integer.pdf, declarations/arlington-text/control-type3-lastchar-required.pdf, declarations/arlington-text/control-type3-matrix-count.pdf, declarations/arlington-text/control-type3-matrix-numbers.pdf, declarations/arlington-text/control-type3-matrix-required.pdf, declarations/arlington-text/control-type3-resources-dictionary.pdf, declarations/arlington-text/control-type3-tagged-descriptor-required.pdf, declarations/arlington-text/control-type3-widths-cardinality.pdf, declarations/arlington-text/control-type3-widths-numbers.pdf, declarations/arlington-text/control-type3-widths-required.pdf, declarations/arlington-text/findings.txt, declarations/arlington-text/negative-mmtype1-basefont-name.txt, declarations/arlington-text/negative-mmtype1-basefont-null.txt, declarations/arlington-text/negative-mmtype1-basefont-required.txt, declarations/arlington-text/negative-mmtype1-descriptor-dictionary.txt, declarations/arlington-text/negative-mmtype1-descriptor-null.txt, declarations/arlington-text/negative-mmtype1-descriptor-required.txt, declarations/arlington-text/negative-mmtype1-encoding-type.txt, declarations/arlington-text/negative-mmtype1-firstchar-integer.txt, declarations/arlington-text/negative-mmtype1-firstchar-null.txt, declarations/arlington-text/negative-mmtype1-firstchar-required.txt, declarations/arlington-text/negative-mmtype1-lastchar-integer.txt, declarations/arlington-text/negative-mmtype1-lastchar-null.txt, declarations/arlington-text/negative-mmtype1-lastchar-required.txt, declarations/arlington-text/negative-mmtype1-widths-array.txt, declarations/arlington-text/negative-mmtype1-widths-cardinality.txt, declarations/arlington-text/negative-mmtype1-widths-null.txt, declarations/arlington-text/negative-mmtype1-widths-numbers.txt, declarations/arlington-text/negative-mmtype1-widths-required.txt, declarations/arlington-text/negative-page-userunit-number.txt, declarations/arlington-text/negative-page-userunit-positive.txt, declarations/arlington-text/negative-truetype-basefont-name.txt, declarations/arlington-text/negative-truetype-basefont-null.txt, declarations/arlington-text/negative-truetype-basefont-required.txt, declarations/arlington-text/negative-truetype-descriptor-dictionary.txt, declarations/arlington-text/negative-truetype-descriptor-null.txt, declarations/arlington-text/negative-truetype-descriptor-required.txt, declarations/arlington-text/negative-truetype-encoding-type.txt, declarations/arlington-text/negative-truetype-firstchar-integer.txt, declarations/arlington-text/negative-truetype-firstchar-null.txt, declarations/arlington-text/negative-truetype-firstchar-required.txt, declarations/arlington-text/negative-truetype-lastchar-integer.txt, declarations/arlington-text/negative-truetype-lastchar-null.txt, declarations/arlington-text/negative-truetype-lastchar-required.txt, declarations/arlington-text/negative-truetype-widths-array.txt, declarations/arlington-text/negative-truetype-widths-cardinality.txt, declarations/arlington-text/negative-truetype-widths-null.txt, declarations/arlington-text/negative-truetype-widths-numbers.txt, declarations/arlington-text/negative-truetype-widths-required.txt, declarations/arlington-text/negative-type1-basefont-name.txt, declarations/arlington-text/negative-type1-basefont-null.txt, declarations/arlington-text/negative-type1-basefont-required.txt, declarations/arlington-text/negative-type1-descriptor-dictionary.txt, declarations/arlington-text/negative-type1-descriptor-null.txt, declarations/arlington-text/negative-type1-descriptor-required.txt, declarations/arlington-text/negative-type1-encoding-type.txt, declarations/arlington-text/negative-type1-firstchar-integer.txt, declarations/arlington-text/negative-type1-firstchar-null.txt, declarations/arlington-text/negative-type1-firstchar-required.txt, declarations/arlington-text/negative-type1-lastchar-integer.txt, declarations/arlington-text/negative-type1-lastchar-null.txt, declarations/arlington-text/negative-type1-lastchar-required.txt, declarations/arlington-text/negative-type1-widths-array.txt, declarations/arlington-text/negative-type1-widths-cardinality.txt, declarations/arlington-text/negative-type1-widths-null.txt, declarations/arlington-text/negative-type1-widths-numbers.txt, declarations/arlington-text/negative-type1-widths-required.txt, declarations/arlington-text/negative-type3-bbox-numbers.txt, declarations/arlington-text/negative-type3-bbox-required.txt, declarations/arlington-text/negative-type3-charproc-stream.txt, declarations/arlington-text/negative-type3-charprocs-dictionary.txt, declarations/arlington-text/negative-type3-charprocs-required.txt, declarations/arlington-text/negative-type3-differences-disjoint.txt, declarations/arlington-text/negative-type3-encoding-dictionary.txt, declarations/arlington-text/negative-type3-encoding-required.txt, declarations/arlington-text/negative-type3-firstchar-integer.txt, declarations/arlington-text/negative-type3-firstchar-required.txt, declarations/arlington-text/negative-type3-glyph-fractional-width-agreement.txt, declarations/arlington-text/negative-type3-glyph-header-operands.txt, declarations/arlington-text/negative-type3-glyph-header-operator.txt, declarations/arlington-text/negative-type3-glyph-width-agreement.txt, declarations/arlington-text/negative-type3-glyph-zero-wy.txt, declarations/arlington-text/negative-type3-lastchar-integer.txt, declarations/arlington-text/negative-type3-lastchar-required.txt, declarations/arlington-text/negative-type3-matrix-count.txt, declarations/arlington-text/negative-type3-matrix-numbers.txt, declarations/arlington-text/negative-type3-matrix-required.txt, declarations/arlington-text/negative-type3-resources-dictionary.txt, declarations/arlington-text/negative-type3-tagged-descriptor-required.txt, declarations/arlington-text/negative-type3-widths-cardinality.txt, declarations/arlington-text/negative-type3-widths-numbers.txt, declarations/arlington-text/negative-type3-widths-required.txt, declarations/arlington-text/standards.properties, declarations/declarations.txt, declarations/extraction.pdf, declarations/identities-after.properties, declarations/identities-before.properties, declarations/pdfcpu/control-annotation-contents-string.pdf, declarations/pdfcpu/control-annotation-flags-integer.pdf, declarations/pdfcpu/control-annotation-name-string.pdf, declarations/pdfcpu/control-annotation-page-indirect.pdf, declarations/pdfcpu/control-annotation-page-type.pdf, declarations/pdfcpu/control-annotation-rect-numbers.pdf, declarations/pdfcpu/control-annotation-rect-rectangle.pdf, declarations/pdfcpu/control-annotation-rect-required.pdf, declarations/pdfcpu/control-annotation-subtype-name.pdf, declarations/pdfcpu/control-annotation-subtype-required.pdf, declarations/pdfcpu/control-annotation-type-name.pdf, declarations/pdfcpu/control-annotation-type-value.pdf, declarations/pdfcpu/control-catalog-pages-indirect.pdf, declarations/pdfcpu/control-catalog-pages.pdf, declarations/pdfcpu/control-catalog-type-required.pdf, declarations/pdfcpu/control-catalog-type.pdf, declarations/pdfcpu/control-form-bbox-numbers.pdf, declarations/pdfcpu/control-form-bbox-rectangle.pdf, declarations/pdfcpu/control-form-bbox-required.pdf, declarations/pdfcpu/control-form-formtype-integer.pdf, declarations/pdfcpu/control-form-formtype-value.pdf, declarations/pdfcpu/control-form-matrix-array.pdf, declarations/pdfcpu/control-form-matrix-count.pdf, declarations/pdfcpu/control-form-matrix-numbers.pdf, declarations/pdfcpu/control-form-resources-dictionary.pdf, declarations/pdfcpu/control-form-subtype-name.pdf, declarations/pdfcpu/control-form-subtype-required.pdf, declarations/pdfcpu/control-form-type-name.pdf, declarations/pdfcpu/control-form-type-value.pdf, declarations/pdfcpu/control-page-annots-array.pdf, declarations/pdfcpu/control-page-annots-member.pdf, declarations/pdfcpu/control-page-artbox-numbers.pdf, declarations/pdfcpu/control-page-artbox-rectangle.pdf, declarations/pdfcpu/control-page-bleedbox-numbers.pdf, declarations/pdfcpu/control-page-bleedbox-rectangle.pdf, declarations/pdfcpu/control-page-contents-nonempty.pdf, declarations/pdfcpu/control-page-cropbox-numbers.pdf, declarations/pdfcpu/control-page-cropbox-rectangle.pdf, declarations/pdfcpu/control-page-mediabox-numbers.pdf, declarations/pdfcpu/control-page-mediabox-rectangle.pdf, declarations/pdfcpu/control-page-mediabox-required.pdf, declarations/pdfcpu/control-page-parent-indirect.pdf, declarations/pdfcpu/control-page-parent-link.pdf, declarations/pdfcpu/control-page-parent-required.pdf, declarations/pdfcpu/control-page-resources-type.pdf, declarations/pdfcpu/control-page-rotate-integer.pdf, declarations/pdfcpu/control-page-rotate-value.pdf, declarations/pdfcpu/control-page-trimbox-numbers.pdf, declarations/pdfcpu/control-page-trimbox-rectangle.pdf, declarations/pdfcpu/control-page-type-value.pdf, declarations/pdfcpu/control-page-type.pdf, declarations/pdfcpu/control-pages-count-integer.pdf, declarations/pdfcpu/control-pages-count-nonnegative.pdf, declarations/pdfcpu/control-pages-count-required.pdf, declarations/pdfcpu/control-pages-count-value.pdf, declarations/pdfcpu/control-pages-kid-reference.pdf, declarations/pdfcpu/control-pages-kids.pdf, declarations/pdfcpu/control-resource-xobject-map.pdf, declarations/pdfcpu/control-resource-xobject-stream.pdf, declarations/pdfcpu/control-trailer-info-null.pdf, declarations/pdfcpu/findings.txt, declarations/pdfcpu/negative-annotation-contents-string.txt, declarations/pdfcpu/negative-annotation-flags-integer.txt, declarations/pdfcpu/negative-annotation-name-string.txt, declarations/pdfcpu/negative-annotation-page-indirect.txt, declarations/pdfcpu/negative-annotation-page-type.txt, declarations/pdfcpu/negative-annotation-rect-numbers.txt, declarations/pdfcpu/negative-annotation-rect-rectangle.txt, declarations/pdfcpu/negative-annotation-rect-required.txt, declarations/pdfcpu/negative-annotation-subtype-name.txt, declarations/pdfcpu/negative-annotation-subtype-required.txt, declarations/pdfcpu/negative-annotation-type-name.txt, declarations/pdfcpu/negative-annotation-type-value.txt, declarations/pdfcpu/negative-catalog-pages-indirect.txt, declarations/pdfcpu/negative-catalog-pages.txt, declarations/pdfcpu/negative-catalog-type-required.txt, declarations/pdfcpu/negative-catalog-type.txt, declarations/pdfcpu/negative-form-bbox-numbers.txt, declarations/pdfcpu/negative-form-bbox-rectangle.txt, declarations/pdfcpu/negative-form-bbox-required.txt, declarations/pdfcpu/negative-form-formtype-integer.txt, declarations/pdfcpu/negative-form-formtype-value.txt, declarations/pdfcpu/negative-form-matrix-array.txt, declarations/pdfcpu/negative-form-matrix-count.txt, declarations/pdfcpu/negative-form-matrix-numbers.txt, declarations/pdfcpu/negative-form-resources-dictionary.txt, declarations/pdfcpu/negative-form-subtype-name.txt, declarations/pdfcpu/negative-form-subtype-required.txt, declarations/pdfcpu/negative-form-type-name.txt, declarations/pdfcpu/negative-form-type-value.txt, declarations/pdfcpu/negative-page-annots-array.txt, declarations/pdfcpu/negative-page-annots-member.txt, declarations/pdfcpu/negative-page-artbox-numbers.txt, declarations/pdfcpu/negative-page-artbox-rectangle.txt, declarations/pdfcpu/negative-page-bleedbox-numbers.txt, declarations/pdfcpu/negative-page-bleedbox-rectangle.txt, declarations/pdfcpu/negative-page-contents-nonempty.txt, declarations/pdfcpu/negative-page-cropbox-numbers.txt, declarations/pdfcpu/negative-page-cropbox-rectangle.txt, declarations/pdfcpu/negative-page-mediabox-numbers.txt, declarations/pdfcpu/negative-page-mediabox-rectangle.txt, declarations/pdfcpu/negative-page-mediabox-required.txt, declarations/pdfcpu/negative-page-parent-indirect.txt, declarations/pdfcpu/negative-page-parent-link.txt, declarations/pdfcpu/negative-page-parent-required.txt, declarations/pdfcpu/negative-page-resources-type.txt, declarations/pdfcpu/negative-page-rotate-integer.txt, declarations/pdfcpu/negative-page-rotate-value.txt, declarations/pdfcpu/negative-page-trimbox-numbers.txt, declarations/pdfcpu/negative-page-trimbox-rectangle.txt, declarations/pdfcpu/negative-page-type-value.txt, declarations/pdfcpu/negative-page-type.txt, declarations/pdfcpu/negative-pages-count-integer.txt, declarations/pdfcpu/negative-pages-count-nonnegative.txt, declarations/pdfcpu/negative-pages-count-required.txt, declarations/pdfcpu/negative-pages-count-value.txt, declarations/pdfcpu/negative-pages-kid-reference.txt, declarations/pdfcpu/negative-pages-kids.txt, declarations/pdfcpu/negative-resource-xobject-map.txt, declarations/pdfcpu/negative-resource-xobject-stream.txt, declarations/pdfcpu/negative-trailer-info-null.txt, declarations/pdfcpu/standards.properties, declarations/result.properties, declarations/retained-files.sha256, extraction.pdf, programs/control-cmaps.cmap-block-count.pdf, programs/control-cmaps.cmap-encoding-bfchar.pdf, programs/control-cmaps.cmap-encoding-type.pdf, programs/control-cmaps.cmap-font-ordering.pdf, programs/control-cmaps.cmap-font-registry.pdf, programs/control-cmaps.cmap-font-simple-domain.pdf, programs/control-cmaps.cmap-font-type0-domain.pdf, programs/control-cmaps.cmap-inherited-codespace.pdf, programs/control-cmaps.cmap-late-codespace.pdf, programs/control-cmaps.cmap-mapping-code.pdf, programs/control-cmaps.cmap-missing-begin.pdf, programs/control-cmaps.cmap-missing-end.pdf, programs/control-cmaps.cmap-missing-parent-space.pdf, programs/control-cmaps.cmap-mode-agreement.pdf, programs/control-cmaps.cmap-name-agreement.pdf, programs/control-cmaps.cmap-negative-cid.pdf, programs/control-cmaps.cmap-overlap.pdf, programs/control-cmaps.cmap-parent-cycle.pdf, programs/control-cmaps.cmap-range-cardinality.pdf, programs/control-cmaps.cmap-reversed-byte.pdf, programs/control-cmaps.cmap-reversed.pdf, programs/control-cmaps.cmap-ros-agreement.pdf, programs/control-cmaps.cmap-surrogate.pdf, programs/control-cmaps.cmap-uid-string.pdf, programs/control-cmaps.cmap-unequal-length.pdf, programs/control-cmaps.cmap-unicode-cidchar.pdf, programs/control-cmaps.cmap-unicode-type.pdf, programs/control-cmaps.cmap-usecmap-late.pdf, programs/control-cmaps.cmap-usecmap-missing-parent.pdf, programs/control-cmaps.cmap-usecmap-name.pdf, programs/control-cmaps.cmap-usefont-nonzero.pdf, programs/control-cmaps.cmap-version-string.pdf, programs/control-cmaps.cmap-xuid-string.pdf, programs/control-content.boolean-mcid.pdf, programs/control-content.catalog-pdf2-form-caller-font.pdf, programs/control-content.concatenate-inside-text.pdf, programs/control-content.dictionary-name-alias.pdf, programs/control-content.dictionary-word.pdf, programs/control-content.different-font-name-byte.pdf, programs/control-content.different-font-name-utf8.pdf, programs/control-content.duplicate-mcid.pdf, programs/control-content.font-box-too-small.pdf, programs/control-content.font-restored-to-unset.pdf, programs/control-content.font-size-name.pdf, programs/control-content.form-does-not-pop-caller-graphics.pdf, programs/control-content.form-in-text-object.pdf, programs/control-content.form-name.pdf, programs/control-content.form-used-as-font.pdf, programs/control-content.glyph-missing-header.pdf, programs/control-content.glyph-outside-d1-bounds.pdf, programs/control-content.glyph-rectangle-arity.pdf, programs/control-content.glyph-rectangle-name.pdf, programs/control-content.glyph-repeated-header.pdf, programs/control-content.glyph-unpainted-path.pdf, programs/control-content.graphics-crosses-marked.pdf, programs/control-content.graphics-unclosed.pdf, programs/control-content.graphics-underflow.pdf, programs/control-content.marked-crosses-graphics.pdf, programs/control-content.marked-crosses-text.pdf, programs/control-content.marked-unclosed.pdf, programs/control-content.marked-underflow.pdf, programs/control-content.matrix-outside-text.pdf, programs/control-content.missing-font-resource.pdf, programs/control-content.missing-form-resource.pdf, programs/control-content.missing-name-escape.pdf, programs/control-content.missing-property-resource.pdf, programs/control-content.name-alternate.pdf, programs/control-content.name-mcid.pdf, programs/control-content.named-property-wrong-type.pdf, programs/control-content.negative-mcid.pdf, programs/control-content.nested-form-caller-font.pdf, programs/control-content.nested-text.pdf, programs/control-content.no-selected-font.pdf, programs/control-content.nonhex-name-escape.pdf, programs/control-content.null-name-escape.pdf, programs/control-content.numeric-language.pdf, programs/control-content.numeric-replacement.pdf, programs/control-content.real-mcid.pdf, programs/control-content.restore-inside-text.pdf, programs/control-content.rgb-name.pdf, programs/control-content.save-inside-text.pdf, programs/control-content.show-name.pdf, programs/control-content.show-outside-text.pdf, programs/control-content.text-crosses-marked.pdf, programs/control-content.text-matrix-arity.pdf, programs/control-content.text-matrix-name.pdf, programs/control-content.unmatched-text-end.pdf, programs/control-content.unterminated-text.pdf, programs/control-font-metrics.cid-cff-widths-array.pdf, programs/control-font-metrics.cid-cff-widths-default.pdf, programs/control-font-metrics.cid-cff-widths-range.pdf, programs/control-font-metrics.cid-truetype-widths-array.pdf, programs/control-font-metrics.cid-truetype-widths-default.pdf, programs/control-font-metrics.cid-truetype-widths-range.pdf, programs/control-font-metrics.mmtype1-widths.pdf, programs/control-font-metrics.truetype-widths.pdf, programs/control-font-metrics.type1-widths.pdf, programs/control-fonts.cff-as-cid.pdf, programs/control-fonts.cff-descriptor-bounds.pdf, programs/control-fonts.cff-first-offset-two.pdf, programs/control-fonts.cff-first-offset-zero.pdf, programs/control-fonts.cff-glyph-first-offset-two.pdf, programs/control-fonts.cff-header.pdf, programs/control-fonts.cff-last-offset-outside-file.pdf, programs/control-fonts.cff-missing-endchar.pdf, programs/control-fonts.cff-missing-moveto.pdf, programs/control-fonts.cff-program-name.pdf, programs/control-fonts.cff-topdict-count.pdf, programs/control-fonts.cff-wrong-moveto-arity.pdf, programs/control-fonts.cid-as-cff.pdf, programs/control-fonts.cid-cff-descriptor-bounds.pdf, programs/control-fonts.cid-cff-first-offset-two.pdf, programs/control-fonts.cid-cff-first-offset-zero.pdf, programs/control-fonts.cid-cff-glyph-first-offset-two.pdf, programs/control-fonts.cid-cff-header.pdf, programs/control-fonts.cid-cff-last-offset-outside-file.pdf, programs/control-fonts.cid-cff-missing-endchar.pdf, programs/control-fonts.cid-cff-missing-fdarray.pdf, programs/control-fonts.cid-cff-missing-fdselect.pdf, programs/control-fonts.cid-cff-missing-moveto.pdf, programs/control-fonts.cid-cff-program-name.pdf, programs/control-fonts.cid-cff-topdict-count.pdf, programs/control-fonts.cid-cff-wrong-moveto-arity.pdf, programs/control-fonts.cid-truetype-descriptor-bounds.pdf, programs/control-fonts.truetype-decoded-length.pdf, programs/control-fonts.truetype-descriptor-bounds.pdf, programs/control-fonts.truetype-entry-selector.pdf, programs/control-fonts.truetype-glyph-bounds.pdf, programs/control-fonts.truetype-header.pdf, programs/control-fonts.truetype-nonzero-padding.pdf, programs/control-fonts.truetype-program-name.pdf, programs/control-fonts.truetype-range-shift.pdf, programs/control-fonts.truetype-search-range.pdf, programs/control-fonts.truetype-table-checksum.pdf, programs/control-fonts.truetype-table-order.pdf, programs/control-fonts.truetype-table-outside-file.pdf, programs/control-fonts.truetype-table-tag.pdf, programs/control-fonts.truetype-unaligned-table.pdf, programs/control-fonts.truetype-units-per-em-0.pdf, programs/control-fonts.truetype-units-per-em-15.pdf, programs/control-fonts.truetype-units-per-em-16385.pdf, programs/control-fonts.truetype-whole-checksum.pdf, programs/control-structure-content.content-annotation-page.pdf, programs/control-structure-content.content-both-parent-keys.pdf, programs/control-structure-content.content-direct-object.pdf, programs/control-structure-content.content-form-parent.pdf, programs/control-structure-content.content-missing-form-mcid.pdf, programs/control-structure-content.content-missing-page-mcid.pdf, programs/control-structure-content.content-object-parent.pdf, programs/control-structure-content.content-page-key.pdf, programs/control-structure-hierarchy.missing-role.pdf, programs/control-structure-hierarchy.parent-backlink.pdf, programs/control-structure-hierarchy.root-content-child.pdf, programs/control-structure-hierarchy.root-type.pdf, programs/control-structure-hierarchy.shared-child.pdf, programs/control-structure-hierarchy.text-actual-name.pdf, programs/control-structure-hierarchy.text-language-name.pdf, programs/control-structure-namespaces.namespace-direct-target.pdf, programs/control-structure-namespaces.namespace-mapping-type.pdf, programs/control-structure-namespaces.namespace-name-type.pdf, programs/control-structure-namespaces.namespace-unlisted.pdf, programs/control-structure-parent-tree.parent-key-order.pdf, programs/control-structure-parent-tree.parent-key-type.pdf, programs/control-structure-parent-tree.parent-next-key.pdf, programs/control-structure-parent-tree.parent-nonstructural-value.pdf, programs/extraction.pdf, programs/identities-after.properties, programs/identities-before.properties, programs/input/cmaps/process.txt, programs/input/cmaps/qpdf-version.txt, programs/input/cmaps/qpdf-version.txt.stderr, programs/input/cmaps/qpdf.json, programs/input/cmaps/qpdf.json.stderr, programs/input/cmaps/result.properties, programs/input/content/process.txt, programs/input/content/qpdf-version.txt, programs/input/content/qpdf-version.txt.stderr, programs/input/content/qpdf.json, programs/input/content/qpdf.json.stderr, programs/input/content/result.properties, programs/input/font-metrics/process.txt, programs/input/font-metrics/qpdf-version.txt, programs/input/font-metrics/qpdf-version.txt.stderr, programs/input/font-metrics/qpdf.json, programs/input/font-metrics/qpdf.json.stderr, programs/input/font-metrics/result.properties, programs/input/fonts/process.txt, programs/input/fonts/qpdf-version.txt, programs/input/fonts/qpdf-version.txt.stderr, programs/input/fonts/qpdf.json, programs/input/fonts/qpdf.json.stderr, programs/input/fonts/result.properties, programs/input/structure-content/process.txt, programs/input/structure-content/qpdf-version.txt, programs/input/structure-content/qpdf-version.txt.stderr, programs/input/structure-content/qpdf.json, programs/input/structure-content/qpdf.json.stderr, programs/input/structure-content/result.properties, programs/input/structure-hierarchy/process.txt, programs/input/structure-hierarchy/qpdf-version.txt, programs/input/structure-hierarchy/qpdf-version.txt.stderr, programs/input/structure-hierarchy/qpdf.json, programs/input/structure-hierarchy/qpdf.json.stderr, programs/input/structure-hierarchy/result.properties, programs/input/structure-namespaces/process.txt, programs/input/structure-namespaces/qpdf-version.txt, programs/input/structure-namespaces/qpdf-version.txt.stderr, programs/input/structure-namespaces/qpdf.json, programs/input/structure-namespaces/qpdf.json.stderr, programs/input/structure-namespaces/result.properties, programs/input/structure-parent-tree/process.txt, programs/input/structure-parent-tree/qpdf-version.txt, programs/input/structure-parent-tree/qpdf-version.txt.stderr, programs/input/structure-parent-tree/qpdf.json, programs/input/structure-parent-tree/qpdf.json.stderr, programs/input/structure-parent-tree/result.properties, programs/programs.txt, programs/qualifications/cmaps.cmap-block-count/process.txt, programs/qualifications/cmaps.cmap-block-count/qpdf-version.txt, programs/qualifications/cmaps.cmap-block-count/qpdf-version.txt.stderr, programs/qualifications/cmaps.cmap-block-count/qpdf.json, programs/qualifications/cmaps.cmap-block-count/qpdf.json.stderr, programs/qualifications/cmaps.cmap-block-count/result.properties, programs/qualifications/cmaps.cmap-encoding-bfchar/process.txt, programs/qualifications/cmaps.cmap-encoding-bfchar/qpdf-version.txt, programs/qualifications/cmaps.cmap-encoding-bfchar/qpdf-version.txt.stderr, programs/qualifications/cmaps.cmap-encoding-bfchar/qpdf.json, programs/qualifications/cmaps.cmap-encoding-bfchar/qpdf.json.stderr, programs/qualifications/cmaps.cmap-encoding-bfchar/result.properties, programs/qualifications/cmaps.cmap-encoding-type/process.txt, programs/qualifications/cmaps.cmap-encoding-type/qpdf-version.txt, programs/qualifications/cmaps.cmap-encoding-type/qpdf-version.txt.stderr, programs/qualifications/cmaps.cmap-encoding-type/qpdf.json, programs/qualifications/cmaps.cmap-encoding-type/qpdf.json.stderr, programs/qualifications/cmaps.cmap-encoding-type/result.properties, programs/qualifications/cmaps.cmap-font-ordering/process.txt, programs/qualifications/cmaps.cmap-font-ordering/qpdf-version.txt, programs/qualifications/cmaps.cmap-font-ordering/qpdf-version.txt.stderr, programs/qualifications/cmaps.cmap-font-ordering/qpdf.json, programs/qualifications/cmaps.cmap-font-ordering/qpdf.json.stderr, programs/qualifications/cmaps.cmap-font-ordering/result.properties, programs/qualifications/cmaps.cmap-font-registry/process.txt, programs/qualifications/cmaps.cmap-font-registry/qpdf-version.txt, programs/qualifications/cmaps.cmap-font-registry/qpdf-version.txt.stderr, programs/qualifications/cmaps.cmap-font-registry/qpdf.json, programs/qualifications/cmaps.cmap-font-registry/qpdf.json.stderr, programs/qualifications/cmaps.cmap-font-registry/result.properties, programs/qualifications/cmaps.cmap-font-simple-domain/process.txt, programs/qualifications/cmaps.cmap-font-simple-domain/qpdf-version.txt, programs/qualifications/cmaps.cmap-font-simple-domain/qpdf-version.txt.stderr, programs/qualifications/cmaps.cmap-font-simple-domain/qpdf.json, programs/qualifications/cmaps.cmap-font-simple-domain/qpdf.json.stderr, programs/qualifications/cmaps.cmap-font-simple-domain/result.properties, programs/qualifications/cmaps.cmap-font-type0-domain/process.txt, programs/qualifications/cmaps.cmap-font-type0-domain/qpdf-version.txt, programs/qualifications/cmaps.cmap-font-type0-domain/qpdf-version.txt.stderr, programs/qualifications/cmaps.cmap-font-type0-domain/qpdf.json, programs/qualifications/cmaps.cmap-font-type0-domain/qpdf.json.stderr, programs/qualifications/cmaps.cmap-font-type0-domain/result.properties, programs/qualifications/cmaps.cmap-inherited-codespace/process.txt, programs/qualifications/cmaps.cmap-inherited-codespace/qpdf-version.txt, programs/qualifications/cmaps.cmap-inherited-codespace/qpdf-version.txt.stderr, programs/qualifications/cmaps.cmap-inherited-codespace/qpdf.json, programs/qualifications/cmaps.cmap-inherited-codespace/qpdf.json.stderr, programs/qualifications/cmaps.cmap-inherited-codespace/result.properties, programs/qualifications/cmaps.cmap-late-codespace/process.txt, programs/qualifications/cmaps.cmap-late-codespace/qpdf-version.txt, programs/qualifications/cmaps.cmap-late-codespace/qpdf-version.txt.stderr, programs/qualifications/cmaps.cmap-late-codespace/qpdf.json, programs/qualifications/cmaps.cmap-late-codespace/qpdf.json.stderr, programs/qualifications/cmaps.cmap-late-codespace/result.properties, programs/qualifications/cmaps.cmap-mapping-code/process.txt, programs/qualifications/cmaps.cmap-mapping-code/qpdf-version.txt, programs/qualifications/cmaps.cmap-mapping-code/qpdf-version.txt.stderr, programs/qualifications/cmaps.cmap-mapping-code/qpdf.json, programs/qualifications/cmaps.cmap-mapping-code/qpdf.json.stderr, programs/qualifications/cmaps.cmap-mapping-code/result.properties, programs/qualifications/cmaps.cmap-missing-begin/process.txt, programs/qualifications/cmaps.cmap-missing-begin/qpdf-version.txt, programs/qualifications/cmaps.cmap-missing-begin/qpdf-version.txt.stderr, programs/qualifications/cmaps.cmap-missing-begin/qpdf.json, programs/qualifications/cmaps.cmap-missing-begin/qpdf.json.stderr, programs/qualifications/cmaps.cmap-missing-begin/result.properties, programs/qualifications/cmaps.cmap-missing-end/process.txt, programs/qualifications/cmaps.cmap-missing-end/qpdf-version.txt, programs/qualifications/cmaps.cmap-missing-end/qpdf-version.txt.stderr, programs/qualifications/cmaps.cmap-missing-end/qpdf.json, programs/qualifications/cmaps.cmap-missing-end/qpdf.json.stderr, programs/qualifications/cmaps.cmap-missing-end/result.properties, programs/qualifications/cmaps.cmap-missing-parent-space/process.txt, programs/qualifications/cmaps.cmap-missing-parent-space/qpdf-version.txt, programs/qualifications/cmaps.cmap-missing-parent-space/qpdf-version.txt.stderr, programs/qualifications/cmaps.cmap-missing-parent-space/qpdf.json, programs/qualifications/cmaps.cmap-missing-parent-space/qpdf.json.stderr, programs/qualifications/cmaps.cmap-missing-parent-space/result.properties, programs/qualifications/cmaps.cmap-mode-agreement/process.txt, programs/qualifications/cmaps.cmap-mode-agreement/qpdf-version.txt, programs/qualifications/cmaps.cmap-mode-agreement/qpdf-version.txt.stderr, programs/qualifications/cmaps.cmap-mode-agreement/qpdf.json, programs/qualifications/cmaps.cmap-mode-agreement/qpdf.json.stderr, programs/qualifications/cmaps.cmap-mode-agreement/result.properties, programs/qualifications/cmaps.cmap-name-agreement/process.txt, programs/qualifications/cmaps.cmap-name-agreement/qpdf-version.txt, programs/qualifications/cmaps.cmap-name-agreement/qpdf-version.txt.stderr, programs/qualifications/cmaps.cmap-name-agreement/qpdf.json, programs/qualifications/cmaps.cmap-name-agreement/qpdf.json.stderr, programs/qualifications/cmaps.cmap-name-agreement/result.properties, programs/qualifications/cmaps.cmap-negative-cid/process.txt, programs/qualifications/cmaps.cmap-negative-cid/qpdf-version.txt, programs/qualifications/cmaps.cmap-negative-cid/qpdf-version.txt.stderr, programs/qualifications/cmaps.cmap-negative-cid/qpdf.json, programs/qualifications/cmaps.cmap-negative-cid/qpdf.json.stderr, programs/qualifications/cmaps.cmap-negative-cid/result.properties, programs/qualifications/cmaps.cmap-overlap/process.txt, programs/qualifications/cmaps.cmap-overlap/qpdf-version.txt, programs/qualifications/cmaps.cmap-overlap/qpdf-version.txt.stderr, programs/qualifications/cmaps.cmap-overlap/qpdf.json, programs/qualifications/cmaps.cmap-overlap/qpdf.json.stderr, programs/qualifications/cmaps.cmap-overlap/result.properties, programs/qualifications/cmaps.cmap-parent-cycle/process.txt, programs/qualifications/cmaps.cmap-parent-cycle/qpdf-version.txt, programs/qualifications/cmaps.cmap-parent-cycle/qpdf-version.txt.stderr, programs/qualifications/cmaps.cmap-parent-cycle/qpdf.json, programs/qualifications/cmaps.cmap-parent-cycle/qpdf.json.stderr, programs/qualifications/cmaps.cmap-parent-cycle/result.properties, programs/qualifications/cmaps.cmap-range-cardinality/process.txt, programs/qualifications/cmaps.cmap-range-cardinality/qpdf-version.txt, programs/qualifications/cmaps.cmap-range-cardinality/qpdf-version.txt.stderr, programs/qualifications/cmaps.cmap-range-cardinality/qpdf.json, programs/qualifications/cmaps.cmap-range-cardinality/qpdf.json.stderr, programs/qualifications/cmaps.cmap-range-cardinality/result.properties, programs/qualifications/cmaps.cmap-reversed-byte/process.txt, programs/qualifications/cmaps.cmap-reversed-byte/qpdf-version.txt, programs/qualifications/cmaps.cmap-reversed-byte/qpdf-version.txt.stderr, programs/qualifications/cmaps.cmap-reversed-byte/qpdf.json, programs/qualifications/cmaps.cmap-reversed-byte/qpdf.json.stderr, programs/qualifications/cmaps.cmap-reversed-byte/result.properties, programs/qualifications/cmaps.cmap-reversed/process.txt, programs/qualifications/cmaps.cmap-reversed/qpdf-version.txt, programs/qualifications/cmaps.cmap-reversed/qpdf-version.txt.stderr, programs/qualifications/cmaps.cmap-reversed/qpdf.json, programs/qualifications/cmaps.cmap-reversed/qpdf.json.stderr, programs/qualifications/cmaps.cmap-reversed/result.properties, programs/qualifications/cmaps.cmap-ros-agreement/process.txt, programs/qualifications/cmaps.cmap-ros-agreement/qpdf-version.txt, programs/qualifications/cmaps.cmap-ros-agreement/qpdf-version.txt.stderr, programs/qualifications/cmaps.cmap-ros-agreement/qpdf.json, programs/qualifications/cmaps.cmap-ros-agreement/qpdf.json.stderr, programs/qualifications/cmaps.cmap-ros-agreement/result.properties, programs/qualifications/cmaps.cmap-surrogate/process.txt, programs/qualifications/cmaps.cmap-surrogate/qpdf-version.txt, programs/qualifications/cmaps.cmap-surrogate/qpdf-version.txt.stderr, programs/qualifications/cmaps.cmap-surrogate/qpdf.json, programs/qualifications/cmaps.cmap-surrogate/qpdf.json.stderr, programs/qualifications/cmaps.cmap-surrogate/result.properties, programs/qualifications/cmaps.cmap-uid-string/process.txt, programs/qualifications/cmaps.cmap-uid-string/qpdf-version.txt, programs/qualifications/cmaps.cmap-uid-string/qpdf-version.txt.stderr, programs/qualifications/cmaps.cmap-uid-string/qpdf.json, programs/qualifications/cmaps.cmap-uid-string/qpdf.json.stderr, programs/qualifications/cmaps.cmap-uid-string/result.properties, programs/qualifications/cmaps.cmap-unequal-length/process.txt, programs/qualifications/cmaps.cmap-unequal-length/qpdf-version.txt, programs/qualifications/cmaps.cmap-unequal-length/qpdf-version.txt.stderr, programs/qualifications/cmaps.cmap-unequal-length/qpdf.json, programs/qualifications/cmaps.cmap-unequal-length/qpdf.json.stderr, programs/qualifications/cmaps.cmap-unequal-length/result.properties, programs/qualifications/cmaps.cmap-unicode-cidchar/process.txt, programs/qualifications/cmaps.cmap-unicode-cidchar/qpdf-version.txt, programs/qualifications/cmaps.cmap-unicode-cidchar/qpdf-version.txt.stderr, programs/qualifications/cmaps.cmap-unicode-cidchar/qpdf.json, programs/qualifications/cmaps.cmap-unicode-cidchar/qpdf.json.stderr, programs/qualifications/cmaps.cmap-unicode-cidchar/result.properties, programs/qualifications/cmaps.cmap-unicode-type/process.txt, programs/qualifications/cmaps.cmap-unicode-type/qpdf-version.txt, programs/qualifications/cmaps.cmap-unicode-type/qpdf-version.txt.stderr, programs/qualifications/cmaps.cmap-unicode-type/qpdf.json, programs/qualifications/cmaps.cmap-unicode-type/qpdf.json.stderr, programs/qualifications/cmaps.cmap-unicode-type/result.properties, programs/qualifications/cmaps.cmap-usecmap-late/process.txt, programs/qualifications/cmaps.cmap-usecmap-late/qpdf-version.txt, programs/qualifications/cmaps.cmap-usecmap-late/qpdf-version.txt.stderr, programs/qualifications/cmaps.cmap-usecmap-late/qpdf.json, programs/qualifications/cmaps.cmap-usecmap-late/qpdf.json.stderr, programs/qualifications/cmaps.cmap-usecmap-late/result.properties, programs/qualifications/cmaps.cmap-usecmap-missing-parent/process.txt, programs/qualifications/cmaps.cmap-usecmap-missing-parent/qpdf-version.txt, programs/qualifications/cmaps.cmap-usecmap-missing-parent/qpdf-version.txt.stderr, programs/qualifications/cmaps.cmap-usecmap-missing-parent/qpdf.json, programs/qualifications/cmaps.cmap-usecmap-missing-parent/qpdf.json.stderr, programs/qualifications/cmaps.cmap-usecmap-missing-parent/result.properties, programs/qualifications/cmaps.cmap-usecmap-name/process.txt, programs/qualifications/cmaps.cmap-usecmap-name/qpdf-version.txt, programs/qualifications/cmaps.cmap-usecmap-name/qpdf-version.txt.stderr, programs/qualifications/cmaps.cmap-usecmap-name/qpdf.json, programs/qualifications/cmaps.cmap-usecmap-name/qpdf.json.stderr, programs/qualifications/cmaps.cmap-usecmap-name/result.properties, programs/qualifications/cmaps.cmap-usefont-nonzero/process.txt, programs/qualifications/cmaps.cmap-usefont-nonzero/qpdf-version.txt, programs/qualifications/cmaps.cmap-usefont-nonzero/qpdf-version.txt.stderr, programs/qualifications/cmaps.cmap-usefont-nonzero/qpdf.json, programs/qualifications/cmaps.cmap-usefont-nonzero/qpdf.json.stderr, programs/qualifications/cmaps.cmap-usefont-nonzero/result.properties, programs/qualifications/cmaps.cmap-version-string/process.txt, programs/qualifications/cmaps.cmap-version-string/qpdf-version.txt, programs/qualifications/cmaps.cmap-version-string/qpdf-version.txt.stderr, programs/qualifications/cmaps.cmap-version-string/qpdf.json, programs/qualifications/cmaps.cmap-version-string/qpdf.json.stderr, programs/qualifications/cmaps.cmap-version-string/result.properties, programs/qualifications/cmaps.cmap-xuid-string/process.txt, programs/qualifications/cmaps.cmap-xuid-string/qpdf-version.txt, programs/qualifications/cmaps.cmap-xuid-string/qpdf-version.txt.stderr, programs/qualifications/cmaps.cmap-xuid-string/qpdf.json, programs/qualifications/cmaps.cmap-xuid-string/qpdf.json.stderr, programs/qualifications/cmaps.cmap-xuid-string/result.properties, programs/qualifications/content.boolean-mcid/process.txt, programs/qualifications/content.boolean-mcid/qpdf-version.txt, programs/qualifications/content.boolean-mcid/qpdf-version.txt.stderr, programs/qualifications/content.boolean-mcid/qpdf.json, programs/qualifications/content.boolean-mcid/qpdf.json.stderr, programs/qualifications/content.boolean-mcid/result.properties, programs/qualifications/content.catalog-pdf2-form-caller-font/process.txt, programs/qualifications/content.catalog-pdf2-form-caller-font/qpdf-version.txt, programs/qualifications/content.catalog-pdf2-form-caller-font/qpdf-version.txt.stderr, programs/qualifications/content.catalog-pdf2-form-caller-font/qpdf.json, programs/qualifications/content.catalog-pdf2-form-caller-font/qpdf.json.stderr, programs/qualifications/content.catalog-pdf2-form-caller-font/result.properties, programs/qualifications/content.concatenate-inside-text/process.txt, programs/qualifications/content.concatenate-inside-text/qpdf-version.txt, programs/qualifications/content.concatenate-inside-text/qpdf-version.txt.stderr, programs/qualifications/content.concatenate-inside-text/qpdf.json, programs/qualifications/content.concatenate-inside-text/qpdf.json.stderr, programs/qualifications/content.concatenate-inside-text/result.properties, programs/qualifications/content.dictionary-name-alias/process.txt, programs/qualifications/content.dictionary-name-alias/qpdf-version.txt, programs/qualifications/content.dictionary-name-alias/qpdf-version.txt.stderr, programs/qualifications/content.dictionary-name-alias/qpdf.json, programs/qualifications/content.dictionary-name-alias/qpdf.json.stderr, programs/qualifications/content.dictionary-name-alias/result.properties, programs/qualifications/content.dictionary-word/process.txt, programs/qualifications/content.dictionary-word/qpdf-version.txt, programs/qualifications/content.dictionary-word/qpdf-version.txt.stderr, programs/qualifications/content.dictionary-word/qpdf.json, programs/qualifications/content.dictionary-word/qpdf.json.stderr, programs/qualifications/content.dictionary-word/result.properties, programs/qualifications/content.different-font-name-byte/process.txt, programs/qualifications/content.different-font-name-byte/qpdf-version.txt, programs/qualifications/content.different-font-name-byte/qpdf-version.txt.stderr, programs/qualifications/content.different-font-name-byte/qpdf.json, programs/qualifications/content.different-font-name-byte/qpdf.json.stderr, programs/qualifications/content.different-font-name-byte/result.properties, programs/qualifications/content.different-font-name-utf8/process.txt, programs/qualifications/content.different-font-name-utf8/qpdf-version.txt, programs/qualifications/content.different-font-name-utf8/qpdf-version.txt.stderr, programs/qualifications/content.different-font-name-utf8/qpdf.json, programs/qualifications/content.different-font-name-utf8/qpdf.json.stderr, programs/qualifications/content.different-font-name-utf8/result.properties, programs/qualifications/content.duplicate-mcid/process.txt, programs/qualifications/content.duplicate-mcid/qpdf-version.txt, programs/qualifications/content.duplicate-mcid/qpdf-version.txt.stderr, programs/qualifications/content.duplicate-mcid/qpdf.json, programs/qualifications/content.duplicate-mcid/qpdf.json.stderr, programs/qualifications/content.duplicate-mcid/result.properties, programs/qualifications/content.font-box-too-small/process.txt, programs/qualifications/content.font-box-too-small/qpdf-version.txt, programs/qualifications/content.font-box-too-small/qpdf-version.txt.stderr, programs/qualifications/content.font-box-too-small/qpdf.json, programs/qualifications/content.font-box-too-small/qpdf.json.stderr, programs/qualifications/content.font-box-too-small/result.properties, programs/qualifications/content.font-restored-to-unset/process.txt, programs/qualifications/content.font-restored-to-unset/qpdf-version.txt, programs/qualifications/content.font-restored-to-unset/qpdf-version.txt.stderr, programs/qualifications/content.font-restored-to-unset/qpdf.json, programs/qualifications/content.font-restored-to-unset/qpdf.json.stderr, programs/qualifications/content.font-restored-to-unset/result.properties, programs/qualifications/content.font-size-name/process.txt, programs/qualifications/content.font-size-name/qpdf-version.txt, programs/qualifications/content.font-size-name/qpdf-version.txt.stderr, programs/qualifications/content.font-size-name/qpdf.json, programs/qualifications/content.font-size-name/qpdf.json.stderr, programs/qualifications/content.font-size-name/result.properties, programs/qualifications/content.form-does-not-pop-caller-graphics/process.txt, programs/qualifications/content.form-does-not-pop-caller-graphics/qpdf-version.txt, programs/qualifications/content.form-does-not-pop-caller-graphics/qpdf-version.txt.stderr, programs/qualifications/content.form-does-not-pop-caller-graphics/qpdf.json, programs/qualifications/content.form-does-not-pop-caller-graphics/qpdf.json.stderr, programs/qualifications/content.form-does-not-pop-caller-graphics/result.properties, programs/qualifications/content.form-in-text-object/process.txt, programs/qualifications/content.form-in-text-object/qpdf-version.txt, programs/qualifications/content.form-in-text-object/qpdf-version.txt.stderr, programs/qualifications/content.form-in-text-object/qpdf.json, programs/qualifications/content.form-in-text-object/qpdf.json.stderr, programs/qualifications/content.form-in-text-object/result.properties, programs/qualifications/content.form-name/process.txt, programs/qualifications/content.form-name/qpdf-version.txt, programs/qualifications/content.form-name/qpdf-version.txt.stderr, programs/qualifications/content.form-name/qpdf.json, programs/qualifications/content.form-name/qpdf.json.stderr, programs/qualifications/content.form-name/result.properties, programs/qualifications/content.form-used-as-font/process.txt, programs/qualifications/content.form-used-as-font/qpdf-version.txt, programs/qualifications/content.form-used-as-font/qpdf-version.txt.stderr, programs/qualifications/content.form-used-as-font/qpdf.json, programs/qualifications/content.form-used-as-font/qpdf.json.stderr, programs/qualifications/content.form-used-as-font/result.properties, programs/qualifications/content.glyph-missing-header/process.txt, programs/qualifications/content.glyph-missing-header/qpdf-version.txt, programs/qualifications/content.glyph-missing-header/qpdf-version.txt.stderr, programs/qualifications/content.glyph-missing-header/qpdf.json, programs/qualifications/content.glyph-missing-header/qpdf.json.stderr, programs/qualifications/content.glyph-missing-header/result.properties, programs/qualifications/content.glyph-outside-d1-bounds/process.txt, programs/qualifications/content.glyph-outside-d1-bounds/qpdf-version.txt, programs/qualifications/content.glyph-outside-d1-bounds/qpdf-version.txt.stderr, programs/qualifications/content.glyph-outside-d1-bounds/qpdf.json, programs/qualifications/content.glyph-outside-d1-bounds/qpdf.json.stderr, programs/qualifications/content.glyph-outside-d1-bounds/result.properties, programs/qualifications/content.glyph-rectangle-arity/process.txt, programs/qualifications/content.glyph-rectangle-arity/qpdf-version.txt, programs/qualifications/content.glyph-rectangle-arity/qpdf-version.txt.stderr, programs/qualifications/content.glyph-rectangle-arity/qpdf.json, programs/qualifications/content.glyph-rectangle-arity/qpdf.json.stderr, programs/qualifications/content.glyph-rectangle-arity/result.properties, programs/qualifications/content.glyph-rectangle-name/process.txt, programs/qualifications/content.glyph-rectangle-name/qpdf-version.txt, programs/qualifications/content.glyph-rectangle-name/qpdf-version.txt.stderr, programs/qualifications/content.glyph-rectangle-name/qpdf.json, programs/qualifications/content.glyph-rectangle-name/qpdf.json.stderr, programs/qualifications/content.glyph-rectangle-name/result.properties, programs/qualifications/content.glyph-repeated-header/process.txt, programs/qualifications/content.glyph-repeated-header/qpdf-version.txt, programs/qualifications/content.glyph-repeated-header/qpdf-version.txt.stderr, programs/qualifications/content.glyph-repeated-header/qpdf.json, programs/qualifications/content.glyph-repeated-header/qpdf.json.stderr, programs/qualifications/content.glyph-repeated-header/result.properties, programs/qualifications/content.glyph-unpainted-path/process.txt, programs/qualifications/content.glyph-unpainted-path/qpdf-version.txt, programs/qualifications/content.glyph-unpainted-path/qpdf-version.txt.stderr, programs/qualifications/content.glyph-unpainted-path/qpdf.json, programs/qualifications/content.glyph-unpainted-path/qpdf.json.stderr, programs/qualifications/content.glyph-unpainted-path/result.properties, programs/qualifications/content.graphics-crosses-marked/process.txt, programs/qualifications/content.graphics-crosses-marked/qpdf-version.txt, programs/qualifications/content.graphics-crosses-marked/qpdf-version.txt.stderr, programs/qualifications/content.graphics-crosses-marked/qpdf.json, programs/qualifications/content.graphics-crosses-marked/qpdf.json.stderr, programs/qualifications/content.graphics-crosses-marked/result.properties, programs/qualifications/content.graphics-unclosed/process.txt, programs/qualifications/content.graphics-unclosed/qpdf-version.txt, programs/qualifications/content.graphics-unclosed/qpdf-version.txt.stderr, programs/qualifications/content.graphics-unclosed/qpdf.json, programs/qualifications/content.graphics-unclosed/qpdf.json.stderr, programs/qualifications/content.graphics-unclosed/result.properties, programs/qualifications/content.graphics-underflow/process.txt, programs/qualifications/content.graphics-underflow/qpdf-version.txt, programs/qualifications/content.graphics-underflow/qpdf-version.txt.stderr, programs/qualifications/content.graphics-underflow/qpdf.json, programs/qualifications/content.graphics-underflow/qpdf.json.stderr, programs/qualifications/content.graphics-underflow/result.properties, programs/qualifications/content.marked-crosses-graphics/process.txt, programs/qualifications/content.marked-crosses-graphics/qpdf-version.txt, programs/qualifications/content.marked-crosses-graphics/qpdf-version.txt.stderr, programs/qualifications/content.marked-crosses-graphics/qpdf.json, programs/qualifications/content.marked-crosses-graphics/qpdf.json.stderr, programs/qualifications/content.marked-crosses-graphics/result.properties, programs/qualifications/content.marked-crosses-text/process.txt, programs/qualifications/content.marked-crosses-text/qpdf-version.txt, programs/qualifications/content.marked-crosses-text/qpdf-version.txt.stderr, programs/qualifications/content.marked-crosses-text/qpdf.json, programs/qualifications/content.marked-crosses-text/qpdf.json.stderr, programs/qualifications/content.marked-crosses-text/result.properties, programs/qualifications/content.marked-unclosed/process.txt, programs/qualifications/content.marked-unclosed/qpdf-version.txt, programs/qualifications/content.marked-unclosed/qpdf-version.txt.stderr, programs/qualifications/content.marked-unclosed/qpdf.json, programs/qualifications/content.marked-unclosed/qpdf.json.stderr, programs/qualifications/content.marked-unclosed/result.properties, programs/qualifications/content.marked-underflow/process.txt, programs/qualifications/content.marked-underflow/qpdf-version.txt, programs/qualifications/content.marked-underflow/qpdf-version.txt.stderr, programs/qualifications/content.marked-underflow/qpdf.json, programs/qualifications/content.marked-underflow/qpdf.json.stderr, programs/qualifications/content.marked-underflow/result.properties, programs/qualifications/content.matrix-outside-text/process.txt, programs/qualifications/content.matrix-outside-text/qpdf-version.txt, programs/qualifications/content.matrix-outside-text/qpdf-version.txt.stderr, programs/qualifications/content.matrix-outside-text/qpdf.json, programs/qualifications/content.matrix-outside-text/qpdf.json.stderr, programs/qualifications/content.matrix-outside-text/result.properties, programs/qualifications/content.missing-font-resource/process.txt, programs/qualifications/content.missing-font-resource/qpdf-version.txt, programs/qualifications/content.missing-font-resource/qpdf-version.txt.stderr, programs/qualifications/content.missing-font-resource/qpdf.json, programs/qualifications/content.missing-font-resource/qpdf.json.stderr, programs/qualifications/content.missing-font-resource/result.properties, programs/qualifications/content.missing-form-resource/process.txt, programs/qualifications/content.missing-form-resource/qpdf-version.txt, programs/qualifications/content.missing-form-resource/qpdf-version.txt.stderr, programs/qualifications/content.missing-form-resource/qpdf.json, programs/qualifications/content.missing-form-resource/qpdf.json.stderr, programs/qualifications/content.missing-form-resource/result.properties, programs/qualifications/content.missing-name-escape/process.txt, programs/qualifications/content.missing-name-escape/qpdf-version.txt, programs/qualifications/content.missing-name-escape/qpdf-version.txt.stderr, programs/qualifications/content.missing-name-escape/qpdf.json, programs/qualifications/content.missing-name-escape/qpdf.json.stderr, programs/qualifications/content.missing-name-escape/result.properties, programs/qualifications/content.missing-property-resource/process.txt, programs/qualifications/content.missing-property-resource/qpdf-version.txt, programs/qualifications/content.missing-property-resource/qpdf-version.txt.stderr, programs/qualifications/content.missing-property-resource/qpdf.json, programs/qualifications/content.missing-property-resource/qpdf.json.stderr, programs/qualifications/content.missing-property-resource/result.properties, programs/qualifications/content.name-alternate/process.txt, programs/qualifications/content.name-alternate/qpdf-version.txt, programs/qualifications/content.name-alternate/qpdf-version.txt.stderr, programs/qualifications/content.name-alternate/qpdf.json, programs/qualifications/content.name-alternate/qpdf.json.stderr, programs/qualifications/content.name-alternate/result.properties, programs/qualifications/content.name-mcid/process.txt, programs/qualifications/content.name-mcid/qpdf-version.txt, programs/qualifications/content.name-mcid/qpdf-version.txt.stderr, programs/qualifications/content.name-mcid/qpdf.json, programs/qualifications/content.name-mcid/qpdf.json.stderr, programs/qualifications/content.name-mcid/result.properties, programs/qualifications/content.named-property-wrong-type/process.txt, programs/qualifications/content.named-property-wrong-type/qpdf-version.txt, programs/qualifications/content.named-property-wrong-type/qpdf-version.txt.stderr, programs/qualifications/content.named-property-wrong-type/qpdf.json, programs/qualifications/content.named-property-wrong-type/qpdf.json.stderr, programs/qualifications/content.named-property-wrong-type/result.properties, programs/qualifications/content.negative-mcid/process.txt, programs/qualifications/content.negative-mcid/qpdf-version.txt, programs/qualifications/content.negative-mcid/qpdf-version.txt.stderr, programs/qualifications/content.negative-mcid/qpdf.json, programs/qualifications/content.negative-mcid/qpdf.json.stderr, programs/qualifications/content.negative-mcid/result.properties, programs/qualifications/content.nested-form-caller-font/process.txt, programs/qualifications/content.nested-form-caller-font/qpdf-version.txt, programs/qualifications/content.nested-form-caller-font/qpdf-version.txt.stderr, programs/qualifications/content.nested-form-caller-font/qpdf.json, programs/qualifications/content.nested-form-caller-font/qpdf.json.stderr, programs/qualifications/content.nested-form-caller-font/result.properties, programs/qualifications/content.nested-text/process.txt, programs/qualifications/content.nested-text/qpdf-version.txt, programs/qualifications/content.nested-text/qpdf-version.txt.stderr, programs/qualifications/content.nested-text/qpdf.json, programs/qualifications/content.nested-text/qpdf.json.stderr, programs/qualifications/content.nested-text/result.properties, programs/qualifications/content.no-selected-font/process.txt, programs/qualifications/content.no-selected-font/qpdf-version.txt, programs/qualifications/content.no-selected-font/qpdf-version.txt.stderr, programs/qualifications/content.no-selected-font/qpdf.json, programs/qualifications/content.no-selected-font/qpdf.json.stderr, programs/qualifications/content.no-selected-font/result.properties, programs/qualifications/content.nonhex-name-escape/process.txt, programs/qualifications/content.nonhex-name-escape/qpdf-version.txt, programs/qualifications/content.nonhex-name-escape/qpdf-version.txt.stderr, programs/qualifications/content.nonhex-name-escape/qpdf.json, programs/qualifications/content.nonhex-name-escape/qpdf.json.stderr, programs/qualifications/content.nonhex-name-escape/result.properties, programs/qualifications/content.null-name-escape/process.txt, programs/qualifications/content.null-name-escape/qpdf-version.txt, programs/qualifications/content.null-name-escape/qpdf-version.txt.stderr, programs/qualifications/content.null-name-escape/qpdf.json, programs/qualifications/content.null-name-escape/qpdf.json.stderr, programs/qualifications/content.null-name-escape/result.properties, programs/qualifications/content.numeric-language/process.txt, programs/qualifications/content.numeric-language/qpdf-version.txt, programs/qualifications/content.numeric-language/qpdf-version.txt.stderr, programs/qualifications/content.numeric-language/qpdf.json, programs/qualifications/content.numeric-language/qpdf.json.stderr, programs/qualifications/content.numeric-language/result.properties, programs/qualifications/content.numeric-replacement/process.txt, programs/qualifications/content.numeric-replacement/qpdf-version.txt, programs/qualifications/content.numeric-replacement/qpdf-version.txt.stderr, programs/qualifications/content.numeric-replacement/qpdf.json, programs/qualifications/content.numeric-replacement/qpdf.json.stderr, programs/qualifications/content.numeric-replacement/result.properties, programs/qualifications/content.real-mcid/process.txt, programs/qualifications/content.real-mcid/qpdf-version.txt, programs/qualifications/content.real-mcid/qpdf-version.txt.stderr, programs/qualifications/content.real-mcid/qpdf.json, programs/qualifications/content.real-mcid/qpdf.json.stderr, programs/qualifications/content.real-mcid/result.properties, programs/qualifications/content.restore-inside-text/process.txt, programs/qualifications/content.restore-inside-text/qpdf-version.txt, programs/qualifications/content.restore-inside-text/qpdf-version.txt.stderr, programs/qualifications/content.restore-inside-text/qpdf.json, programs/qualifications/content.restore-inside-text/qpdf.json.stderr, programs/qualifications/content.restore-inside-text/result.properties, programs/qualifications/content.rgb-name/process.txt, programs/qualifications/content.rgb-name/qpdf-version.txt, programs/qualifications/content.rgb-name/qpdf-version.txt.stderr, programs/qualifications/content.rgb-name/qpdf.json, programs/qualifications/content.rgb-name/qpdf.json.stderr, programs/qualifications/content.rgb-name/result.properties, programs/qualifications/content.save-inside-text/process.txt, programs/qualifications/content.save-inside-text/qpdf-version.txt, programs/qualifications/content.save-inside-text/qpdf-version.txt.stderr, programs/qualifications/content.save-inside-text/qpdf.json, programs/qualifications/content.save-inside-text/qpdf.json.stderr, programs/qualifications/content.save-inside-text/result.properties, programs/qualifications/content.show-name/process.txt, programs/qualifications/content.show-name/qpdf-version.txt, programs/qualifications/content.show-name/qpdf-version.txt.stderr, programs/qualifications/content.show-name/qpdf.json, programs/qualifications/content.show-name/qpdf.json.stderr, programs/qualifications/content.show-name/result.properties, programs/qualifications/content.show-outside-text/process.txt, programs/qualifications/content.show-outside-text/qpdf-version.txt, programs/qualifications/content.show-outside-text/qpdf-version.txt.stderr, programs/qualifications/content.show-outside-text/qpdf.json, programs/qualifications/content.show-outside-text/qpdf.json.stderr, programs/qualifications/content.show-outside-text/result.properties, programs/qualifications/content.text-crosses-marked/process.txt, programs/qualifications/content.text-crosses-marked/qpdf-version.txt, programs/qualifications/content.text-crosses-marked/qpdf-version.txt.stderr, programs/qualifications/content.text-crosses-marked/qpdf.json, programs/qualifications/content.text-crosses-marked/qpdf.json.stderr, programs/qualifications/content.text-crosses-marked/result.properties, programs/qualifications/content.text-matrix-arity/process.txt, programs/qualifications/content.text-matrix-arity/qpdf-version.txt, programs/qualifications/content.text-matrix-arity/qpdf-version.txt.stderr, programs/qualifications/content.text-matrix-arity/qpdf.json, programs/qualifications/content.text-matrix-arity/qpdf.json.stderr, programs/qualifications/content.text-matrix-arity/result.properties, programs/qualifications/content.text-matrix-name/process.txt, programs/qualifications/content.text-matrix-name/qpdf-version.txt, programs/qualifications/content.text-matrix-name/qpdf-version.txt.stderr, programs/qualifications/content.text-matrix-name/qpdf.json, programs/qualifications/content.text-matrix-name/qpdf.json.stderr, programs/qualifications/content.text-matrix-name/result.properties, programs/qualifications/content.unmatched-text-end/process.txt, programs/qualifications/content.unmatched-text-end/qpdf-version.txt, programs/qualifications/content.unmatched-text-end/qpdf-version.txt.stderr, programs/qualifications/content.unmatched-text-end/qpdf.json, programs/qualifications/content.unmatched-text-end/qpdf.json.stderr, programs/qualifications/content.unmatched-text-end/result.properties, programs/qualifications/content.unterminated-text/process.txt, programs/qualifications/content.unterminated-text/qpdf-version.txt, programs/qualifications/content.unterminated-text/qpdf-version.txt.stderr, programs/qualifications/content.unterminated-text/qpdf.json, programs/qualifications/content.unterminated-text/qpdf.json.stderr, programs/qualifications/content.unterminated-text/result.properties, programs/qualifications/font-metrics.cid-cff-widths-array/process.txt, programs/qualifications/font-metrics.cid-cff-widths-array/qpdf-version.txt, programs/qualifications/font-metrics.cid-cff-widths-array/qpdf-version.txt.stderr, programs/qualifications/font-metrics.cid-cff-widths-array/qpdf.json, programs/qualifications/font-metrics.cid-cff-widths-array/qpdf.json.stderr, programs/qualifications/font-metrics.cid-cff-widths-array/result.properties, programs/qualifications/font-metrics.cid-cff-widths-default/process.txt, programs/qualifications/font-metrics.cid-cff-widths-default/qpdf-version.txt, programs/qualifications/font-metrics.cid-cff-widths-default/qpdf-version.txt.stderr, programs/qualifications/font-metrics.cid-cff-widths-default/qpdf.json, programs/qualifications/font-metrics.cid-cff-widths-default/qpdf.json.stderr, programs/qualifications/font-metrics.cid-cff-widths-default/result.properties, programs/qualifications/font-metrics.cid-cff-widths-range/process.txt, programs/qualifications/font-metrics.cid-cff-widths-range/qpdf-version.txt, programs/qualifications/font-metrics.cid-cff-widths-range/qpdf-version.txt.stderr, programs/qualifications/font-metrics.cid-cff-widths-range/qpdf.json, programs/qualifications/font-metrics.cid-cff-widths-range/qpdf.json.stderr, programs/qualifications/font-metrics.cid-cff-widths-range/result.properties, programs/qualifications/font-metrics.cid-truetype-widths-array/process.txt, programs/qualifications/font-metrics.cid-truetype-widths-array/qpdf-version.txt, programs/qualifications/font-metrics.cid-truetype-widths-array/qpdf-version.txt.stderr, programs/qualifications/font-metrics.cid-truetype-widths-array/qpdf.json, programs/qualifications/font-metrics.cid-truetype-widths-array/qpdf.json.stderr, programs/qualifications/font-metrics.cid-truetype-widths-array/result.properties, programs/qualifications/font-metrics.cid-truetype-widths-default/process.txt, programs/qualifications/font-metrics.cid-truetype-widths-default/qpdf-version.txt, programs/qualifications/font-metrics.cid-truetype-widths-default/qpdf-version.txt.stderr, programs/qualifications/font-metrics.cid-truetype-widths-default/qpdf.json, programs/qualifications/font-metrics.cid-truetype-widths-default/qpdf.json.stderr, programs/qualifications/font-metrics.cid-truetype-widths-default/result.properties, programs/qualifications/font-metrics.cid-truetype-widths-range/process.txt, programs/qualifications/font-metrics.cid-truetype-widths-range/qpdf-version.txt, programs/qualifications/font-metrics.cid-truetype-widths-range/qpdf-version.txt.stderr, programs/qualifications/font-metrics.cid-truetype-widths-range/qpdf.json, programs/qualifications/font-metrics.cid-truetype-widths-range/qpdf.json.stderr, programs/qualifications/font-metrics.cid-truetype-widths-range/result.properties, programs/qualifications/font-metrics.mmtype1-widths/process.txt, programs/qualifications/font-metrics.mmtype1-widths/qpdf-version.txt, programs/qualifications/font-metrics.mmtype1-widths/qpdf-version.txt.stderr, programs/qualifications/font-metrics.mmtype1-widths/qpdf.json, programs/qualifications/font-metrics.mmtype1-widths/qpdf.json.stderr, programs/qualifications/font-metrics.mmtype1-widths/result.properties, programs/qualifications/font-metrics.truetype-widths/process.txt, programs/qualifications/font-metrics.truetype-widths/qpdf-version.txt, programs/qualifications/font-metrics.truetype-widths/qpdf-version.txt.stderr, programs/qualifications/font-metrics.truetype-widths/qpdf.json, programs/qualifications/font-metrics.truetype-widths/qpdf.json.stderr, programs/qualifications/font-metrics.truetype-widths/result.properties, programs/qualifications/font-metrics.type1-widths/process.txt, programs/qualifications/font-metrics.type1-widths/qpdf-version.txt, programs/qualifications/font-metrics.type1-widths/qpdf-version.txt.stderr, programs/qualifications/font-metrics.type1-widths/qpdf.json, programs/qualifications/font-metrics.type1-widths/qpdf.json.stderr, programs/qualifications/font-metrics.type1-widths/result.properties, programs/qualifications/fonts.cff-as-cid/process.txt, programs/qualifications/fonts.cff-as-cid/qpdf-version.txt, programs/qualifications/fonts.cff-as-cid/qpdf-version.txt.stderr, programs/qualifications/fonts.cff-as-cid/qpdf.json, programs/qualifications/fonts.cff-as-cid/qpdf.json.stderr, programs/qualifications/fonts.cff-as-cid/result.properties, programs/qualifications/fonts.cff-descriptor-bounds/process.txt, programs/qualifications/fonts.cff-descriptor-bounds/qpdf-version.txt, programs/qualifications/fonts.cff-descriptor-bounds/qpdf-version.txt.stderr, programs/qualifications/fonts.cff-descriptor-bounds/qpdf.json, programs/qualifications/fonts.cff-descriptor-bounds/qpdf.json.stderr, programs/qualifications/fonts.cff-descriptor-bounds/result.properties, programs/qualifications/fonts.cff-first-offset-two/process.txt, programs/qualifications/fonts.cff-first-offset-two/qpdf-version.txt, programs/qualifications/fonts.cff-first-offset-two/qpdf-version.txt.stderr, programs/qualifications/fonts.cff-first-offset-two/qpdf.json, programs/qualifications/fonts.cff-first-offset-two/qpdf.json.stderr, programs/qualifications/fonts.cff-first-offset-two/result.properties, programs/qualifications/fonts.cff-first-offset-zero/process.txt, programs/qualifications/fonts.cff-first-offset-zero/qpdf-version.txt, programs/qualifications/fonts.cff-first-offset-zero/qpdf-version.txt.stderr, programs/qualifications/fonts.cff-first-offset-zero/qpdf.json, programs/qualifications/fonts.cff-first-offset-zero/qpdf.json.stderr, programs/qualifications/fonts.cff-first-offset-zero/result.properties, programs/qualifications/fonts.cff-glyph-first-offset-two/process.txt, programs/qualifications/fonts.cff-glyph-first-offset-two/qpdf-version.txt, programs/qualifications/fonts.cff-glyph-first-offset-two/qpdf-version.txt.stderr, programs/qualifications/fonts.cff-glyph-first-offset-two/qpdf.json, programs/qualifications/fonts.cff-glyph-first-offset-two/qpdf.json.stderr, programs/qualifications/fonts.cff-glyph-first-offset-two/result.properties, programs/qualifications/fonts.cff-header/process.txt, programs/qualifications/fonts.cff-header/qpdf-version.txt, programs/qualifications/fonts.cff-header/qpdf-version.txt.stderr, programs/qualifications/fonts.cff-header/qpdf.json, programs/qualifications/fonts.cff-header/qpdf.json.stderr, programs/qualifications/fonts.cff-header/result.properties, programs/qualifications/fonts.cff-last-offset-outside-file/process.txt, programs/qualifications/fonts.cff-last-offset-outside-file/qpdf-version.txt, programs/qualifications/fonts.cff-last-offset-outside-file/qpdf-version.txt.stderr, programs/qualifications/fonts.cff-last-offset-outside-file/qpdf.json, programs/qualifications/fonts.cff-last-offset-outside-file/qpdf.json.stderr, programs/qualifications/fonts.cff-last-offset-outside-file/result.properties, programs/qualifications/fonts.cff-missing-endchar/process.txt, programs/qualifications/fonts.cff-missing-endchar/qpdf-version.txt, programs/qualifications/fonts.cff-missing-endchar/qpdf-version.txt.stderr, programs/qualifications/fonts.cff-missing-endchar/qpdf.json, programs/qualifications/fonts.cff-missing-endchar/qpdf.json.stderr, programs/qualifications/fonts.cff-missing-endchar/result.properties, programs/qualifications/fonts.cff-missing-moveto/process.txt, programs/qualifications/fonts.cff-missing-moveto/qpdf-version.txt, programs/qualifications/fonts.cff-missing-moveto/qpdf-version.txt.stderr, programs/qualifications/fonts.cff-missing-moveto/qpdf.json, programs/qualifications/fonts.cff-missing-moveto/qpdf.json.stderr, programs/qualifications/fonts.cff-missing-moveto/result.properties, programs/qualifications/fonts.cff-program-name/process.txt, programs/qualifications/fonts.cff-program-name/qpdf-version.txt, programs/qualifications/fonts.cff-program-name/qpdf-version.txt.stderr, programs/qualifications/fonts.cff-program-name/qpdf.json, programs/qualifications/fonts.cff-program-name/qpdf.json.stderr, programs/qualifications/fonts.cff-program-name/result.properties, programs/qualifications/fonts.cff-topdict-count/process.txt, programs/qualifications/fonts.cff-topdict-count/qpdf-version.txt, programs/qualifications/fonts.cff-topdict-count/qpdf-version.txt.stderr, programs/qualifications/fonts.cff-topdict-count/qpdf.json, programs/qualifications/fonts.cff-topdict-count/qpdf.json.stderr, programs/qualifications/fonts.cff-topdict-count/result.properties, programs/qualifications/fonts.cff-wrong-moveto-arity/process.txt, programs/qualifications/fonts.cff-wrong-moveto-arity/qpdf-version.txt, programs/qualifications/fonts.cff-wrong-moveto-arity/qpdf-version.txt.stderr, programs/qualifications/fonts.cff-wrong-moveto-arity/qpdf.json, programs/qualifications/fonts.cff-wrong-moveto-arity/qpdf.json.stderr, programs/qualifications/fonts.cff-wrong-moveto-arity/result.properties, programs/qualifications/fonts.cid-as-cff/process.txt, programs/qualifications/fonts.cid-as-cff/qpdf-version.txt, programs/qualifications/fonts.cid-as-cff/qpdf-version.txt.stderr, programs/qualifications/fonts.cid-as-cff/qpdf.json, programs/qualifications/fonts.cid-as-cff/qpdf.json.stderr, programs/qualifications/fonts.cid-as-cff/result.properties, programs/qualifications/fonts.cid-cff-descriptor-bounds/process.txt, programs/qualifications/fonts.cid-cff-descriptor-bounds/qpdf-version.txt, programs/qualifications/fonts.cid-cff-descriptor-bounds/qpdf-version.txt.stderr, programs/qualifications/fonts.cid-cff-descriptor-bounds/qpdf.json, programs/qualifications/fonts.cid-cff-descriptor-bounds/qpdf.json.stderr, programs/qualifications/fonts.cid-cff-descriptor-bounds/result.properties, programs/qualifications/fonts.cid-cff-first-offset-two/process.txt, programs/qualifications/fonts.cid-cff-first-offset-two/qpdf-version.txt, programs/qualifications/fonts.cid-cff-first-offset-two/qpdf-version.txt.stderr, programs/qualifications/fonts.cid-cff-first-offset-two/qpdf.json, programs/qualifications/fonts.cid-cff-first-offset-two/qpdf.json.stderr, programs/qualifications/fonts.cid-cff-first-offset-two/result.properties, programs/qualifications/fonts.cid-cff-first-offset-zero/process.txt, programs/qualifications/fonts.cid-cff-first-offset-zero/qpdf-version.txt, programs/qualifications/fonts.cid-cff-first-offset-zero/qpdf-version.txt.stderr, programs/qualifications/fonts.cid-cff-first-offset-zero/qpdf.json, programs/qualifications/fonts.cid-cff-first-offset-zero/qpdf.json.stderr, programs/qualifications/fonts.cid-cff-first-offset-zero/result.properties, programs/qualifications/fonts.cid-cff-glyph-first-offset-two/process.txt, programs/qualifications/fonts.cid-cff-glyph-first-offset-two/qpdf-version.txt, programs/qualifications/fonts.cid-cff-glyph-first-offset-two/qpdf-version.txt.stderr, programs/qualifications/fonts.cid-cff-glyph-first-offset-two/qpdf.json, programs/qualifications/fonts.cid-cff-glyph-first-offset-two/qpdf.json.stderr, programs/qualifications/fonts.cid-cff-glyph-first-offset-two/result.properties, programs/qualifications/fonts.cid-cff-header/process.txt, programs/qualifications/fonts.cid-cff-header/qpdf-version.txt, programs/qualifications/fonts.cid-cff-header/qpdf-version.txt.stderr, programs/qualifications/fonts.cid-cff-header/qpdf.json, programs/qualifications/fonts.cid-cff-header/qpdf.json.stderr, programs/qualifications/fonts.cid-cff-header/result.properties, programs/qualifications/fonts.cid-cff-last-offset-outside-file/process.txt, programs/qualifications/fonts.cid-cff-last-offset-outside-file/qpdf-version.txt, programs/qualifications/fonts.cid-cff-last-offset-outside-file/qpdf-version.txt.stderr, programs/qualifications/fonts.cid-cff-last-offset-outside-file/qpdf.json, programs/qualifications/fonts.cid-cff-last-offset-outside-file/qpdf.json.stderr, programs/qualifications/fonts.cid-cff-last-offset-outside-file/result.properties, programs/qualifications/fonts.cid-cff-missing-endchar/process.txt, programs/qualifications/fonts.cid-cff-missing-endchar/qpdf-version.txt, programs/qualifications/fonts.cid-cff-missing-endchar/qpdf-version.txt.stderr, programs/qualifications/fonts.cid-cff-missing-endchar/qpdf.json, programs/qualifications/fonts.cid-cff-missing-endchar/qpdf.json.stderr, programs/qualifications/fonts.cid-cff-missing-endchar/result.properties, programs/qualifications/fonts.cid-cff-missing-fdarray/process.txt, programs/qualifications/fonts.cid-cff-missing-fdarray/qpdf-version.txt, programs/qualifications/fonts.cid-cff-missing-fdarray/qpdf-version.txt.stderr, programs/qualifications/fonts.cid-cff-missing-fdarray/qpdf.json, programs/qualifications/fonts.cid-cff-missing-fdarray/qpdf.json.stderr, programs/qualifications/fonts.cid-cff-missing-fdarray/result.properties, programs/qualifications/fonts.cid-cff-missing-fdselect/process.txt, programs/qualifications/fonts.cid-cff-missing-fdselect/qpdf-version.txt, programs/qualifications/fonts.cid-cff-missing-fdselect/qpdf-version.txt.stderr, programs/qualifications/fonts.cid-cff-missing-fdselect/qpdf.json, programs/qualifications/fonts.cid-cff-missing-fdselect/qpdf.json.stderr, programs/qualifications/fonts.cid-cff-missing-fdselect/result.properties, programs/qualifications/fonts.cid-cff-missing-moveto/process.txt, programs/qualifications/fonts.cid-cff-missing-moveto/qpdf-version.txt, programs/qualifications/fonts.cid-cff-missing-moveto/qpdf-version.txt.stderr, programs/qualifications/fonts.cid-cff-missing-moveto/qpdf.json, programs/qualifications/fonts.cid-cff-missing-moveto/qpdf.json.stderr, programs/qualifications/fonts.cid-cff-missing-moveto/result.properties, programs/qualifications/fonts.cid-cff-program-name/process.txt, programs/qualifications/fonts.cid-cff-program-name/qpdf-version.txt, programs/qualifications/fonts.cid-cff-program-name/qpdf-version.txt.stderr, programs/qualifications/fonts.cid-cff-program-name/qpdf.json, programs/qualifications/fonts.cid-cff-program-name/qpdf.json.stderr, programs/qualifications/fonts.cid-cff-program-name/result.properties, programs/qualifications/fonts.cid-cff-topdict-count/process.txt, programs/qualifications/fonts.cid-cff-topdict-count/qpdf-version.txt, programs/qualifications/fonts.cid-cff-topdict-count/qpdf-version.txt.stderr, programs/qualifications/fonts.cid-cff-topdict-count/qpdf.json, programs/qualifications/fonts.cid-cff-topdict-count/qpdf.json.stderr, programs/qualifications/fonts.cid-cff-topdict-count/result.properties, programs/qualifications/fonts.cid-cff-wrong-moveto-arity/process.txt, programs/qualifications/fonts.cid-cff-wrong-moveto-arity/qpdf-version.txt, programs/qualifications/fonts.cid-cff-wrong-moveto-arity/qpdf-version.txt.stderr, programs/qualifications/fonts.cid-cff-wrong-moveto-arity/qpdf.json, programs/qualifications/fonts.cid-cff-wrong-moveto-arity/qpdf.json.stderr, programs/qualifications/fonts.cid-cff-wrong-moveto-arity/result.properties, programs/qualifications/fonts.cid-truetype-descriptor-bounds/process.txt, programs/qualifications/fonts.cid-truetype-descriptor-bounds/qpdf-version.txt, programs/qualifications/fonts.cid-truetype-descriptor-bounds/qpdf-version.txt.stderr, programs/qualifications/fonts.cid-truetype-descriptor-bounds/qpdf.json, programs/qualifications/fonts.cid-truetype-descriptor-bounds/qpdf.json.stderr, programs/qualifications/fonts.cid-truetype-descriptor-bounds/result.properties, programs/qualifications/fonts.truetype-decoded-length/process.txt, programs/qualifications/fonts.truetype-decoded-length/qpdf-version.txt, programs/qualifications/fonts.truetype-decoded-length/qpdf-version.txt.stderr, programs/qualifications/fonts.truetype-decoded-length/qpdf.json, programs/qualifications/fonts.truetype-decoded-length/qpdf.json.stderr, programs/qualifications/fonts.truetype-decoded-length/result.properties, programs/qualifications/fonts.truetype-descriptor-bounds/process.txt, programs/qualifications/fonts.truetype-descriptor-bounds/qpdf-version.txt, programs/qualifications/fonts.truetype-descriptor-bounds/qpdf-version.txt.stderr, programs/qualifications/fonts.truetype-descriptor-bounds/qpdf.json, programs/qualifications/fonts.truetype-descriptor-bounds/qpdf.json.stderr, programs/qualifications/fonts.truetype-descriptor-bounds/result.properties, programs/qualifications/fonts.truetype-entry-selector/process.txt, programs/qualifications/fonts.truetype-entry-selector/qpdf-version.txt, programs/qualifications/fonts.truetype-entry-selector/qpdf-version.txt.stderr, programs/qualifications/fonts.truetype-entry-selector/qpdf.json, programs/qualifications/fonts.truetype-entry-selector/qpdf.json.stderr, programs/qualifications/fonts.truetype-entry-selector/result.properties, programs/qualifications/fonts.truetype-glyph-bounds/process.txt, programs/qualifications/fonts.truetype-glyph-bounds/qpdf-version.txt, programs/qualifications/fonts.truetype-glyph-bounds/qpdf-version.txt.stderr, programs/qualifications/fonts.truetype-glyph-bounds/qpdf.json, programs/qualifications/fonts.truetype-glyph-bounds/qpdf.json.stderr, programs/qualifications/fonts.truetype-glyph-bounds/result.properties, programs/qualifications/fonts.truetype-header/process.txt, programs/qualifications/fonts.truetype-header/qpdf-version.txt, programs/qualifications/fonts.truetype-header/qpdf-version.txt.stderr, programs/qualifications/fonts.truetype-header/qpdf.json, programs/qualifications/fonts.truetype-header/qpdf.json.stderr, programs/qualifications/fonts.truetype-header/result.properties, programs/qualifications/fonts.truetype-nonzero-padding/process.txt, programs/qualifications/fonts.truetype-nonzero-padding/qpdf-version.txt, programs/qualifications/fonts.truetype-nonzero-padding/qpdf-version.txt.stderr, programs/qualifications/fonts.truetype-nonzero-padding/qpdf.json, programs/qualifications/fonts.truetype-nonzero-padding/qpdf.json.stderr, programs/qualifications/fonts.truetype-nonzero-padding/result.properties, programs/qualifications/fonts.truetype-program-name/process.txt, programs/qualifications/fonts.truetype-program-name/qpdf-version.txt, programs/qualifications/fonts.truetype-program-name/qpdf-version.txt.stderr, programs/qualifications/fonts.truetype-program-name/qpdf.json, programs/qualifications/fonts.truetype-program-name/qpdf.json.stderr, programs/qualifications/fonts.truetype-program-name/result.properties, programs/qualifications/fonts.truetype-range-shift/process.txt, programs/qualifications/fonts.truetype-range-shift/qpdf-version.txt, programs/qualifications/fonts.truetype-range-shift/qpdf-version.txt.stderr, programs/qualifications/fonts.truetype-range-shift/qpdf.json, programs/qualifications/fonts.truetype-range-shift/qpdf.json.stderr, programs/qualifications/fonts.truetype-range-shift/result.properties, programs/qualifications/fonts.truetype-search-range/process.txt, programs/qualifications/fonts.truetype-search-range/qpdf-version.txt, programs/qualifications/fonts.truetype-search-range/qpdf-version.txt.stderr, programs/qualifications/fonts.truetype-search-range/qpdf.json, programs/qualifications/fonts.truetype-search-range/qpdf.json.stderr, programs/qualifications/fonts.truetype-search-range/result.properties, programs/qualifications/fonts.truetype-table-checksum/process.txt, programs/qualifications/fonts.truetype-table-checksum/qpdf-version.txt, programs/qualifications/fonts.truetype-table-checksum/qpdf-version.txt.stderr, programs/qualifications/fonts.truetype-table-checksum/qpdf.json, programs/qualifications/fonts.truetype-table-checksum/qpdf.json.stderr, programs/qualifications/fonts.truetype-table-checksum/result.properties, programs/qualifications/fonts.truetype-table-order/process.txt, programs/qualifications/fonts.truetype-table-order/qpdf-version.txt, programs/qualifications/fonts.truetype-table-order/qpdf-version.txt.stderr, programs/qualifications/fonts.truetype-table-order/qpdf.json, programs/qualifications/fonts.truetype-table-order/qpdf.json.stderr, programs/qualifications/fonts.truetype-table-order/result.properties, programs/qualifications/fonts.truetype-table-outside-file/process.txt, programs/qualifications/fonts.truetype-table-outside-file/qpdf-version.txt, programs/qualifications/fonts.truetype-table-outside-file/qpdf-version.txt.stderr, programs/qualifications/fonts.truetype-table-outside-file/qpdf.json, programs/qualifications/fonts.truetype-table-outside-file/qpdf.json.stderr, programs/qualifications/fonts.truetype-table-outside-file/result.properties, programs/qualifications/fonts.truetype-table-tag/process.txt, programs/qualifications/fonts.truetype-table-tag/qpdf-version.txt, programs/qualifications/fonts.truetype-table-tag/qpdf-version.txt.stderr, programs/qualifications/fonts.truetype-table-tag/qpdf.json, programs/qualifications/fonts.truetype-table-tag/qpdf.json.stderr, programs/qualifications/fonts.truetype-table-tag/result.properties, programs/qualifications/fonts.truetype-unaligned-table/process.txt, programs/qualifications/fonts.truetype-unaligned-table/qpdf-version.txt, programs/qualifications/fonts.truetype-unaligned-table/qpdf-version.txt.stderr, programs/qualifications/fonts.truetype-unaligned-table/qpdf.json, programs/qualifications/fonts.truetype-unaligned-table/qpdf.json.stderr, programs/qualifications/fonts.truetype-unaligned-table/result.properties, programs/qualifications/fonts.truetype-units-per-em-0/process.txt, programs/qualifications/fonts.truetype-units-per-em-0/qpdf-version.txt, programs/qualifications/fonts.truetype-units-per-em-0/qpdf-version.txt.stderr, programs/qualifications/fonts.truetype-units-per-em-0/qpdf.json, programs/qualifications/fonts.truetype-units-per-em-0/qpdf.json.stderr, programs/qualifications/fonts.truetype-units-per-em-0/result.properties, programs/qualifications/fonts.truetype-units-per-em-15/process.txt, programs/qualifications/fonts.truetype-units-per-em-15/qpdf-version.txt, programs/qualifications/fonts.truetype-units-per-em-15/qpdf-version.txt.stderr, programs/qualifications/fonts.truetype-units-per-em-15/qpdf.json, programs/qualifications/fonts.truetype-units-per-em-15/qpdf.json.stderr, programs/qualifications/fonts.truetype-units-per-em-15/result.properties, programs/qualifications/fonts.truetype-units-per-em-16385/process.txt, programs/qualifications/fonts.truetype-units-per-em-16385/qpdf-version.txt, programs/qualifications/fonts.truetype-units-per-em-16385/qpdf-version.txt.stderr, programs/qualifications/fonts.truetype-units-per-em-16385/qpdf.json, programs/qualifications/fonts.truetype-units-per-em-16385/qpdf.json.stderr, programs/qualifications/fonts.truetype-units-per-em-16385/result.properties, programs/qualifications/fonts.truetype-whole-checksum/process.txt, programs/qualifications/fonts.truetype-whole-checksum/qpdf-version.txt, programs/qualifications/fonts.truetype-whole-checksum/qpdf-version.txt.stderr, programs/qualifications/fonts.truetype-whole-checksum/qpdf.json, programs/qualifications/fonts.truetype-whole-checksum/qpdf.json.stderr, programs/qualifications/fonts.truetype-whole-checksum/result.properties, programs/qualifications/structure-content.content-annotation-page/process.txt, programs/qualifications/structure-content.content-annotation-page/qpdf-version.txt, programs/qualifications/structure-content.content-annotation-page/qpdf-version.txt.stderr, programs/qualifications/structure-content.content-annotation-page/qpdf.json, programs/qualifications/structure-content.content-annotation-page/qpdf.json.stderr, programs/qualifications/structure-content.content-annotation-page/result.properties, programs/qualifications/structure-content.content-both-parent-keys/process.txt, programs/qualifications/structure-content.content-both-parent-keys/qpdf-version.txt, programs/qualifications/structure-content.content-both-parent-keys/qpdf-version.txt.stderr, programs/qualifications/structure-content.content-both-parent-keys/qpdf.json, programs/qualifications/structure-content.content-both-parent-keys/qpdf.json.stderr, programs/qualifications/structure-content.content-both-parent-keys/result.properties, programs/qualifications/structure-content.content-direct-object/process.txt, programs/qualifications/structure-content.content-direct-object/qpdf-version.txt, programs/qualifications/structure-content.content-direct-object/qpdf-version.txt.stderr, programs/qualifications/structure-content.content-direct-object/qpdf.json, programs/qualifications/structure-content.content-direct-object/qpdf.json.stderr, programs/qualifications/structure-content.content-direct-object/result.properties, programs/qualifications/structure-content.content-form-parent/process.txt, programs/qualifications/structure-content.content-form-parent/qpdf-version.txt, programs/qualifications/structure-content.content-form-parent/qpdf-version.txt.stderr, programs/qualifications/structure-content.content-form-parent/qpdf.json, programs/qualifications/structure-content.content-form-parent/qpdf.json.stderr, programs/qualifications/structure-content.content-form-parent/result.properties, programs/qualifications/structure-content.content-missing-form-mcid/process.txt, programs/qualifications/structure-content.content-missing-form-mcid/qpdf-version.txt, programs/qualifications/structure-content.content-missing-form-mcid/qpdf-version.txt.stderr, programs/qualifications/structure-content.content-missing-form-mcid/qpdf.json, programs/qualifications/structure-content.content-missing-form-mcid/qpdf.json.stderr, programs/qualifications/structure-content.content-missing-form-mcid/result.properties, programs/qualifications/structure-content.content-missing-page-mcid/process.txt, programs/qualifications/structure-content.content-missing-page-mcid/qpdf-version.txt, programs/qualifications/structure-content.content-missing-page-mcid/qpdf-version.txt.stderr, programs/qualifications/structure-content.content-missing-page-mcid/qpdf.json, programs/qualifications/structure-content.content-missing-page-mcid/qpdf.json.stderr, programs/qualifications/structure-content.content-missing-page-mcid/result.properties, programs/qualifications/structure-content.content-object-parent/process.txt, programs/qualifications/structure-content.content-object-parent/qpdf-version.txt, programs/qualifications/structure-content.content-object-parent/qpdf-version.txt.stderr, programs/qualifications/structure-content.content-object-parent/qpdf.json, programs/qualifications/structure-content.content-object-parent/qpdf.json.stderr, programs/qualifications/structure-content.content-object-parent/result.properties, programs/qualifications/structure-content.content-page-key/process.txt, programs/qualifications/structure-content.content-page-key/qpdf-version.txt, programs/qualifications/structure-content.content-page-key/qpdf-version.txt.stderr, programs/qualifications/structure-content.content-page-key/qpdf.json, programs/qualifications/structure-content.content-page-key/qpdf.json.stderr, programs/qualifications/structure-content.content-page-key/result.properties, programs/qualifications/structure-hierarchy.missing-role/process.txt, programs/qualifications/structure-hierarchy.missing-role/qpdf-version.txt, programs/qualifications/structure-hierarchy.missing-role/qpdf-version.txt.stderr, programs/qualifications/structure-hierarchy.missing-role/qpdf.json, programs/qualifications/structure-hierarchy.missing-role/qpdf.json.stderr, programs/qualifications/structure-hierarchy.missing-role/result.properties, programs/qualifications/structure-hierarchy.parent-backlink/process.txt, programs/qualifications/structure-hierarchy.parent-backlink/qpdf-version.txt, programs/qualifications/structure-hierarchy.parent-backlink/qpdf-version.txt.stderr, programs/qualifications/structure-hierarchy.parent-backlink/qpdf.json, programs/qualifications/structure-hierarchy.parent-backlink/qpdf.json.stderr, programs/qualifications/structure-hierarchy.parent-backlink/result.properties, programs/qualifications/structure-hierarchy.root-content-child/process.txt, programs/qualifications/structure-hierarchy.root-content-child/qpdf-version.txt, programs/qualifications/structure-hierarchy.root-content-child/qpdf-version.txt.stderr, programs/qualifications/structure-hierarchy.root-content-child/qpdf.json, programs/qualifications/structure-hierarchy.root-content-child/qpdf.json.stderr, programs/qualifications/structure-hierarchy.root-content-child/result.properties, programs/qualifications/structure-hierarchy.root-type/process.txt, programs/qualifications/structure-hierarchy.root-type/qpdf-version.txt, programs/qualifications/structure-hierarchy.root-type/qpdf-version.txt.stderr, programs/qualifications/structure-hierarchy.root-type/qpdf.json, programs/qualifications/structure-hierarchy.root-type/qpdf.json.stderr, programs/qualifications/structure-hierarchy.root-type/result.properties, programs/qualifications/structure-hierarchy.shared-child/process.txt, programs/qualifications/structure-hierarchy.shared-child/qpdf-version.txt, programs/qualifications/structure-hierarchy.shared-child/qpdf-version.txt.stderr, programs/qualifications/structure-hierarchy.shared-child/qpdf.json, programs/qualifications/structure-hierarchy.shared-child/qpdf.json.stderr, programs/qualifications/structure-hierarchy.shared-child/result.properties, programs/qualifications/structure-hierarchy.text-actual-name/process.txt, programs/qualifications/structure-hierarchy.text-actual-name/qpdf-version.txt, programs/qualifications/structure-hierarchy.text-actual-name/qpdf-version.txt.stderr, programs/qualifications/structure-hierarchy.text-actual-name/qpdf.json, programs/qualifications/structure-hierarchy.text-actual-name/qpdf.json.stderr, programs/qualifications/structure-hierarchy.text-actual-name/result.properties, programs/qualifications/structure-hierarchy.text-language-name/process.txt, programs/qualifications/structure-hierarchy.text-language-name/qpdf-version.txt, programs/qualifications/structure-hierarchy.text-language-name/qpdf-version.txt.stderr, programs/qualifications/structure-hierarchy.text-language-name/qpdf.json, programs/qualifications/structure-hierarchy.text-language-name/qpdf.json.stderr, programs/qualifications/structure-hierarchy.text-language-name/result.properties, programs/qualifications/structure-namespaces.namespace-direct-target/process.txt, programs/qualifications/structure-namespaces.namespace-direct-target/qpdf-version.txt, programs/qualifications/structure-namespaces.namespace-direct-target/qpdf-version.txt.stderr, programs/qualifications/structure-namespaces.namespace-direct-target/qpdf.json, programs/qualifications/structure-namespaces.namespace-direct-target/qpdf.json.stderr, programs/qualifications/structure-namespaces.namespace-direct-target/result.properties, programs/qualifications/structure-namespaces.namespace-mapping-type/process.txt, programs/qualifications/structure-namespaces.namespace-mapping-type/qpdf-version.txt, programs/qualifications/structure-namespaces.namespace-mapping-type/qpdf-version.txt.stderr, programs/qualifications/structure-namespaces.namespace-mapping-type/qpdf.json, programs/qualifications/structure-namespaces.namespace-mapping-type/qpdf.json.stderr, programs/qualifications/structure-namespaces.namespace-mapping-type/result.properties, programs/qualifications/structure-namespaces.namespace-name-type/process.txt, programs/qualifications/structure-namespaces.namespace-name-type/qpdf-version.txt, programs/qualifications/structure-namespaces.namespace-name-type/qpdf-version.txt.stderr, programs/qualifications/structure-namespaces.namespace-name-type/qpdf.json, programs/qualifications/structure-namespaces.namespace-name-type/qpdf.json.stderr, programs/qualifications/structure-namespaces.namespace-name-type/result.properties, programs/qualifications/structure-namespaces.namespace-unlisted/process.txt, programs/qualifications/structure-namespaces.namespace-unlisted/qpdf-version.txt, programs/qualifications/structure-namespaces.namespace-unlisted/qpdf-version.txt.stderr, programs/qualifications/structure-namespaces.namespace-unlisted/qpdf.json, programs/qualifications/structure-namespaces.namespace-unlisted/qpdf.json.stderr, programs/qualifications/structure-namespaces.namespace-unlisted/result.properties, programs/qualifications/structure-parent-tree.parent-key-order/process.txt, programs/qualifications/structure-parent-tree.parent-key-order/qpdf-version.txt, programs/qualifications/structure-parent-tree.parent-key-order/qpdf-version.txt.stderr, programs/qualifications/structure-parent-tree.parent-key-order/qpdf.json, programs/qualifications/structure-parent-tree.parent-key-order/qpdf.json.stderr, programs/qualifications/structure-parent-tree.parent-key-order/result.properties, programs/qualifications/structure-parent-tree.parent-key-type/process.txt, programs/qualifications/structure-parent-tree.parent-key-type/qpdf-version.txt, programs/qualifications/structure-parent-tree.parent-key-type/qpdf-version.txt.stderr, programs/qualifications/structure-parent-tree.parent-key-type/qpdf.json, programs/qualifications/structure-parent-tree.parent-key-type/qpdf.json.stderr, programs/qualifications/structure-parent-tree.parent-key-type/result.properties, programs/qualifications/structure-parent-tree.parent-next-key/process.txt, programs/qualifications/structure-parent-tree.parent-next-key/qpdf-version.txt, programs/qualifications/structure-parent-tree.parent-next-key/qpdf-version.txt.stderr, programs/qualifications/structure-parent-tree.parent-next-key/qpdf.json, programs/qualifications/structure-parent-tree.parent-next-key/qpdf.json.stderr, programs/qualifications/structure-parent-tree.parent-next-key/result.properties, programs/qualifications/structure-parent-tree.parent-nonstructural-value/process.txt, programs/qualifications/structure-parent-tree.parent-nonstructural-value/qpdf-version.txt, programs/qualifications/structure-parent-tree.parent-nonstructural-value/qpdf-version.txt.stderr, programs/qualifications/structure-parent-tree.parent-nonstructural-value/qpdf.json, programs/qualifications/structure-parent-tree.parent-nonstructural-value/qpdf.json.stderr, programs/qualifications/structure-parent-tree.parent-nonstructural-value/result.properties, programs/result.properties, programs/retained-files.sha256, semantic/extraction.pdf, semantic/observation.properties, semantic/qpdf/observed.json, semantic/qpdf/qpdf-stderr.txt, semantic/qpdf/qpdf-version-stderr.txt, semantic/qpdf/qpdf-version.txt, semantic/qpdf/qpdf.json, semantic/qpdf/reference-qpdf-stderr.txt, semantic/qpdf/reference-qpdf.json, semantic/qpdf/reference.json, semantic/qpdf/result.properties, semantic/qpdf/semantic.txt, semantic/result.properties, semantic/retained-files.sha256, semantic/semantic-command.txt, semantic/semantic.txt, syntax/extraction.pdf, syntax/qpdf-syntax.md, syntax/qpdf-syntax.txt, syntax/result.properties, syntax/retained-files.sha256, syntax/syntax.md, syntax/syntax.txt, visual/extraction.pdf, visual/page-1-difference.png, visual/page-1-expected.png, visual/page-1-implementation.png, visual/page-1-pdfium.png, visual/page-1-renderer-difference.png, visual/page-1-visual.md, visual/page-1-visual.txt, visual/result.properties, visual/retained-files.sha256, visual/visual.txt]> but was:<[declarations/arlington-cid/control-cid0-basefont-name.pdf, declarations/arlington-cid/control-cid0-basefont-required.pdf, declarations/arlington-cid/control-cid0-descriptor-dictionary.pdf, declarations/arlington-cid/control-cid0-descriptor-required.pdf, declarations/arlington-cid/control-cid0-dw-number.pdf, declarations/arlington-cid/control-cid0-dw2-array.pdf, declarations/arlington-cid/control-cid0-dw2-cardinality.pdf, declarations/arlington-cid/control-cid0-dw2-numbers.pdf, declarations/arlington-cid/control-cid0-ordering-required.pdf, declarations/arlington-cid/control-cid0-ordering-string.pdf, declarations/arlington-cid/control-cid0-registry-required.pdf, declarations/arlington-cid/control-cid0-registry-string.pdf, declarations/arlington-cid/control-cid0-ros-dictionary.pdf, declarations/arlington-cid/control-cid0-ros-required.pdf, declarations/arlington-cid/control-cid0-supplement-integer.pdf, declarations/arlington-cid/control-cid0-supplement-required.pdf, declarations/arlington-cid/control-cid0-w-array.pdf, declarations/arlington-cid/control-cid0-w-numbers.pdf, declarations/arlington-cid/control-cid0-w2-array.pdf, declarations/arlington-cid/control-cid0-w2-numbers.pdf, declarations/arlington-cid/control-cid2-basefont-name.pdf, declarations/arlington-cid/control-cid2-basefont-required.pdf, declarations/arlington-cid/control-cid2-descriptor-dictionary.pdf, declarations/arlington-cid/control-cid2-descriptor-required.pdf, declarations/arlington-cid/control-cid2-dw-number.pdf, declarations/arlington-cid/control-cid2-dw2-array.pdf, declarations/arlington-cid/control-cid2-dw2-cardinality.pdf, declarations/arlington-cid/control-cid2-dw2-numbers.pdf, declarations/arlington-cid/control-cid2-map-name.pdf, declarations/arlington-cid/control-cid2-map-type.pdf, declarations/arlington-cid/control-cid2-ordering-required.pdf, declarations/arlington-cid/control-cid2-ordering-string.pdf, declarations/arlington-cid/control-cid2-registry-required.pdf, declarations/arlington-cid/control-cid2-registry-string.pdf, declarations/arlington-cid/control-cid2-ros-dictionary.pdf, declarations/arlington-cid/control-cid2-ros-required.pdf, declarations/arlington-cid/control-cid2-supplement-integer.pdf, declarations/arlington-cid/control-cid2-supplement-required.pdf, declarations/arlington-cid/control-cid2-w-array.pdf, declarations/arlington-cid/control-cid2-w-numbers.pdf, declarations/arlington-cid/control-cid2-w2-array.pdf, declarations/arlington-cid/control-cid2-w2-numbers.pdf, declarations/arlington-cid/control-type0-basefont-name.pdf, declarations/arlington-cid/control-type0-basefont-required.pdf, declarations/arlington-cid/control-type0-descendants-array.pdf, declarations/arlington-cid/control-type0-descendants-nonempty.pdf, declarations/arlington-cid/control-type0-descendants-required.pdf, declarations/arlington-cid/control-type0-encoding-required.pdf, declarations/arlington-cid/control-type0-encoding-type.pdf, declarations/arlington-cid/control-type0-tounicode-stream.pdf, declarations/arlington-cid/findings.txt, declarations/arlington-cid/negative-cid0-basefont-name.txt, declarations/arlington-cid/negative-cid0-basefont-required.txt, declarations/arlington-cid/negative-cid0-descriptor-dictionary.txt, declarations/arlington-cid/negative-cid0-descriptor-required.txt, declarations/arlington-cid/negative-cid0-dw-number.txt, declarations/arlington-cid/negative-cid0-dw2-array.txt, declarations/arlington-cid/negative-cid0-dw2-cardinality.txt, declarations/arlington-cid/negative-cid0-dw2-numbers.txt, declarations/arlington-cid/negative-cid0-ordering-required.txt, declarations/arlington-cid/negative-cid0-ordering-string.txt, declarations/arlington-cid/negative-cid0-registry-required.txt, declarations/arlington-cid/negative-cid0-registry-string.txt, declarations/arlington-cid/negative-cid0-ros-dictionary.txt, declarations/arlington-cid/negative-cid0-ros-required.txt, declarations/arlington-cid/negative-cid0-supplement-integer.txt, declarations/arlington-cid/negative-cid0-supplement-required.txt, declarations/arlington-cid/negative-cid0-w-array.txt, declarations/arlington-cid/negative-cid0-w-numbers.txt, declarations/arlington-cid/negative-cid0-w2-array.txt, declarations/arlington-cid/negative-cid0-w2-numbers.txt, declarations/arlington-cid/negative-cid2-basefont-name.txt, declarations/arlington-cid/negative-cid2-basefont-required.txt, declarations/arlington-cid/negative-cid2-descriptor-dictionary.txt, declarations/arlington-cid/negative-cid2-descriptor-required.txt, declarations/arlington-cid/negative-cid2-dw-number.txt, declarations/arlington-cid/negative-cid2-dw2-array.txt, declarations/arlington-cid/negative-cid2-dw2-cardinality.txt, declarations/arlington-cid/negative-cid2-dw2-numbers.txt, declarations/arlington-cid/negative-cid2-map-name.txt, declarations/arlington-cid/negative-cid2-map-type.txt, declarations/arlington-cid/negative-cid2-ordering-required.txt, declarations/arlington-cid/negative-cid2-ordering-string.txt, declarations/arlington-cid/negative-cid2-registry-required.txt, declarations/arlington-cid/negative-cid2-registry-string.txt, declarations/arlington-cid/negative-cid2-ros-dictionary.txt, declarations/arlington-cid/negative-cid2-ros-required.txt, declarations/arlington-cid/negative-cid2-supplement-integer.txt, declarations/arlington-cid/negative-cid2-supplement-required.txt, declarations/arlington-cid/negative-cid2-w-array.txt, declarations/arlington-cid/negative-cid2-w-numbers.txt, declarations/arlington-cid/negative-cid2-w2-array.txt, declarations/arlington-cid/negative-cid2-w2-numbers.txt, declarations/arlington-cid/negative-type0-basefont-name.txt, declarations/arlington-cid/negative-type0-basefont-required.txt, declarations/arlington-cid/negative-type0-descendants-array.txt, declarations/arlington-cid/negative-type0-descendants-nonempty.txt, declarations/arlington-cid/negative-type0-descendants-required.txt, declarations/arlington-cid/negative-type0-encoding-required.txt, declarations/arlington-cid/negative-type0-encoding-type.txt, declarations/arlington-cid/negative-type0-tounicode-stream.txt, declarations/arlington-cid/standards.properties, declarations/arlington-cmaps/control-cmap-encoding-name-name.pdf, declarations/arlington-cmaps/control-cmap-encoding-name-required.pdf, declarations/arlington-cmaps/control-cmap-encoding-parent-type.pdf, declarations/arlington-cmaps/control-cmap-encoding-ros-dictionary.pdf, declarations/arlington-cmaps/control-cmap-encoding-ros-required.pdf, declarations/arlington-cmaps/control-cmap-encoding-type-name.pdf, declarations/arlington-cmaps/control-cmap-encoding-type-required.pdf, declarations/arlington-cmaps/control-cmap-encoding-type-value.pdf, declarations/arlington-cmaps/control-cmap-encoding-wmode-integer.pdf, declarations/arlington-cmaps/control-cmap-encoding-wmode-value.pdf, declarations/arlington-cmaps/control-cmap-unicode-name-name.pdf, declarations/arlington-cmaps/control-cmap-unicode-parent-type.pdf, declarations/arlington-cmaps/control-cmap-unicode-ros-dictionary.pdf, declarations/arlington-cmaps/control-cmap-unicode-type-name.pdf, declarations/arlington-cmaps/control-cmap-unicode-type-value.pdf, declarations/arlington-cmaps/control-cmap-unicode-wmode-integer.pdf, declarations/arlington-cmaps/control-cmap-unicode-wmode-value.pdf, declarations/arlington-cmaps/findings.txt, declarations/arlington-cmaps/negative-cmap-encoding-name-name.txt, declarations/arlington-cmaps/negative-cmap-encoding-name-required.txt, declarations/arlington-cmaps/negative-cmap-encoding-parent-type.txt, declarations/arlington-cmaps/negative-cmap-encoding-ros-dictionary.txt, declarations/arlington-cmaps/negative-cmap-encoding-ros-required.txt, declarations/arlington-cmaps/negative-cmap-encoding-type-name.txt, declarations/arlington-cmaps/negative-cmap-encoding-type-required.txt, declarations/arlington-cmaps/negative-cmap-encoding-type-value.txt, declarations/arlington-cmaps/negative-cmap-encoding-wmode-integer.txt, declarations/arlington-cmaps/negative-cmap-encoding-wmode-value.txt, declarations/arlington-cmaps/negative-cmap-unicode-name-name.txt, declarations/arlington-cmaps/negative-cmap-unicode-parent-type.txt, declarations/arlington-cmaps/negative-cmap-unicode-ros-dictionary.txt, declarations/arlington-cmaps/negative-cmap-unicode-type-name.txt, declarations/arlington-cmaps/negative-cmap-unicode-type-value.txt, declarations/arlington-cmaps/negative-cmap-unicode-wmode-integer.txt, declarations/arlington-cmaps/negative-cmap-unicode-wmode-value.txt, declarations/arlington-cmaps/standards.properties, declarations/arlington-core/control-annotation-ap-dictionary.pdf, declarations/arlington-core/control-annotation-flags-reserved.pdf, declarations/arlington-core/control-annotation-id-unique.pdf, declarations/arlington-core/control-annotation-page-owner.pdf, declarations/arlington-core/control-page-contents-array-member.pdf, declarations/arlington-core/control-page-contents-type.pdf, declarations/arlington-core/control-page-resources-required.pdf, declarations/arlington-core/control-pages-type-value.pdf, declarations/arlington-core/control-pages-type.pdf, declarations/arlington-core/control-stream-decodeparams-array-member.pdf, declarations/arlington-core/control-stream-decodeparams-count.pdf, declarations/arlington-core/control-stream-decodeparams-position.pdf, declarations/arlington-core/control-stream-decodeparams-type.pdf, declarations/arlington-core/control-stream-filter-array-name-type.pdf, declarations/arlington-core/control-stream-filter-array-name-value.pdf, declarations/arlington-core/control-stream-filter-name-value.pdf, declarations/arlington-core/control-stream-filter-type.pdf, declarations/arlington-core/control-stream-flate-predictor-type.pdf, declarations/arlington-core/control-stream-flate-predictor-value.pdf, declarations/arlington-core/control-text-appearance-required.pdf, declarations/arlington-core/control-text-name-name.pdf, declarations/arlington-core/control-text-open-boolean.pdf, declarations/arlington-core/control-trailer-info-indirect.pdf, declarations/arlington-core/control-trailer-info-required.pdf, declarations/arlington-core/findings.txt, declarations/arlington-core/negative-annotation-ap-dictionary.txt, declarations/arlington-core/negative-annotation-flags-reserved.txt, declarations/arlington-core/negative-annotation-id-unique.txt, declarations/arlington-core/negative-annotation-page-owner.txt, declarations/arlington-core/negative-page-contents-array-member.txt, declarations/arlington-core/negative-page-contents-type.txt, declarations/arlington-core/negative-page-resources-required.txt, declarations/arlington-core/negative-pages-type-value.txt, declarations/arlington-core/negative-pages-type.txt, declarations/arlington-core/negative-stream-decodeparams-array-member.txt, declarations/arlington-core/negative-stream-decodeparams-count.txt, declarations/arlington-core/negative-stream-decodeparams-position.txt, declarations/arlington-core/negative-stream-decodeparams-type.txt, declarations/arlington-core/negative-stream-filter-array-name-type.txt, declarations/arlington-core/negative-stream-filter-array-name-value.txt, declarations/arlington-core/negative-stream-filter-name-value.txt, declarations/arlington-core/negative-stream-filter-type.txt, declarations/arlington-core/negative-stream-flate-predictor-type.txt, declarations/arlington-core/negative-stream-flate-predictor-value.txt, declarations/arlington-core/negative-text-appearance-required.txt, declarations/arlington-core/negative-text-name-name.txt, declarations/arlington-core/negative-text-open-boolean.txt, declarations/arlington-core/negative-trailer-info-indirect.txt, declarations/arlington-core/negative-trailer-info-required.txt, declarations/arlington-core/standards.properties, declarations/arlington-descriptors/control-cid0-descriptor-ascent-number.pdf, declarations/arlington-descriptors/control-cid0-descriptor-ascent-required.pdf, declarations/arlington-descriptors/control-cid0-descriptor-bbox-numbers.pdf, declarations/arlington-descriptors/control-cid0-descriptor-bbox-required.pdf, declarations/arlington-descriptors/control-cid0-descriptor-capheight-number.pdf, declarations/arlington-descriptors/control-cid0-descriptor-descent-nonpositive.pdf, declarations/arlington-descriptors/control-cid0-descriptor-descent-number.pdf, declarations/arlington-descriptors/control-cid0-descriptor-descent-required.pdf, declarations/arlington-descriptors/control-cid0-descriptor-flags-integer.pdf, declarations/arlington-descriptors/control-cid0-descriptor-flags-required.pdf, declarations/arlington-descriptors/control-cid0-descriptor-fontname-name.pdf, declarations/arlington-descriptors/control-cid0-descriptor-fontname-required.pdf, declarations/arlington-descriptors/control-cid0-descriptor-italicangle-number.pdf, declarations/arlington-descriptors/control-cid0-descriptor-italicangle-required.pdf, declarations/arlington-descriptors/control-cid0-descriptor-stemv-number.pdf, declarations/arlington-descriptors/control-cid0-descriptor-stemv-required.pdf, declarations/arlington-descriptors/control-cid0-descriptor-type-name.pdf, declarations/arlington-descriptors/control-cid0-descriptor-type-required.pdf, declarations/arlington-descriptors/control-cid0-fontfile-stream.pdf, declarations/arlington-descriptors/control-cid0-program-subtype-required.pdf, declarations/arlington-descriptors/control-cid0-program-subtype-value.pdf, declarations/arlington-descriptors/control-cid2-descriptor-ascent-number.pdf, declarations/arlington-descriptors/control-cid2-descriptor-ascent-required.pdf, declarations/arlington-descriptors/control-cid2-descriptor-bbox-numbers.pdf, declarations/arlington-descriptors/control-cid2-descriptor-bbox-required.pdf, declarations/arlington-descriptors/control-cid2-descriptor-capheight-number.pdf, declarations/arlington-descriptors/control-cid2-descriptor-descent-nonpositive.pdf, declarations/arlington-descriptors/control-cid2-descriptor-descent-number.pdf, declarations/arlington-descriptors/control-cid2-descriptor-descent-required.pdf, declarations/arlington-descriptors/control-cid2-descriptor-flags-integer.pdf, declarations/arlington-descriptors/control-cid2-descriptor-flags-required.pdf, declarations/arlington-descriptors/control-cid2-descriptor-fontname-name.pdf, declarations/arlington-descriptors/control-cid2-descriptor-fontname-required.pdf, declarations/arlington-descriptors/control-cid2-descriptor-italicangle-number.pdf, declarations/arlington-descriptors/control-cid2-descriptor-italicangle-required.pdf, declarations/arlington-descriptors/control-cid2-descriptor-stemv-number.pdf, declarations/arlington-descriptors/control-cid2-descriptor-stemv-required.pdf, declarations/arlington-descriptors/control-cid2-descriptor-type-name.pdf, declarations/arlington-descriptors/control-cid2-descriptor-type-required.pdf, declarations/arlington-descriptors/control-cid2-fontfile-stream.pdf, declarations/arlington-descriptors/control-truetype-descriptor-ascent-number.pdf, declarations/arlington-descriptors/control-truetype-descriptor-ascent-required.pdf, declarations/arlington-descriptors/control-truetype-descriptor-bbox-numbers.pdf, declarations/arlington-descriptors/control-truetype-descriptor-bbox-required.pdf, declarations/arlington-descriptors/control-truetype-descriptor-capheight-number.pdf, declarations/arlington-descriptors/control-truetype-descriptor-descent-nonpositive.pdf, declarations/arlington-descriptors/control-truetype-descriptor-descent-number.pdf, declarations/arlington-descriptors/control-truetype-descriptor-descent-required.pdf, declarations/arlington-descriptors/control-truetype-descriptor-flags-integer.pdf, declarations/arlington-descriptors/control-truetype-descriptor-flags-required.pdf, declarations/arlington-descriptors/control-truetype-descriptor-fontname-name.pdf, declarations/arlington-descriptors/control-truetype-descriptor-fontname-required.pdf, declarations/arlington-descriptors/control-truetype-descriptor-italicangle-number.pdf, declarations/arlington-descriptors/control-truetype-descriptor-italicangle-required.pdf, declarations/arlington-descriptors/control-truetype-descriptor-stemv-number.pdf, declarations/arlington-descriptors/control-truetype-descriptor-stemv-required.pdf, declarations/arlington-descriptors/control-truetype-descriptor-type-name.pdf, declarations/arlington-descriptors/control-truetype-descriptor-type-required.pdf, declarations/arlington-descriptors/control-truetype-fontfile-stream.pdf, declarations/arlington-descriptors/control-truetype-program-length1-integer.pdf, declarations/arlington-descriptors/control-type1-descriptor-ascent-number.pdf, declarations/arlington-descriptors/control-type1-descriptor-ascent-required.pdf, declarations/arlington-descriptors/control-type1-descriptor-bbox-numbers.pdf, declarations/arlington-descriptors/control-type1-descriptor-bbox-required.pdf, declarations/arlington-descriptors/control-type1-descriptor-capheight-number.pdf, declarations/arlington-descriptors/control-type1-descriptor-descent-nonpositive.pdf, declarations/arlington-descriptors/control-type1-descriptor-descent-number.pdf, declarations/arlington-descriptors/control-type1-descriptor-descent-required.pdf, declarations/arlington-descriptors/control-type1-descriptor-flags-integer.pdf, declarations/arlington-descriptors/control-type1-descriptor-flags-required.pdf, declarations/arlington-descriptors/control-type1-descriptor-fontname-name.pdf, declarations/arlington-descriptors/control-type1-descriptor-fontname-required.pdf, declarations/arlington-descriptors/control-type1-descriptor-italicangle-number.pdf, declarations/arlington-descriptors/control-type1-descriptor-italicangle-required.pdf, declarations/arlington-descriptors/control-type1-descriptor-stemv-number.pdf, declarations/arlington-descriptors/control-type1-descriptor-stemv-required.pdf, declarations/arlington-descriptors/control-type1-descriptor-type-name.pdf, declarations/arlington-descriptors/control-type1-descriptor-type-required.pdf, declarations/arlington-descriptors/control-type1-fontfile-stream.pdf, declarations/arlington-descriptors/control-type1-program-subtype-required.pdf, declarations/arlington-descriptors/control-type1-program-subtype-value.pdf, declarations/arlington-descriptors/control-type3-descriptor-ascent-number.pdf, declarations/arlington-descriptors/control-type3-descriptor-bbox-numbers.pdf, declarations/arlington-descriptors/control-type3-descriptor-capheight-number.pdf, declarations/arlington-descriptors/control-type3-descriptor-descent-nonpositive.pdf, declarations/arlington-descriptors/control-type3-descriptor-descent-number.pdf, declarations/arlington-descriptors/control-type3-descriptor-flags-integer.pdf, declarations/arlington-descriptors/control-type3-descriptor-flags-required.pdf, declarations/arlington-descriptors/control-type3-descriptor-fontname-name.pdf, declarations/arlington-descriptors/control-type3-descriptor-italicangle-number.pdf, declarations/arlington-descriptors/control-type3-descriptor-italicangle-required.pdf, declarations/arlington-descriptors/control-type3-descriptor-stemv-number.pdf, declarations/arlington-descriptors/control-type3-descriptor-type-name.pdf, declarations/arlington-descriptors/control-type3-descriptor-type-required.pdf, declarations/arlington-descriptors/findings.txt, declarations/arlington-descriptors/negative-cid0-descriptor-ascent-number.txt, declarations/arlington-descriptors/negative-cid0-descriptor-ascent-required.txt, declarations/arlington-descriptors/negative-cid0-descriptor-bbox-numbers.txt, declarations/arlington-descriptors/negative-cid0-descriptor-bbox-required.txt, declarations/arlington-descriptors/negative-cid0-descriptor-capheight-number.txt, declarations/arlington-descriptors/negative-cid0-descriptor-descent-nonpositive.txt, declarations/arlington-descriptors/negative-cid0-descriptor-descent-number.txt, declarations/arlington-descriptors/negative-cid0-descriptor-descent-required.txt, declarations/arlington-descriptors/negative-cid0-descriptor-flags-integer.txt, declarations/arlington-descriptors/negative-cid0-descriptor-flags-required.txt, declarations/arlington-descriptors/negative-cid0-descriptor-fontname-name.txt, declarations/arlington-descriptors/negative-cid0-descriptor-fontname-required.txt, declarations/arlington-descriptors/negative-cid0-descriptor-italicangle-number.txt, declarations/arlington-descriptors/negative-cid0-descriptor-italicangle-required.txt, declarations/arlington-descriptors/negative-cid0-descriptor-stemv-number.txt, declarations/arlington-descriptors/negative-cid0-descriptor-stemv-required.txt, declarations/arlington-descriptors/negative-cid0-descriptor-type-name.txt, declarations/arlington-descriptors/negative-cid0-descriptor-type-required.txt, declarations/arlington-descriptors/negative-cid0-fontfile-stream.txt, declarations/arlington-descriptors/negative-cid0-program-subtype-required.txt, declarations/arlington-descriptors/negative-cid0-program-subtype-value.txt, declarations/arlington-descriptors/negative-cid2-descriptor-ascent-number.txt, declarations/arlington-descriptors/negative-cid2-descriptor-ascent-required.txt, declarations/arlington-descriptors/negative-cid2-descriptor-bbox-numbers.txt, declarations/arlington-descriptors/negative-cid2-descriptor-bbox-required.txt, declarations/arlington-descriptors/negative-cid2-descriptor-capheight-number.txt, declarations/arlington-descriptors/negative-cid2-descriptor-descent-nonpositive.txt, declarations/arlington-descriptors/negative-cid2-descriptor-descent-number.txt, declarations/arlington-descriptors/negative-cid2-descriptor-descent-required.txt, declarations/arlington-descriptors/negative-cid2-descriptor-flags-integer.txt, declarations/arlington-descriptors/negative-cid2-descriptor-flags-required.txt, declarations/arlington-descriptors/negative-cid2-descriptor-fontname-name.txt, declarations/arlington-descriptors/negative-cid2-descriptor-fontname-required.txt, declarations/arlington-descriptors/negative-cid2-descriptor-italicangle-number.txt, declarations/arlington-descriptors/negative-cid2-descriptor-italicangle-required.txt, declarations/arlington-descriptors/negative-cid2-descriptor-stemv-number.txt, declarations/arlington-descriptors/negative-cid2-descriptor-stemv-required.txt, declarations/arlington-descriptors/negative-cid2-descriptor-type-name.txt, declarations/arlington-descriptors/negative-cid2-descriptor-type-required.txt, declarations/arlington-descriptors/negative-cid2-fontfile-stream.txt, declarations/arlington-descriptors/negative-truetype-descriptor-ascent-number.txt, declarations/arlington-descriptors/negative-truetype-descriptor-ascent-required.txt, declarations/arlington-descriptors/negative-truetype-descriptor-bbox-numbers.txt, declarations/arlington-descriptors/negative-truetype-descriptor-bbox-required.txt, declarations/arlington-descriptors/negative-truetype-descriptor-capheight-number.txt, declarations/arlington-descriptors/negative-truetype-descriptor-descent-nonpositive.txt, declarations/arlington-descriptors/negative-truetype-descriptor-descent-number.txt, declarations/arlington-descriptors/negative-truetype-descriptor-descent-required.txt, declarations/arlington-descriptors/negative-truetype-descriptor-flags-integer.txt, declarations/arlington-descriptors/negative-truetype-descriptor-flags-required.txt, declarations/arlington-descriptors/negative-truetype-descriptor-fontname-name.txt, declarations/arlington-descriptors/negative-truetype-descriptor-fontname-required.txt, declarations/arlington-descriptors/negative-truetype-descriptor-italicangle-number.txt, declarations/arlington-descriptors/negative-truetype-descriptor-italicangle-required.txt, declarations/arlington-descriptors/negative-truetype-descriptor-stemv-number.txt, declarations/arlington-descriptors/negative-truetype-descriptor-stemv-required.txt, declarations/arlington-descriptors/negative-truetype-descriptor-type-name.txt, declarations/arlington-descriptors/negative-truetype-descriptor-type-required.txt, declarations/arlington-descriptors/negative-truetype-fontfile-stream.txt, declarations/arlington-descriptors/negative-truetype-program-length1-integer.txt, declarations/arlington-descriptors/negative-type1-descriptor-ascent-number.txt, declarations/arlington-descriptors/negative-type1-descriptor-ascent-required.txt, declarations/arlington-descriptors/negative-type1-descriptor-bbox-numbers.txt, declarations/arlington-descriptors/negative-type1-descriptor-bbox-required.txt, declarations/arlington-descriptors/negative-type1-descriptor-capheight-number.txt, declarations/arlington-descriptors/negative-type1-descriptor-descent-nonpositive.txt, declarations/arlington-descriptors/negative-type1-descriptor-descent-number.txt, declarations/arlington-descriptors/negative-type1-descriptor-descent-required.txt, declarations/arlington-descriptors/negative-type1-descriptor-flags-integer.txt, declarations/arlington-descriptors/negative-type1-descriptor-flags-required.txt, declarations/arlington-descriptors/negative-type1-descriptor-fontname-name.txt, declarations/arlington-descriptors/negative-type1-descriptor-fontname-required.txt, declarations/arlington-descriptors/negative-type1-descriptor-italicangle-number.txt, declarations/arlington-descriptors/negative-type1-descriptor-italicangle-required.txt, declarations/arlington-descriptors/negative-type1-descriptor-stemv-number.txt, declarations/arlington-descriptors/negative-type1-descriptor-stemv-required.txt, declarations/arlington-descriptors/negative-type1-descriptor-type-name.txt, declarations/arlington-descriptors/negative-type1-descriptor-type-required.txt, declarations/arlington-descriptors/negative-type1-fontfile-stream.txt, declarations/arlington-descriptors/negative-type1-program-subtype-required.txt, declarations/arlington-descriptors/negative-type1-program-subtype-value.txt, declarations/arlington-descriptors/negative-type3-descriptor-ascent-number.txt, declarations/arlington-descriptors/negative-type3-descriptor-bbox-numbers.txt, declarations/arlington-descriptors/negative-type3-descriptor-capheight-number.txt, declarations/arlington-descriptors/negative-type3-descriptor-descent-nonpositive.txt, declarations/arlington-descriptors/negative-type3-descriptor-descent-number.txt, declarations/arlington-descriptors/negative-type3-descriptor-flags-integer.txt, declarations/arlington-descriptors/negative-type3-descriptor-flags-required.txt, declarations/arlington-descriptors/negative-type3-descriptor-fontname-name.txt, declarations/arlington-descriptors/negative-type3-descriptor-italicangle-number.txt, declarations/arlington-descriptors/negative-type3-descriptor-italicangle-required.txt, declarations/arlington-descriptors/negative-type3-descriptor-stemv-number.txt, declarations/arlington-descriptors/negative-type3-descriptor-type-name.txt, declarations/arlington-descriptors/negative-type3-descriptor-type-required.txt, declarations/arlington-descriptors/standards.properties, declarations/arlington-fonts/control-cid0-fontname-consistent.pdf, declarations/arlington-fonts/control-cid0-w2-triples.pdf, declarations/arlington-fonts/control-cid2-fontname-consistent.pdf, declarations/arlington-fonts/control-cid2-w2-triples.pdf, declarations/arlington-fonts/control-shared-fontname-consistent.pdf, declarations/arlington-fonts/control-truetype-fontname-consistent.pdf, declarations/arlington-fonts/control-type1-fontname-consistent.pdf, declarations/arlington-fonts/control-type3-fontname-consistent.pdf, declarations/arlington-fonts/findings.txt, declarations/arlington-fonts/negative-cid0-fontname-consistent.txt, declarations/arlington-fonts/negative-cid0-w2-triples.txt, declarations/arlington-fonts/negative-cid2-fontname-consistent.txt, declarations/arlington-fonts/negative-cid2-w2-triples.txt, declarations/arlington-fonts/negative-shared-fontname-consistent.txt, declarations/arlington-fonts/negative-truetype-fontname-consistent.txt, declarations/arlington-fonts/negative-type1-fontname-consistent.txt, declarations/arlington-fonts/negative-type3-fontname-consistent.txt, declarations/arlington-fonts/standards.properties, declarations/arlington-text/control-mmtype1-basefont-name.pdf, declarations/arlington-text/control-mmtype1-basefont-null.pdf, declarations/arlington-text/control-mmtype1-basefont-required.pdf, declarations/arlington-text/control-mmtype1-descriptor-dictionary.pdf, declarations/arlington-text/control-mmtype1-descriptor-null.pdf, declarations/arlington-text/control-mmtype1-descriptor-required.pdf, declarations/arlington-text/control-mmtype1-encoding-type.pdf, declarations/arlington-text/control-mmtype1-firstchar-integer.pdf, declarations/arlington-text/control-mmtype1-firstchar-null.pdf, declarations/arlington-text/control-mmtype1-firstchar-required.pdf, declarations/arlington-text/control-mmtype1-lastchar-integer.pdf, declarations/arlington-text/control-mmtype1-lastchar-null.pdf, declarations/arlington-text/control-mmtype1-lastchar-required.pdf, declarations/arlington-text/control-mmtype1-widths-array.pdf, declarations/arlington-text/control-mmtype1-widths-cardinality.pdf, declarations/arlington-text/control-mmtype1-widths-null.pdf, declarations/arlington-text/control-mmtype1-widths-numbers.pdf, declarations/arlington-text/control-mmtype1-widths-required.pdf, declarations/arlington-text/control-page-userunit-number.pdf, declarations/arlington-text/control-page-userunit-positive.pdf, declarations/arlington-text/control-truetype-basefont-name.pdf, declarations/arlington-text/control-truetype-basefont-null.pdf, declarations/arlington-text/control-truetype-basefont-required.pdf, declarations/arlington-text/control-truetype-descriptor-dictionary.pdf, declarations/arlington-text/control-truetype-descriptor-null.pdf, declarations/arlington-text/control-truetype-descriptor-required.pdf, declarations/arlington-text/control-truetype-encoding-type.pdf, declarations/arlington-text/control-truetype-firstchar-integer.pdf, declarations/arlington-text/control-truetype-firstchar-null.pdf, declarations/arlington-text/control-truetype-firstchar-required.pdf, declarations/arlington-text/control-truetype-lastchar-integer.pdf, declarations/arlington-text/control-truetype-lastchar-null.pdf, declarations/arlington-text/control-truetype-lastchar-required.pdf, declarations/arlington-text/control-truetype-widths-array.pdf, declarations/arlington-text/control-truetype-widths-cardinality.pdf, declarations/arlington-text/control-truetype-widths-null.pdf, declarations/arlington-text/control-truetype-widths-numbers.pdf, declarations/arlington-text/control-truetype-widths-required.pdf, declarations/arlington-text/control-type1-basefont-name.pdf, declarations/arlington-text/control-type1-basefont-null.pdf, declarations/arlington-text/control-type1-basefont-required.pdf, declarations/arlington-text/control-type1-descriptor-dictionary.pdf, declarations/arlington-text/control-type1-descriptor-null.pdf, declarations/arlington-text/control-type1-descriptor-required.pdf, declarations/arlington-text/control-type1-encoding-type.pdf, declarations/arlington-text/control-type1-firstchar-integer.pdf, declarations/arlington-text/control-type1-firstchar-null.pdf, declarations/arlington-text/control-type1-firstchar-required.pdf, declarations/arlington-text/control-type1-lastchar-integer.pdf, declarations/arlington-text/control-type1-lastchar-null.pdf, declarations/arlington-text/control-type1-lastchar-required.pdf, declarations/arlington-text/control-type1-widths-array.pdf, declarations/arlington-text/control-type1-widths-cardinality.pdf, declarations/arlington-text/control-type1-widths-null.pdf, declarations/arlington-text/control-type1-widths-numbers.pdf, declarations/arlington-text/control-type1-widths-required.pdf, declarations/arlington-text/control-type3-bbox-numbers.pdf, declarations/arlington-text/control-type3-bbox-required.pdf, declarations/arlington-text/control-type3-charproc-stream.pdf, declarations/arlington-text/control-type3-charprocs-dictionary.pdf, declarations/arlington-text/control-type3-charprocs-required.pdf, declarations/arlington-text/control-type3-differences-disjoint.pdf, declarations/arlington-text/control-type3-encoding-dictionary.pdf, declarations/arlington-text/control-type3-encoding-required.pdf, declarations/arlington-text/control-type3-firstchar-integer.pdf, declarations/arlington-text/control-type3-firstchar-required.pdf, declarations/arlington-text/control-type3-glyph-fractional-width-agreement.pdf, declarations/arlington-text/control-type3-glyph-header-operands.pdf, declarations/arlington-text/control-type3-glyph-header-operator.pdf, declarations/arlington-text/control-type3-glyph-width-agreement.pdf, declarations/arlington-text/control-type3-glyph-zero-wy.pdf, declarations/arlington-text/control-type3-lastchar-integer.pdf, declarations/arlington-text/control-type3-lastchar-required.pdf, declarations/arlington-text/control-type3-matrix-count.pdf, declarations/arlington-text/control-type3-matrix-numbers.pdf, declarations/arlington-text/control-type3-matrix-required.pdf, declarations/arlington-text/control-type3-resources-dictionary.pdf, declarations/arlington-text/control-type3-tagged-descriptor-required.pdf, declarations/arlington-text/control-type3-widths-cardinality.pdf, declarations/arlington-text/control-type3-widths-numbers.pdf, declarations/arlington-text/control-type3-widths-required.pdf, declarations/arlington-text/findings.txt, declarations/arlington-text/negative-mmtype1-basefont-name.txt, declarations/arlington-text/negative-mmtype1-basefont-null.txt, declarations/arlington-text/negative-mmtype1-basefont-required.txt, declarations/arlington-text/negative-mmtype1-descriptor-dictionary.txt, declarations/arlington-text/negative-mmtype1-descriptor-null.txt, declarations/arlington-text/negative-mmtype1-descriptor-required.txt, declarations/arlington-text/negative-mmtype1-encoding-type.txt, declarations/arlington-text/negative-mmtype1-firstchar-integer.txt, declarations/arlington-text/negative-mmtype1-firstchar-null.txt, declarations/arlington-text/negative-mmtype1-firstchar-required.txt, declarations/arlington-text/negative-mmtype1-lastchar-integer.txt, declarations/arlington-text/negative-mmtype1-lastchar-null.txt, declarations/arlington-text/negative-mmtype1-lastchar-required.txt, declarations/arlington-text/negative-mmtype1-widths-array.txt, declarations/arlington-text/negative-mmtype1-widths-cardinality.txt, declarations/arlington-text/negative-mmtype1-widths-null.txt, declarations/arlington-text/negative-mmtype1-widths-numbers.txt, declarations/arlington-text/negative-mmtype1-widths-required.txt, declarations/arlington-text/negative-page-userunit-number.txt, declarations/arlington-text/negative-page-userunit-positive.txt, declarations/arlington-text/negative-truetype-basefont-name.txt, declarations/arlington-text/negative-truetype-basefont-null.txt, declarations/arlington-text/negative-truetype-basefont-required.txt, declarations/arlington-text/negative-truetype-descriptor-dictionary.txt, declarations/arlington-text/negative-truetype-descriptor-null.txt, declarations/arlington-text/negative-truetype-descriptor-required.txt, declarations/arlington-text/negative-truetype-encoding-type.txt, declarations/arlington-text/negative-truetype-firstchar-integer.txt, declarations/arlington-text/negative-truetype-firstchar-null.txt, declarations/arlington-text/negative-truetype-firstchar-required.txt, declarations/arlington-text/negative-truetype-lastchar-integer.txt, declarations/arlington-text/negative-truetype-lastchar-null.txt, declarations/arlington-text/negative-truetype-lastchar-required.txt, declarations/arlington-text/negative-truetype-widths-array.txt, declarations/arlington-text/negative-truetype-widths-cardinality.txt, declarations/arlington-text/negative-truetype-widths-null.txt, declarations/arlington-text/negative-truetype-widths-numbers.txt, declarations/arlington-text/negative-truetype-widths-required.txt, declarations/arlington-text/negative-type1-basefont-name.txt, declarations/arlington-text/negative-type1-basefont-null.txt, declarations/arlington-text/negative-type1-basefont-required.txt, declarations/arlington-text/negative-type1-descriptor-dictionary.txt, declarations/arlington-text/negative-type1-descriptor-null.txt, declarations/arlington-text/negative-type1-descriptor-required.txt, declarations/arlington-text/negative-type1-encoding-type.txt, declarations/arlington-text/negative-type1-firstchar-integer.txt, declarations/arlington-text/negative-type1-firstchar-null.txt, declarations/arlington-text/negative-type1-firstchar-required.txt, declarations/arlington-text/negative-type1-lastchar-integer.txt, declarations/arlington-text/negative-type1-lastchar-null.txt, declarations/arlington-text/negative-type1-lastchar-required.txt, declarations/arlington-text/negative-type1-widths-array.txt, declarations/arlington-text/negative-type1-widths-cardinality.txt, declarations/arlington-text/negative-type1-widths-null.txt, declarations/arlington-text/negative-type1-widths-numbers.txt, declarations/arlington-text/negative-type1-widths-required.txt, declarations/arlington-text/negative-type3-bbox-numbers.txt, declarations/arlington-text/negative-type3-bbox-required.txt, declarations/arlington-text/negative-type3-charproc-stream.txt, declarations/arlington-text/negative-type3-charprocs-dictionary.txt, declarations/arlington-text/negative-type3-charprocs-required.txt, declarations/arlington-text/negative-type3-differences-disjoint.txt, declarations/arlington-text/negative-type3-encoding-dictionary.txt, declarations/arlington-text/negative-type3-encoding-required.txt, declarations/arlington-text/negative-type3-firstchar-integer.txt, declarations/arlington-text/negative-type3-firstchar-required.txt, declarations/arlington-text/negative-type3-glyph-fractional-width-agreement.txt, declarations/arlington-text/negative-type3-glyph-header-operands.txt, declarations/arlington-text/negative-type3-glyph-header-operator.txt, declarations/arlington-text/negative-type3-glyph-width-agreement.txt, declarations/arlington-text/negative-type3-glyph-zero-wy.txt, declarations/arlington-text/negative-type3-lastchar-integer.txt, declarations/arlington-text/negative-type3-lastchar-required.txt, declarations/arlington-text/negative-type3-matrix-count.txt, declarations/arlington-text/negative-type3-matrix-numbers.txt, declarations/arlington-text/negative-type3-matrix-required.txt, declarations/arlington-text/negative-type3-resources-dictionary.txt, declarations/arlington-text/negative-type3-tagged-descriptor-required.txt, declarations/arlington-text/negative-type3-widths-cardinality.txt, declarations/arlington-text/negative-type3-widths-numbers.txt, declarations/arlington-text/negative-type3-widths-required.txt, declarations/arlington-text/standards.properties, declarations/declarations.txt, declarations/extraction.pdf, declarations/identities-after.properties, declarations/identities-before.properties, declarations/pdfcpu/control-annotation-contents-string.pdf, declarations/pdfcpu/control-annotation-flags-integer.pdf, declarations/pdfcpu/control-annotation-name-string.pdf, declarations/pdfcpu/control-annotation-page-indirect.pdf, declarations/pdfcpu/control-annotation-page-type.pdf, declarations/pdfcpu/control-annotation-rect-numbers.pdf, declarations/pdfcpu/control-annotation-rect-rectangle.pdf, declarations/pdfcpu/control-annotation-rect-required.pdf, declarations/pdfcpu/control-annotation-subtype-name.pdf, declarations/pdfcpu/control-annotation-subtype-required.pdf, declarations/pdfcpu/control-annotation-type-name.pdf, declarations/pdfcpu/control-annotation-type-value.pdf, declarations/pdfcpu/control-catalog-pages-indirect.pdf, declarations/pdfcpu/control-catalog-pages.pdf, declarations/pdfcpu/control-catalog-type-required.pdf, declarations/pdfcpu/control-catalog-type.pdf, declarations/pdfcpu/control-form-bbox-numbers.pdf, declarations/pdfcpu/control-form-bbox-rectangle.pdf, declarations/pdfcpu/control-form-bbox-required.pdf, declarations/pdfcpu/control-form-formtype-integer.pdf, declarations/pdfcpu/control-form-formtype-value.pdf, declarations/pdfcpu/control-form-matrix-array.pdf, declarations/pdfcpu/control-form-matrix-count.pdf, declarations/pdfcpu/control-form-matrix-numbers.pdf, declarations/pdfcpu/control-form-resources-dictionary.pdf, declarations/pdfcpu/control-form-subtype-name.pdf, declarations/pdfcpu/control-form-subtype-required.pdf, declarations/pdfcpu/control-form-type-name.pdf, declarations/pdfcpu/control-form-type-value.pdf, declarations/pdfcpu/control-page-annots-array.pdf, declarations/pdfcpu/control-page-annots-member.pdf, declarations/pdfcpu/control-page-artbox-numbers.pdf, declarations/pdfcpu/control-page-artbox-rectangle.pdf, declarations/pdfcpu/control-page-bleedbox-numbers.pdf, declarations/pdfcpu/control-page-bleedbox-rectangle.pdf, declarations/pdfcpu/control-page-contents-nonempty.pdf, declarations/pdfcpu/control-page-cropbox-numbers.pdf, declarations/pdfcpu/control-page-cropbox-rectangle.pdf, declarations/pdfcpu/control-page-mediabox-numbers.pdf, declarations/pdfcpu/control-page-mediabox-rectangle.pdf, declarations/pdfcpu/control-page-mediabox-required.pdf, declarations/pdfcpu/control-page-parent-indirect.pdf, declarations/pdfcpu/control-page-parent-link.pdf, declarations/pdfcpu/control-page-parent-required.pdf, declarations/pdfcpu/control-page-resources-type.pdf, declarations/pdfcpu/control-page-rotate-integer.pdf, declarations/pdfcpu/control-page-rotate-value.pdf, declarations/pdfcpu/control-page-trimbox-numbers.pdf, declarations/pdfcpu/control-page-trimbox-rectangle.pdf, declarations/pdfcpu/control-page-type-value.pdf, declarations/pdfcpu/control-page-type.pdf, declarations/pdfcpu/control-pages-count-integer.pdf, declarations/pdfcpu/control-pages-count-nonnegative.pdf, declarations/pdfcpu/control-pages-count-required.pdf, declarations/pdfcpu/control-pages-count-value.pdf, declarations/pdfcpu/control-pages-kid-reference.pdf, declarations/pdfcpu/control-pages-kids.pdf, declarations/pdfcpu/control-resource-xobject-map.pdf, declarations/pdfcpu/control-resource-xobject-stream.pdf, declarations/pdfcpu/control-trailer-info-null.pdf, declarations/pdfcpu/findings.txt, declarations/pdfcpu/negative-annotation-contents-string.txt, declarations/pdfcpu/negative-annotation-flags-integer.txt, declarations/pdfcpu/negative-annotation-name-string.txt, declarations/pdfcpu/negative-annotation-page-indirect.txt, declarations/pdfcpu/negative-annotation-page-type.txt, declarations/pdfcpu/negative-annotation-rect-numbers.txt, declarations/pdfcpu/negative-annotation-rect-rectangle.txt, declarations/pdfcpu/negative-annotation-rect-required.txt, declarations/pdfcpu/negative-annotation-subtype-name.txt, declarations/pdfcpu/negative-annotation-subtype-required.txt, declarations/pdfcpu/negative-annotation-type-name.txt, declarations/pdfcpu/negative-annotation-type-value.txt, declarations/pdfcpu/negative-catalog-pages-indirect.txt, declarations/pdfcpu/negative-catalog-pages.txt, declarations/pdfcpu/negative-catalog-type-required.txt, declarations/pdfcpu/negative-catalog-type.txt, declarations/pdfcpu/negative-form-bbox-numbers.txt, declarations/pdfcpu/negative-form-bbox-rectangle.txt, declarations/pdfcpu/negative-form-bbox-required.txt, declarations/pdfcpu/negative-form-formtype-integer.txt, declarations/pdfcpu/negative-form-formtype-value.txt, declarations/pdfcpu/negative-form-matrix-array.txt, declarations/pdfcpu/negative-form-matrix-count.txt, declarations/pdfcpu/negative-form-matrix-numbers.txt, declarations/pdfcpu/negative-form-resources-dictionary.txt, declarations/pdfcpu/negative-form-subtype-name.txt, declarations/pdfcpu/negative-form-subtype-required.txt, declarations/pdfcpu/negative-form-type-name.txt, declarations/pdfcpu/negative-form-type-value.txt, declarations/pdfcpu/negative-page-annots-array.txt, declarations/pdfcpu/negative-page-annots-member.txt, declarations/pdfcpu/negative-page-artbox-numbers.txt, declarations/pdfcpu/negative-page-artbox-rectangle.txt, declarations/pdfcpu/negative-page-bleedbox-numbers.txt, declarations/pdfcpu/negative-page-bleedbox-rectangle.txt, declarations/pdfcpu/negative-page-contents-nonempty.txt, declarations/pdfcpu/negative-page-cropbox-numbers.txt, declarations/pdfcpu/negative-page-cropbox-rectangle.txt, declarations/pdfcpu/negative-page-mediabox-numbers.txt, declarations/pdfcpu/negative-page-mediabox-rectangle.txt, declarations/pdfcpu/negative-page-mediabox-required.txt, declarations/pdfcpu/negative-page-parent-indirect.txt, declarations/pdfcpu/negative-page-parent-link.txt, declarations/pdfcpu/negative-page-parent-required.txt, declarations/pdfcpu/negative-page-resources-type.txt, declarations/pdfcpu/negative-page-rotate-integer.txt, declarations/pdfcpu/negative-page-rotate-value.txt, declarations/pdfcpu/negative-page-trimbox-numbers.txt, declarations/pdfcpu/negative-page-trimbox-rectangle.txt, declarations/pdfcpu/negative-page-type-value.txt, declarations/pdfcpu/negative-page-type.txt, declarations/pdfcpu/negative-pages-count-integer.txt, declarations/pdfcpu/negative-pages-count-nonnegative.txt, declarations/pdfcpu/negative-pages-count-required.txt, declarations/pdfcpu/negative-pages-count-value.txt, declarations/pdfcpu/negative-pages-kid-reference.txt, declarations/pdfcpu/negative-pages-kids.txt, declarations/pdfcpu/negative-resource-xobject-map.txt, declarations/pdfcpu/negative-resource-xobject-stream.txt, declarations/pdfcpu/negative-trailer-info-null.txt, declarations/pdfcpu/standards.properties, declarations/result.properties, declarations/retained-files.sha256, extraction.pdf, programs/control-cmaps.cmap-block-count.pdf, programs/control-cmaps.cmap-encoding-bfchar.pdf, programs/control-cmaps.cmap-encoding-type.pdf, programs/control-cmaps.cmap-font-ordering.pdf, programs/control-cmaps.cmap-font-registry.pdf, programs/control-cmaps.cmap-font-simple-domain.pdf, programs/control-cmaps.cmap-font-type0-domain.pdf, programs/control-cmaps.cmap-inherited-codespace.pdf, programs/control-cmaps.cmap-late-codespace.pdf, programs/control-cmaps.cmap-mapping-code.pdf, programs/control-cmaps.cmap-missing-begin.pdf, programs/control-cmaps.cmap-missing-end.pdf, programs/control-cmaps.cmap-missing-parent-space.pdf, programs/control-cmaps.cmap-mode-agreement.pdf, programs/control-cmaps.cmap-name-agreement.pdf, programs/control-cmaps.cmap-negative-cid.pdf, programs/control-cmaps.cmap-overlap.pdf, programs/control-cmaps.cmap-parent-cycle.pdf, programs/control-cmaps.cmap-range-cardinality.pdf, programs/control-cmaps.cmap-reversed-byte.pdf, programs/control-cmaps.cmap-reversed.pdf, programs/control-cmaps.cmap-ros-agreement.pdf, programs/control-cmaps.cmap-surrogate.pdf, programs/control-cmaps.cmap-uid-string.pdf, programs/control-cmaps.cmap-unequal-length.pdf, programs/control-cmaps.cmap-unicode-cidchar.pdf, programs/control-cmaps.cmap-unicode-type.pdf, programs/control-cmaps.cmap-usecmap-late.pdf, programs/control-cmaps.cmap-usecmap-missing-parent.pdf, programs/control-cmaps.cmap-usecmap-name.pdf, programs/control-cmaps.cmap-usefont-nonzero.pdf, programs/control-cmaps.cmap-version-string.pdf, programs/control-cmaps.cmap-xuid-string.pdf, programs/control-content.boolean-mcid.pdf, programs/control-content.catalog-pdf2-form-caller-font.pdf, programs/control-content.concatenate-inside-text.pdf, programs/control-content.dictionary-name-alias.pdf, programs/control-content.dictionary-word.pdf, programs/control-content.different-font-name-byte.pdf, programs/control-content.different-font-name-utf8.pdf, programs/control-content.duplicate-mcid.pdf, programs/control-content.font-box-too-small.pdf, programs/control-content.font-restored-to-unset.pdf, programs/control-content.font-size-name.pdf, programs/control-content.form-does-not-pop-caller-graphics.pdf, programs/control-content.form-in-text-object.pdf, programs/control-content.form-name.pdf, programs/control-content.form-used-as-font.pdf, programs/control-content.glyph-missing-header.pdf, programs/control-content.glyph-outside-d1-bounds.pdf, programs/control-content.glyph-rectangle-arity.pdf, programs/control-content.glyph-rectangle-name.pdf, programs/control-content.glyph-repeated-header.pdf, programs/control-content.glyph-unpainted-path.pdf, programs/control-content.graphics-crosses-marked.pdf, programs/control-content.graphics-unclosed.pdf, programs/control-content.graphics-underflow.pdf, programs/control-content.marked-crosses-graphics.pdf, programs/control-content.marked-crosses-text.pdf, programs/control-content.marked-unclosed.pdf, programs/control-content.marked-underflow.pdf, programs/control-content.matrix-outside-text.pdf, programs/control-content.missing-font-resource.pdf, programs/control-content.missing-form-resource.pdf, programs/control-content.missing-name-escape.pdf, programs/control-content.missing-property-resource.pdf, programs/control-content.name-alternate.pdf, programs/control-content.name-mcid.pdf, programs/control-content.named-property-wrong-type.pdf, programs/control-content.negative-mcid.pdf, programs/control-content.nested-form-caller-font.pdf, programs/control-content.nested-text.pdf, programs/control-content.no-selected-font.pdf, programs/control-content.nonhex-name-escape.pdf, programs/control-content.null-name-escape.pdf, programs/control-content.numeric-language.pdf, programs/control-content.numeric-replacement.pdf, programs/control-content.real-mcid.pdf, programs/control-content.restore-inside-text.pdf, programs/control-content.rgb-name.pdf, programs/control-content.save-inside-text.pdf, programs/control-content.show-name.pdf, programs/control-content.show-outside-text.pdf, programs/control-content.text-crosses-marked.pdf, programs/control-content.text-matrix-arity.pdf, programs/control-content.text-matrix-name.pdf, programs/control-content.unmatched-text-end.pdf, programs/control-content.unterminated-text.pdf, programs/control-font-metrics.cid-cff-widths-array.pdf, programs/control-font-metrics.cid-cff-widths-default.pdf, programs/control-font-metrics.cid-cff-widths-range.pdf, programs/control-font-metrics.cid-truetype-widths-array.pdf, programs/control-font-metrics.cid-truetype-widths-default.pdf, programs/control-font-metrics.cid-truetype-widths-range.pdf, programs/control-font-metrics.mmtype1-widths.pdf, programs/control-font-metrics.truetype-widths.pdf, programs/control-font-metrics.type1-widths.pdf, programs/control-fonts.cff-as-cid.pdf, programs/control-fonts.cff-descriptor-bounds.pdf, programs/control-fonts.cff-first-offset-two.pdf, programs/control-fonts.cff-first-offset-zero.pdf, programs/control-fonts.cff-glyph-first-offset-two.pdf, programs/control-fonts.cff-header.pdf, programs/control-fonts.cff-last-offset-outside-file.pdf, programs/control-fonts.cff-missing-endchar.pdf, programs/control-fonts.cff-missing-moveto.pdf, programs/control-fonts.cff-program-name.pdf, programs/control-fonts.cff-topdict-count.pdf, programs/control-fonts.cff-wrong-moveto-arity.pdf, programs/control-fonts.cid-as-cff.pdf, programs/control-fonts.cid-cff-descriptor-bounds.pdf, programs/control-fonts.cid-cff-first-offset-two.pdf, programs/control-fonts.cid-cff-first-offset-zero.pdf, programs/control-fonts.cid-cff-glyph-first-offset-two.pdf, programs/control-fonts.cid-cff-header.pdf, programs/control-fonts.cid-cff-last-offset-outside-file.pdf, programs/control-fonts.cid-cff-missing-endchar.pdf, programs/control-fonts.cid-cff-missing-fdarray.pdf, programs/control-fonts.cid-cff-missing-fdselect.pdf, programs/control-fonts.cid-cff-missing-moveto.pdf, programs/control-fonts.cid-cff-program-name.pdf, programs/control-fonts.cid-cff-topdict-count.pdf, programs/control-fonts.cid-cff-wrong-moveto-arity.pdf, programs/control-fonts.cid-truetype-descriptor-bounds.pdf, programs/control-fonts.truetype-decoded-length.pdf, programs/control-fonts.truetype-descriptor-bounds.pdf, programs/control-fonts.truetype-entry-selector.pdf, programs/control-fonts.truetype-glyph-bounds.pdf, programs/control-fonts.truetype-header.pdf, programs/control-fonts.truetype-nonzero-padding.pdf, programs/control-fonts.truetype-program-name.pdf, programs/control-fonts.truetype-range-shift.pdf, programs/control-fonts.truetype-search-range.pdf, programs/control-fonts.truetype-table-checksum.pdf, programs/control-fonts.truetype-table-order.pdf, programs/control-fonts.truetype-table-outside-file.pdf, programs/control-fonts.truetype-table-tag.pdf, programs/control-fonts.truetype-unaligned-table.pdf, programs/control-fonts.truetype-units-per-em-0.pdf, programs/control-fonts.truetype-units-per-em-15.pdf, programs/control-fonts.truetype-units-per-em-16385.pdf, programs/control-fonts.truetype-whole-checksum.pdf, programs/control-structure-content.content-annotation-page.pdf, programs/control-structure-content.content-both-parent-keys.pdf, programs/control-structure-content.content-direct-object.pdf, programs/control-structure-content.content-form-parent.pdf, programs/control-structure-content.content-missing-form-mcid.pdf, programs/control-structure-content.content-missing-page-mcid.pdf, programs/control-structure-content.content-object-parent.pdf, programs/control-structure-content.content-page-key.pdf, programs/control-structure-hierarchy.missing-role.pdf, programs/control-structure-hierarchy.parent-backlink.pdf, programs/control-structure-hierarchy.root-content-child.pdf, programs/control-structure-hierarchy.root-type.pdf, programs/control-structure-hierarchy.shared-child.pdf, programs/control-structure-hierarchy.text-actual-name.pdf, programs/control-structure-hierarchy.text-language-name.pdf, programs/control-structure-namespaces.namespace-direct-target.pdf, programs/control-structure-namespaces.namespace-mapping-type.pdf, programs/control-structure-namespaces.namespace-name-type.pdf, programs/control-structure-namespaces.namespace-unlisted.pdf, programs/control-structure-parent-tree.parent-key-order.pdf, programs/control-structure-parent-tree.parent-key-type.pdf, programs/control-structure-parent-tree.parent-next-key.pdf, programs/control-structure-parent-tree.parent-nonstructural-value.pdf, programs/extraction.pdf, programs/identities-after.properties, programs/identities-before.properties, programs/input/cmaps/process.txt, programs/input/cmaps/qpdf-version.txt, programs/input/cmaps/qpdf-version.txt.stderr, programs/input/cmaps/qpdf.json, programs/input/cmaps/qpdf.json.stderr, programs/input/cmaps/result.properties, programs/input/content/process.txt, programs/input/content/qpdf-version.txt, programs/input/content/qpdf-version.txt.stderr, programs/input/content/qpdf.json, programs/input/content/qpdf.json.stderr, programs/input/content/result.properties, programs/input/font-metrics/process.txt, programs/input/font-metrics/qpdf-version.txt, programs/input/font-metrics/qpdf-version.txt.stderr, programs/input/font-metrics/qpdf.json, programs/input/font-metrics/qpdf.json.stderr, programs/input/font-metrics/result.properties, programs/input/fonts/process.txt, programs/input/fonts/qpdf-version.txt, programs/input/fonts/qpdf-version.txt.stderr, programs/input/fonts/qpdf.json, programs/input/fonts/qpdf.json.stderr, programs/input/fonts/result.properties, programs/input/structure-content/process.txt, programs/input/structure-content/qpdf-version.txt, programs/input/structure-content/qpdf-version.txt.stderr, programs/input/structure-content/qpdf.json, programs/input/structure-content/qpdf.json.stderr, programs/input/structure-content/result.properties, programs/input/structure-hierarchy/process.txt, programs/input/structure-hierarchy/qpdf-version.txt, programs/input/structure-hierarchy/qpdf-version.txt.stderr, programs/input/structure-hierarchy/qpdf.json, programs/input/structure-hierarchy/qpdf.json.stderr, programs/input/structure-hierarchy/result.properties, programs/input/structure-namespaces/process.txt, programs/input/structure-namespaces/qpdf-version.txt, programs/input/structure-namespaces/qpdf-version.txt.stderr, programs/input/structure-namespaces/qpdf.json, programs/input/structure-namespaces/qpdf.json.stderr, programs/input/structure-namespaces/result.properties, programs/input/structure-parent-tree/process.txt, programs/input/structure-parent-tree/qpdf-version.txt, programs/input/structure-parent-tree/qpdf-version.txt.stderr, programs/input/structure-parent-tree/qpdf.json, programs/input/structure-parent-tree/qpdf.json.stderr, programs/input/structure-parent-tree/result.properties, programs/programs.txt, programs/qualifications/cmaps.cmap-block-count/process.txt, programs/qualifications/cmaps.cmap-block-count/qpdf-version.txt, programs/qualifications/cmaps.cmap-block-count/qpdf-version.txt.stderr, programs/qualifications/cmaps.cmap-block-count/qpdf.json, programs/qualifications/cmaps.cmap-block-count/qpdf.json.stderr, programs/qualifications/cmaps.cmap-block-count/result.properties, programs/qualifications/cmaps.cmap-encoding-bfchar/process.txt, programs/qualifications/cmaps.cmap-encoding-bfchar/qpdf-version.txt, programs/qualifications/cmaps.cmap-encoding-bfchar/qpdf-version.txt.stderr, programs/qualifications/cmaps.cmap-encoding-bfchar/qpdf.json, programs/qualifications/cmaps.cmap-encoding-bfchar/qpdf.json.stderr, programs/qualifications/cmaps.cmap-encoding-bfchar/result.properties, programs/qualifications/cmaps.cmap-encoding-type/process.txt, programs/qualifications/cmaps.cmap-encoding-type/qpdf-version.txt, programs/qualifications/cmaps.cmap-encoding-type/qpdf-version.txt.stderr, programs/qualifications/cmaps.cmap-encoding-type/qpdf.json, programs/qualifications/cmaps.cmap-encoding-type/qpdf.json.stderr, programs/qualifications/cmaps.cmap-encoding-type/result.properties, programs/qualifications/cmaps.cmap-font-ordering/process.txt, programs/qualifications/cmaps.cmap-font-ordering/qpdf-version.txt, programs/qualifications/cmaps.cmap-font-ordering/qpdf-version.txt.stderr, programs/qualifications/cmaps.cmap-font-ordering/qpdf.json, programs/qualifications/cmaps.cmap-font-ordering/qpdf.json.stderr, programs/qualifications/cmaps.cmap-font-ordering/result.properties, programs/qualifications/cmaps.cmap-font-registry/process.txt, programs/qualifications/cmaps.cmap-font-registry/qpdf-version.txt, programs/qualifications/cmaps.cmap-font-registry/qpdf-version.txt.stderr, programs/qualifications/cmaps.cmap-font-registry/qpdf.json, programs/qualifications/cmaps.cmap-font-registry/qpdf.json.stderr, programs/qualifications/cmaps.cmap-font-registry/result.properties, programs/qualifications/cmaps.cmap-font-simple-domain/process.txt, programs/qualifications/cmaps.cmap-font-simple-domain/qpdf-version.txt, programs/qualifications/cmaps.cmap-font-simple-domain/qpdf-version.txt.stderr, programs/qualifications/cmaps.cmap-font-simple-domain/qpdf.json, programs/qualifications/cmaps.cmap-font-simple-domain/qpdf.json.stderr, programs/qualifications/cmaps.cmap-font-simple-domain/result.properties, programs/qualifications/cmaps.cmap-font-type0-domain/process.txt, programs/qualifications/cmaps.cmap-font-type0-domain/qpdf-version.txt, programs/qualifications/cmaps.cmap-font-type0-domain/qpdf-version.txt.stderr, programs/qualifications/cmaps.cmap-font-type0-domain/qpdf.json, programs/qualifications/cmaps.cmap-font-type0-domain/qpdf.json.stderr, programs/qualifications/cmaps.cmap-font-type0-domain/result.properties, programs/qualifications/cmaps.cmap-inherited-codespace/process.txt, programs/qualifications/cmaps.cmap-inherited-codespace/qpdf-version.txt, programs/qualifications/cmaps.cmap-inherited-codespace/qpdf-version.txt.stderr, programs/qualifications/cmaps.cmap-inherited-codespace/qpdf.json, programs/qualifications/cmaps.cmap-inherited-codespace/qpdf.json.stderr, programs/qualifications/cmaps.cmap-inherited-codespace/result.properties, programs/qualifications/cmaps.cmap-late-codespace/process.txt, programs/qualifications/cmaps.cmap-late-codespace/qpdf-version.txt, programs/qualifications/cmaps.cmap-late-codespace/qpdf-version.txt.stderr, programs/qualifications/cmaps.cmap-late-codespace/qpdf.json, programs/qualifications/cmaps.cmap-late-codespace/qpdf.json.stderr, programs/qualifications/cmaps.cmap-late-codespace/result.properties, programs/qualifications/cmaps.cmap-mapping-code/process.txt, programs/qualifications/cmaps.cmap-mapping-code/qpdf-version.txt, programs/qualifications/cmaps.cmap-mapping-code/qpdf-version.txt.stderr, programs/qualifications/cmaps.cmap-mapping-code/qpdf.json, programs/qualifications/cmaps.cmap-mapping-code/qpdf.json.stderr, programs/qualifications/cmaps.cmap-mapping-code/result.properties, programs/qualifications/cmaps.cmap-missing-begin/process.txt, programs/qualifications/cmaps.cmap-missing-begin/qpdf-version.txt, programs/qualifications/cmaps.cmap-missing-begin/qpdf-version.txt.stderr, programs/qualifications/cmaps.cmap-missing-begin/qpdf.json, programs/qualifications/cmaps.cmap-missing-begin/qpdf.json.stderr, programs/qualifications/cmaps.cmap-missing-begin/result.properties, programs/qualifications/cmaps.cmap-missing-end/process.txt, programs/qualifications/cmaps.cmap-missing-end/qpdf-version.txt, programs/qualifications/cmaps.cmap-missing-end/qpdf-version.txt.stderr, programs/qualifications/cmaps.cmap-missing-end/qpdf.json, programs/qualifications/cmaps.cmap-missing-end/qpdf.json.stderr, programs/qualifications/cmaps.cmap-missing-end/result.properties, programs/qualifications/cmaps.cmap-missing-parent-space/process.txt, programs/qualifications/cmaps.cmap-missing-parent-space/qpdf-version.txt, programs/qualifications/cmaps.cmap-missing-parent-space/qpdf-version.txt.stderr, programs/qualifications/cmaps.cmap-missing-parent-space/qpdf.json, programs/qualifications/cmaps.cmap-missing-parent-space/qpdf.json.stderr, programs/qualifications/cmaps.cmap-missing-parent-space/result.properties, programs/qualifications/cmaps.cmap-mode-agreement/process.txt, programs/qualifications/cmaps.cmap-mode-agreement/qpdf-version.txt, programs/qualifications/cmaps.cmap-mode-agreement/qpdf-version.txt.stderr, programs/qualifications/cmaps.cmap-mode-agreement/qpdf.json, programs/qualifications/cmaps.cmap-mode-agreement/qpdf.json.stderr, programs/qualifications/cmaps.cmap-mode-agreement/result.properties, programs/qualifications/cmaps.cmap-name-agreement/process.txt, programs/qualifications/cmaps.cmap-name-agreement/qpdf-version.txt, programs/qualifications/cmaps.cmap-name-agreement/qpdf-version.txt.stderr, programs/qualifications/cmaps.cmap-name-agreement/qpdf.json, programs/qualifications/cmaps.cmap-name-agreement/qpdf.json.stderr, programs/qualifications/cmaps.cmap-name-agreement/result.properties, programs/qualifications/cmaps.cmap-negative-cid/process.txt, programs/qualifications/cmaps.cmap-negative-cid/qpdf-version.txt, programs/qualifications/cmaps.cmap-negative-cid/qpdf-version.txt.stderr, programs/qualifications/cmaps.cmap-negative-cid/qpdf.json, programs/qualifications/cmaps.cmap-negative-cid/qpdf.json.stderr, programs/qualifications/cmaps.cmap-negative-cid/result.properties, programs/qualifications/cmaps.cmap-overlap/process.txt, programs/qualifications/cmaps.cmap-overlap/qpdf-version.txt, programs/qualifications/cmaps.cmap-overlap/qpdf-version.txt.stderr, programs/qualifications/cmaps.cmap-overlap/qpdf.json, programs/qualifications/cmaps.cmap-overlap/qpdf.json.stderr, programs/qualifications/cmaps.cmap-overlap/result.properties, programs/qualifications/cmaps.cmap-parent-cycle/process.txt, programs/qualifications/cmaps.cmap-parent-cycle/qpdf-version.txt, programs/qualifications/cmaps.cmap-parent-cycle/qpdf-version.txt.stderr, programs/qualifications/cmaps.cmap-parent-cycle/qpdf.json, programs/qualifications/cmaps.cmap-parent-cycle/qpdf.json.stderr, programs/qualifications/cmaps.cmap-parent-cycle/result.properties, programs/qualifications/cmaps.cmap-range-cardinality/process.txt, programs/qualifications/cmaps.cmap-range-cardinality/qpdf-version.txt, programs/qualifications/cmaps.cmap-range-cardinality/qpdf-version.txt.stderr, programs/qualifications/cmaps.cmap-range-cardinality/qpdf.json, programs/qualifications/cmaps.cmap-range-cardinality/qpdf.json.stderr, programs/qualifications/cmaps.cmap-range-cardinality/result.properties, programs/qualifications/cmaps.cmap-reversed-byte/process.txt, programs/qualifications/cmaps.cmap-reversed-byte/qpdf-version.txt, programs/qualifications/cmaps.cmap-reversed-byte/qpdf-version.txt.stderr, programs/qualifications/cmaps.cmap-reversed-byte/qpdf.json, programs/qualifications/cmaps.cmap-reversed-byte/qpdf.json.stderr, programs/qualifications/cmaps.cmap-reversed-byte/result.properties, programs/qualifications/cmaps.cmap-reversed/process.txt, programs/qualifications/cmaps.cmap-reversed/qpdf-version.txt, programs/qualifications/cmaps.cmap-reversed/qpdf-version.txt.stderr, programs/qualifications/cmaps.cmap-reversed/qpdf.json, programs/qualifications/cmaps.cmap-reversed/qpdf.json.stderr, programs/qualifications/cmaps.cmap-reversed/result.properties, programs/qualifications/cmaps.cmap-ros-agreement/process.txt, programs/qualifications/cmaps.cmap-ros-agreement/qpdf-version.txt, programs/qualifications/cmaps.cmap-ros-agreement/qpdf-version.txt.stderr, programs/qualifications/cmaps.cmap-ros-agreement/qpdf.json, programs/qualifications/cmaps.cmap-ros-agreement/qpdf.json.stderr, programs/qualifications/cmaps.cmap-ros-agreement/result.properties, programs/qualifications/cmaps.cmap-surrogate/process.txt, programs/qualifications/cmaps.cmap-surrogate/qpdf-version.txt, programs/qualifications/cmaps.cmap-surrogate/qpdf-version.txt.stderr, programs/qualifications/cmaps.cmap-surrogate/qpdf.json, programs/qualifications/cmaps.cmap-surrogate/qpdf.json.stderr, programs/qualifications/cmaps.cmap-surrogate/result.properties, programs/qualifications/cmaps.cmap-uid-string/process.txt, programs/qualifications/cmaps.cmap-uid-string/qpdf-version.txt, programs/qualifications/cmaps.cmap-uid-string/qpdf-version.txt.stderr, programs/qualifications/cmaps.cmap-uid-string/qpdf.json, programs/qualifications/cmaps.cmap-uid-string/qpdf.json.stderr, programs/qualifications/cmaps.cmap-uid-string/result.properties, programs/qualifications/cmaps.cmap-unequal-length/process.txt, programs/qualifications/cmaps.cmap-unequal-length/qpdf-version.txt, programs/qualifications/cmaps.cmap-unequal-length/qpdf-version.txt.stderr, programs/qualifications/cmaps.cmap-unequal-length/qpdf.json, programs/qualifications/cmaps.cmap-unequal-length/qpdf.json.stderr, programs/qualifications/cmaps.cmap-unequal-length/result.properties, programs/qualifications/cmaps.cmap-unicode-cidchar/process.txt, programs/qualifications/cmaps.cmap-unicode-cidchar/qpdf-version.txt, programs/qualifications/cmaps.cmap-unicode-cidchar/qpdf-version.txt.stderr, programs/qualifications/cmaps.cmap-unicode-cidchar/qpdf.json, programs/qualifications/cmaps.cmap-unicode-cidchar/qpdf.json.stderr, programs/qualifications/cmaps.cmap-unicode-cidchar/result.properties, programs/qualifications/cmaps.cmap-unicode-type/process.txt, programs/qualifications/cmaps.cmap-unicode-type/qpdf-version.txt, programs/qualifications/cmaps.cmap-unicode-type/qpdf-version.txt.stderr, programs/qualifications/cmaps.cmap-unicode-type/qpdf.json, programs/qualifications/cmaps.cmap-unicode-type/qpdf.json.stderr, programs/qualifications/cmaps.cmap-unicode-type/result.properties, programs/qualifications/cmaps.cmap-usecmap-late/process.txt, programs/qualifications/cmaps.cmap-usecmap-late/qpdf-version.txt, programs/qualifications/cmaps.cmap-usecmap-late/qpdf-version.txt.stderr, programs/qualifications/cmaps.cmap-usecmap-late/qpdf.json, programs/qualifications/cmaps.cmap-usecmap-late/qpdf.json.stderr, programs/qualifications/cmaps.cmap-usecmap-late/result.properties, programs/qualifications/cmaps.cmap-usecmap-missing-parent/process.txt, programs/qualifications/cmaps.cmap-usecmap-missing-parent/qpdf-version.txt, programs/qualifications/cmaps.cmap-usecmap-missing-parent/qpdf-version.txt.stderr, programs/qualifications/cmaps.cmap-usecmap-missing-parent/qpdf.json, programs/qualifications/cmaps.cmap-usecmap-missing-parent/qpdf.json.stderr, programs/qualifications/cmaps.cmap-usecmap-missing-parent/result.properties, programs/qualifications/cmaps.cmap-usecmap-name/process.txt, programs/qualifications/cmaps.cmap-usecmap-name/qpdf-version.txt, programs/qualifications/cmaps.cmap-usecmap-name/qpdf-version.txt.stderr, programs/qualifications/cmaps.cmap-usecmap-name/qpdf.json, programs/qualifications/cmaps.cmap-usecmap-name/qpdf.json.stderr, programs/qualifications/cmaps.cmap-usecmap-name/result.properties, programs/qualifications/cmaps.cmap-usefont-nonzero/process.txt, programs/qualifications/cmaps.cmap-usefont-nonzero/qpdf-version.txt, programs/qualifications/cmaps.cmap-usefont-nonzero/qpdf-version.txt.stderr, programs/qualifications/cmaps.cmap-usefont-nonzero/qpdf.json, programs/qualifications/cmaps.cmap-usefont-nonzero/qpdf.json.stderr, programs/qualifications/cmaps.cmap-usefont-nonzero/result.properties, programs/qualifications/cmaps.cmap-version-string/process.txt, programs/qualifications/cmaps.cmap-version-string/qpdf-version.txt, programs/qualifications/cmaps.cmap-version-string/qpdf-version.txt.stderr, programs/qualifications/cmaps.cmap-version-string/qpdf.json, programs/qualifications/cmaps.cmap-version-string/qpdf.json.stderr, programs/qualifications/cmaps.cmap-version-string/result.properties, programs/qualifications/cmaps.cmap-xuid-string/process.txt, programs/qualifications/cmaps.cmap-xuid-string/qpdf-version.txt, programs/qualifications/cmaps.cmap-xuid-string/qpdf-version.txt.stderr, programs/qualifications/cmaps.cmap-xuid-string/qpdf.json, programs/qualifications/cmaps.cmap-xuid-string/qpdf.json.stderr, programs/qualifications/cmaps.cmap-xuid-string/result.properties, programs/qualifications/content.boolean-mcid/process.txt, programs/qualifications/content.boolean-mcid/qpdf-version.txt, programs/qualifications/content.boolean-mcid/qpdf-version.txt.stderr, programs/qualifications/content.boolean-mcid/qpdf.json, programs/qualifications/content.boolean-mcid/qpdf.json.stderr, programs/qualifications/content.boolean-mcid/result.properties, programs/qualifications/content.catalog-pdf2-form-caller-font/process.txt, programs/qualifications/content.catalog-pdf2-form-caller-font/qpdf-version.txt, programs/qualifications/content.catalog-pdf2-form-caller-font/qpdf-version.txt.stderr, programs/qualifications/content.catalog-pdf2-form-caller-font/qpdf.json, programs/qualifications/content.catalog-pdf2-form-caller-font/qpdf.json.stderr, programs/qualifications/content.catalog-pdf2-form-caller-font/result.properties, programs/qualifications/content.concatenate-inside-text/process.txt, programs/qualifications/content.concatenate-inside-text/qpdf-version.txt, programs/qualifications/content.concatenate-inside-text/qpdf-version.txt.stderr, programs/qualifications/content.concatenate-inside-text/qpdf.json, programs/qualifications/content.concatenate-inside-text/qpdf.json.stderr, programs/qualifications/content.concatenate-inside-text/result.properties, programs/qualifications/content.dictionary-name-alias/process.txt, programs/qualifications/content.dictionary-name-alias/qpdf-version.txt, programs/qualifications/content.dictionary-name-alias/qpdf-version.txt.stderr, programs/qualifications/content.dictionary-name-alias/qpdf.json, programs/qualifications/content.dictionary-name-alias/qpdf.json.stderr, programs/qualifications/content.dictionary-name-alias/result.properties, programs/qualifications/content.dictionary-word/process.txt, programs/qualifications/content.dictionary-word/qpdf-version.txt, programs/qualifications/content.dictionary-word/qpdf-version.txt.stderr, programs/qualifications/content.dictionary-word/qpdf.json, programs/qualifications/content.dictionary-word/qpdf.json.stderr, programs/qualifications/content.dictionary-word/result.properties, programs/qualifications/content.different-font-name-byte/process.txt, programs/qualifications/content.different-font-name-byte/qpdf-version.txt, programs/qualifications/content.different-font-name-byte/qpdf-version.txt.stderr, programs/qualifications/content.different-font-name-byte/qpdf.json, programs/qualifications/content.different-font-name-byte/qpdf.json.stderr, programs/qualifications/content.different-font-name-byte/result.properties, programs/qualifications/content.different-font-name-utf8/process.txt, programs/qualifications/content.different-font-name-utf8/qpdf-version.txt, programs/qualifications/content.different-font-name-utf8/qpdf-version.txt.stderr, programs/qualifications/content.different-font-name-utf8/qpdf.json, programs/qualifications/content.different-font-name-utf8/qpdf.json.stderr, programs/qualifications/content.different-font-name-utf8/result.properties, programs/qualifications/content.duplicate-mcid/process.txt, programs/qualifications/content.duplicate-mcid/qpdf-version.txt, programs/qualifications/content.duplicate-mcid/qpdf-version.txt.stderr, programs/qualifications/content.duplicate-mcid/qpdf.json, programs/qualifications/content.duplicate-mcid/qpdf.json.stderr, programs/qualifications/content.duplicate-mcid/result.properties, programs/qualifications/content.font-box-too-small/process.txt, programs/qualifications/content.font-box-too-small/qpdf-version.txt, programs/qualifications/content.font-box-too-small/qpdf-version.txt.stderr, programs/qualifications/content.font-box-too-small/qpdf.json, programs/qualifications/content.font-box-too-small/qpdf.json.stderr, programs/qualifications/content.font-box-too-small/result.properties, programs/qualifications/content.font-restored-to-unset/process.txt, programs/qualifications/content.font-restored-to-unset/qpdf-version.txt, programs/qualifications/content.font-restored-to-unset/qpdf-version.txt.stderr, programs/qualifications/content.font-restored-to-unset/qpdf.json, programs/qualifications/content.font-restored-to-unset/qpdf.json.stderr, programs/qualifications/content.font-restored-to-unset/result.properties, programs/qualifications/content.font-size-name/process.txt, programs/qualifications/content.font-size-name/qpdf-version.txt, programs/qualifications/content.font-size-name/qpdf-version.txt.stderr, programs/qualifications/content.font-size-name/qpdf.json, programs/qualifications/content.font-size-name/qpdf.json.stderr, programs/qualifications/content.font-size-name/result.properties, programs/qualifications/content.form-does-not-pop-caller-graphics/process.txt, programs/qualifications/content.form-does-not-pop-caller-graphics/qpdf-version.txt, programs/qualifications/content.form-does-not-pop-caller-graphics/qpdf-version.txt.stderr, programs/qualifications/content.form-does-not-pop-caller-graphics/qpdf.json, programs/qualifications/content.form-does-not-pop-caller-graphics/qpdf.json.stderr, programs/qualifications/content.form-does-not-pop-caller-graphics/result.properties, programs/qualifications/content.form-in-text-object/process.txt, programs/qualifications/content.form-in-text-object/qpdf-version.txt, programs/qualifications/content.form-in-text-object/qpdf-version.txt.stderr, programs/qualifications/content.form-in-text-object/qpdf.json, programs/qualifications/content.form-in-text-object/qpdf.json.stderr, programs/qualifications/content.form-in-text-object/result.properties, programs/qualifications/content.form-name/process.txt, programs/qualifications/content.form-name/qpdf-version.txt, programs/qualifications/content.form-name/qpdf-version.txt.stderr, programs/qualifications/content.form-name/qpdf.json, programs/qualifications/content.form-name/qpdf.json.stderr, programs/qualifications/content.form-name/result.properties, programs/qualifications/content.form-used-as-font/process.txt, programs/qualifications/content.form-used-as-font/qpdf-version.txt, programs/qualifications/content.form-used-as-font/qpdf-version.txt.stderr, programs/qualifications/content.form-used-as-font/qpdf.json, programs/qualifications/content.form-used-as-font/qpdf.json.stderr, programs/qualifications/content.form-used-as-font/result.properties, programs/qualifications/content.glyph-missing-header/process.txt, programs/qualifications/content.glyph-missing-header/qpdf-version.txt, programs/qualifications/content.glyph-missing-header/qpdf-version.txt.stderr, programs/qualifications/content.glyph-missing-header/qpdf.json, programs/qualifications/content.glyph-missing-header/qpdf.json.stderr, programs/qualifications/content.glyph-missing-header/result.properties, programs/qualifications/content.glyph-outside-d1-bounds/process.txt, programs/qualifications/content.glyph-outside-d1-bounds/qpdf-version.txt, programs/qualifications/content.glyph-outside-d1-bounds/qpdf-version.txt.stderr, programs/qualifications/content.glyph-outside-d1-bounds/qpdf.json, programs/qualifications/content.glyph-outside-d1-bounds/qpdf.json.stderr, programs/qualifications/content.glyph-outside-d1-bounds/result.properties, programs/qualifications/content.glyph-rectangle-arity/process.txt, programs/qualifications/content.glyph-rectangle-arity/qpdf-version.txt, programs/qualifications/content.glyph-rectangle-arity/qpdf-version.txt.stderr, programs/qualifications/content.glyph-rectangle-arity/qpdf.json, programs/qualifications/content.glyph-rectangle-arity/qpdf.json.stderr, programs/qualifications/content.glyph-rectangle-arity/result.properties, programs/qualifications/content.glyph-rectangle-name/process.txt, programs/qualifications/content.glyph-rectangle-name/qpdf-version.txt, programs/qualifications/content.glyph-rectangle-name/qpdf-version.txt.stderr, programs/qualifications/content.glyph-rectangle-name/qpdf.json, programs/qualifications/content.glyph-rectangle-name/qpdf.json.stderr, programs/qualifications/content.glyph-rectangle-name/result.properties, programs/qualifications/content.glyph-repeated-header/process.txt, programs/qualifications/content.glyph-repeated-header/qpdf-version.txt, programs/qualifications/content.glyph-repeated-header/qpdf-version.txt.stderr, programs/qualifications/content.glyph-repeated-header/qpdf.json, programs/qualifications/content.glyph-repeated-header/qpdf.json.stderr, programs/qualifications/content.glyph-repeated-header/result.properties, programs/qualifications/content.glyph-unpainted-path/process.txt, programs/qualifications/content.glyph-unpainted-path/qpdf-version.txt, programs/qualifications/content.glyph-unpainted-path/qpdf-version.txt.stderr, programs/qualifications/content.glyph-unpainted-path/qpdf.json, programs/qualifications/content.glyph-unpainted-path/qpdf.json.stderr, programs/qualifications/content.glyph-unpainted-path/result.properties, programs/qualifications/content.graphics-crosses-marked/process.txt, programs/qualifications/content.graphics-crosses-marked/qpdf-version.txt, programs/qualifications/content.graphics-crosses-marked/qpdf-version.txt.stderr, programs/qualifications/content.graphics-crosses-marked/qpdf.json, programs/qualifications/content.graphics-crosses-marked/qpdf.json.stderr, programs/qualifications/content.graphics-crosses-marked/result.properties, programs/qualifications/content.graphics-unclosed/process.txt, programs/qualifications/content.graphics-unclosed/qpdf-version.txt, programs/qualifications/content.graphics-unclosed/qpdf-version.txt.stderr, programs/qualifications/content.graphics-unclosed/qpdf.json, programs/qualifications/content.graphics-unclosed/qpdf.json.stderr, programs/qualifications/content.graphics-unclosed/result.properties, programs/qualifications/content.graphics-underflow/process.txt, programs/qualifications/content.graphics-underflow/qpdf-version.txt, programs/qualifications/content.graphics-underflow/qpdf-version.txt.stderr, programs/qualifications/content.graphics-underflow/qpdf.json, programs/qualifications/content.graphics-underflow/qpdf.json.stderr, programs/qualifications/content.graphics-underflow/result.properties, programs/qualifications/content.marked-crosses-graphics/process.txt, programs/qualifications/content.marked-crosses-graphics/qpdf-version.txt, programs/qualifications/content.marked-crosses-graphics/qpdf-version.txt.stderr, programs/qualifications/content.marked-crosses-graphics/qpdf.json, programs/qualifications/content.marked-crosses-graphics/qpdf.json.stderr, programs/qualifications/content.marked-crosses-graphics/result.properties, programs/qualifications/content.marked-crosses-text/process.txt, programs/qualifications/content.marked-crosses-text/qpdf-version.txt, programs/qualifications/content.marked-crosses-text/qpdf-version.txt.stderr, programs/qualifications/content.marked-crosses-text/qpdf.json, programs/qualifications/content.marked-crosses-text/qpdf.json.stderr, programs/qualifications/content.marked-crosses-text/result.properties, programs/qualifications/content.marked-unclosed/process.txt, programs/qualifications/content.marked-unclosed/qpdf-version.txt, programs/qualifications/content.marked-unclosed/qpdf-version.txt.stderr, programs/qualifications/content.marked-unclosed/qpdf.json, programs/qualifications/content.marked-unclosed/qpdf.json.stderr, programs/qualifications/content.marked-unclosed/result.properties, programs/qualifications/content.marked-underflow/process.txt, programs/qualifications/content.marked-underflow/qpdf-version.txt, programs/qualifications/content.marked-underflow/qpdf-version.txt.stderr, programs/qualifications/content.marked-underflow/qpdf.json, programs/qualifications/content.marked-underflow/qpdf.json.stderr, programs/qualifications/content.marked-underflow/result.properties, programs/qualifications/content.matrix-outside-text/process.txt, programs/qualifications/content.matrix-outside-text/qpdf-version.txt, programs/qualifications/content.matrix-outside-text/qpdf-version.txt.stderr, programs/qualifications/content.matrix-outside-text/qpdf.json, programs/qualifications/content.matrix-outside-text/qpdf.json.stderr, programs/qualifications/content.matrix-outside-text/result.properties, programs/qualifications/content.missing-font-resource/process.txt, programs/qualifications/content.missing-font-resource/qpdf-version.txt, programs/qualifications/content.missing-font-resource/qpdf-version.txt.stderr, programs/qualifications/content.missing-font-resource/qpdf.json, programs/qualifications/content.missing-font-resource/qpdf.json.stderr, programs/qualifications/content.missing-font-resource/result.properties, programs/qualifications/content.missing-form-resource/process.txt, programs/qualifications/content.missing-form-resource/qpdf-version.txt, programs/qualifications/content.missing-form-resource/qpdf-version.txt.stderr, programs/qualifications/content.missing-form-resource/qpdf.json, programs/qualifications/content.missing-form-resource/qpdf.json.stderr, programs/qualifications/content.missing-form-resource/result.properties, programs/qualifications/content.missing-name-escape/process.txt, programs/qualifications/content.missing-name-escape/qpdf-version.txt, programs/qualifications/content.missing-name-escape/qpdf-version.txt.stderr, programs/qualifications/content.missing-name-escape/qpdf.json, programs/qualifications/content.missing-name-escape/qpdf.json.stderr, programs/qualifications/content.missing-name-escape/result.properties, programs/qualifications/content.missing-property-resource/process.txt, programs/qualifications/content.missing-property-resource/qpdf-version.txt, programs/qualifications/content.missing-property-resource/qpdf-version.txt.stderr, programs/qualifications/content.missing-property-resource/qpdf.json, programs/qualifications/content.missing-property-resource/qpdf.json.stderr, programs/qualifications/content.missing-property-resource/result.properties, programs/qualifications/content.name-alternate/process.txt, programs/qualifications/content.name-alternate/qpdf-version.txt, programs/qualifications/content.name-alternate/qpdf-version.txt.stderr, programs/qualifications/content.name-alternate/qpdf.json, programs/qualifications/content.name-alternate/qpdf.json.stderr, programs/qualifications/content.name-alternate/result.properties, programs/qualifications/content.name-mcid/process.txt, programs/qualifications/content.name-mcid/qpdf-version.txt, programs/qualifications/content.name-mcid/qpdf-version.txt.stderr, programs/qualifications/content.name-mcid/qpdf.json, programs/qualifications/content.name-mcid/qpdf.json.stderr, programs/qualifications/content.name-mcid/result.properties, programs/qualifications/content.named-property-wrong-type/process.txt, programs/qualifications/content.named-property-wrong-type/qpdf-version.txt, programs/qualifications/content.named-property-wrong-type/qpdf-version.txt.stderr, programs/qualifications/content.named-property-wrong-type/qpdf.json, programs/qualifications/content.named-property-wrong-type/qpdf.json.stderr, programs/qualifications/content.named-property-wrong-type/result.properties, programs/qualifications/content.negative-mcid/process.txt, programs/qualifications/content.negative-mcid/qpdf-version.txt, programs/qualifications/content.negative-mcid/qpdf-version.txt.stderr, programs/qualifications/content.negative-mcid/qpdf.json, programs/qualifications/content.negative-mcid/qpdf.json.stderr, programs/qualifications/content.negative-mcid/result.properties, programs/qualifications/content.nested-form-caller-font/process.txt, programs/qualifications/content.nested-form-caller-font/qpdf-version.txt, programs/qualifications/content.nested-form-caller-font/qpdf-version.txt.stderr, programs/qualifications/content.nested-form-caller-font/qpdf.json, programs/qualifications/content.nested-form-caller-font/qpdf.json.stderr, programs/qualifications/content.nested-form-caller-font/result.properties, programs/qualifications/content.nested-text/process.txt, programs/qualifications/content.nested-text/qpdf-version.txt, programs/qualifications/content.nested-text/qpdf-version.txt.stderr, programs/qualifications/content.nested-text/qpdf.json, programs/qualifications/content.nested-text/qpdf.json.stderr, programs/qualifications/content.nested-text/result.properties, programs/qualifications/content.no-selected-font/process.txt, programs/qualifications/content.no-selected-font/qpdf-version.txt, programs/qualifications/content.no-selected-font/qpdf-version.txt.stderr, programs/qualifications/content.no-selected-font/qpdf.json, programs/qualifications/content.no-selected-font/qpdf.json.stderr, programs/qualifications/content.no-selected-font/result.properties, programs/qualifications/content.nonhex-name-escape/process.txt, programs/qualifications/content.nonhex-name-escape/qpdf-version.txt, programs/qualifications/content.nonhex-name-escape/qpdf-version.txt.stderr, programs/qualifications/content.nonhex-name-escape/qpdf.json, programs/qualifications/content.nonhex-name-escape/qpdf.json.stderr, programs/qualifications/content.nonhex-name-escape/result.properties, programs/qualifications/content.null-name-escape/process.txt, programs/qualifications/content.null-name-escape/qpdf-version.txt, programs/qualifications/content.null-name-escape/qpdf-version.txt.stderr, programs/qualifications/content.null-name-escape/qpdf.json, programs/qualifications/content.null-name-escape/qpdf.json.stderr, programs/qualifications/content.null-name-escape/result.properties, programs/qualifications/content.numeric-language/process.txt, programs/qualifications/content.numeric-language/qpdf-version.txt, programs/qualifications/content.numeric-language/qpdf-version.txt.stderr, programs/qualifications/content.numeric-language/qpdf.json, programs/qualifications/content.numeric-language/qpdf.json.stderr, programs/qualifications/content.numeric-language/result.properties, programs/qualifications/content.numeric-replacement/process.txt, programs/qualifications/content.numeric-replacement/qpdf-version.txt, programs/qualifications/content.numeric-replacement/qpdf-version.txt.stderr, programs/qualifications/content.numeric-replacement/qpdf.json, programs/qualifications/content.numeric-replacement/qpdf.json.stderr, programs/qualifications/content.numeric-replacement/result.properties, programs/qualifications/content.real-mcid/process.txt, programs/qualifications/content.real-mcid/qpdf-version.txt, programs/qualifications/content.real-mcid/qpdf-version.txt.stderr, programs/qualifications/content.real-mcid/qpdf.json, programs/qualifications/content.real-mcid/qpdf.json.stderr, programs/qualifications/content.real-mcid/result.properties, programs/qualifications/content.restore-inside-text/process.txt, programs/qualifications/content.restore-inside-text/qpdf-version.txt, programs/qualifications/content.restore-inside-text/qpdf-version.txt.stderr, programs/qualifications/content.restore-inside-text/qpdf.json, programs/qualifications/content.restore-inside-text/qpdf.json.stderr, programs/qualifications/content.restore-inside-text/result.properties, programs/qualifications/content.rgb-name/process.txt, programs/qualifications/content.rgb-name/qpdf-version.txt, programs/qualifications/content.rgb-name/qpdf-version.txt.stderr, programs/qualifications/content.rgb-name/qpdf.json, programs/qualifications/content.rgb-name/qpdf.json.stderr, programs/qualifications/content.rgb-name/result.properties, programs/qualifications/content.save-inside-text/process.txt, programs/qualifications/content.save-inside-text/qpdf-version.txt, programs/qualifications/content.save-inside-text/qpdf-version.txt.stderr, programs/qualifications/content.save-inside-text/qpdf.json, programs/qualifications/content.save-inside-text/qpdf.json.stderr, programs/qualifications/content.save-inside-text/result.properties, programs/qualifications/content.show-name/process.txt, programs/qualifications/content.show-name/qpdf-version.txt, programs/qualifications/content.show-name/qpdf-version.txt.stderr, programs/qualifications/content.show-name/qpdf.json, programs/qualifications/content.show-name/qpdf.json.stderr, programs/qualifications/content.show-name/result.properties, programs/qualifications/content.show-outside-text/process.txt, programs/qualifications/content.show-outside-text/qpdf-version.txt, programs/qualifications/content.show-outside-text/qpdf-version.txt.stderr, programs/qualifications/content.show-outside-text/qpdf.json, programs/qualifications/content.show-outside-text/qpdf.json.stderr, programs/qualifications/content.show-outside-text/result.properties, programs/qualifications/content.text-crosses-marked/process.txt, programs/qualifications/content.text-crosses-marked/qpdf-version.txt, programs/qualifications/content.text-crosses-marked/qpdf-version.txt.stderr, programs/qualifications/content.text-crosses-marked/qpdf.json, programs/qualifications/content.text-crosses-marked/qpdf.json.stderr, programs/qualifications/content.text-crosses-marked/result.properties, programs/qualifications/content.text-matrix-arity/process.txt, programs/qualifications/content.text-matrix-arity/qpdf-version.txt, programs/qualifications/content.text-matrix-arity/qpdf-version.txt.stderr, programs/qualifications/content.text-matrix-arity/qpdf.json, programs/qualifications/content.text-matrix-arity/qpdf.json.stderr, programs/qualifications/content.text-matrix-arity/result.properties, programs/qualifications/content.text-matrix-name/process.txt, programs/qualifications/content.text-matrix-name/qpdf-version.txt, programs/qualifications/content.text-matrix-name/qpdf-version.txt.stderr, programs/qualifications/content.text-matrix-name/qpdf.json, programs/qualifications/content.text-matrix-name/qpdf.json.stderr, programs/qualifications/content.text-matrix-name/result.properties, programs/qualifications/content.unmatched-text-end/process.txt, programs/qualifications/content.unmatched-text-end/qpdf-version.txt, programs/qualifications/content.unmatched-text-end/qpdf-version.txt.stderr, programs/qualifications/content.unmatched-text-end/qpdf.json, programs/qualifications/content.unmatched-text-end/qpdf.json.stderr, programs/qualifications/content.unmatched-text-end/result.properties, programs/qualifications/content.unterminated-text/process.txt, programs/qualifications/content.unterminated-text/qpdf-version.txt, programs/qualifications/content.unterminated-text/qpdf-version.txt.stderr, programs/qualifications/content.unterminated-text/qpdf.json, programs/qualifications/content.unterminated-text/qpdf.json.stderr, programs/qualifications/content.unterminated-text/result.properties, programs/qualifications/font-metrics.cid-cff-widths-array/process.txt, programs/qualifications/font-metrics.cid-cff-widths-array/qpdf-version.txt, programs/qualifications/font-metrics.cid-cff-widths-array/qpdf-version.txt.stderr, programs/qualifications/font-metrics.cid-cff-widths-array/qpdf.json, programs/qualifications/font-metrics.cid-cff-widths-array/qpdf.json.stderr, programs/qualifications/font-metrics.cid-cff-widths-array/result.properties, programs/qualifications/font-metrics.cid-cff-widths-default/process.txt, programs/qualifications/font-metrics.cid-cff-widths-default/qpdf-version.txt, programs/qualifications/font-metrics.cid-cff-widths-default/qpdf-version.txt.stderr, programs/qualifications/font-metrics.cid-cff-widths-default/qpdf.json, programs/qualifications/font-metrics.cid-cff-widths-default/qpdf.json.stderr, programs/qualifications/font-metrics.cid-cff-widths-default/result.properties, programs/qualifications/font-metrics.cid-cff-widths-range/process.txt, programs/qualifications/font-metrics.cid-cff-widths-range/qpdf-version.txt, programs/qualifications/font-metrics.cid-cff-widths-range/qpdf-version.txt.stderr, programs/qualifications/font-metrics.cid-cff-widths-range/qpdf.json, programs/qualifications/font-metrics.cid-cff-widths-range/qpdf.json.stderr, programs/qualifications/font-metrics.cid-cff-widths-range/result.properties, programs/qualifications/font-metrics.cid-truetype-widths-array/process.txt, programs/qualifications/font-metrics.cid-truetype-widths-array/qpdf-version.txt, programs/qualifications/font-metrics.cid-truetype-widths-array/qpdf-version.txt.stderr, programs/qualifications/font-metrics.cid-truetype-widths-array/qpdf.json, programs/qualifications/font-metrics.cid-truetype-widths-array/qpdf.json.stderr, programs/qualifications/font-metrics.cid-truetype-widths-array/result.properties, programs/qualifications/font-metrics.cid-truetype-widths-default/process.txt, programs/qualifications/font-metrics.cid-truetype-widths-default/qpdf-version.txt, programs/qualifications/font-metrics.cid-truetype-widths-default/qpdf-version.txt.stderr, programs/qualifications/font-metrics.cid-truetype-widths-default/qpdf.json, programs/qualifications/font-metrics.cid-truetype-widths-default/qpdf.json.stderr, programs/qualifications/font-metrics.cid-truetype-widths-default/result.properties, programs/qualifications/font-metrics.cid-truetype-widths-range/process.txt, programs/qualifications/font-metrics.cid-truetype-widths-range/qpdf-version.txt, programs/qualifications/font-metrics.cid-truetype-widths-range/qpdf-version.txt.stderr, programs/qualifications/font-metrics.cid-truetype-widths-range/qpdf.json, programs/qualifications/font-metrics.cid-truetype-widths-range/qpdf.json.stderr, programs/qualifications/font-metrics.cid-truetype-widths-range/result.properties, programs/qualifications/font-metrics.mmtype1-widths/process.txt, programs/qualifications/font-metrics.mmtype1-widths/qpdf-version.txt, programs/qualifications/font-metrics.mmtype1-widths/qpdf-version.txt.stderr, programs/qualifications/font-metrics.mmtype1-widths/qpdf.json, programs/qualifications/font-metrics.mmtype1-widths/qpdf.json.stderr, programs/qualifications/font-metrics.mmtype1-widths/result.properties, programs/qualifications/font-metrics.truetype-widths/process.txt, programs/qualifications/font-metrics.truetype-widths/qpdf-version.txt, programs/qualifications/font-metrics.truetype-widths/qpdf-version.txt.stderr, programs/qualifications/font-metrics.truetype-widths/qpdf.json, programs/qualifications/font-metrics.truetype-widths/qpdf.json.stderr, programs/qualifications/font-metrics.truetype-widths/result.properties, programs/qualifications/font-metrics.type1-widths/process.txt, programs/qualifications/font-metrics.type1-widths/qpdf-version.txt, programs/qualifications/font-metrics.type1-widths/qpdf-version.txt.stderr, programs/qualifications/font-metrics.type1-widths/qpdf.json, programs/qualifications/font-metrics.type1-widths/qpdf.json.stderr, programs/qualifications/font-metrics.type1-widths/result.properties, programs/qualifications/fonts.cff-as-cid/process.txt, programs/qualifications/fonts.cff-as-cid/qpdf-version.txt, programs/qualifications/fonts.cff-as-cid/qpdf-version.txt.stderr, programs/qualifications/fonts.cff-as-cid/qpdf.json, programs/qualifications/fonts.cff-as-cid/qpdf.json.stderr, programs/qualifications/fonts.cff-as-cid/result.properties, programs/qualifications/fonts.cff-descriptor-bounds/process.txt, programs/qualifications/fonts.cff-descriptor-bounds/qpdf-version.txt, programs/qualifications/fonts.cff-descriptor-bounds/qpdf-version.txt.stderr, programs/qualifications/fonts.cff-descriptor-bounds/qpdf.json, programs/qualifications/fonts.cff-descriptor-bounds/qpdf.json.stderr, programs/qualifications/fonts.cff-descriptor-bounds/result.properties, programs/qualifications/fonts.cff-first-offset-two/process.txt, programs/qualifications/fonts.cff-first-offset-two/qpdf-version.txt, programs/qualifications/fonts.cff-first-offset-two/qpdf-version.txt.stderr, programs/qualifications/fonts.cff-first-offset-two/qpdf.json, programs/qualifications/fonts.cff-first-offset-two/qpdf.json.stderr, programs/qualifications/fonts.cff-first-offset-two/result.properties, programs/qualifications/fonts.cff-first-offset-zero/process.txt, programs/qualifications/fonts.cff-first-offset-zero/qpdf-version.txt, programs/qualifications/fonts.cff-first-offset-zero/qpdf-version.txt.stderr, programs/qualifications/fonts.cff-first-offset-zero/qpdf.json, programs/qualifications/fonts.cff-first-offset-zero/qpdf.json.stderr, programs/qualifications/fonts.cff-first-offset-zero/result.properties, programs/qualifications/fonts.cff-glyph-first-offset-two/process.txt, programs/qualifications/fonts.cff-glyph-first-offset-two/qpdf-version.txt, programs/qualifications/fonts.cff-glyph-first-offset-two/qpdf-version.txt.stderr, programs/qualifications/fonts.cff-glyph-first-offset-two/qpdf.json, programs/qualifications/fonts.cff-glyph-first-offset-two/qpdf.json.stderr, programs/qualifications/fonts.cff-glyph-first-offset-two/result.properties, programs/qualifications/fonts.cff-header/process.txt, programs/qualifications/fonts.cff-header/qpdf-version.txt, programs/qualifications/fonts.cff-header/qpdf-version.txt.stderr, programs/qualifications/fonts.cff-header/qpdf.json, programs/qualifications/fonts.cff-header/qpdf.json.stderr, programs/qualifications/fonts.cff-header/result.properties, programs/qualifications/fonts.cff-last-offset-outside-file/process.txt, programs/qualifications/fonts.cff-last-offset-outside-file/qpdf-version.txt, programs/qualifications/fonts.cff-last-offset-outside-file/qpdf-version.txt.stderr, programs/qualifications/fonts.cff-last-offset-outside-file/qpdf.json, programs/qualifications/fonts.cff-last-offset-outside-file/qpdf.json.stderr, programs/qualifications/fonts.cff-last-offset-outside-file/result.properties, programs/qualifications/fonts.cff-missing-endchar/process.txt, programs/qualifications/fonts.cff-missing-endchar/qpdf-version.txt, programs/qualifications/fonts.cff-missing-endchar/qpdf-version.txt.stderr, programs/qualifications/fonts.cff-missing-endchar/qpdf.json, programs/qualifications/fonts.cff-missing-endchar/qpdf.json.stderr, programs/qualifications/fonts.cff-missing-endchar/result.properties, programs/qualifications/fonts.cff-missing-moveto/process.txt, programs/qualifications/fonts.cff-missing-moveto/qpdf-version.txt, programs/qualifications/fonts.cff-missing-moveto/qpdf-version.txt.stderr, programs/qualifications/fonts.cff-missing-moveto/qpdf.json, programs/qualifications/fonts.cff-missing-moveto/qpdf.json.stderr, programs/qualifications/fonts.cff-missing-moveto/result.properties, programs/qualifications/fonts.cff-program-name/process.txt, programs/qualifications/fonts.cff-program-name/qpdf-version.txt, programs/qualifications/fonts.cff-program-name/qpdf-version.txt.stderr, programs/qualifications/fonts.cff-program-name/qpdf.json, programs/qualifications/fonts.cff-program-name/qpdf.json.stderr, programs/qualifications/fonts.cff-program-name/result.properties, programs/qualifications/fonts.cff-topdict-count/process.txt, programs/qualifications/fonts.cff-topdict-count/qpdf-version.txt, programs/qualifications/fonts.cff-topdict-count/qpdf-version.txt.stderr, programs/qualifications/fonts.cff-topdict-count/qpdf.json, programs/qualifications/fonts.cff-topdict-count/qpdf.json.stderr, programs/qualifications/fonts.cff-topdict-count/result.properties, programs/qualifications/fonts.cff-wrong-moveto-arity/process.txt, programs/qualifications/fonts.cff-wrong-moveto-arity/qpdf-version.txt, programs/qualifications/fonts.cff-wrong-moveto-arity/qpdf-version.txt.stderr, programs/qualifications/fonts.cff-wrong-moveto-arity/qpdf.json, programs/qualifications/fonts.cff-wrong-moveto-arity/qpdf.json.stderr, programs/qualifications/fonts.cff-wrong-moveto-arity/result.properties, programs/qualifications/fonts.cid-as-cff/process.txt, programs/qualifications/fonts.cid-as-cff/qpdf-version.txt, programs/qualifications/fonts.cid-as-cff/qpdf-version.txt.stderr, programs/qualifications/fonts.cid-as-cff/qpdf.json, programs/qualifications/fonts.cid-as-cff/qpdf.json.stderr, programs/qualifications/fonts.cid-as-cff/result.properties, programs/qualifications/fonts.cid-cff-descriptor-bounds/process.txt, programs/qualifications/fonts.cid-cff-descriptor-bounds/qpdf-version.txt, programs/qualifications/fonts.cid-cff-descriptor-bounds/qpdf-version.txt.stderr, programs/qualifications/fonts.cid-cff-descriptor-bounds/qpdf.json, programs/qualifications/fonts.cid-cff-descriptor-bounds/qpdf.json.stderr, programs/qualifications/fonts.cid-cff-descriptor-bounds/result.properties, programs/qualifications/fonts.cid-cff-first-offset-two/process.txt, programs/qualifications/fonts.cid-cff-first-offset-two/qpdf-version.txt, programs/qualifications/fonts.cid-cff-first-offset-two/qpdf-version.txt.stderr, programs/qualifications/fonts.cid-cff-first-offset-two/qpdf.json, programs/qualifications/fonts.cid-cff-first-offset-two/qpdf.json.stderr, programs/qualifications/fonts.cid-cff-first-offset-two/result.properties, programs/qualifications/fonts.cid-cff-first-offset-zero/process.txt, programs/qualifications/fonts.cid-cff-first-offset-zero/qpdf-version.txt, programs/qualifications/fonts.cid-cff-first-offset-zero/qpdf-version.txt.stderr, programs/qualifications/fonts.cid-cff-first-offset-zero/qpdf.json, programs/qualifications/fonts.cid-cff-first-offset-zero/qpdf.json.stderr, programs/qualifications/fonts.cid-cff-first-offset-zero/result.properties, programs/qualifications/fonts.cid-cff-glyph-first-offset-two/process.txt, programs/qualifications/fonts.cid-cff-glyph-first-offset-two/qpdf-version.txt, programs/qualifications/fonts.cid-cff-glyph-first-offset-two/qpdf-version.txt.stderr, programs/qualifications/fonts.cid-cff-glyph-first-offset-two/qpdf.json, programs/qualifications/fonts.cid-cff-glyph-first-offset-two/qpdf.json.stderr, programs/qualifications/fonts.cid-cff-glyph-first-offset-two/result.properties, programs/qualifications/fonts.cid-cff-header/process.txt, programs/qualifications/fonts.cid-cff-header/qpdf-version.txt, programs/qualifications/fonts.cid-cff-header/qpdf-version.txt.stderr, programs/qualifications/fonts.cid-cff-header/qpdf.json, programs/qualifications/fonts.cid-cff-header/qpdf.json.stderr, programs/qualifications/fonts.cid-cff-header/result.properties, programs/qualifications/fonts.cid-cff-last-offset-outside-file/process.txt, programs/qualifications/fonts.cid-cff-last-offset-outside-file/qpdf-version.txt, programs/qualifications/fonts.cid-cff-last-offset-outside-file/qpdf-version.txt.stderr, programs/qualifications/fonts.cid-cff-last-offset-outside-file/qpdf.json, programs/qualifications/fonts.cid-cff-last-offset-outside-file/qpdf.json.stderr, programs/qualifications/fonts.cid-cff-last-offset-outside-file/result.properties, programs/qualifications/fonts.cid-cff-missing-endchar/process.txt, programs/qualifications/fonts.cid-cff-missing-endchar/qpdf-version.txt, programs/qualifications/fonts.cid-cff-missing-endchar/qpdf-version.txt.stderr, programs/qualifications/fonts.cid-cff-missing-endchar/qpdf.json, programs/qualifications/fonts.cid-cff-missing-endchar/qpdf.json.stderr, programs/qualifications/fonts.cid-cff-missing-endchar/result.properties, programs/qualifications/fonts.cid-cff-missing-fdarray/process.txt, programs/qualifications/fonts.cid-cff-missing-fdarray/qpdf-version.txt, programs/qualifications/fonts.cid-cff-missing-fdarray/qpdf-version.txt.stderr, programs/qualifications/fonts.cid-cff-missing-fdarray/qpdf.json, programs/qualifications/fonts.cid-cff-missing-fdarray/qpdf.json.stderr, programs/qualifications/fonts.cid-cff-missing-fdarray/result.properties, programs/qualifications/fonts.cid-cff-missing-fdselect/process.txt, programs/qualifications/fonts.cid-cff-missing-fdselect/qpdf-version.txt, programs/qualifications/fonts.cid-cff-missing-fdselect/qpdf-version.txt.stderr, programs/qualifications/fonts.cid-cff-missing-fdselect/qpdf.json, programs/qualifications/fonts.cid-cff-missing-fdselect/qpdf.json.stderr, programs/qualifications/fonts.cid-cff-missing-fdselect/result.properties, programs/qualifications/fonts.cid-cff-missing-moveto/process.txt, programs/qualifications/fonts.cid-cff-missing-moveto/qpdf-version.txt, programs/qualifications/fonts.cid-cff-missing-moveto/qpdf-version.txt.stderr, programs/qualifications/fonts.cid-cff-missing-moveto/qpdf.json, programs/qualifications/fonts.cid-cff-missing-moveto/qpdf.json.stderr, programs/qualifications/fonts.cid-cff-missing-moveto/result.properties, programs/qualifications/fonts.cid-cff-program-name/process.txt, programs/qualifications/fonts.cid-cff-program-name/qpdf-version.txt, programs/qualifications/fonts.cid-cff-program-name/qpdf-version.txt.stderr, programs/qualifications/fonts.cid-cff-program-name/qpdf.json, programs/qualifications/fonts.cid-cff-program-name/qpdf.json.stderr, programs/qualifications/fonts.cid-cff-program-name/result.properties, programs/qualifications/fonts.cid-cff-topdict-count/process.txt, programs/qualifications/fonts.cid-cff-topdict-count/qpdf-version.txt, programs/qualifications/fonts.cid-cff-topdict-count/qpdf-version.txt.stderr, programs/qualifications/fonts.cid-cff-topdict-count/qpdf.json, programs/qualifications/fonts.cid-cff-topdict-count/qpdf.json.stderr, programs/qualifications/fonts.cid-cff-topdict-count/result.properties, programs/qualifications/fonts.cid-cff-wrong-moveto-arity/process.txt, programs/qualifications/fonts.cid-cff-wrong-moveto-arity/qpdf-version.txt, programs/qualifications/fonts.cid-cff-wrong-moveto-arity/qpdf-version.txt.stderr, programs/qualifications/fonts.cid-cff-wrong-moveto-arity/qpdf.json, programs/qualifications/fonts.cid-cff-wrong-moveto-arity/qpdf.json.stderr, programs/qualifications/fonts.cid-cff-wrong-moveto-arity/result.properties, programs/qualifications/fonts.cid-truetype-descriptor-bounds/process.txt, programs/qualifications/fonts.cid-truetype-descriptor-bounds/qpdf-version.txt, programs/qualifications/fonts.cid-truetype-descriptor-bounds/qpdf-version.txt.stderr, programs/qualifications/fonts.cid-truetype-descriptor-bounds/qpdf.json, programs/qualifications/fonts.cid-truetype-descriptor-bounds/qpdf.json.stderr, programs/qualifications/fonts.cid-truetype-descriptor-bounds/result.properties, programs/qualifications/fonts.truetype-decoded-length/process.txt, programs/qualifications/fonts.truetype-decoded-length/qpdf-version.txt, programs/qualifications/fonts.truetype-decoded-length/qpdf-version.txt.stderr, programs/qualifications/fonts.truetype-decoded-length/qpdf.json, programs/qualifications/fonts.truetype-decoded-length/qpdf.json.stderr, programs/qualifications/fonts.truetype-decoded-length/result.properties, programs/qualifications/fonts.truetype-descriptor-bounds/process.txt, programs/qualifications/fonts.truetype-descriptor-bounds/qpdf-version.txt, programs/qualifications/fonts.truetype-descriptor-bounds/qpdf-version.txt.stderr, programs/qualifications/fonts.truetype-descriptor-bounds/qpdf.json, programs/qualifications/fonts.truetype-descriptor-bounds/qpdf.json.stderr, programs/qualifications/fonts.truetype-descriptor-bounds/result.properties, programs/qualifications/fonts.truetype-entry-selector/process.txt, programs/qualifications/fonts.truetype-entry-selector/qpdf-version.txt, programs/qualifications/fonts.truetype-entry-selector/qpdf-version.txt.stderr, programs/qualifications/fonts.truetype-entry-selector/qpdf.json, programs/qualifications/fonts.truetype-entry-selector/qpdf.json.stderr, programs/qualifications/fonts.truetype-entry-selector/result.properties, programs/qualifications/fonts.truetype-glyph-bounds/process.txt, programs/qualifications/fonts.truetype-glyph-bounds/qpdf-version.txt, programs/qualifications/fonts.truetype-glyph-bounds/qpdf-version.txt.stderr, programs/qualifications/fonts.truetype-glyph-bounds/qpdf.json, programs/qualifications/fonts.truetype-glyph-bounds/qpdf.json.stderr, programs/qualifications/fonts.truetype-glyph-bounds/result.properties, programs/qualifications/fonts.truetype-header/process.txt, programs/qualifications/fonts.truetype-header/qpdf-version.txt, programs/qualifications/fonts.truetype-header/qpdf-version.txt.stderr, programs/qualifications/fonts.truetype-header/qpdf.json, programs/qualifications/fonts.truetype-header/qpdf.json.stderr, programs/qualifications/fonts.truetype-header/result.properties, programs/qualifications/fonts.truetype-nonzero-padding/process.txt, programs/qualifications/fonts.truetype-nonzero-padding/qpdf-version.txt, programs/qualifications/fonts.truetype-nonzero-padding/qpdf-version.txt.stderr, programs/qualifications/fonts.truetype-nonzero-padding/qpdf.json, programs/qualifications/fonts.truetype-nonzero-padding/qpdf.json.stderr, programs/qualifications/fonts.truetype-nonzero-padding/result.properties, programs/qualifications/fonts.truetype-program-name/process.txt, programs/qualifications/fonts.truetype-program-name/qpdf-version.txt, programs/qualifications/fonts.truetype-program-name/qpdf-version.txt.stderr, programs/qualifications/fonts.truetype-program-name/qpdf.json, programs/qualifications/fonts.truetype-program-name/qpdf.json.stderr, programs/qualifications/fonts.truetype-program-name/result.properties, programs/qualifications/fonts.truetype-range-shift/process.txt, programs/qualifications/fonts.truetype-range-shift/qpdf-version.txt, programs/qualifications/fonts.truetype-range-shift/qpdf-version.txt.stderr, programs/qualifications/fonts.truetype-range-shift/qpdf.json, programs/qualifications/fonts.truetype-range-shift/qpdf.json.stderr, programs/qualifications/fonts.truetype-range-shift/result.properties, programs/qualifications/fonts.truetype-search-range/process.txt, programs/qualifications/fonts.truetype-search-range/qpdf-version.txt, programs/qualifications/fonts.truetype-search-range/qpdf-version.txt.stderr, programs/qualifications/fonts.truetype-search-range/qpdf.json, programs/qualifications/fonts.truetype-search-range/qpdf.json.stderr, programs/qualifications/fonts.truetype-search-range/result.properties, programs/qualifications/fonts.truetype-table-checksum/process.txt, programs/qualifications/fonts.truetype-table-checksum/qpdf-version.txt, programs/qualifications/fonts.truetype-table-checksum/qpdf-version.txt.stderr, programs/qualifications/fonts.truetype-table-checksum/qpdf.json, programs/qualifications/fonts.truetype-table-checksum/qpdf.json.stderr, programs/qualifications/fonts.truetype-table-checksum/result.properties, programs/qualifications/fonts.truetype-table-order/process.txt, programs/qualifications/fonts.truetype-table-order/qpdf-version.txt, programs/qualifications/fonts.truetype-table-order/qpdf-version.txt.stderr, programs/qualifications/fonts.truetype-table-order/qpdf.json, programs/qualifications/fonts.truetype-table-order/qpdf.json.stderr, programs/qualifications/fonts.truetype-table-order/result.properties, programs/qualifications/fonts.truetype-table-outside-file/process.txt, programs/qualifications/fonts.truetype-table-outside-file/qpdf-version.txt, programs/qualifications/fonts.truetype-table-outside-file/qpdf-version.txt.stderr, programs/qualifications/fonts.truetype-table-outside-file/qpdf.json, programs/qualifications/fonts.truetype-table-outside-file/qpdf.json.stderr, programs/qualifications/fonts.truetype-table-outside-file/result.properties, programs/qualifications/fonts.truetype-table-tag/process.txt, programs/qualifications/fonts.truetype-table-tag/qpdf-version.txt, programs/qualifications/fonts.truetype-table-tag/qpdf-version.txt.stderr, programs/qualifications/fonts.truetype-table-tag/qpdf.json, programs/qualifications/fonts.truetype-table-tag/qpdf.json.stderr, programs/qualifications/fonts.truetype-table-tag/result.properties, programs/qualifications/fonts.truetype-unaligned-table/process.txt, programs/qualifications/fonts.truetype-unaligned-table/qpdf-version.txt, programs/qualifications/fonts.truetype-unaligned-table/qpdf-version.txt.stderr, programs/qualifications/fonts.truetype-unaligned-table/qpdf.json, programs/qualifications/fonts.truetype-unaligned-table/qpdf.json.stderr, programs/qualifications/fonts.truetype-unaligned-table/result.properties, programs/qualifications/fonts.truetype-units-per-em-0/process.txt, programs/qualifications/fonts.truetype-units-per-em-0/qpdf-version.txt, programs/qualifications/fonts.truetype-units-per-em-0/qpdf-version.txt.stderr, programs/qualifications/fonts.truetype-units-per-em-0/qpdf.json, programs/qualifications/fonts.truetype-units-per-em-0/qpdf.json.stderr, programs/qualifications/fonts.truetype-units-per-em-0/result.properties, programs/qualifications/fonts.truetype-units-per-em-15/process.txt, programs/qualifications/fonts.truetype-units-per-em-15/qpdf-version.txt, programs/qualifications/fonts.truetype-units-per-em-15/qpdf-version.txt.stderr, programs/qualifications/fonts.truetype-units-per-em-15/qpdf.json, programs/qualifications/fonts.truetype-units-per-em-15/qpdf.json.stderr, programs/qualifications/fonts.truetype-units-per-em-15/result.properties, programs/qualifications/fonts.truetype-units-per-em-16385/process.txt, programs/qualifications/fonts.truetype-units-per-em-16385/qpdf-version.txt, programs/qualifications/fonts.truetype-units-per-em-16385/qpdf-version.txt.stderr, programs/qualifications/fonts.truetype-units-per-em-16385/qpdf.json, programs/qualifications/fonts.truetype-units-per-em-16385/qpdf.json.stderr, programs/qualifications/fonts.truetype-units-per-em-16385/result.properties, programs/qualifications/fonts.truetype-whole-checksum/process.txt, programs/qualifications/fonts.truetype-whole-checksum/qpdf-version.txt, programs/qualifications/fonts.truetype-whole-checksum/qpdf-version.txt.stderr, programs/qualifications/fonts.truetype-whole-checksum/qpdf.json, programs/qualifications/fonts.truetype-whole-checksum/qpdf.json.stderr, programs/qualifications/fonts.truetype-whole-checksum/result.properties, programs/qualifications/structure-content.content-annotation-page/process.txt, programs/qualifications/structure-content.content-annotation-page/qpdf-version.txt, programs/qualifications/structure-content.content-annotation-page/qpdf-version.txt.stderr, programs/qualifications/structure-content.content-annotation-page/qpdf.json, programs/qualifications/structure-content.content-annotation-page/qpdf.json.stderr, programs/qualifications/structure-content.content-annotation-page/result.properties, programs/qualifications/structure-content.content-both-parent-keys/process.txt, programs/qualifications/structure-content.content-both-parent-keys/qpdf-version.txt, programs/qualifications/structure-content.content-both-parent-keys/qpdf-version.txt.stderr, programs/qualifications/structure-content.content-both-parent-keys/qpdf.json, programs/qualifications/structure-content.content-both-parent-keys/qpdf.json.stderr, programs/qualifications/structure-content.content-both-parent-keys/result.properties, programs/qualifications/structure-content.content-direct-object/process.txt, programs/qualifications/structure-content.content-direct-object/qpdf-version.txt, programs/qualifications/structure-content.content-direct-object/qpdf-version.txt.stderr, programs/qualifications/structure-content.content-direct-object/qpdf.json, programs/qualifications/structure-content.content-direct-object/qpdf.json.stderr, programs/qualifications/structure-content.content-direct-object/result.properties, programs/qualifications/structure-content.content-form-parent/process.txt, programs/qualifications/structure-content.content-form-parent/qpdf-version.txt, programs/qualifications/structure-content.content-form-parent/qpdf-version.txt.stderr, programs/qualifications/structure-content.content-form-parent/qpdf.json, programs/qualifications/structure-content.content-form-parent/qpdf.json.stderr, programs/qualifications/structure-content.content-form-parent/result.properties, programs/qualifications/structure-content.content-missing-form-mcid/process.txt, programs/qualifications/structure-content.content-missing-form-mcid/qpdf-version.txt, programs/qualifications/structure-content.content-missing-form-mcid/qpdf-version.txt.stderr, programs/qualifications/structure-content.content-missing-form-mcid/qpdf.json, programs/qualifications/structure-content.content-missing-form-mcid/qpdf.json.stderr, programs/qualifications/structure-content.content-missing-form-mcid/result.properties, programs/qualifications/structure-content.content-missing-page-mcid/process.txt, programs/qualifications/structure-content.content-missing-page-mcid/qpdf-version.txt, programs/qualifications/structure-content.content-missing-page-mcid/qpdf-version.txt.stderr, programs/qualifications/structure-content.content-missing-page-mcid/qpdf.json, programs/qualifications/structure-content.content-missing-page-mcid/qpdf.json.stderr, programs/qualifications/structure-content.content-missing-page-mcid/result.properties, programs/qualifications/structure-content.content-object-parent/process.txt, programs/qualifications/structure-content.content-object-parent/qpdf-version.txt, programs/qualifications/structure-content.content-object-parent/qpdf-version.txt.stderr, programs/qualifications/structure-content.content-object-parent/qpdf.json, programs/qualifications/structure-content.content-object-parent/qpdf.json.stderr, programs/qualifications/structure-content.content-object-parent/result.properties, programs/qualifications/structure-content.content-page-key/process.txt, programs/qualifications/structure-content.content-page-key/qpdf-version.txt, programs/qualifications/structure-content.content-page-key/qpdf-version.txt.stderr, programs/qualifications/structure-content.content-page-key/qpdf.json, programs/qualifications/structure-content.content-page-key/qpdf.json.stderr, programs/qualifications/structure-content.content-page-key/result.properties, programs/qualifications/structure-hierarchy.missing-role/process.txt, programs/qualifications/structure-hierarchy.missing-role/qpdf-version.txt, programs/qualifications/structure-hierarchy.missing-role/qpdf-version.txt.stderr, programs/qualifications/structure-hierarchy.missing-role/qpdf.json, programs/qualifications/structure-hierarchy.missing-role/qpdf.json.stderr, programs/qualifications/structure-hierarchy.missing-role/result.properties, programs/qualifications/structure-hierarchy.parent-backlink/process.txt, programs/qualifications/structure-hierarchy.parent-backlink/qpdf-version.txt, programs/qualifications/structure-hierarchy.parent-backlink/qpdf-version.txt.stderr, programs/qualifications/structure-hierarchy.parent-backlink/qpdf.json, programs/qualifications/structure-hierarchy.parent-backlink/qpdf.json.stderr, programs/qualifications/structure-hierarchy.parent-backlink/result.properties, programs/qualifications/structure-hierarchy.root-content-child/process.txt, programs/qualifications/structure-hierarchy.root-content-child/qpdf-version.txt, programs/qualifications/structure-hierarchy.root-content-child/qpdf-version.txt.stderr, programs/qualifications/structure-hierarchy.root-content-child/qpdf.json, programs/qualifications/structure-hierarchy.root-content-child/qpdf.json.stderr, programs/qualifications/structure-hierarchy.root-content-child/result.properties, programs/qualifications/structure-hierarchy.root-type/process.txt, programs/qualifications/structure-hierarchy.root-type/qpdf-version.txt, programs/qualifications/structure-hierarchy.root-type/qpdf-version.txt.stderr, programs/qualifications/structure-hierarchy.root-type/qpdf.json, programs/qualifications/structure-hierarchy.root-type/qpdf.json.stderr, programs/qualifications/structure-hierarchy.root-type/result.properties, programs/qualifications/structure-hierarchy.shared-child/process.txt, programs/qualifications/structure-hierarchy.shared-child/qpdf-version.txt, programs/qualifications/structure-hierarchy.shared-child/qpdf-version.txt.stderr, programs/qualifications/structure-hierarchy.shared-child/qpdf.json, programs/qualifications/structure-hierarchy.shared-child/qpdf.json.stderr, programs/qualifications/structure-hierarchy.shared-child/result.properties, programs/qualifications/structure-hierarchy.text-actual-name/process.txt, programs/qualifications/structure-hierarchy.text-actual-name/qpdf-version.txt, programs/qualifications/structure-hierarchy.text-actual-name/qpdf-version.txt.stderr, programs/qualifications/structure-hierarchy.text-actual-name/qpdf.json, programs/qualifications/structure-hierarchy.text-actual-name/qpdf.json.stderr, programs/qualifications/structure-hierarchy.text-actual-name/result.properties, programs/qualifications/structure-hierarchy.text-language-name/process.txt, programs/qualifications/structure-hierarchy.text-language-name/qpdf-version.txt, programs/qualifications/structure-hierarchy.text-language-name/qpdf-version.txt.stderr, programs/qualifications/structure-hierarchy.text-language-name/qpdf.json, programs/qualifications/structure-hierarchy.text-language-name/qpdf.json.stderr, programs/qualifications/structure-hierarchy.text-language-name/result.properties, programs/qualifications/structure-namespaces.namespace-direct-target/process.txt, programs/qualifications/structure-namespaces.namespace-direct-target/qpdf-version.txt, programs/qualifications/structure-namespaces.namespace-direct-target/qpdf-version.txt.stderr, programs/qualifications/structure-namespaces.namespace-direct-target/qpdf.json, programs/qualifications/structure-namespaces.namespace-direct-target/qpdf.json.stderr, programs/qualifications/structure-namespaces.namespace-direct-target/result.properties, programs/qualifications/structure-namespaces.namespace-mapping-type/process.txt, programs/qualifications/structure-namespaces.namespace-mapping-type/qpdf-version.txt, programs/qualifications/structure-namespaces.namespace-mapping-type/qpdf-version.txt.stderr, programs/qualifications/structure-namespaces.namespace-mapping-type/qpdf.json, programs/qualifications/structure-namespaces.namespace-mapping-type/qpdf.json.stderr, programs/qualifications/structure-namespaces.namespace-mapping-type/result.properties, programs/qualifications/structure-namespaces.namespace-name-type/process.txt, programs/qualifications/structure-namespaces.namespace-name-type/qpdf-version.txt, programs/qualifications/structure-namespaces.namespace-name-type/qpdf-version.txt.stderr, programs/qualifications/structure-namespaces.namespace-name-type/qpdf.json, programs/qualifications/structure-namespaces.namespace-name-type/qpdf.json.stderr, programs/qualifications/structure-namespaces.namespace-name-type/result.properties, programs/qualifications/structure-namespaces.namespace-unlisted/process.txt, programs/qualifications/structure-namespaces.namespace-unlisted/qpdf-version.txt, programs/qualifications/structure-namespaces.namespace-unlisted/qpdf-version.txt.stderr, programs/qualifications/structure-namespaces.namespace-unlisted/qpdf.json, programs/qualifications/structure-namespaces.namespace-unlisted/qpdf.json.stderr, programs/qualifications/structure-namespaces.namespace-unlisted/result.properties, programs/qualifications/structure-parent-tree.parent-key-order/process.txt, programs/qualifications/structure-parent-tree.parent-key-order/qpdf-version.txt, programs/qualifications/structure-parent-tree.parent-key-order/qpdf-version.txt.stderr, programs/qualifications/structure-parent-tree.parent-key-order/qpdf.json, programs/qualifications/structure-parent-tree.parent-key-order/qpdf.json.stderr, programs/qualifications/structure-parent-tree.parent-key-order/result.properties, programs/qualifications/structure-parent-tree.parent-key-type/process.txt, programs/qualifications/structure-parent-tree.parent-key-type/qpdf-version.txt, programs/qualifications/structure-parent-tree.parent-key-type/qpdf-version.txt.stderr, programs/qualifications/structure-parent-tree.parent-key-type/qpdf.json, programs/qualifications/structure-parent-tree.parent-key-type/qpdf.json.stderr, programs/qualifications/structure-parent-tree.parent-key-type/result.properties, programs/qualifications/structure-parent-tree.parent-next-key/process.txt, programs/qualifications/structure-parent-tree.parent-next-key/qpdf-version.txt, programs/qualifications/structure-parent-tree.parent-next-key/qpdf-version.txt.stderr, programs/qualifications/structure-parent-tree.parent-next-key/qpdf.json, programs/qualifications/structure-parent-tree.parent-next-key/qpdf.json.stderr, programs/qualifications/structure-parent-tree.parent-next-key/result.properties, programs/qualifications/structure-parent-tree.parent-nonstructural-value/process.txt, programs/qualifications/structure-parent-tree.parent-nonstructural-value/qpdf-version.txt, programs/qualifications/structure-parent-tree.parent-nonstructural-value/qpdf-version.txt.stderr, programs/qualifications/structure-parent-tree.parent-nonstructural-value/qpdf.json, programs/qualifications/structure-parent-tree.parent-nonstructural-value/qpdf.json.stderr, programs/qualifications/structure-parent-tree.parent-nonstructural-value/result.properties, programs/result.properties, programs/retained-files.sha256, semantic/result.properties, syntax/result.properties, visual/result.properties]>
[INFO] 
[ERROR] Tests run: 1, Failures: 1, Errors: 0, Skipped: 0
[INFO] 
[INFO] ------------------------------------------------------------------------
[INFO] Reactor Summary for Folio PDF by ZeroCloud - Parent 0.1.0-SNAPSHOT:
[INFO] 
[INFO] Folio PDF by ZeroCloud - Parent .................... SUCCESS [  0.277 s]
[INFO] Folio PDF by ZeroCloud - Capability Provider Contract SUCCESS [  0.351 s]
[INFO] Folio PDF by ZeroCloud - Conversion ................ SUCCESS [  0.045 s]
[INFO] Folio PDF by ZeroCloud - Document Engine ........... SUCCESS [  0.100 s]
[INFO] Folio PDF by ZeroCloud - Stable iText 7 Migration Facade SUCCESS [  0.049 s]
[INFO] Folio PDF by ZeroCloud - Acceptance Evidence ....... FAILURE [01:24 min]
[INFO] ------------------------------------------------------------------------
[INFO] BUILD FAILURE
[INFO] ------------------------------------------------------------------------
[INFO] Total time:  01:25 min
[INFO] Finished at: 2026-09-13T02:59:06+08:00
[INFO] ------------------------------------------------------------------------
[ERROR] Failed to execute goal org.apache.maven.plugins:maven-surefire-plugin:3.5.4:test (default-test) on project pdf-acceptance: There are test failures.
[ERROR] 
[ERROR] See /home/ubuntu/IdeaProjects/open-pdf/pdf-acceptance/target/surefire-reports for the individual test results.
[ERROR] See dump files (if any exist) [date].dump, [date]-jvmRun[N].dump and [date].dumpstream.
[ERROR] -> [Help 1]
[ERROR] 
[ERROR] To see the full stack trace of the errors, re-run Maven with the -e switch.
[ERROR] Re-run Maven using the -X switch to enable full debug logging.
[ERROR] 
[ERROR] For more information about the errors and possible solutions, please read the following articles:
[ERROR] [Help 1] http://cwiki.apache.org/confluence/display/MAVEN/MojoFailureException
[ERROR] 
[ERROR] After correcting the problems, you can resume the build with the command
[ERROR]   mvn <args> -rf :pdf-acceptance
