
Page 1 code128-b
Observed PDF rectangles [x,y,width,height]:
[46.0, 144.0, 2.0, 48.0]
[49.0, 144.0, 1.0, 48.0]
[52.0, 144.0, 1.0, 48.0]
[57.0, 144.0, 1.0, 48.0]
[59.0, 144.0, 1.0, 48.0]
[63.0, 144.0, 2.0, 48.0]
[68.0, 144.0, 1.0, 48.0]
[72.0, 144.0, 1.0, 48.0]
[74.0, 144.0, 2.0, 48.0]
[79.0, 144.0, 4.0, 48.0]
[84.0, 144.0, 1.0, 48.0]
[86.0, 144.0, 3.0, 48.0]
[90.0, 144.0, 2.0, 48.0]
[95.0, 144.0, 3.0, 48.0]
[99.0, 144.0, 1.0, 48.0]
[101.0, 144.0, 2.0, 48.0]
Observed labels: character, matrix [a,b,c,d,e,f], advance [x,y], rendering mode:
A [8.0, 0.0, 0.0, 8.0, 69.344, 132.464] [5.1119995, 0.0] FILL
B [8.0, 0.0, 0.0, 8.0, 74.456, 132.464] [5.199997, 0.0] FILL
code128-b: payload=AB; check=102; codewords=[104, 33, 34]; supplement=; exact independent modules and placement=pass; label=AB; label metrics=pass

Page 2 code128-a
Observed PDF rectangles [x,y,width,height]:
[46.0, 144.0, 2.0, 48.0]
[49.0, 144.0, 1.0, 48.0]
[54.0, 144.0, 1.0, 48.0]
[57.0, 144.0, 1.0, 48.0]
[60.0, 144.0, 1.0, 48.0]
[62.0, 144.0, 2.0, 48.0]
[68.0, 144.0, 1.0, 48.0]
[70.0, 144.0, 1.0, 48.0]
[74.0, 144.0, 2.0, 48.0]
[79.0, 144.0, 1.0, 48.0]
[83.0, 144.0, 1.0, 48.0]
[85.0, 144.0, 2.0, 48.0]
[90.0, 144.0, 3.0, 48.0]
[94.0, 144.0, 2.0, 48.0]
[98.0, 144.0, 1.0, 48.0]
[101.0, 144.0, 2.0, 48.0]
[106.0, 144.0, 3.0, 48.0]
[110.0, 144.0, 1.0, 48.0]
[112.0, 144.0, 2.0, 48.0]
Observed labels: character, matrix [a,b,c,d,e,f], advance [x,y], rendering mode:
\ [8.0, 0.0, 0.0, 8.0, 66.664, 132.464] [2.975998, 0.0] FILL
x [8.0, 0.0, 0.0, 8.0, 69.64, 132.464] [4.2320023, 0.0] FILL
0 [8.0, 0.0, 0.0, 8.0, 73.871994, 132.464] [4.576004, 0.0] FILL
1 [8.0, 0.0, 0.0, 8.0, 78.448, 132.464] [4.576004, 0.0] FILL
A [8.0, 0.0, 0.0, 8.0, 83.024, 132.464] [5.1119995, 0.0] FILL
B [8.0, 0.0, 0.0, 8.0, 88.136, 132.464] [5.199997, 0.0] FILL
code128-a: payload=\u0001AB; check=27; codewords=[103, 65, 33, 34]; supplement=; exact independent modules and placement=pass; label=\x01AB; label metrics=pass

Page 3 code128-c
Observed PDF rectangles [x,y,width,height]:
[46.0, 144.0, 2.0, 48.0]
[49.0, 144.0, 1.0, 48.0]
[52.0, 144.0, 3.0, 48.0]
[57.0, 144.0, 1.0, 48.0]
[59.0, 144.0, 2.0, 48.0]
[63.0, 144.0, 3.0, 48.0]
[68.0, 144.0, 1.0, 48.0]
[72.0, 144.0, 1.0, 48.0]
[74.0, 144.0, 2.0, 48.0]
[79.0, 144.0, 3.0, 48.0]
[85.0, 144.0, 1.0, 48.0]
[87.0, 144.0, 2.0, 48.0]
[90.0, 144.0, 1.0, 48.0]
[94.0, 144.0, 2.0, 48.0]
[97.0, 144.0, 3.0, 48.0]
[101.0, 144.0, 2.0, 48.0]
[106.0, 144.0, 3.0, 48.0]
[110.0, 144.0, 1.0, 48.0]
[112.0, 144.0, 2.0, 48.0]
Observed labels: character, matrix [a,b,c,d,e,f], advance [x,y], rendering mode:
1 [8.0, 0.0, 0.0, 8.0, 66.272, 132.464] [4.576004, 0.0] FILL
2 [8.0, 0.0, 0.0, 8.0, 70.848, 132.464] [4.5759964, 0.0] FILL
3 [8.0, 0.0, 0.0, 8.0, 75.423996, 132.464] [4.576004, 0.0] FILL
4 [8.0, 0.0, 0.0, 8.0, 80.0, 132.464] [4.576004, 0.0] FILL
5 [8.0, 0.0, 0.0, 8.0, 84.576004, 132.464] [4.576004, 0.0] FILL
6 [8.0, 0.0, 0.0, 8.0, 89.152, 132.464] [4.5759964, 0.0] FILL
code128-c: payload=123456; check=44; codewords=[105, 12, 34, 56]; supplement=; exact independent modules and placement=pass; label=123456; label metrics=pass

Page 4 code128-auto
Observed PDF rectangles [x,y,width,height]:
[46.0, 144.0, 2.0, 48.0]
[49.0, 144.0, 1.0, 48.0]
[52.0, 144.0, 1.0, 48.0]
[57.0, 144.0, 1.0, 48.0]
[59.0, 144.0, 1.0, 48.0]
[63.0, 144.0, 2.0, 48.0]
[68.0, 144.0, 1.0, 48.0]
[72.0, 144.0, 1.0, 48.0]
[74.0, 144.0, 2.0, 48.0]
[79.0, 144.0, 1.0, 48.0]
[81.0, 144.0, 3.0, 48.0]
[85.0, 144.0, 4.0, 48.0]
[90.0, 144.0, 1.0, 48.0]
[92.0, 144.0, 2.0, 48.0]
[96.0, 144.0, 3.0, 48.0]
[101.0, 144.0, 1.0, 48.0]
[105.0, 144.0, 1.0, 48.0]
[107.0, 144.0, 2.0, 48.0]
[112.0, 144.0, 3.0, 48.0]
[118.0, 144.0, 1.0, 48.0]
[120.0, 144.0, 2.0, 48.0]
[123.0, 144.0, 3.0, 48.0]
[128.0, 144.0, 1.0, 48.0]
[131.0, 144.0, 2.0, 48.0]
[134.0, 144.0, 2.0, 48.0]
[139.0, 144.0, 3.0, 48.0]
[143.0, 144.0, 1.0, 48.0]
[145.0, 144.0, 2.0, 48.0]
Observed labels: character, matrix [a,b,c,d,e,f], advance [x,y], rendering mode:
A [8.0, 0.0, 0.0, 8.0, 77.616, 132.464] [5.1119995, 0.0] FILL
B [8.0, 0.0, 0.0, 8.0, 82.728, 132.464] [5.199997, 0.0] FILL
1 [8.0, 0.0, 0.0, 8.0, 87.928, 132.464] [4.5759964, 0.0] FILL
2 [8.0, 0.0, 0.0, 8.0, 92.504, 132.464] [4.576004, 0.0] FILL
3 [8.0, 0.0, 0.0, 8.0, 97.08, 132.464] [4.576004, 0.0] FILL
4 [8.0, 0.0, 0.0, 8.0, 101.656006, 132.464] [4.576004, 0.0] FILL
5 [8.0, 0.0, 0.0, 8.0, 106.23201, 132.464] [4.576004, 0.0] FILL
6 [8.0, 0.0, 0.0, 8.0, 110.808014, 132.464] [4.576004, 0.0] FILL
code128-auto: payload=AB123456; check=26; codewords=[104, 33, 34, 99, 12, 34, 56]; supplement=; exact independent modules and placement=pass; label=AB123456; label metrics=pass

Page 5 gs1-auto
Observed PDF rectangles [x,y,width,height]:
[46.0, 144.0, 2.0, 48.0]
[49.0, 144.0, 1.0, 48.0]
[52.0, 144.0, 3.0, 48.0]
[57.0, 144.0, 4.0, 48.0]
[62.0, 144.0, 1.0, 48.0]
[64.0, 144.0, 3.0, 48.0]
[68.0, 144.0, 2.0, 48.0]
[72.0, 144.0, 2.0, 48.0]
[75.0, 144.0, 2.0, 48.0]
[79.0, 144.0, 2.0, 48.0]
[83.0, 144.0, 1.0, 48.0]
[86.0, 144.0, 1.0, 48.0]
[90.0, 144.0, 2.0, 48.0]
[95.0, 144.0, 1.0, 48.0]
[97.0, 144.0, 3.0, 48.0]
[101.0, 144.0, 2.0, 48.0]
[106.0, 144.0, 1.0, 48.0]
[109.0, 144.0, 1.0, 48.0]
[112.0, 144.0, 2.0, 48.0]
[116.0, 144.0, 2.0, 48.0]
[119.0, 144.0, 2.0, 48.0]
[123.0, 144.0, 2.0, 48.0]
[126.0, 144.0, 3.0, 48.0]
[130.0, 144.0, 3.0, 48.0]
[134.0, 144.0, 2.0, 48.0]
[137.0, 144.0, 2.0, 48.0]
[141.0, 144.0, 2.0, 48.0]
[145.0, 144.0, 1.0, 48.0]
[148.0, 144.0, 1.0, 48.0]
[151.0, 144.0, 2.0, 48.0]
[156.0, 144.0, 1.0, 48.0]
[159.0, 144.0, 2.0, 48.0]
[162.0, 144.0, 1.0, 48.0]
[167.0, 144.0, 2.0, 48.0]
[172.0, 144.0, 3.0, 48.0]
[176.0, 144.0, 1.0, 48.0]
[178.0, 144.0, 2.0, 48.0]
Observed labels: character, matrix [a,b,c,d,e,f], advance [x,y], rendering mode:
( [8.0, 0.0, 0.0, 8.0, 73.992004, 132.464] [2.4000015, 0.0] FILL
0 [8.0, 0.0, 0.0, 8.0, 76.392, 132.464] [4.576004, 0.0] FILL
1 [8.0, 0.0, 0.0, 8.0, 80.968, 132.464] [4.576004, 0.0] FILL
) [8.0, 0.0, 0.0, 8.0, 85.54401, 132.464] [2.4000015, 0.0] FILL
0 [8.0, 0.0, 0.0, 8.0, 87.944, 132.464] [4.576004, 0.0] FILL
9 [8.0, 0.0, 0.0, 8.0, 92.520004, 132.464] [4.576004, 0.0] FILL
5 [8.0, 0.0, 0.0, 8.0, 97.09601, 132.464] [4.576004, 0.0] FILL
0 [8.0, 0.0, 0.0, 8.0, 101.672005, 132.464] [4.5759964, 0.0] FILL
1 [8.0, 0.0, 0.0, 8.0, 106.248, 132.464] [4.576004, 0.0] FILL
1 [8.0, 0.0, 0.0, 8.0, 110.824005, 132.464] [4.576004, 0.0] FILL
0 [8.0, 0.0, 0.0, 8.0, 115.40001, 132.464] [4.576004, 0.0] FILL
1 [8.0, 0.0, 0.0, 8.0, 119.97601, 132.464] [4.576004, 0.0] FILL
5 [8.0, 0.0, 0.0, 8.0, 124.55202, 132.464] [4.576004, 0.0] FILL
3 [8.0, 0.0, 0.0, 8.0, 129.12802, 132.464] [4.576004, 0.0] FILL
0 [8.0, 0.0, 0.0, 8.0, 133.70403, 132.464] [4.576004, 0.0] FILL
0 [8.0, 0.0, 0.0, 8.0, 138.28003, 132.464] [4.576004, 0.0] FILL
0 [8.0, 0.0, 0.0, 8.0, 142.85603, 132.464] [4.576004, 0.0] FILL
3 [8.0, 0.0, 0.0, 8.0, 147.43204, 132.464] [4.576004, 0.0] FILL
gs1-auto: payload=]C10109501101530003; check=71; codewords=[105, 102, 1, 9, 50, 11, 1, 53, 0, 3]; supplement=; exact independent modules and placement=pass; label=(01)09501101530003; label metrics=pass

Page 6 gs1-c
Observed PDF rectangles [x,y,width,height]:
[46.0, 144.0, 2.0, 48.0]
[49.0, 144.0, 1.0, 48.0]
[52.0, 144.0, 3.0, 48.0]
[57.0, 144.0, 4.0, 48.0]
[62.0, 144.0, 1.0, 48.0]
[64.0, 144.0, 3.0, 48.0]
[68.0, 144.0, 2.0, 48.0]
[72.0, 144.0, 2.0, 48.0]
[75.0, 144.0, 2.0, 48.0]
[79.0, 144.0, 2.0, 48.0]
[83.0, 144.0, 1.0, 48.0]
[86.0, 144.0, 1.0, 48.0]
[90.0, 144.0, 2.0, 48.0]
[95.0, 144.0, 1.0, 48.0]
[97.0, 144.0, 3.0, 48.0]
[101.0, 144.0, 2.0, 48.0]
[106.0, 144.0, 1.0, 48.0]
[109.0, 144.0, 1.0, 48.0]
[112.0, 144.0, 2.0, 48.0]
[116.0, 144.0, 2.0, 48.0]
[119.0, 144.0, 2.0, 48.0]
[123.0, 144.0, 2.0, 48.0]
[126.0, 144.0, 3.0, 48.0]
[130.0, 144.0, 3.0, 48.0]
[134.0, 144.0, 2.0, 48.0]
[137.0, 144.0, 2.0, 48.0]
[141.0, 144.0, 2.0, 48.0]
[145.0, 144.0, 1.0, 48.0]
[148.0, 144.0, 1.0, 48.0]
[151.0, 144.0, 2.0, 48.0]
[156.0, 144.0, 1.0, 48.0]
[159.0, 144.0, 2.0, 48.0]
[162.0, 144.0, 1.0, 48.0]
[167.0, 144.0, 2.0, 48.0]
[172.0, 144.0, 3.0, 48.0]
[176.0, 144.0, 1.0, 48.0]
[178.0, 144.0, 2.0, 48.0]
Observed labels: character, matrix [a,b,c,d,e,f], advance [x,y], rendering mode:
( [8.0, 0.0, 0.0, 8.0, 73.992004, 132.464] [2.4000015, 0.0] FILL
0 [8.0, 0.0, 0.0, 8.0, 76.392, 132.464] [4.576004, 0.0] FILL
1 [8.0, 0.0, 0.0, 8.0, 80.968, 132.464] [4.576004, 0.0] FILL
) [8.0, 0.0, 0.0, 8.0, 85.54401, 132.464] [2.4000015, 0.0] FILL
0 [8.0, 0.0, 0.0, 8.0, 87.944, 132.464] [4.576004, 0.0] FILL
9 [8.0, 0.0, 0.0, 8.0, 92.520004, 132.464] [4.576004, 0.0] FILL
5 [8.0, 0.0, 0.0, 8.0, 97.09601, 132.464] [4.576004, 0.0] FILL
0 [8.0, 0.0, 0.0, 8.0, 101.672005, 132.464] [4.5759964, 0.0] FILL
1 [8.0, 0.0, 0.0, 8.0, 106.248, 132.464] [4.576004, 0.0] FILL
1 [8.0, 0.0, 0.0, 8.0, 110.824005, 132.464] [4.576004, 0.0] FILL
0 [8.0, 0.0, 0.0, 8.0, 115.40001, 132.464] [4.576004, 0.0] FILL
1 [8.0, 0.0, 0.0, 8.0, 119.97601, 132.464] [4.576004, 0.0] FILL
5 [8.0, 0.0, 0.0, 8.0, 124.55202, 132.464] [4.576004, 0.0] FILL
3 [8.0, 0.0, 0.0, 8.0, 129.12802, 132.464] [4.576004, 0.0] FILL
0 [8.0, 0.0, 0.0, 8.0, 133.70403, 132.464] [4.576004, 0.0] FILL
0 [8.0, 0.0, 0.0, 8.0, 138.28003, 132.464] [4.576004, 0.0] FILL
0 [8.0, 0.0, 0.0, 8.0, 142.85603, 132.464] [4.576004, 0.0] FILL
3 [8.0, 0.0, 0.0, 8.0, 147.43204, 132.464] [4.576004, 0.0] FILL
gs1-c: payload=]C10109501101530003; check=71; codewords=[105, 102, 1, 9, 50, 11, 1, 53, 0, 3]; supplement=; exact independent modules and placement=pass; label=(01)09501101530003; label metrics=pass

Page 7 gs1-a
Observed PDF rectangles [x,y,width,height]:
[46.0, 144.0, 2.0, 48.0]
[49.0, 144.0, 1.0, 48.0]
[54.0, 144.0, 1.0, 48.0]
[57.0, 144.0, 4.0, 48.0]
[62.0, 144.0, 1.0, 48.0]
[64.0, 144.0, 3.0, 48.0]
[68.0, 144.0, 1.0, 48.0]
[71.0, 144.0, 3.0, 48.0]
[76.0, 144.0, 2.0, 48.0]
[79.0, 144.0, 1.0, 48.0]
[82.0, 144.0, 3.0, 48.0]
[86.0, 144.0, 2.0, 48.0]
[90.0, 144.0, 1.0, 48.0]
[94.0, 144.0, 2.0, 48.0]
[97.0, 144.0, 3.0, 48.0]
[101.0, 144.0, 1.0, 48.0]
[105.0, 144.0, 3.0, 48.0]
[109.0, 144.0, 2.0, 48.0]
[112.0, 144.0, 2.0, 48.0]
[115.0, 144.0, 3.0, 48.0]
[121.0, 144.0, 1.0, 48.0]
[123.0, 144.0, 4.0, 48.0]
[128.0, 144.0, 1.0, 48.0]
[130.0, 144.0, 3.0, 48.0]
[134.0, 144.0, 2.0, 48.0]
[138.0, 144.0, 3.0, 48.0]
[143.0, 144.0, 1.0, 48.0]
[145.0, 144.0, 1.0, 48.0]
[148.0, 144.0, 3.0, 48.0]
[153.0, 144.0, 2.0, 48.0]
[156.0, 144.0, 1.0, 48.0]
[158.0, 144.0, 1.0, 48.0]
[162.0, 144.0, 2.0, 48.0]
[167.0, 144.0, 1.0, 48.0]
[171.0, 144.0, 1.0, 48.0]
[173.0, 144.0, 2.0, 48.0]
[178.0, 144.0, 1.0, 48.0]
[182.0, 144.0, 1.0, 48.0]
[186.0, 144.0, 2.0, 48.0]
[189.0, 144.0, 3.0, 48.0]
[193.0, 144.0, 1.0, 48.0]
[197.0, 144.0, 2.0, 48.0]
[200.0, 144.0, 2.0, 48.0]
[205.0, 144.0, 3.0, 48.0]
[209.0, 144.0, 1.0, 48.0]
[211.0, 144.0, 2.0, 48.0]
Observed labels: character, matrix [a,b,c,d,e,f], advance [x,y], rendering mode:
( [8.0, 0.0, 0.0, 8.0, 100.42, 132.464] [2.4000015, 0.0] FILL
1 [8.0, 0.0, 0.0, 8.0, 102.82, 132.464] [4.5759964, 0.0] FILL
0 [8.0, 0.0, 0.0, 8.0, 107.395996, 132.464] [4.576004, 0.0] FILL
) [8.0, 0.0, 0.0, 8.0, 111.972, 132.464] [2.4000015, 0.0] FILL
L [8.0, 0.0, 0.0, 8.0, 114.372, 132.464] [4.1920013, 0.0] FILL
O [8.0, 0.0, 0.0, 8.0, 118.564, 132.464] [6.248001, 0.0] FILL
T [8.0, 0.0, 0.0, 8.0, 124.812004, 132.464] [4.4480057, 0.0] FILL
( [8.0, 0.0, 0.0, 8.0, 129.26001, 132.464] [2.399994, 0.0] FILL
2 [8.0, 0.0, 0.0, 8.0, 131.66, 132.464] [4.576004, 0.0] FILL
1 [8.0, 0.0, 0.0, 8.0, 136.23601, 132.464] [4.576004, 0.0] FILL
) [8.0, 0.0, 0.0, 8.0, 140.81201, 132.464] [2.399994, 0.0] FILL
A [8.0, 0.0, 0.0, 8.0, 143.212, 132.464] [5.1119995, 0.0] FILL
B [8.0, 0.0, 0.0, 8.0, 148.324, 132.464] [5.199997, 0.0] FILL
C [8.0, 0.0, 0.0, 8.0, 153.52402, 132.464] [5.0559998, 0.0] FILL
gs1-a: payload=]C110LOT\u001d21ABC; check=55; codewords=[103, 102, 17, 16, 44, 47, 52, 102, 18, 17, 33, 34, 35]; supplement=; exact independent modules and placement=pass; label=(10)LOT(21)ABC; label metrics=pass

Page 8 gs1-b
Observed PDF rectangles [x,y,width,height]:
[46.0, 144.0, 2.0, 48.0]
[49.0, 144.0, 1.0, 48.0]
[52.0, 144.0, 1.0, 48.0]
[57.0, 144.0, 4.0, 48.0]
[62.0, 144.0, 1.0, 48.0]
[64.0, 144.0, 3.0, 48.0]
[68.0, 144.0, 1.0, 48.0]
[71.0, 144.0, 3.0, 48.0]
[76.0, 144.0, 2.0, 48.0]
[79.0, 144.0, 1.0, 48.0]
[82.0, 144.0, 3.0, 48.0]
[86.0, 144.0, 2.0, 48.0]
[90.0, 144.0, 1.0, 48.0]
[94.0, 144.0, 2.0, 48.0]
[97.0, 144.0, 3.0, 48.0]
[101.0, 144.0, 1.0, 48.0]
[105.0, 144.0, 3.0, 48.0]
[109.0, 144.0, 2.0, 48.0]
[112.0, 144.0, 2.0, 48.0]
[115.0, 144.0, 3.0, 48.0]
[121.0, 144.0, 1.0, 48.0]
[123.0, 144.0, 4.0, 48.0]
[128.0, 144.0, 1.0, 48.0]
[130.0, 144.0, 3.0, 48.0]
[134.0, 144.0, 2.0, 48.0]
[138.0, 144.0, 3.0, 48.0]
[143.0, 144.0, 1.0, 48.0]
[145.0, 144.0, 1.0, 48.0]
[148.0, 144.0, 3.0, 48.0]
[153.0, 144.0, 2.0, 48.0]
[156.0, 144.0, 1.0, 48.0]
[158.0, 144.0, 1.0, 48.0]
[162.0, 144.0, 2.0, 48.0]
[167.0, 144.0, 1.0, 48.0]
[171.0, 144.0, 1.0, 48.0]
[173.0, 144.0, 2.0, 48.0]
[178.0, 144.0, 1.0, 48.0]
[182.0, 144.0, 1.0, 48.0]
[186.0, 144.0, 2.0, 48.0]
[189.0, 144.0, 3.0, 48.0]
[195.0, 144.0, 1.0, 48.0]
[197.0, 144.0, 2.0, 48.0]
[200.0, 144.0, 2.0, 48.0]
[205.0, 144.0, 3.0, 48.0]
[209.0, 144.0, 1.0, 48.0]
[211.0, 144.0, 2.0, 48.0]
Observed labels: character, matrix [a,b,c,d,e,f], advance [x,y], rendering mode:
( [8.0, 0.0, 0.0, 8.0, 100.42, 132.464] [2.4000015, 0.0] FILL
1 [8.0, 0.0, 0.0, 8.0, 102.82, 132.464] [4.5759964, 0.0] FILL
0 [8.0, 0.0, 0.0, 8.0, 107.395996, 132.464] [4.576004, 0.0] FILL
) [8.0, 0.0, 0.0, 8.0, 111.972, 132.464] [2.4000015, 0.0] FILL
L [8.0, 0.0, 0.0, 8.0, 114.372, 132.464] [4.1920013, 0.0] FILL
O [8.0, 0.0, 0.0, 8.0, 118.564, 132.464] [6.248001, 0.0] FILL
T [8.0, 0.0, 0.0, 8.0, 124.812004, 132.464] [4.4480057, 0.0] FILL
( [8.0, 0.0, 0.0, 8.0, 129.26001, 132.464] [2.399994, 0.0] FILL
2 [8.0, 0.0, 0.0, 8.0, 131.66, 132.464] [4.576004, 0.0] FILL
1 [8.0, 0.0, 0.0, 8.0, 136.23601, 132.464] [4.576004, 0.0] FILL
) [8.0, 0.0, 0.0, 8.0, 140.81201, 132.464] [2.399994, 0.0] FILL
A [8.0, 0.0, 0.0, 8.0, 143.212, 132.464] [5.1119995, 0.0] FILL
B [8.0, 0.0, 0.0, 8.0, 148.324, 132.464] [5.199997, 0.0] FILL
C [8.0, 0.0, 0.0, 8.0, 153.52402, 132.464] [5.0559998, 0.0] FILL
gs1-b: payload=]C110LOT\u001d21ABC; check=56; codewords=[104, 102, 17, 16, 44, 47, 52, 102, 18, 17, 33, 34, 35]; supplement=; exact independent modules and placement=pass; label=(10)LOT(21)ABC; label metrics=pass

Page 9 fnc1
Observed PDF rectangles [x,y,width,height]:
[46.0, 144.0, 2.0, 48.0]
[49.0, 144.0, 1.0, 48.0]
[52.0, 144.0, 1.0, 48.0]
[57.0, 144.0, 1.0, 48.0]
[59.0, 144.0, 1.0, 48.0]
[63.0, 144.0, 2.0, 48.0]
[68.0, 144.0, 4.0, 48.0]
[73.0, 144.0, 1.0, 48.0]
[75.0, 144.0, 3.0, 48.0]
[79.0, 144.0, 1.0, 48.0]
[83.0, 144.0, 1.0, 48.0]
[85.0, 144.0, 2.0, 48.0]
[90.0, 144.0, 2.0, 48.0]
[93.0, 144.0, 2.0, 48.0]
[98.0, 144.0, 2.0, 48.0]
[101.0, 144.0, 2.0, 48.0]
[106.0, 144.0, 3.0, 48.0]
[110.0, 144.0, 1.0, 48.0]
[112.0, 144.0, 2.0, 48.0]
Observed labels: character, matrix [a,b,c,d,e,f], advance [x,y], rendering mode:
A [8.0, 0.0, 0.0, 8.0, 60.336, 132.464] [5.1119995, 0.0] FILL
< [8.0, 0.0, 0.0, 8.0, 65.448, 132.464] [4.576004, 0.0] FILL
F [8.0, 0.0, 0.0, 8.0, 70.024, 132.464] [4.1520004, 0.0] FILL
N [8.0, 0.0, 0.0, 8.0, 74.176, 132.464] [6.080002, 0.0] FILL
C [8.0, 0.0, 0.0, 8.0, 80.256004, 132.464] [5.0559998, 0.0] FILL
1 [8.0, 0.0, 0.0, 8.0, 85.312004, 132.464] [4.5759964, 0.0] FILL
> [8.0, 0.0, 0.0, 8.0, 89.888, 132.464] [4.576004, 0.0] FILL
B [8.0, 0.0, 0.0, 8.0, 94.464005, 132.464] [5.199997, 0.0] FILL
fnc1: payload=AB; check=31; codewords=[104, 33, 102, 34]; supplement=; exact independent modules and placement=pass; label=A<FNC1>B; label metrics=pass

Page 10 fnc2
Observed PDF rectangles [x,y,width,height]:
[46.0, 144.0, 2.0, 48.0]
[49.0, 144.0, 1.0, 48.0]
[52.0, 144.0, 1.0, 48.0]
[57.0, 144.0, 1.0, 48.0]
[59.0, 144.0, 1.0, 48.0]
[63.0, 144.0, 2.0, 48.0]
[68.0, 144.0, 4.0, 48.0]
[73.0, 144.0, 1.0, 48.0]
[75.0, 144.0, 1.0, 48.0]
[79.0, 144.0, 1.0, 48.0]
[83.0, 144.0, 1.0, 48.0]
[85.0, 144.0, 2.0, 48.0]
[90.0, 144.0, 2.0, 48.0]
[93.0, 144.0, 3.0, 48.0]
[98.0, 144.0, 1.0, 48.0]
[101.0, 144.0, 2.0, 48.0]
[106.0, 144.0, 3.0, 48.0]
[110.0, 144.0, 1.0, 48.0]
[112.0, 144.0, 2.0, 48.0]
Observed labels: character, matrix [a,b,c,d,e,f], advance [x,y], rendering mode:
A [8.0, 0.0, 0.0, 8.0, 60.336, 132.464] [5.1119995, 0.0] FILL
< [8.0, 0.0, 0.0, 8.0, 65.448, 132.464] [4.576004, 0.0] FILL
F [8.0, 0.0, 0.0, 8.0, 70.024, 132.464] [4.1520004, 0.0] FILL
N [8.0, 0.0, 0.0, 8.0, 74.176, 132.464] [6.080002, 0.0] FILL
C [8.0, 0.0, 0.0, 8.0, 80.256004, 132.464] [5.0559998, 0.0] FILL
2 [8.0, 0.0, 0.0, 8.0, 85.312004, 132.464] [4.5759964, 0.0] FILL
> [8.0, 0.0, 0.0, 8.0, 89.888, 132.464] [4.576004, 0.0] FILL
B [8.0, 0.0, 0.0, 8.0, 94.464005, 132.464] [5.199997, 0.0] FILL
fnc2: payload=AB; check=21; codewords=[104, 33, 97, 34]; supplement=; exact independent modules and placement=pass; label=A<FNC2>B; label metrics=pass

Page 11 fnc3
Observed PDF rectangles [x,y,width,height]:
[46.0, 144.0, 2.0, 48.0]
[49.0, 144.0, 1.0, 48.0]
[52.0, 144.0, 1.0, 48.0]
[57.0, 144.0, 1.0, 48.0]
[59.0, 144.0, 1.0, 48.0]
[63.0, 144.0, 2.0, 48.0]
[68.0, 144.0, 1.0, 48.0]
[70.0, 144.0, 4.0, 48.0]
[77.0, 144.0, 1.0, 48.0]
[79.0, 144.0, 1.0, 48.0]
[83.0, 144.0, 1.0, 48.0]
[85.0, 144.0, 2.0, 48.0]
[90.0, 144.0, 2.0, 48.0]
[94.0, 144.0, 1.0, 48.0]
[96.0, 144.0, 3.0, 48.0]
[101.0, 144.0, 2.0, 48.0]
[106.0, 144.0, 3.0, 48.0]
[110.0, 144.0, 1.0, 48.0]
[112.0, 144.0, 2.0, 48.0]
Observed labels: character, matrix [a,b,c,d,e,f], advance [x,y], rendering mode:
A [8.0, 0.0, 0.0, 8.0, 60.336, 132.464] [5.1119995, 0.0] FILL
< [8.0, 0.0, 0.0, 8.0, 65.448, 132.464] [4.576004, 0.0] FILL
F [8.0, 0.0, 0.0, 8.0, 70.024, 132.464] [4.1520004, 0.0] FILL
N [8.0, 0.0, 0.0, 8.0, 74.176, 132.464] [6.080002, 0.0] FILL
C [8.0, 0.0, 0.0, 8.0, 80.256004, 132.464] [5.0559998, 0.0] FILL
3 [8.0, 0.0, 0.0, 8.0, 85.312004, 132.464] [4.5759964, 0.0] FILL
> [8.0, 0.0, 0.0, 8.0, 89.888, 132.464] [4.576004, 0.0] FILL
B [8.0, 0.0, 0.0, 8.0, 94.464005, 132.464] [5.199997, 0.0] FILL
fnc3: payload=AB; check=19; codewords=[104, 33, 96, 34]; supplement=; exact independent modules and placement=pass; label=A<FNC3>B; label metrics=pass

Page 12 fnc4
Observed PDF rectangles [x,y,width,height]:
[46.0, 144.0, 2.0, 48.0]
[49.0, 144.0, 1.0, 48.0]
[52.0, 144.0, 1.0, 48.0]
[57.0, 144.0, 1.0, 48.0]
[59.0, 144.0, 1.0, 48.0]
[63.0, 144.0, 2.0, 48.0]
[68.0, 144.0, 1.0, 48.0]
[70.0, 144.0, 4.0, 48.0]
[75.0, 144.0, 3.0, 48.0]
[79.0, 144.0, 1.0, 48.0]
[83.0, 144.0, 1.0, 48.0]
[85.0, 144.0, 2.0, 48.0]
[90.0, 144.0, 3.0, 48.0]
[94.0, 144.0, 2.0, 48.0]
[98.0, 144.0, 1.0, 48.0]
[101.0, 144.0, 2.0, 48.0]
[106.0, 144.0, 3.0, 48.0]
[110.0, 144.0, 1.0, 48.0]
[112.0, 144.0, 2.0, 48.0]
Observed labels: character, matrix [a,b,c,d,e,f], advance [x,y], rendering mode:
A [8.0, 0.0, 0.0, 8.0, 60.336, 132.464] [5.1119995, 0.0] FILL
< [8.0, 0.0, 0.0, 8.0, 65.448, 132.464] [4.576004, 0.0] FILL
F [8.0, 0.0, 0.0, 8.0, 70.024, 132.464] [4.1520004, 0.0] FILL
N [8.0, 0.0, 0.0, 8.0, 74.176, 132.464] [6.080002, 0.0] FILL
C [8.0, 0.0, 0.0, 8.0, 80.256004, 132.464] [5.0559998, 0.0] FILL
4 [8.0, 0.0, 0.0, 8.0, 85.312004, 132.464] [4.5759964, 0.0] FILL
> [8.0, 0.0, 0.0, 8.0, 89.888, 132.464] [4.576004, 0.0] FILL
B [8.0, 0.0, 0.0, 8.0, 94.464005, 132.464] [5.199997, 0.0] FILL
fnc4: payload=A\u00c2; check=27; codewords=[104, 33, 100, 34]; supplement=; exact independent modules and placement=pass; label=A<FNC4>B; label metrics=pass

Page 13 fnc4-latch
Observed PDF rectangles [x,y,width,height]:
[46.0, 144.0, 2.0, 48.0]
[49.0, 144.0, 1.0, 48.0]
[52.0, 144.0, 1.0, 48.0]
[57.0, 144.0, 1.0, 48.0]
[59.0, 144.0, 4.0, 48.0]
[64.0, 144.0, 3.0, 48.0]
[68.0, 144.0, 1.0, 48.0]
[70.0, 144.0, 4.0, 48.0]
[75.0, 144.0, 3.0, 48.0]
[79.0, 144.0, 1.0, 48.0]
[81.0, 144.0, 1.0, 48.0]
[85.0, 144.0, 2.0, 48.0]
[90.0, 144.0, 1.0, 48.0]
[94.0, 144.0, 1.0, 48.0]
[96.0, 144.0, 2.0, 48.0]
[101.0, 144.0, 2.0, 48.0]
[104.0, 144.0, 3.0, 48.0]
[109.0, 144.0, 1.0, 48.0]
[112.0, 144.0, 2.0, 48.0]
[117.0, 144.0, 3.0, 48.0]
[121.0, 144.0, 1.0, 48.0]
[123.0, 144.0, 2.0, 48.0]
Observed labels: character, matrix [a,b,c,d,e,f], advance [x,y], rendering mode:
< [8.0, 0.0, 0.0, 8.0, 51.328, 132.464] [4.576, 0.0] FILL
F [8.0, 0.0, 0.0, 8.0, 55.904, 132.464] [4.1520004, 0.0] FILL
N [8.0, 0.0, 0.0, 8.0, 60.056, 132.464] [6.080002, 0.0] FILL
C [8.0, 0.0, 0.0, 8.0, 66.136, 132.464] [5.0559998, 0.0] FILL
4 [8.0, 0.0, 0.0, 8.0, 71.192, 132.464] [4.576004, 0.0] FILL
> [8.0, 0.0, 0.0, 8.0, 75.768005, 132.464] [4.576004, 0.0] FILL
< [8.0, 0.0, 0.0, 8.0, 80.344, 132.464] [4.5759964, 0.0] FILL
F [8.0, 0.0, 0.0, 8.0, 84.92, 132.464] [4.1520004, 0.0] FILL
N [8.0, 0.0, 0.0, 8.0, 89.07201, 132.464] [6.080002, 0.0] FILL
C [8.0, 0.0, 0.0, 8.0, 95.152, 132.464] [5.0559998, 0.0] FILL
4 [8.0, 0.0, 0.0, 8.0, 100.208, 132.464] [4.5759964, 0.0] FILL
> [8.0, 0.0, 0.0, 8.0, 104.784, 132.464] [4.576004, 0.0] FILL
A [8.0, 0.0, 0.0, 8.0, 109.36, 132.464] [5.1119995, 0.0] FILL
B [8.0, 0.0, 0.0, 8.0, 114.472, 132.464] [5.199997, 0.0] FILL
fnc4-latch: payload=\u00c1\u00c2; check=21; codewords=[104, 100, 100, 33, 34]; supplement=; exact independent modules and placement=pass; label=<FNC4><FNC4>AB; label metrics=pass

Page 14 raw-b
Observed PDF rectangles [x,y,width,height]:
[46.0, 144.0, 2.0, 48.0]
[49.0, 144.0, 1.0, 48.0]
[52.0, 144.0, 1.0, 48.0]
[57.0, 144.0, 1.0, 48.0]
[59.0, 144.0, 1.0, 48.0]
[63.0, 144.0, 2.0, 48.0]
[68.0, 144.0, 1.0, 48.0]
[72.0, 144.0, 1.0, 48.0]
[74.0, 144.0, 2.0, 48.0]
[79.0, 144.0, 4.0, 48.0]
[84.0, 144.0, 1.0, 48.0]
[86.0, 144.0, 3.0, 48.0]
[90.0, 144.0, 2.0, 48.0]
[95.0, 144.0, 3.0, 48.0]
[99.0, 144.0, 1.0, 48.0]
[101.0, 144.0, 2.0, 48.0]
Observed labels: character, matrix [a,b,c,d,e,f], advance [x,y], rendering mode:
R [8.0, 0.0, 0.0, 8.0, 53.908, 132.464] [4.9760017, 0.0] FILL
A [8.0, 0.0, 0.0, 8.0, 58.884003, 132.464] [5.1119995, 0.0] FILL
W [8.0, 0.0, 0.0, 8.0, 63.996002, 132.464] [7.4400024, 0.0] FILL
  [8.0, 0.0, 0.0, 8.0, 71.436005, 132.464] [2.0800018, 0.0] FILL
r [8.0, 0.0, 0.0, 8.0, 73.516, 132.464] [3.3040009, 0.0] FILL
a [8.0, 0.0, 0.0, 8.0, 76.82, 132.464] [4.487999, 0.0] FILL
w [8.0, 0.0, 0.0, 8.0, 81.308, 132.464] [6.288002, 0.0] FILL
- [8.0, 0.0, 0.0, 8.0, 87.596, 132.464] [2.5759964, 0.0] FILL
b [8.0, 0.0, 0.0, 8.0, 90.172, 132.464] [4.919998, 0.0] FILL
raw-b: payload=AB; check=102; codewords=[104, 33, 34]; supplement=; exact independent modules and placement=pass; label=RAW raw-b; label metrics=pass

Page 15 raw-a
Observed PDF rectangles [x,y,width,height]:
[46.0, 144.0, 2.0, 48.0]
[49.0, 144.0, 1.0, 48.0]
[54.0, 144.0, 1.0, 48.0]
[57.0, 144.0, 1.0, 48.0]
[60.0, 144.0, 1.0, 48.0]
[62.0, 144.0, 2.0, 48.0]
[68.0, 144.0, 1.0, 48.0]
[70.0, 144.0, 1.0, 48.0]
[74.0, 144.0, 2.0, 48.0]
[79.0, 144.0, 1.0, 48.0]
[83.0, 144.0, 1.0, 48.0]
[85.0, 144.0, 2.0, 48.0]
[90.0, 144.0, 3.0, 48.0]
[94.0, 144.0, 2.0, 48.0]
[98.0, 144.0, 1.0, 48.0]
[101.0, 144.0, 2.0, 48.0]
[106.0, 144.0, 3.0, 48.0]
[110.0, 144.0, 1.0, 48.0]
[112.0, 144.0, 2.0, 48.0]
Observed labels: character, matrix [a,b,c,d,e,f], advance [x,y], rendering mode:
R [8.0, 0.0, 0.0, 8.0, 59.624, 132.464] [4.975998, 0.0] FILL
A [8.0, 0.0, 0.0, 8.0, 64.6, 132.464] [5.1119995, 0.0] FILL
W [8.0, 0.0, 0.0, 8.0, 69.712006, 132.464] [7.4400024, 0.0] FILL
  [8.0, 0.0, 0.0, 8.0, 77.152, 132.464] [2.0800018, 0.0] FILL
r [8.0, 0.0, 0.0, 8.0, 79.232, 132.464] [3.3040009, 0.0] FILL
a [8.0, 0.0, 0.0, 8.0, 82.536, 132.464] [4.487999, 0.0] FILL
w [8.0, 0.0, 0.0, 8.0, 87.024, 132.464] [6.288002, 0.0] FILL
- [8.0, 0.0, 0.0, 8.0, 93.312004, 132.464] [2.5759964, 0.0] FILL
a [8.0, 0.0, 0.0, 8.0, 95.888, 132.464] [4.487999, 0.0] FILL
raw-a: payload=\u0001AB; check=27; codewords=[103, 65, 33, 34]; supplement=; exact independent modules and placement=pass; label=RAW raw-a; label metrics=pass

Page 16 raw-fnc4-latch
Observed PDF rectangles [x,y,width,height]:
[46.0, 144.0, 2.0, 48.0]
[49.0, 144.0, 1.0, 48.0]
[52.0, 144.0, 1.0, 48.0]
[57.0, 144.0, 1.0, 48.0]
[59.0, 144.0, 4.0, 48.0]
[64.0, 144.0, 3.0, 48.0]
[68.0, 144.0, 1.0, 48.0]
[70.0, 144.0, 4.0, 48.0]
[75.0, 144.0, 3.0, 48.0]
[79.0, 144.0, 1.0, 48.0]
[81.0, 144.0, 1.0, 48.0]
[85.0, 144.0, 2.0, 48.0]
[90.0, 144.0, 1.0, 48.0]
[94.0, 144.0, 1.0, 48.0]
[96.0, 144.0, 2.0, 48.0]
[101.0, 144.0, 2.0, 48.0]
[104.0, 144.0, 3.0, 48.0]
[109.0, 144.0, 1.0, 48.0]
[112.0, 144.0, 2.0, 48.0]
[117.0, 144.0, 3.0, 48.0]
[121.0, 144.0, 1.0, 48.0]
[123.0, 144.0, 2.0, 48.0]
Observed labels: character, matrix [a,b,c,d,e,f], advance [x,y], rendering mode:
R [8.0, 0.0, 0.0, 8.0, 48.912, 132.464] [4.9760017, 0.0] FILL
A [8.0, 0.0, 0.0, 8.0, 53.888, 132.464] [5.1119995, 0.0] FILL
W [8.0, 0.0, 0.0, 8.0, 59.0, 132.464] [7.4400024, 0.0] FILL
  [8.0, 0.0, 0.0, 8.0, 66.44, 132.464] [2.0800018, 0.0] FILL
r [8.0, 0.0, 0.0, 8.0, 68.520004, 132.464] [3.3040009, 0.0] FILL
a [8.0, 0.0, 0.0, 8.0, 71.824005, 132.464] [4.487999, 0.0] FILL
w [8.0, 0.0, 0.0, 8.0, 76.312, 132.464] [6.288002, 0.0] FILL
- [8.0, 0.0, 0.0, 8.0, 82.6, 132.464] [2.5759964, 0.0] FILL
f [8.0, 0.0, 0.0, 8.0, 85.175995, 132.464] [2.751999, 0.0] FILL
n [8.0, 0.0, 0.0, 8.0, 87.92799, 132.464] [4.9440002, 0.0] FILL
c [8.0, 0.0, 0.0, 8.0, 92.871994, 132.464] [3.8399963, 0.0] FILL
4 [8.0, 0.0, 0.0, 8.0, 96.712, 132.464] [4.5759964, 0.0] FILL
- [8.0, 0.0, 0.0, 8.0, 101.287994, 132.464] [2.5759964, 0.0] FILL
l [8.0, 0.0, 0.0, 8.0, 103.86399, 132.464] [2.064003, 0.0] FILL
a [8.0, 0.0, 0.0, 8.0, 105.92799, 132.464] [4.487999, 0.0] FILL
t [8.0, 0.0, 0.0, 8.0, 110.41599, 132.464] [2.8880005, 0.0] FILL
c [8.0, 0.0, 0.0, 8.0, 113.30399, 132.464] [3.8399963, 0.0] FILL
h [8.0, 0.0, 0.0, 8.0, 117.14399, 132.464] [4.9440002, 0.0] FILL
raw-fnc4-latch: payload=\u00c1\u00c2; check=21; codewords=[104, 100, 100, 33, 34]; supplement=; exact independent modules and placement=pass; label=RAW raw-fnc4-latch; label metrics=pass

Page 17 raw-shift
Observed PDF rectangles [x,y,width,height]:
[46.0, 144.0, 2.0, 48.0]
[49.0, 144.0, 1.0, 48.0]
[52.0, 144.0, 1.0, 48.0]
[57.0, 144.0, 1.0, 48.0]
[59.0, 144.0, 1.0, 48.0]
[63.0, 144.0, 2.0, 48.0]
[68.0, 144.0, 4.0, 48.0]
[73.0, 144.0, 1.0, 48.0]
[77.0, 144.0, 1.0, 48.0]
[79.0, 144.0, 1.0, 48.0]
[82.0, 144.0, 1.0, 48.0]
[84.0, 144.0, 2.0, 48.0]
[90.0, 144.0, 1.0, 48.0]
[94.0, 144.0, 1.0, 48.0]
[96.0, 144.0, 2.0, 48.0]
[101.0, 144.0, 1.0, 48.0]
[103.0, 144.0, 3.0, 48.0]
[109.0, 144.0, 2.0, 48.0]
[112.0, 144.0, 2.0, 48.0]
[117.0, 144.0, 3.0, 48.0]
[121.0, 144.0, 1.0, 48.0]
[123.0, 144.0, 2.0, 48.0]
Observed labels: character, matrix [a,b,c,d,e,f], advance [x,y], rendering mode:
R [8.0, 0.0, 0.0, 8.0, 59.128, 132.464] [4.975998, 0.0] FILL
A [8.0, 0.0, 0.0, 8.0, 64.104004, 132.464] [5.1119995, 0.0] FILL
W [8.0, 0.0, 0.0, 8.0, 69.216, 132.464] [7.4400024, 0.0] FILL
  [8.0, 0.0, 0.0, 8.0, 76.656, 132.464] [2.0800018, 0.0] FILL
r [8.0, 0.0, 0.0, 8.0, 78.736, 132.464] [3.3040009, 0.0] FILL
a [8.0, 0.0, 0.0, 8.0, 82.04, 132.464] [4.487999, 0.0] FILL
w [8.0, 0.0, 0.0, 8.0, 86.528, 132.464] [6.288002, 0.0] FILL
- [8.0, 0.0, 0.0, 8.0, 92.816, 132.464] [2.5759964, 0.0] FILL
s [8.0, 0.0, 0.0, 8.0, 95.392, 132.464] [3.8320007, 0.0] FILL
h [8.0, 0.0, 0.0, 8.0, 99.224, 132.464] [4.9440002, 0.0] FILL
i [8.0, 0.0, 0.0, 8.0, 104.168, 132.464] [2.064003, 0.0] FILL
f [8.0, 0.0, 0.0, 8.0, 106.232, 132.464] [2.751999, 0.0] FILL
t [8.0, 0.0, 0.0, 8.0, 108.984, 132.464] [2.8880005, 0.0] FILL
raw-shift: payload=A\u0001B; check=46; codewords=[104, 33, 98, 65, 34]; supplement=; exact independent modules and placement=pass; label=RAW raw-shift; label metrics=pass

Page 18 raw-latches
Observed PDF rectangles [x,y,width,height]:
[46.0, 144.0, 2.0, 48.0]
[49.0, 144.0, 1.0, 48.0]
[52.0, 144.0, 3.0, 48.0]
[57.0, 144.0, 1.0, 48.0]
[59.0, 144.0, 2.0, 48.0]
[63.0, 144.0, 3.0, 48.0]
[68.0, 144.0, 1.0, 48.0]
[72.0, 144.0, 1.0, 48.0]
[74.0, 144.0, 2.0, 48.0]
[79.0, 144.0, 1.0, 48.0]
[81.0, 144.0, 4.0, 48.0]
[86.0, 144.0, 3.0, 48.0]
[90.0, 144.0, 1.0, 48.0]
[92.0, 144.0, 1.0, 48.0]
[96.0, 144.0, 2.0, 48.0]
[101.0, 144.0, 3.0, 48.0]
[105.0, 144.0, 1.0, 48.0]
[107.0, 144.0, 4.0, 48.0]
[112.0, 144.0, 1.0, 48.0]
[115.0, 144.0, 1.0, 48.0]
[117.0, 144.0, 2.0, 48.0]
[123.0, 144.0, 1.0, 48.0]
[125.0, 144.0, 2.0, 48.0]
[131.0, 144.0, 1.0, 48.0]
[134.0, 144.0, 2.0, 48.0]
[139.0, 144.0, 3.0, 48.0]
[143.0, 144.0, 1.0, 48.0]
[145.0, 144.0, 2.0, 48.0]
Observed labels: character, matrix [a,b,c,d,e,f], advance [x,y], rendering mode:
R [8.0, 0.0, 0.0, 8.0, 65.084, 132.464] [4.975998, 0.0] FILL
A [8.0, 0.0, 0.0, 8.0, 70.06, 132.464] [5.1119995, 0.0] FILL
W [8.0, 0.0, 0.0, 8.0, 75.172, 132.464] [7.4400024, 0.0] FILL
  [8.0, 0.0, 0.0, 8.0, 82.612, 132.464] [2.0800018, 0.0] FILL
r [8.0, 0.0, 0.0, 8.0, 84.69199, 132.464] [3.3040009, 0.0] FILL
a [8.0, 0.0, 0.0, 8.0, 87.995995, 132.464] [4.487999, 0.0] FILL
w [8.0, 0.0, 0.0, 8.0, 92.48399, 132.464] [6.288002, 0.0] FILL
- [8.0, 0.0, 0.0, 8.0, 98.771996, 132.464] [2.5759964, 0.0] FILL
l [8.0, 0.0, 0.0, 8.0, 101.34799, 132.464] [2.064003, 0.0] FILL
a [8.0, 0.0, 0.0, 8.0, 103.411995, 132.464] [4.487999, 0.0] FILL
t [8.0, 0.0, 0.0, 8.0, 107.899994, 132.464] [2.8880005, 0.0] FILL
c [8.0, 0.0, 0.0, 8.0, 110.787994, 132.464] [3.8399963, 0.0] FILL
h [8.0, 0.0, 0.0, 8.0, 114.62799, 132.464] [4.9440002, 0.0] FILL
e [8.0, 0.0, 0.0, 8.0, 119.57199, 132.464] [4.512001, 0.0] FILL
s [8.0, 0.0, 0.0, 8.0, 124.08399, 132.464] [3.8320007, 0.0] FILL
raw-latches: payload=1234A\u0001; check=70; codewords=[105, 12, 34, 100, 33, 101, 65]; supplement=; exact independent modules and placement=pass; label=RAW raw-latches; label metrics=pass

Page 19 raw-fnc1
Observed PDF rectangles [x,y,width,height]:
[46.0, 144.0, 2.0, 48.0]
[49.0, 144.0, 1.0, 48.0]
[52.0, 144.0, 1.0, 48.0]
[57.0, 144.0, 1.0, 48.0]
[59.0, 144.0, 1.0, 48.0]
[63.0, 144.0, 2.0, 48.0]
[68.0, 144.0, 4.0, 48.0]
[73.0, 144.0, 1.0, 48.0]
[75.0, 144.0, 3.0, 48.0]
[79.0, 144.0, 1.0, 48.0]
[83.0, 144.0, 1.0, 48.0]
[85.0, 144.0, 2.0, 48.0]
[90.0, 144.0, 2.0, 48.0]
[93.0, 144.0, 2.0, 48.0]
[98.0, 144.0, 2.0, 48.0]
[101.0, 144.0, 2.0, 48.0]
[106.0, 144.0, 3.0, 48.0]
[110.0, 144.0, 1.0, 48.0]
[112.0, 144.0, 2.0, 48.0]
Observed labels: character, matrix [a,b,c,d,e,f], advance [x,y], rendering mode:
R [8.0, 0.0, 0.0, 8.0, 53.812, 132.464] [4.9760017, 0.0] FILL
A [8.0, 0.0, 0.0, 8.0, 58.788002, 132.464] [5.1119995, 0.0] FILL
W [8.0, 0.0, 0.0, 8.0, 63.9, 132.464] [7.4400024, 0.0] FILL
  [8.0, 0.0, 0.0, 8.0, 71.34, 132.464] [2.0800018, 0.0] FILL
r [8.0, 0.0, 0.0, 8.0, 73.42, 132.464] [3.3040009, 0.0] FILL
a [8.0, 0.0, 0.0, 8.0, 76.724, 132.464] [4.487999, 0.0] FILL
w [8.0, 0.0, 0.0, 8.0, 81.212, 132.464] [6.288002, 0.0] FILL
- [8.0, 0.0, 0.0, 8.0, 87.5, 132.464] [2.5759964, 0.0] FILL
f [8.0, 0.0, 0.0, 8.0, 90.076004, 132.464] [2.751999, 0.0] FILL
n [8.0, 0.0, 0.0, 8.0, 92.828, 132.464] [4.9440002, 0.0] FILL
c [8.0, 0.0, 0.0, 8.0, 97.772, 132.464] [3.8399963, 0.0] FILL
1 [8.0, 0.0, 0.0, 8.0, 101.612, 132.464] [4.576004, 0.0] FILL
raw-fnc1: payload=AB; check=31; codewords=[104, 33, 102, 34]; supplement=; exact independent modules and placement=pass; label=RAW raw-fnc1; label metrics=pass

Page 20 raw-fnc2
Observed PDF rectangles [x,y,width,height]:
[46.0, 144.0, 2.0, 48.0]
[49.0, 144.0, 1.0, 48.0]
[52.0, 144.0, 1.0, 48.0]
[57.0, 144.0, 1.0, 48.0]
[59.0, 144.0, 1.0, 48.0]
[63.0, 144.0, 2.0, 48.0]
[68.0, 144.0, 4.0, 48.0]
[73.0, 144.0, 1.0, 48.0]
[75.0, 144.0, 1.0, 48.0]
[79.0, 144.0, 1.0, 48.0]
[83.0, 144.0, 1.0, 48.0]
[85.0, 144.0, 2.0, 48.0]
[90.0, 144.0, 2.0, 48.0]
[93.0, 144.0, 3.0, 48.0]
[98.0, 144.0, 1.0, 48.0]
[101.0, 144.0, 2.0, 48.0]
[106.0, 144.0, 3.0, 48.0]
[110.0, 144.0, 1.0, 48.0]
[112.0, 144.0, 2.0, 48.0]
Observed labels: character, matrix [a,b,c,d,e,f], advance [x,y], rendering mode:
R [8.0, 0.0, 0.0, 8.0, 53.812, 132.464] [4.9760017, 0.0] FILL
A [8.0, 0.0, 0.0, 8.0, 58.788002, 132.464] [5.1119995, 0.0] FILL
W [8.0, 0.0, 0.0, 8.0, 63.9, 132.464] [7.4400024, 0.0] FILL
  [8.0, 0.0, 0.0, 8.0, 71.34, 132.464] [2.0800018, 0.0] FILL
r [8.0, 0.0, 0.0, 8.0, 73.42, 132.464] [3.3040009, 0.0] FILL
a [8.0, 0.0, 0.0, 8.0, 76.724, 132.464] [4.487999, 0.0] FILL
w [8.0, 0.0, 0.0, 8.0, 81.212, 132.464] [6.288002, 0.0] FILL
- [8.0, 0.0, 0.0, 8.0, 87.5, 132.464] [2.5759964, 0.0] FILL
f [8.0, 0.0, 0.0, 8.0, 90.076004, 132.464] [2.751999, 0.0] FILL
n [8.0, 0.0, 0.0, 8.0, 92.828, 132.464] [4.9440002, 0.0] FILL
c [8.0, 0.0, 0.0, 8.0, 97.772, 132.464] [3.8399963, 0.0] FILL
2 [8.0, 0.0, 0.0, 8.0, 101.612, 132.464] [4.576004, 0.0] FILL
raw-fnc2: payload=AB; check=21; codewords=[104, 33, 97, 34]; supplement=; exact independent modules and placement=pass; label=RAW raw-fnc2; label metrics=pass

Page 21 raw-fnc3
Observed PDF rectangles [x,y,width,height]:
[46.0, 144.0, 2.0, 48.0]
[49.0, 144.0, 1.0, 48.0]
[52.0, 144.0, 1.0, 48.0]
[57.0, 144.0, 1.0, 48.0]
[59.0, 144.0, 1.0, 48.0]
[63.0, 144.0, 2.0, 48.0]
[68.0, 144.0, 1.0, 48.0]
[70.0, 144.0, 4.0, 48.0]
[77.0, 144.0, 1.0, 48.0]
[79.0, 144.0, 1.0, 48.0]
[83.0, 144.0, 1.0, 48.0]
[85.0, 144.0, 2.0, 48.0]
[90.0, 144.0, 2.0, 48.0]
[94.0, 144.0, 1.0, 48.0]
[96.0, 144.0, 3.0, 48.0]
[101.0, 144.0, 2.0, 48.0]
[106.0, 144.0, 3.0, 48.0]
[110.0, 144.0, 1.0, 48.0]
[112.0, 144.0, 2.0, 48.0]
Observed labels: character, matrix [a,b,c,d,e,f], advance [x,y], rendering mode:
R [8.0, 0.0, 0.0, 8.0, 53.812, 132.464] [4.9760017, 0.0] FILL
A [8.0, 0.0, 0.0, 8.0, 58.788002, 132.464] [5.1119995, 0.0] FILL
W [8.0, 0.0, 0.0, 8.0, 63.9, 132.464] [7.4400024, 0.0] FILL
  [8.0, 0.0, 0.0, 8.0, 71.34, 132.464] [2.0800018, 0.0] FILL
r [8.0, 0.0, 0.0, 8.0, 73.42, 132.464] [3.3040009, 0.0] FILL
a [8.0, 0.0, 0.0, 8.0, 76.724, 132.464] [4.487999, 0.0] FILL
w [8.0, 0.0, 0.0, 8.0, 81.212, 132.464] [6.288002, 0.0] FILL
- [8.0, 0.0, 0.0, 8.0, 87.5, 132.464] [2.5759964, 0.0] FILL
f [8.0, 0.0, 0.0, 8.0, 90.076004, 132.464] [2.751999, 0.0] FILL
n [8.0, 0.0, 0.0, 8.0, 92.828, 132.464] [4.9440002, 0.0] FILL
c [8.0, 0.0, 0.0, 8.0, 97.772, 132.464] [3.8399963, 0.0] FILL
3 [8.0, 0.0, 0.0, 8.0, 101.612, 132.464] [4.576004, 0.0] FILL
raw-fnc3: payload=AB; check=19; codewords=[104, 33, 96, 34]; supplement=; exact independent modules and placement=pass; label=RAW raw-fnc3; label metrics=pass

Page 22 raw-fnc4
Observed PDF rectangles [x,y,width,height]:
[46.0, 144.0, 2.0, 48.0]
[49.0, 144.0, 1.0, 48.0]
[52.0, 144.0, 1.0, 48.0]
[57.0, 144.0, 1.0, 48.0]
[59.0, 144.0, 1.0, 48.0]
[63.0, 144.0, 2.0, 48.0]
[68.0, 144.0, 1.0, 48.0]
[70.0, 144.0, 4.0, 48.0]
[75.0, 144.0, 3.0, 48.0]
[79.0, 144.0, 1.0, 48.0]
[83.0, 144.0, 1.0, 48.0]
[85.0, 144.0, 2.0, 48.0]
[90.0, 144.0, 3.0, 48.0]
[94.0, 144.0, 2.0, 48.0]
[98.0, 144.0, 1.0, 48.0]
[101.0, 144.0, 2.0, 48.0]
[106.0, 144.0, 3.0, 48.0]
[110.0, 144.0, 1.0, 48.0]
[112.0, 144.0, 2.0, 48.0]
Observed labels: character, matrix [a,b,c,d,e,f], advance [x,y], rendering mode:
R [8.0, 0.0, 0.0, 8.0, 53.812, 132.464] [4.9760017, 0.0] FILL
A [8.0, 0.0, 0.0, 8.0, 58.788002, 132.464] [5.1119995, 0.0] FILL
W [8.0, 0.0, 0.0, 8.0, 63.9, 132.464] [7.4400024, 0.0] FILL
  [8.0, 0.0, 0.0, 8.0, 71.34, 132.464] [2.0800018, 0.0] FILL
r [8.0, 0.0, 0.0, 8.0, 73.42, 132.464] [3.3040009, 0.0] FILL
a [8.0, 0.0, 0.0, 8.0, 76.724, 132.464] [4.487999, 0.0] FILL
w [8.0, 0.0, 0.0, 8.0, 81.212, 132.464] [6.288002, 0.0] FILL
- [8.0, 0.0, 0.0, 8.0, 87.5, 132.464] [2.5759964, 0.0] FILL
f [8.0, 0.0, 0.0, 8.0, 90.076004, 132.464] [2.751999, 0.0] FILL
n [8.0, 0.0, 0.0, 8.0, 92.828, 132.464] [4.9440002, 0.0] FILL
c [8.0, 0.0, 0.0, 8.0, 97.772, 132.464] [3.8399963, 0.0] FILL
4 [8.0, 0.0, 0.0, 8.0, 101.612, 132.464] [4.576004, 0.0] FILL
raw-fnc4: payload=A\u00c2; check=27; codewords=[104, 33, 100, 34]; supplement=; exact independent modules and placement=pass; label=RAW raw-fnc4; label metrics=pass

Page 23 literal-fnc1
Observed PDF rectangles [x,y,width,height]:
[46.0, 144.0, 2.0, 48.0]
[49.0, 144.0, 1.0, 48.0]
[52.0, 144.0, 1.0, 48.0]
[57.0, 144.0, 3.0, 48.0]
[61.0, 144.0, 4.0, 48.0]
[66.0, 144.0, 1.0, 48.0]
[68.0, 144.0, 3.0, 48.0]
[73.0, 144.0, 2.0, 48.0]
[76.0, 144.0, 1.0, 48.0]
[79.0, 144.0, 1.0, 48.0]
[83.0, 144.0, 2.0, 48.0]
[88.0, 144.0, 1.0, 48.0]
[90.0, 144.0, 1.0, 48.0]
[92.0, 144.0, 3.0, 48.0]
[98.0, 144.0, 2.0, 48.0]
[101.0, 144.0, 1.0, 48.0]
[105.0, 144.0, 1.0, 48.0]
[109.0, 144.0, 2.0, 48.0]
[112.0, 144.0, 1.0, 48.0]
[115.0, 144.0, 3.0, 48.0]
[120.0, 144.0, 2.0, 48.0]
[123.0, 144.0, 2.0, 48.0]
[126.0, 144.0, 2.0, 48.0]
[129.0, 144.0, 2.0, 48.0]
[134.0, 144.0, 2.0, 48.0]
[140.0, 144.0, 1.0, 48.0]
[142.0, 144.0, 1.0, 48.0]
[145.0, 144.0, 2.0, 48.0]
[150.0, 144.0, 3.0, 48.0]
[154.0, 144.0, 1.0, 48.0]
[156.0, 144.0, 2.0, 48.0]
Observed labels: character, matrix [a,b,c,d,e,f], advance [x,y], rendering mode:
\ [8.0, 0.0, 0.0, 8.0, 86.004, 132.464] [2.975998, 0.0] FILL
< [8.0, 0.0, 0.0, 8.0, 88.98, 132.464] [4.5759964, 0.0] FILL
F [8.0, 0.0, 0.0, 8.0, 93.556, 132.464] [4.1520004, 0.0] FILL
N [8.0, 0.0, 0.0, 8.0, 97.70801, 132.464] [6.080002, 0.0] FILL
C [8.0, 0.0, 0.0, 8.0, 103.788, 132.464] [5.0559998, 0.0] FILL
1 [8.0, 0.0, 0.0, 8.0, 108.844, 132.464] [4.5759964, 0.0] FILL
> [8.0, 0.0, 0.0, 8.0, 113.42, 132.464] [4.576004, 0.0] FILL
literal-fnc1: payload=\<FNC1>; check=78; codewords=[104, 60, 28, 38, 46, 35, 17, 30]; supplement=; exact independent modules and placement=pass; label=\<FNC1>; label metrics=pass

Page 24 literal-fnc2
Observed PDF rectangles [x,y,width,height]:
[46.0, 144.0, 2.0, 48.0]
[49.0, 144.0, 1.0, 48.0]
[52.0, 144.0, 1.0, 48.0]
[57.0, 144.0, 3.0, 48.0]
[61.0, 144.0, 4.0, 48.0]
[66.0, 144.0, 1.0, 48.0]
[68.0, 144.0, 3.0, 48.0]
[73.0, 144.0, 2.0, 48.0]
[76.0, 144.0, 1.0, 48.0]
[79.0, 144.0, 1.0, 48.0]
[83.0, 144.0, 2.0, 48.0]
[88.0, 144.0, 1.0, 48.0]
[90.0, 144.0, 1.0, 48.0]
[92.0, 144.0, 3.0, 48.0]
[98.0, 144.0, 2.0, 48.0]
[101.0, 144.0, 1.0, 48.0]
[105.0, 144.0, 1.0, 48.0]
[109.0, 144.0, 2.0, 48.0]
[112.0, 144.0, 2.0, 48.0]
[116.0, 144.0, 3.0, 48.0]
[121.0, 144.0, 1.0, 48.0]
[123.0, 144.0, 2.0, 48.0]
[126.0, 144.0, 2.0, 48.0]
[129.0, 144.0, 2.0, 48.0]
[134.0, 144.0, 1.0, 48.0]
[137.0, 144.0, 4.0, 48.0]
[142.0, 144.0, 1.0, 48.0]
[145.0, 144.0, 2.0, 48.0]
[150.0, 144.0, 3.0, 48.0]
[154.0, 144.0, 1.0, 48.0]
[156.0, 144.0, 2.0, 48.0]
Observed labels: character, matrix [a,b,c,d,e,f], advance [x,y], rendering mode:
\ [8.0, 0.0, 0.0, 8.0, 86.004, 132.464] [2.975998, 0.0] FILL
< [8.0, 0.0, 0.0, 8.0, 88.98, 132.464] [4.5759964, 0.0] FILL
F [8.0, 0.0, 0.0, 8.0, 93.556, 132.464] [4.1520004, 0.0] FILL
N [8.0, 0.0, 0.0, 8.0, 97.70801, 132.464] [6.080002, 0.0] FILL
C [8.0, 0.0, 0.0, 8.0, 103.788, 132.464] [5.0559998, 0.0] FILL
2 [8.0, 0.0, 0.0, 8.0, 108.844, 132.464] [4.5759964, 0.0] FILL
> [8.0, 0.0, 0.0, 8.0, 113.42, 132.464] [4.576004, 0.0] FILL
literal-fnc2: payload=\<FNC2>; check=84; codewords=[104, 60, 28, 38, 46, 35, 18, 30]; supplement=; exact independent modules and placement=pass; label=\<FNC2>; label metrics=pass

Page 25 literal-fnc3
Observed PDF rectangles [x,y,width,height]:
[46.0, 144.0, 2.0, 48.0]
[49.0, 144.0, 1.0, 48.0]
[52.0, 144.0, 1.0, 48.0]
[57.0, 144.0, 3.0, 48.0]
[61.0, 144.0, 4.0, 48.0]
[66.0, 144.0, 1.0, 48.0]
[68.0, 144.0, 3.0, 48.0]
[73.0, 144.0, 2.0, 48.0]
[76.0, 144.0, 1.0, 48.0]
[79.0, 144.0, 1.0, 48.0]
[83.0, 144.0, 2.0, 48.0]
[88.0, 144.0, 1.0, 48.0]
[90.0, 144.0, 1.0, 48.0]
[92.0, 144.0, 3.0, 48.0]
[98.0, 144.0, 2.0, 48.0]
[101.0, 144.0, 1.0, 48.0]
[105.0, 144.0, 1.0, 48.0]
[109.0, 144.0, 2.0, 48.0]
[112.0, 144.0, 2.0, 48.0]
[116.0, 144.0, 1.0, 48.0]
[118.0, 144.0, 3.0, 48.0]
[123.0, 144.0, 2.0, 48.0]
[126.0, 144.0, 2.0, 48.0]
[129.0, 144.0, 2.0, 48.0]
[134.0, 144.0, 2.0, 48.0]
[137.0, 144.0, 4.0, 48.0]
[142.0, 144.0, 2.0, 48.0]
[145.0, 144.0, 2.0, 48.0]
[150.0, 144.0, 3.0, 48.0]
[154.0, 144.0, 1.0, 48.0]
[156.0, 144.0, 2.0, 48.0]
Observed labels: character, matrix [a,b,c,d,e,f], advance [x,y], rendering mode:
\ [8.0, 0.0, 0.0, 8.0, 86.004, 132.464] [2.975998, 0.0] FILL
< [8.0, 0.0, 0.0, 8.0, 88.98, 132.464] [4.5759964, 0.0] FILL
F [8.0, 0.0, 0.0, 8.0, 93.556, 132.464] [4.1520004, 0.0] FILL
N [8.0, 0.0, 0.0, 8.0, 97.70801, 132.464] [6.080002, 0.0] FILL
C [8.0, 0.0, 0.0, 8.0, 103.788, 132.464] [5.0559998, 0.0] FILL
3 [8.0, 0.0, 0.0, 8.0, 108.844, 132.464] [4.5759964, 0.0] FILL
> [8.0, 0.0, 0.0, 8.0, 113.42, 132.464] [4.576004, 0.0] FILL
literal-fnc3: payload=\<FNC3>; check=90; codewords=[104, 60, 28, 38, 46, 35, 19, 30]; supplement=; exact independent modules and placement=pass; label=\<FNC3>; label metrics=pass

Page 26 literal-fnc4
Observed PDF rectangles [x,y,width,height]:
[46.0, 144.0, 2.0, 48.0]
[49.0, 144.0, 1.0, 48.0]
[52.0, 144.0, 1.0, 48.0]
[57.0, 144.0, 3.0, 48.0]
[61.0, 144.0, 4.0, 48.0]
[66.0, 144.0, 1.0, 48.0]
[68.0, 144.0, 3.0, 48.0]
[73.0, 144.0, 2.0, 48.0]
[76.0, 144.0, 1.0, 48.0]
[79.0, 144.0, 1.0, 48.0]
[83.0, 144.0, 2.0, 48.0]
[88.0, 144.0, 1.0, 48.0]
[90.0, 144.0, 1.0, 48.0]
[92.0, 144.0, 3.0, 48.0]
[98.0, 144.0, 2.0, 48.0]
[101.0, 144.0, 1.0, 48.0]
[105.0, 144.0, 1.0, 48.0]
[109.0, 144.0, 2.0, 48.0]
[112.0, 144.0, 2.0, 48.0]
[116.0, 144.0, 1.0, 48.0]
[119.0, 144.0, 3.0, 48.0]
[123.0, 144.0, 2.0, 48.0]
[126.0, 144.0, 2.0, 48.0]
[129.0, 144.0, 2.0, 48.0]
[134.0, 144.0, 1.0, 48.0]
[136.0, 144.0, 4.0, 48.0]
[143.0, 144.0, 1.0, 48.0]
[145.0, 144.0, 2.0, 48.0]
[150.0, 144.0, 3.0, 48.0]
[154.0, 144.0, 1.0, 48.0]
[156.0, 144.0, 2.0, 48.0]
Observed labels: character, matrix [a,b,c,d,e,f], advance [x,y], rendering mode:
\ [8.0, 0.0, 0.0, 8.0, 86.004, 132.464] [2.975998, 0.0] FILL
< [8.0, 0.0, 0.0, 8.0, 88.98, 132.464] [4.5759964, 0.0] FILL
F [8.0, 0.0, 0.0, 8.0, 93.556, 132.464] [4.1520004, 0.0] FILL
N [8.0, 0.0, 0.0, 8.0, 97.70801, 132.464] [6.080002, 0.0] FILL
C [8.0, 0.0, 0.0, 8.0, 103.788, 132.464] [5.0559998, 0.0] FILL
4 [8.0, 0.0, 0.0, 8.0, 108.844, 132.464] [4.5759964, 0.0] FILL
> [8.0, 0.0, 0.0, 8.0, 113.42, 132.464] [4.576004, 0.0] FILL
literal-fnc4: payload=\<FNC4>; check=96; codewords=[104, 60, 28, 38, 46, 35, 20, 30]; supplement=; exact independent modules and placement=pass; label=\<FNC4>; label metrics=pass

Page 27 literal-fnc4-a-single
Observed PDF rectangles [x,y,width,height]:
[46.0, 144.0, 2.0, 48.0]
[49.0, 144.0, 1.0, 48.0]
[52.0, 144.0, 1.0, 48.0]
[57.0, 144.0, 3.0, 48.0]
[61.0, 144.0, 4.0, 48.0]
[66.0, 144.0, 1.0, 48.0]
[68.0, 144.0, 3.0, 48.0]
[73.0, 144.0, 2.0, 48.0]
[76.0, 144.0, 1.0, 48.0]
[79.0, 144.0, 1.0, 48.0]
[83.0, 144.0, 2.0, 48.0]
[88.0, 144.0, 1.0, 48.0]
[90.0, 144.0, 1.0, 48.0]
[92.0, 144.0, 3.0, 48.0]
[98.0, 144.0, 2.0, 48.0]
[101.0, 144.0, 1.0, 48.0]
[105.0, 144.0, 1.0, 48.0]
[109.0, 144.0, 2.0, 48.0]
[112.0, 144.0, 1.0, 48.0]
[115.0, 144.0, 3.0, 48.0]
[120.0, 144.0, 2.0, 48.0]
[123.0, 144.0, 2.0, 48.0]
[126.0, 144.0, 2.0, 48.0]
[129.0, 144.0, 2.0, 48.0]
[134.0, 144.0, 3.0, 48.0]
[138.0, 144.0, 1.0, 48.0]
[140.0, 144.0, 4.0, 48.0]
[145.0, 144.0, 3.0, 48.0]
[149.0, 144.0, 1.0, 48.0]
[151.0, 144.0, 4.0, 48.0]
[156.0, 144.0, 1.0, 48.0]
[159.0, 144.0, 1.0, 48.0]
[161.0, 144.0, 2.0, 48.0]
[167.0, 144.0, 1.0, 48.0]
[169.0, 144.0, 1.0, 48.0]
[173.0, 144.0, 2.0, 48.0]
[178.0, 144.0, 3.0, 48.0]
[182.0, 144.0, 2.0, 48.0]
[186.0, 144.0, 1.0, 48.0]
[189.0, 144.0, 2.0, 48.0]
[194.0, 144.0, 3.0, 48.0]
[198.0, 144.0, 1.0, 48.0]
[200.0, 144.0, 2.0, 48.0]
Observed labels: character, matrix [a,b,c,d,e,f], advance [x,y], rendering mode:
\ [8.0, 0.0, 0.0, 8.0, 82.759995, 132.464] [2.975998, 0.0] FILL
< [8.0, 0.0, 0.0, 8.0, 85.736, 132.464] [4.5759964, 0.0] FILL
F [8.0, 0.0, 0.0, 8.0, 90.312, 132.464] [4.1520004, 0.0] FILL
N [8.0, 0.0, 0.0, 8.0, 94.464005, 132.464] [6.080002, 0.0] FILL
C [8.0, 0.0, 0.0, 8.0, 100.544, 132.464] [5.0559998, 0.0] FILL
1 [8.0, 0.0, 0.0, 8.0, 105.6, 132.464] [4.5759964, 0.0] FILL
> [8.0, 0.0, 0.0, 8.0, 110.175995, 132.464] [4.576004, 0.0] FILL
< [8.0, 0.0, 0.0, 8.0, 114.752, 132.464] [4.576004, 0.0] FILL
F [8.0, 0.0, 0.0, 8.0, 119.328, 132.464] [4.1520004, 0.0] FILL
N [8.0, 0.0, 0.0, 8.0, 123.48, 132.464] [6.079994, 0.0] FILL
C [8.0, 0.0, 0.0, 8.0, 129.56, 132.464] [5.0559998, 0.0] FILL
4 [8.0, 0.0, 0.0, 8.0, 134.616, 132.464] [4.576004, 0.0] FILL
> [8.0, 0.0, 0.0, 8.0, 139.192, 132.464] [4.576004, 0.0] FILL
\ [8.0, 0.0, 0.0, 8.0, 143.768, 132.464] [2.975998, 0.0] FILL
x [8.0, 0.0, 0.0, 8.0, 146.744, 132.464] [4.2319946, 0.0] FILL
0 [8.0, 0.0, 0.0, 8.0, 150.97601, 132.464] [4.576004, 0.0] FILL
1 [8.0, 0.0, 0.0, 8.0, 155.552, 132.464] [4.576004, 0.0] FILL
A [8.0, 0.0, 0.0, 8.0, 160.128, 132.464] [5.1119995, 0.0] FILL
literal-fnc4-a-single: payload=\<FNC1>\u0081A; check=27; codewords=[104, 60, 28, 38, 46, 35, 17, 30, 101, 101, 65, 33]; supplement=; exact independent modules and placement=pass; label=\<FNC1><FNC4>\x01A; label metrics=pass

Page 28 literal-fnc4-a-pair
Observed PDF rectangles [x,y,width,height]:
[46.0, 144.0, 2.0, 48.0]
[49.0, 144.0, 1.0, 48.0]
[52.0, 144.0, 1.0, 48.0]
[57.0, 144.0, 3.0, 48.0]
[61.0, 144.0, 4.0, 48.0]
[66.0, 144.0, 1.0, 48.0]
[68.0, 144.0, 3.0, 48.0]
[73.0, 144.0, 2.0, 48.0]
[76.0, 144.0, 1.0, 48.0]
[79.0, 144.0, 1.0, 48.0]
[83.0, 144.0, 2.0, 48.0]
[88.0, 144.0, 1.0, 48.0]
[90.0, 144.0, 1.0, 48.0]
[92.0, 144.0, 3.0, 48.0]
[98.0, 144.0, 2.0, 48.0]
[101.0, 144.0, 1.0, 48.0]
[105.0, 144.0, 1.0, 48.0]
[109.0, 144.0, 2.0, 48.0]
[112.0, 144.0, 1.0, 48.0]
[115.0, 144.0, 3.0, 48.0]
[120.0, 144.0, 2.0, 48.0]
[123.0, 144.0, 2.0, 48.0]
[126.0, 144.0, 2.0, 48.0]
[129.0, 144.0, 2.0, 48.0]
[134.0, 144.0, 3.0, 48.0]
[138.0, 144.0, 1.0, 48.0]
[140.0, 144.0, 4.0, 48.0]
[145.0, 144.0, 3.0, 48.0]
[149.0, 144.0, 1.0, 48.0]
[151.0, 144.0, 4.0, 48.0]
[156.0, 144.0, 3.0, 48.0]
[160.0, 144.0, 1.0, 48.0]
[162.0, 144.0, 4.0, 48.0]
[167.0, 144.0, 1.0, 48.0]
[170.0, 144.0, 1.0, 48.0]
[172.0, 144.0, 2.0, 48.0]
[178.0, 144.0, 1.0, 48.0]
[180.0, 144.0, 1.0, 48.0]
[184.0, 144.0, 2.0, 48.0]
[189.0, 144.0, 2.0, 48.0]
[193.0, 144.0, 2.0, 48.0]
[197.0, 144.0, 2.0, 48.0]
[200.0, 144.0, 2.0, 48.0]
[205.0, 144.0, 3.0, 48.0]
[209.0, 144.0, 1.0, 48.0]
[211.0, 144.0, 2.0, 48.0]
Observed labels: character, matrix [a,b,c,d,e,f], advance [x,y], rendering mode:
\ [8.0, 0.0, 0.0, 8.0, 73.752, 132.464] [2.975998, 0.0] FILL
< [8.0, 0.0, 0.0, 8.0, 76.728, 132.464] [4.576004, 0.0] FILL
F [8.0, 0.0, 0.0, 8.0, 81.304, 132.464] [4.1520004, 0.0] FILL
N [8.0, 0.0, 0.0, 8.0, 85.456, 132.464] [6.080002, 0.0] FILL
C [8.0, 0.0, 0.0, 8.0, 91.536, 132.464] [5.0559998, 0.0] FILL
1 [8.0, 0.0, 0.0, 8.0, 96.592, 132.464] [4.5759964, 0.0] FILL
> [8.0, 0.0, 0.0, 8.0, 101.168, 132.464] [4.576004, 0.0] FILL
< [8.0, 0.0, 0.0, 8.0, 105.744, 132.464] [4.576004, 0.0] FILL
F [8.0, 0.0, 0.0, 8.0, 110.32001, 132.464] [4.1520004, 0.0] FILL
N [8.0, 0.0, 0.0, 8.0, 114.47201, 132.464] [6.080002, 0.0] FILL
C [8.0, 0.0, 0.0, 8.0, 120.55201, 132.464] [5.0559998, 0.0] FILL
4 [8.0, 0.0, 0.0, 8.0, 125.60801, 132.464] [4.5759964, 0.0] FILL
> [8.0, 0.0, 0.0, 8.0, 130.184, 132.464] [4.576004, 0.0] FILL
< [8.0, 0.0, 0.0, 8.0, 134.76001, 132.464] [4.576004, 0.0] FILL
F [8.0, 0.0, 0.0, 8.0, 139.33601, 132.464] [4.151993, 0.0] FILL
N [8.0, 0.0, 0.0, 8.0, 143.488, 132.464] [6.080002, 0.0] FILL
C [8.0, 0.0, 0.0, 8.0, 149.56802, 132.464] [5.0559998, 0.0] FILL
4 [8.0, 0.0, 0.0, 8.0, 154.62402, 132.464] [4.576004, 0.0] FILL
> [8.0, 0.0, 0.0, 8.0, 159.20001, 132.464] [4.576004, 0.0] FILL
\ [8.0, 0.0, 0.0, 8.0, 163.77602, 132.464] [2.975998, 0.0] FILL
x [8.0, 0.0, 0.0, 8.0, 166.75201, 132.464] [4.2319946, 0.0] FILL
0 [8.0, 0.0, 0.0, 8.0, 170.98401, 132.464] [4.576004, 0.0] FILL
1 [8.0, 0.0, 0.0, 8.0, 175.56001, 132.464] [4.576004, 0.0] FILL
A [8.0, 0.0, 0.0, 8.0, 180.13602, 132.464] [5.1119995, 0.0] FILL
literal-fnc4-a-pair: payload=\<FNC1>\u0081\u00c1; check=2; codewords=[104, 60, 28, 38, 46, 35, 17, 30, 101, 101, 101, 65, 33]; supplement=; exact independent modules and placement=pass; label=\<FNC1><FNC4><FNC4>\x01A; label metrics=pass

Page 29 literal-fnc4-b-single
Observed PDF rectangles [x,y,width,height]:
[46.0, 144.0, 2.0, 48.0]
[49.0, 144.0, 1.0, 48.0]
[52.0, 144.0, 1.0, 48.0]
[57.0, 144.0, 3.0, 48.0]
[61.0, 144.0, 4.0, 48.0]
[66.0, 144.0, 1.0, 48.0]
[68.0, 144.0, 3.0, 48.0]
[73.0, 144.0, 2.0, 48.0]
[76.0, 144.0, 1.0, 48.0]
[79.0, 144.0, 1.0, 48.0]
[83.0, 144.0, 2.0, 48.0]
[88.0, 144.0, 1.0, 48.0]
[90.0, 144.0, 1.0, 48.0]
[92.0, 144.0, 3.0, 48.0]
[98.0, 144.0, 2.0, 48.0]
[101.0, 144.0, 1.0, 48.0]
[105.0, 144.0, 1.0, 48.0]
[109.0, 144.0, 2.0, 48.0]
[112.0, 144.0, 1.0, 48.0]
[115.0, 144.0, 3.0, 48.0]
[120.0, 144.0, 2.0, 48.0]
[123.0, 144.0, 2.0, 48.0]
[126.0, 144.0, 2.0, 48.0]
[129.0, 144.0, 2.0, 48.0]
[134.0, 144.0, 3.0, 48.0]
[138.0, 144.0, 1.0, 48.0]
[140.0, 144.0, 4.0, 48.0]
[145.0, 144.0, 1.0, 48.0]
[148.0, 144.0, 1.0, 48.0]
[150.0, 144.0, 2.0, 48.0]
[156.0, 144.0, 1.0, 48.0]
[158.0, 144.0, 4.0, 48.0]
[163.0, 144.0, 3.0, 48.0]
[167.0, 144.0, 1.0, 48.0]
[169.0, 144.0, 4.0, 48.0]
[174.0, 144.0, 3.0, 48.0]
[178.0, 144.0, 1.0, 48.0]
[180.0, 144.0, 4.0, 48.0]
[185.0, 144.0, 1.0, 48.0]
[189.0, 144.0, 1.0, 48.0]
[191.0, 144.0, 1.0, 48.0]
[195.0, 144.0, 2.0, 48.0]
[200.0, 144.0, 1.0, 48.0]
[202.0, 144.0, 1.0, 48.0]
[206.0, 144.0, 4.0, 48.0]
[211.0, 144.0, 2.0, 48.0]
[216.0, 144.0, 3.0, 48.0]
[220.0, 144.0, 1.0, 48.0]
[222.0, 144.0, 2.0, 48.0]
Observed labels: character, matrix [a,b,c,d,e,f], advance [x,y], rendering mode:
\ [8.0, 0.0, 0.0, 8.0, 85.792, 132.464] [2.975998, 0.0] FILL
< [8.0, 0.0, 0.0, 8.0, 88.768005, 132.464] [4.576004, 0.0] FILL
F [8.0, 0.0, 0.0, 8.0, 93.344, 132.464] [4.1520004, 0.0] FILL
N [8.0, 0.0, 0.0, 8.0, 97.496, 132.464] [6.080002, 0.0] FILL
C [8.0, 0.0, 0.0, 8.0, 103.576004, 132.464] [5.0559998, 0.0] FILL
1 [8.0, 0.0, 0.0, 8.0, 108.632, 132.464] [4.576004, 0.0] FILL
> [8.0, 0.0, 0.0, 8.0, 113.20801, 132.464] [4.576004, 0.0] FILL
\ [8.0, 0.0, 0.0, 8.0, 117.78401, 132.464] [2.975998, 0.0] FILL
x [8.0, 0.0, 0.0, 8.0, 120.76001, 132.464] [4.2320023, 0.0] FILL
0 [8.0, 0.0, 0.0, 8.0, 124.99201, 132.464] [4.5759964, 0.0] FILL
1 [8.0, 0.0, 0.0, 8.0, 129.56801, 132.464] [4.576004, 0.0] FILL
< [8.0, 0.0, 0.0, 8.0, 134.14401, 132.464] [4.576004, 0.0] FILL
F [8.0, 0.0, 0.0, 8.0, 138.72002, 132.464] [4.151993, 0.0] FILL
N [8.0, 0.0, 0.0, 8.0, 142.87201, 132.464] [6.080002, 0.0] FILL
C [8.0, 0.0, 0.0, 8.0, 148.95203, 132.464] [5.0559998, 0.0] FILL
4 [8.0, 0.0, 0.0, 8.0, 154.00803, 132.464] [4.576004, 0.0] FILL
> [8.0, 0.0, 0.0, 8.0, 158.58401, 132.464] [4.576004, 0.0] FILL
\ [8.0, 0.0, 0.0, 8.0, 163.16002, 132.464] [2.975998, 0.0] FILL
x [8.0, 0.0, 0.0, 8.0, 166.13602, 132.464] [4.2319946, 0.0] FILL
7 [8.0, 0.0, 0.0, 8.0, 170.36801, 132.464] [4.576004, 0.0] FILL
F [8.0, 0.0, 0.0, 8.0, 174.94402, 132.464] [4.151993, 0.0] FILL
A [8.0, 0.0, 0.0, 8.0, 179.09601, 132.464] [5.1119995, 0.0] FILL
literal-fnc4-b-single: payload=\<FNC1>\u0001\u00ffA; check=93; codewords=[104, 60, 28, 38, 46, 35, 17, 30, 101, 65, 100, 100, 95, 33]; supplement=; exact independent modules and placement=pass; label=\<FNC1>\x01<FNC4>\x7FA; label metrics=pass

Page 30 literal-fnc4-b-pair
Observed PDF rectangles [x,y,width,height]:
[46.0, 144.0, 2.0, 48.0]
[49.0, 144.0, 1.0, 48.0]
[52.0, 144.0, 1.0, 48.0]
[57.0, 144.0, 3.0, 48.0]
[61.0, 144.0, 4.0, 48.0]
[66.0, 144.0, 1.0, 48.0]
[68.0, 144.0, 3.0, 48.0]
[73.0, 144.0, 2.0, 48.0]
[76.0, 144.0, 1.0, 48.0]
[79.0, 144.0, 1.0, 48.0]
[83.0, 144.0, 2.0, 48.0]
[88.0, 144.0, 1.0, 48.0]
[90.0, 144.0, 1.0, 48.0]
[92.0, 144.0, 3.0, 48.0]
[98.0, 144.0, 2.0, 48.0]
[101.0, 144.0, 1.0, 48.0]
[105.0, 144.0, 1.0, 48.0]
[109.0, 144.0, 2.0, 48.0]
[112.0, 144.0, 1.0, 48.0]
[115.0, 144.0, 3.0, 48.0]
[120.0, 144.0, 2.0, 48.0]
[123.0, 144.0, 2.0, 48.0]
[126.0, 144.0, 2.0, 48.0]
[129.0, 144.0, 2.0, 48.0]
[134.0, 144.0, 3.0, 48.0]
[138.0, 144.0, 1.0, 48.0]
[140.0, 144.0, 4.0, 48.0]
[145.0, 144.0, 1.0, 48.0]
[148.0, 144.0, 1.0, 48.0]
[150.0, 144.0, 2.0, 48.0]
[156.0, 144.0, 1.0, 48.0]
[158.0, 144.0, 4.0, 48.0]
[163.0, 144.0, 3.0, 48.0]
[167.0, 144.0, 1.0, 48.0]
[169.0, 144.0, 4.0, 48.0]
[174.0, 144.0, 3.0, 48.0]
[178.0, 144.0, 1.0, 48.0]
[180.0, 144.0, 4.0, 48.0]
[185.0, 144.0, 3.0, 48.0]
[189.0, 144.0, 1.0, 48.0]
[191.0, 144.0, 4.0, 48.0]
[196.0, 144.0, 1.0, 48.0]
[200.0, 144.0, 1.0, 48.0]
[202.0, 144.0, 1.0, 48.0]
[206.0, 144.0, 2.0, 48.0]
[211.0, 144.0, 1.0, 48.0]
[214.0, 144.0, 1.0, 48.0]
[217.0, 144.0, 4.0, 48.0]
[222.0, 144.0, 2.0, 48.0]
[227.0, 144.0, 3.0, 48.0]
[231.0, 144.0, 1.0, 48.0]
[233.0, 144.0, 2.0, 48.0]
Observed labels: character, matrix [a,b,c,d,e,f], advance [x,y], rendering mode:
\ [8.0, 0.0, 0.0, 8.0, 76.784, 132.464] [2.975998, 0.0] FILL
< [8.0, 0.0, 0.0, 8.0, 79.76, 132.464] [4.5759964, 0.0] FILL
F [8.0, 0.0, 0.0, 8.0, 84.336, 132.464] [4.1520004, 0.0] FILL
N [8.0, 0.0, 0.0, 8.0, 88.48801, 132.464] [6.080002, 0.0] FILL
C [8.0, 0.0, 0.0, 8.0, 94.568, 132.464] [5.0559998, 0.0] FILL
1 [8.0, 0.0, 0.0, 8.0, 99.624, 132.464] [4.5759964, 0.0] FILL
> [8.0, 0.0, 0.0, 8.0, 104.2, 132.464] [4.576004, 0.0] FILL
\ [8.0, 0.0, 0.0, 8.0, 108.776, 132.464] [2.975998, 0.0] FILL
x [8.0, 0.0, 0.0, 8.0, 111.752, 132.464] [4.2320023, 0.0] FILL
0 [8.0, 0.0, 0.0, 8.0, 115.984, 132.464] [4.5759964, 0.0] FILL
1 [8.0, 0.0, 0.0, 8.0, 120.56, 132.464] [4.576004, 0.0] FILL
< [8.0, 0.0, 0.0, 8.0, 125.136, 132.464] [4.576004, 0.0] FILL
F [8.0, 0.0, 0.0, 8.0, 129.712, 132.464] [4.151993, 0.0] FILL
N [8.0, 0.0, 0.0, 8.0, 133.86401, 132.464] [6.080002, 0.0] FILL
C [8.0, 0.0, 0.0, 8.0, 139.944, 132.464] [5.0559998, 0.0] FILL
4 [8.0, 0.0, 0.0, 8.0, 145.0, 132.464] [4.576004, 0.0] FILL
> [8.0, 0.0, 0.0, 8.0, 149.576, 132.464] [4.576004, 0.0] FILL
< [8.0, 0.0, 0.0, 8.0, 154.15201, 132.464] [4.576004, 0.0] FILL
F [8.0, 0.0, 0.0, 8.0, 158.72801, 132.464] [4.151993, 0.0] FILL
N [8.0, 0.0, 0.0, 8.0, 162.88, 132.464] [6.080002, 0.0] FILL
C [8.0, 0.0, 0.0, 8.0, 168.96, 132.464] [5.0559998, 0.0] FILL
4 [8.0, 0.0, 0.0, 8.0, 174.016, 132.464] [4.576004, 0.0] FILL
> [8.0, 0.0, 0.0, 8.0, 178.59201, 132.464] [4.576004, 0.0] FILL
\ [8.0, 0.0, 0.0, 8.0, 183.16801, 132.464] [2.975998, 0.0] FILL
x [8.0, 0.0, 0.0, 8.0, 186.14401, 132.464] [4.2319946, 0.0] FILL
7 [8.0, 0.0, 0.0, 8.0, 190.376, 132.464] [4.576004, 0.0] FILL
F [8.0, 0.0, 0.0, 8.0, 194.95201, 132.464] [4.151993, 0.0] FILL
A [8.0, 0.0, 0.0, 8.0, 199.104, 132.464] [5.1119995, 0.0] FILL
literal-fnc4-b-pair: payload=\<FNC1>\u0001\u00ff\u00c1; check=82; codewords=[104, 60, 28, 38, 46, 35, 17, 30, 101, 65, 100, 100, 100, 95, 33]; supplement=; exact independent modules and placement=pass; label=\<FNC1>\x01<FNC4><FNC4>\x7FA; label metrics=pass

Page 31 fnc4-auto-single-digits
Observed PDF rectangles [x,y,width,height]:
[46.0, 144.0, 2.0, 48.0]
[49.0, 144.0, 1.0, 48.0]
[52.0, 144.0, 1.0, 48.0]
[57.0, 144.0, 1.0, 48.0]
[59.0, 144.0, 4.0, 48.0]
[64.0, 144.0, 3.0, 48.0]
[68.0, 144.0, 1.0, 48.0]
[71.0, 144.0, 3.0, 48.0]
[76.0, 144.0, 2.0, 48.0]
[79.0, 144.0, 2.0, 48.0]
[83.0, 144.0, 3.0, 48.0]
[88.0, 144.0, 1.0, 48.0]
[90.0, 144.0, 2.0, 48.0]
[94.0, 144.0, 1.0, 48.0]
[96.0, 144.0, 3.0, 48.0]
[101.0, 144.0, 2.0, 48.0]
[105.0, 144.0, 1.0, 48.0]
[108.0, 144.0, 3.0, 48.0]
[112.0, 144.0, 2.0, 48.0]
[115.0, 144.0, 3.0, 48.0]
[120.0, 144.0, 1.0, 48.0]
[123.0, 144.0, 2.0, 48.0]
[127.0, 144.0, 3.0, 48.0]
[131.0, 144.0, 1.0, 48.0]
[134.0, 144.0, 3.0, 48.0]
[138.0, 144.0, 2.0, 48.0]
[142.0, 144.0, 1.0, 48.0]
[145.0, 144.0, 2.0, 48.0]
[150.0, 144.0, 3.0, 48.0]
[154.0, 144.0, 1.0, 48.0]
[156.0, 144.0, 2.0, 48.0]
Observed labels: character, matrix [a,b,c,d,e,f], advance [x,y], rendering mode:
< [8.0, 0.0, 0.0, 8.0, 73.764, 132.464] [4.5759964, 0.0] FILL
F [8.0, 0.0, 0.0, 8.0, 78.34, 132.464] [4.1520004, 0.0] FILL
N [8.0, 0.0, 0.0, 8.0, 82.492004, 132.464] [6.080002, 0.0] FILL
C [8.0, 0.0, 0.0, 8.0, 88.572, 132.464] [5.0559998, 0.0] FILL
4 [8.0, 0.0, 0.0, 8.0, 93.628, 132.464] [4.5759964, 0.0] FILL
> [8.0, 0.0, 0.0, 8.0, 98.203995, 132.464] [4.576004, 0.0] FILL
1 [8.0, 0.0, 0.0, 8.0, 102.78, 132.464] [4.576004, 0.0] FILL
2 [8.0, 0.0, 0.0, 8.0, 107.356, 132.464] [4.576004, 0.0] FILL
3 [8.0, 0.0, 0.0, 8.0, 111.93201, 132.464] [4.576004, 0.0] FILL
4 [8.0, 0.0, 0.0, 8.0, 116.50801, 132.464] [4.576004, 0.0] FILL
5 [8.0, 0.0, 0.0, 8.0, 121.084015, 132.464] [4.576004, 0.0] FILL
6 [8.0, 0.0, 0.0, 8.0, 125.66002, 132.464] [4.576004, 0.0] FILL
fnc4-auto-single-digits: payload=\u00b123456; check=27; codewords=[104, 100, 17, 18, 19, 20, 21, 22]; supplement=; exact independent modules and placement=pass; label=<FNC4>123456; label metrics=pass

Page 32 fnc4-auto-pair-digits
Observed PDF rectangles [x,y,width,height]:
[46.0, 144.0, 2.0, 48.0]
[49.0, 144.0, 1.0, 48.0]
[52.0, 144.0, 1.0, 48.0]
[57.0, 144.0, 1.0, 48.0]
[59.0, 144.0, 4.0, 48.0]
[64.0, 144.0, 3.0, 48.0]
[68.0, 144.0, 1.0, 48.0]
[70.0, 144.0, 4.0, 48.0]
[75.0, 144.0, 3.0, 48.0]
[79.0, 144.0, 1.0, 48.0]
[82.0, 144.0, 3.0, 48.0]
[87.0, 144.0, 2.0, 48.0]
[90.0, 144.0, 2.0, 48.0]
[94.0, 144.0, 3.0, 48.0]
[99.0, 144.0, 1.0, 48.0]
[101.0, 144.0, 2.0, 48.0]
[105.0, 144.0, 1.0, 48.0]
[107.0, 144.0, 3.0, 48.0]
[112.0, 144.0, 2.0, 48.0]
[116.0, 144.0, 1.0, 48.0]
[119.0, 144.0, 3.0, 48.0]
[123.0, 144.0, 2.0, 48.0]
[126.0, 144.0, 3.0, 48.0]
[131.0, 144.0, 1.0, 48.0]
[134.0, 144.0, 2.0, 48.0]
[138.0, 144.0, 3.0, 48.0]
[142.0, 144.0, 1.0, 48.0]
[145.0, 144.0, 1.0, 48.0]
[149.0, 144.0, 1.0, 48.0]
[153.0, 144.0, 2.0, 48.0]
[156.0, 144.0, 2.0, 48.0]
[161.0, 144.0, 3.0, 48.0]
[165.0, 144.0, 1.0, 48.0]
[167.0, 144.0, 2.0, 48.0]
Observed labels: character, matrix [a,b,c,d,e,f], advance [x,y], rendering mode:
< [8.0, 0.0, 0.0, 8.0, 64.756, 132.464] [4.576004, 0.0] FILL
F [8.0, 0.0, 0.0, 8.0, 69.332, 132.464] [4.1520004, 0.0] FILL
N [8.0, 0.0, 0.0, 8.0, 73.484, 132.464] [6.080002, 0.0] FILL
C [8.0, 0.0, 0.0, 8.0, 79.564, 132.464] [5.0559998, 0.0] FILL
4 [8.0, 0.0, 0.0, 8.0, 84.62, 132.464] [4.5759964, 0.0] FILL
> [8.0, 0.0, 0.0, 8.0, 89.196, 132.464] [4.576004, 0.0] FILL
< [8.0, 0.0, 0.0, 8.0, 93.772, 132.464] [4.576004, 0.0] FILL
F [8.0, 0.0, 0.0, 8.0, 98.34801, 132.464] [4.1520004, 0.0] FILL
N [8.0, 0.0, 0.0, 8.0, 102.5, 132.464] [6.080002, 0.0] FILL
C [8.0, 0.0, 0.0, 8.0, 108.58, 132.464] [5.0559998, 0.0] FILL
4 [8.0, 0.0, 0.0, 8.0, 113.636, 132.464] [4.576004, 0.0] FILL
> [8.0, 0.0, 0.0, 8.0, 118.212006, 132.464] [4.576004, 0.0] FILL
1 [8.0, 0.0, 0.0, 8.0, 122.78801, 132.464] [4.576004, 0.0] FILL
2 [8.0, 0.0, 0.0, 8.0, 127.36401, 132.464] [4.576004, 0.0] FILL
3 [8.0, 0.0, 0.0, 8.0, 131.94002, 132.464] [4.576004, 0.0] FILL
4 [8.0, 0.0, 0.0, 8.0, 136.51602, 132.464] [4.576004, 0.0] FILL
5 [8.0, 0.0, 0.0, 8.0, 141.09203, 132.464] [4.576004, 0.0] FILL
6 [8.0, 0.0, 0.0, 8.0, 145.66803, 132.464] [4.576004, 0.0] FILL
fnc4-auto-pair-digits: payload=\u00b1\u00b2\u00b3\u00b4\u00b5\u00b6; check=35; codewords=[104, 100, 100, 17, 18, 19, 20, 21, 22]; supplement=; exact independent modules and placement=pass; label=<FNC4><FNC4>123456; label metrics=pass

Page 33 fnc4-auto-digits-before
Observed PDF rectangles [x,y,width,height]:
[46.0, 144.0, 2.0, 48.0]
[49.0, 144.0, 1.0, 48.0]
[52.0, 144.0, 1.0, 48.0]
[57.0, 144.0, 1.0, 48.0]
[60.0, 144.0, 3.0, 48.0]
[65.0, 144.0, 2.0, 48.0]
[68.0, 144.0, 2.0, 48.0]
[72.0, 144.0, 3.0, 48.0]
[77.0, 144.0, 1.0, 48.0]
[79.0, 144.0, 2.0, 48.0]
[83.0, 144.0, 1.0, 48.0]
[85.0, 144.0, 3.0, 48.0]
[90.0, 144.0, 2.0, 48.0]
[94.0, 144.0, 1.0, 48.0]
[97.0, 144.0, 3.0, 48.0]
[101.0, 144.0, 2.0, 48.0]
[104.0, 144.0, 3.0, 48.0]
[109.0, 144.0, 1.0, 48.0]
[112.0, 144.0, 2.0, 48.0]
[116.0, 144.0, 3.0, 48.0]
[120.0, 144.0, 1.0, 48.0]
[123.0, 144.0, 1.0, 48.0]
[125.0, 144.0, 4.0, 48.0]
[130.0, 144.0, 3.0, 48.0]
[134.0, 144.0, 1.0, 48.0]
[137.0, 144.0, 3.0, 48.0]
[142.0, 144.0, 2.0, 48.0]
[145.0, 144.0, 2.0, 48.0]
[149.0, 144.0, 3.0, 48.0]
[154.0, 144.0, 1.0, 48.0]
[156.0, 144.0, 2.0, 48.0]
[160.0, 144.0, 1.0, 48.0]
[162.0, 144.0, 3.0, 48.0]
[167.0, 144.0, 2.0, 48.0]
[171.0, 144.0, 1.0, 48.0]
[174.0, 144.0, 3.0, 48.0]
[178.0, 144.0, 2.0, 48.0]
[181.0, 144.0, 3.0, 48.0]
[186.0, 144.0, 1.0, 48.0]
[189.0, 144.0, 2.0, 48.0]
[193.0, 144.0, 3.0, 48.0]
[197.0, 144.0, 1.0, 48.0]
[200.0, 144.0, 1.0, 48.0]
[204.0, 144.0, 1.0, 48.0]
[207.0, 144.0, 2.0, 48.0]
[211.0, 144.0, 2.0, 48.0]
[216.0, 144.0, 3.0, 48.0]
[220.0, 144.0, 1.0, 48.0]
[222.0, 144.0, 2.0, 48.0]
Observed labels: character, matrix [a,b,c,d,e,f], advance [x,y], rendering mode:
1 [8.0, 0.0, 0.0, 8.0, 93.035995, 132.464] [4.576004, 0.0] FILL
2 [8.0, 0.0, 0.0, 8.0, 97.612, 132.464] [4.576004, 0.0] FILL
3 [8.0, 0.0, 0.0, 8.0, 102.188, 132.464] [4.576004, 0.0] FILL
4 [8.0, 0.0, 0.0, 8.0, 106.76401, 132.464] [4.576004, 0.0] FILL
5 [8.0, 0.0, 0.0, 8.0, 111.34001, 132.464] [4.576004, 0.0] FILL
6 [8.0, 0.0, 0.0, 8.0, 115.916016, 132.464] [4.576004, 0.0] FILL
< [8.0, 0.0, 0.0, 8.0, 120.49202, 132.464] [4.576004, 0.0] FILL
F [8.0, 0.0, 0.0, 8.0, 125.06802, 132.464] [4.151993, 0.0] FILL
N [8.0, 0.0, 0.0, 8.0, 129.22003, 132.464] [6.080002, 0.0] FILL
C [8.0, 0.0, 0.0, 8.0, 135.30002, 132.464] [5.0559998, 0.0] FILL
4 [8.0, 0.0, 0.0, 8.0, 140.35602, 132.464] [4.576004, 0.0] FILL
> [8.0, 0.0, 0.0, 8.0, 144.93202, 132.464] [4.576004, 0.0] FILL
1 [8.0, 0.0, 0.0, 8.0, 149.50803, 132.464] [4.576004, 0.0] FILL
2 [8.0, 0.0, 0.0, 8.0, 154.08403, 132.464] [4.576004, 0.0] FILL
3 [8.0, 0.0, 0.0, 8.0, 158.66003, 132.464] [4.576004, 0.0] FILL
4 [8.0, 0.0, 0.0, 8.0, 163.23604, 132.464] [4.576004, 0.0] FILL
5 [8.0, 0.0, 0.0, 8.0, 167.81204, 132.464] [4.576004, 0.0] FILL
6 [8.0, 0.0, 0.0, 8.0, 172.38805, 132.464] [4.576004, 0.0] FILL
fnc4-auto-digits-before: payload=123456\u00b123456; check=5; codewords=[104, 17, 18, 19, 20, 21, 22, 100, 17, 18, 19, 20, 21, 22]; supplement=; exact independent modules and placement=pass; label=123456<FNC4>123456; label metrics=pass

Page 34 fnc4-auto-shift-and-unlatch
Observed PDF rectangles [x,y,width,height]:
[46.0, 144.0, 2.0, 48.0]
[49.0, 144.0, 1.0, 48.0]
[52.0, 144.0, 1.0, 48.0]
[57.0, 144.0, 1.0, 48.0]
[59.0, 144.0, 4.0, 48.0]
[64.0, 144.0, 3.0, 48.0]
[68.0, 144.0, 1.0, 48.0]
[70.0, 144.0, 4.0, 48.0]
[75.0, 144.0, 3.0, 48.0]
[79.0, 144.0, 1.0, 48.0]
[82.0, 144.0, 3.0, 48.0]
[87.0, 144.0, 2.0, 48.0]
[90.0, 144.0, 2.0, 48.0]
[94.0, 144.0, 3.0, 48.0]
[99.0, 144.0, 1.0, 48.0]
[101.0, 144.0, 1.0, 48.0]
[103.0, 144.0, 4.0, 48.0]
[108.0, 144.0, 3.0, 48.0]
[112.0, 144.0, 2.0, 48.0]
[116.0, 144.0, 1.0, 48.0]
[118.0, 144.0, 3.0, 48.0]
[123.0, 144.0, 2.0, 48.0]
[127.0, 144.0, 1.0, 48.0]
[130.0, 144.0, 3.0, 48.0]
[134.0, 144.0, 1.0, 48.0]
[136.0, 144.0, 4.0, 48.0]
[141.0, 144.0, 3.0, 48.0]
[145.0, 144.0, 1.0, 48.0]
[147.0, 144.0, 4.0, 48.0]
[152.0, 144.0, 3.0, 48.0]
[156.0, 144.0, 2.0, 48.0]
[159.0, 144.0, 3.0, 48.0]
[164.0, 144.0, 1.0, 48.0]
[167.0, 144.0, 2.0, 48.0]
[171.0, 144.0, 3.0, 48.0]
[175.0, 144.0, 1.0, 48.0]
[178.0, 144.0, 1.0, 48.0]
[182.0, 144.0, 1.0, 48.0]
[184.0, 144.0, 2.0, 48.0]
[189.0, 144.0, 2.0, 48.0]
[194.0, 144.0, 3.0, 48.0]
[198.0, 144.0, 1.0, 48.0]
[200.0, 144.0, 2.0, 48.0]
Observed labels: character, matrix [a,b,c,d,e,f], advance [x,y], rendering mode:
< [8.0, 0.0, 0.0, 8.0, 37.732, 132.464] [4.576, 0.0] FILL
F [8.0, 0.0, 0.0, 8.0, 42.308, 132.464] [4.1520004, 0.0] FILL
N [8.0, 0.0, 0.0, 8.0, 46.46, 132.464] [6.080002, 0.0] FILL
C [8.0, 0.0, 0.0, 8.0, 52.54, 132.464] [5.0559998, 0.0] FILL
4 [8.0, 0.0, 0.0, 8.0, 57.596, 132.464] [4.576, 0.0] FILL
> [8.0, 0.0, 0.0, 8.0, 62.172, 132.464] [4.576, 0.0] FILL
< [8.0, 0.0, 0.0, 8.0, 66.748, 132.464] [4.576004, 0.0] FILL
F [8.0, 0.0, 0.0, 8.0, 71.324005, 132.464] [4.1520004, 0.0] FILL
N [8.0, 0.0, 0.0, 8.0, 75.476, 132.464] [6.080002, 0.0] FILL
C [8.0, 0.0, 0.0, 8.0, 81.556, 132.464] [5.0559998, 0.0] FILL
4 [8.0, 0.0, 0.0, 8.0, 86.612, 132.464] [4.576004, 0.0] FILL
> [8.0, 0.0, 0.0, 8.0, 91.188, 132.464] [4.576004, 0.0] FILL
1 [8.0, 0.0, 0.0, 8.0, 95.764, 132.464] [4.5759964, 0.0] FILL
2 [8.0, 0.0, 0.0, 8.0, 100.34, 132.464] [4.576004, 0.0] FILL
< [8.0, 0.0, 0.0, 8.0, 104.916, 132.464] [4.576004, 0.0] FILL
F [8.0, 0.0, 0.0, 8.0, 109.492004, 132.464] [4.1520004, 0.0] FILL
N [8.0, 0.0, 0.0, 8.0, 113.644005, 132.464] [6.080002, 0.0] FILL
C [8.0, 0.0, 0.0, 8.0, 119.72401, 132.464] [5.0559998, 0.0] FILL
4 [8.0, 0.0, 0.0, 8.0, 124.78001, 132.464] [4.5759964, 0.0] FILL
> [8.0, 0.0, 0.0, 8.0, 129.356, 132.464] [4.576004, 0.0] FILL
3 [8.0, 0.0, 0.0, 8.0, 133.932, 132.464] [4.576004, 0.0] FILL
4 [8.0, 0.0, 0.0, 8.0, 138.50801, 132.464] [4.576004, 0.0] FILL
< [8.0, 0.0, 0.0, 8.0, 143.08401, 132.464] [4.576004, 0.0] FILL
F [8.0, 0.0, 0.0, 8.0, 147.66002, 132.464] [4.151993, 0.0] FILL
N [8.0, 0.0, 0.0, 8.0, 151.81201, 132.464] [6.080002, 0.0] FILL
C [8.0, 0.0, 0.0, 8.0, 157.89203, 132.464] [5.0559998, 0.0] FILL
4 [8.0, 0.0, 0.0, 8.0, 162.94803, 132.464] [4.576004, 0.0] FILL
> [8.0, 0.0, 0.0, 8.0, 167.52402, 132.464] [4.576004, 0.0] FILL
< [8.0, 0.0, 0.0, 8.0, 172.10002, 132.464] [4.576004, 0.0] FILL
F [8.0, 0.0, 0.0, 8.0, 176.67603, 132.464] [4.151993, 0.0] FILL
N [8.0, 0.0, 0.0, 8.0, 180.82802, 132.464] [6.080002, 0.0] FILL
C [8.0, 0.0, 0.0, 8.0, 186.90802, 132.464] [5.0559998, 0.0] FILL
4 [8.0, 0.0, 0.0, 8.0, 191.96402, 132.464] [4.576004, 0.0] FILL
> [8.0, 0.0, 0.0, 8.0, 196.54002, 132.464] [4.576004, 0.0] FILL
5 [8.0, 0.0, 0.0, 8.0, 201.11603, 132.464] [4.576004, 0.0] FILL
6 [8.0, 0.0, 0.0, 8.0, 205.69203, 132.464] [4.576004, 0.0] FILL
fnc4-auto-shift-and-unlatch: payload=\u00b1\u00b23\u00b456; check=34; codewords=[104, 100, 100, 17, 18, 100, 19, 20, 100, 100, 21, 22]; supplement=; exact independent modules and placement=pass; label=<FNC4><FNC4>12<FNC4>34<FNC4><FNC4>56; label metrics=pass

Page 35 code39
Observed PDF rectangles [x,y,width,height]:
[46.0, 144.0, 1.0, 48.0]
[49.0, 144.0, 1.0, 48.0]
[51.0, 144.0, 2.0, 48.0]
[54.0, 144.0, 2.0, 48.0]
[57.0, 144.0, 1.0, 48.0]
[59.0, 144.0, 1.0, 48.0]
[61.0, 144.0, 2.0, 48.0]
[64.0, 144.0, 2.0, 48.0]
[68.0, 144.0, 1.0, 48.0]
[70.0, 144.0, 1.0, 48.0]
[72.0, 144.0, 2.0, 48.0]
[75.0, 144.0, 1.0, 48.0]
[77.0, 144.0, 2.0, 48.0]
[80.0, 144.0, 1.0, 48.0]
[83.0, 144.0, 1.0, 48.0]
[85.0, 144.0, 1.0, 48.0]
[87.0, 144.0, 2.0, 48.0]
[90.0, 144.0, 1.0, 48.0]
[92.0, 144.0, 1.0, 48.0]
[95.0, 144.0, 2.0, 48.0]
[98.0, 144.0, 1.0, 48.0]
[100.0, 144.0, 2.0, 48.0]
[103.0, 144.0, 1.0, 48.0]
[106.0, 144.0, 2.0, 48.0]
[109.0, 144.0, 1.0, 48.0]
[111.0, 144.0, 2.0, 48.0]
[114.0, 144.0, 1.0, 48.0]
[116.0, 144.0, 2.0, 48.0]
[119.0, 144.0, 1.0, 48.0]
[122.0, 144.0, 1.0, 48.0]
[124.0, 144.0, 1.0, 48.0]
[127.0, 144.0, 1.0, 48.0]
[129.0, 144.0, 2.0, 48.0]
[132.0, 144.0, 2.0, 48.0]
[135.0, 144.0, 1.0, 48.0]
Observed labels: character, matrix [a,b,c,d,e,f], advance [x,y], rendering mode:
F [8.0, 0.0, 0.0, 8.0, 79.224, 132.464] [4.1520004, 0.0] FILL
O [8.0, 0.0, 0.0, 8.0, 83.376, 132.464] [6.248001, 0.0] FILL
L [8.0, 0.0, 0.0, 8.0, 89.624, 132.464] [4.1920013, 0.0] FILL
I [8.0, 0.0, 0.0, 8.0, 93.816, 132.464] [2.711998, 0.0] FILL
O [8.0, 0.0, 0.0, 8.0, 96.528, 132.464] [6.248001, 0.0] FILL
code39: payload=FOLIO; check=none; codewords=[]; supplement=; exact independent modules and placement=pass; label=FOLIO; label metrics=pass

Page 36 code39-check
Observed PDF rectangles [x,y,width,height]:
[46.0, 144.0, 1.0, 48.0]
[49.0, 144.0, 1.0, 48.0]
[51.0, 144.0, 2.0, 48.0]
[54.0, 144.0, 2.0, 48.0]
[57.0, 144.0, 1.0, 48.0]
[59.0, 144.0, 1.0, 48.0]
[61.0, 144.0, 2.0, 48.0]
[64.0, 144.0, 2.0, 48.0]
[68.0, 144.0, 1.0, 48.0]
[70.0, 144.0, 1.0, 48.0]
[72.0, 144.0, 2.0, 48.0]
[75.0, 144.0, 1.0, 48.0]
[77.0, 144.0, 2.0, 48.0]
[80.0, 144.0, 1.0, 48.0]
[83.0, 144.0, 1.0, 48.0]
[85.0, 144.0, 1.0, 48.0]
[87.0, 144.0, 2.0, 48.0]
[90.0, 144.0, 1.0, 48.0]
[92.0, 144.0, 1.0, 48.0]
[95.0, 144.0, 2.0, 48.0]
[98.0, 144.0, 1.0, 48.0]
[100.0, 144.0, 2.0, 48.0]
[103.0, 144.0, 1.0, 48.0]
[106.0, 144.0, 2.0, 48.0]
[109.0, 144.0, 1.0, 48.0]
[111.0, 144.0, 2.0, 48.0]
[114.0, 144.0, 1.0, 48.0]
[116.0, 144.0, 2.0, 48.0]
[119.0, 144.0, 1.0, 48.0]
[122.0, 144.0, 1.0, 48.0]
[124.0, 144.0, 1.0, 48.0]
[126.0, 144.0, 1.0, 48.0]
[128.0, 144.0, 1.0, 48.0]
[131.0, 144.0, 2.0, 48.0]
[134.0, 144.0, 2.0, 48.0]
[137.0, 144.0, 1.0, 48.0]
[140.0, 144.0, 1.0, 48.0]
[142.0, 144.0, 2.0, 48.0]
[145.0, 144.0, 2.0, 48.0]
[148.0, 144.0, 1.0, 48.0]
Observed labels: character, matrix [a,b,c,d,e,f], advance [x,y], rendering mode:
F [8.0, 0.0, 0.0, 8.0, 85.724, 132.464] [4.1520004, 0.0] FILL
O [8.0, 0.0, 0.0, 8.0, 89.876, 132.464] [6.248001, 0.0] FILL
L [8.0, 0.0, 0.0, 8.0, 96.124, 132.464] [4.1920013, 0.0] FILL
I [8.0, 0.0, 0.0, 8.0, 100.316, 132.464] [2.711998, 0.0] FILL
O [8.0, 0.0, 0.0, 8.0, 103.028, 132.464] [6.248001, 0.0] FILL
code39-check: payload=FOLIO; check=G; codewords=[]; supplement=; exact independent modules and placement=pass; label=FOLIO; label metrics=pass

Page 37 code39-ratio3
Observed PDF rectangles [x,y,width,height]:
[46.0, 144.0, 1.0, 48.0]
[50.0, 144.0, 1.0, 48.0]
[52.0, 144.0, 3.0, 48.0]
[56.0, 144.0, 3.0, 48.0]
[60.0, 144.0, 1.0, 48.0]
[62.0, 144.0, 1.0, 48.0]
[64.0, 144.0, 3.0, 48.0]
[68.0, 144.0, 3.0, 48.0]
[74.0, 144.0, 1.0, 48.0]
[76.0, 144.0, 1.0, 48.0]
[78.0, 144.0, 3.0, 48.0]
[82.0, 144.0, 1.0, 48.0]
[84.0, 144.0, 3.0, 48.0]
[88.0, 144.0, 1.0, 48.0]
[92.0, 144.0, 1.0, 48.0]
[94.0, 144.0, 1.0, 48.0]
[96.0, 144.0, 3.0, 48.0]
[100.0, 144.0, 1.0, 48.0]
[102.0, 144.0, 1.0, 48.0]
[106.0, 144.0, 3.0, 48.0]
[110.0, 144.0, 1.0, 48.0]
[112.0, 144.0, 3.0, 48.0]
[116.0, 144.0, 1.0, 48.0]
[120.0, 144.0, 3.0, 48.0]
[124.0, 144.0, 1.0, 48.0]
[126.0, 144.0, 3.0, 48.0]
[130.0, 144.0, 1.0, 48.0]
[132.0, 144.0, 3.0, 48.0]
[136.0, 144.0, 1.0, 48.0]
[140.0, 144.0, 1.0, 48.0]
[142.0, 144.0, 1.0, 48.0]
[146.0, 144.0, 1.0, 48.0]
[148.0, 144.0, 3.0, 48.0]
[152.0, 144.0, 3.0, 48.0]
[156.0, 144.0, 1.0, 48.0]
Observed labels: character, matrix [a,b,c,d,e,f], advance [x,y], rendering mode:
F [8.0, 0.0, 0.0, 8.0, 89.724, 132.464] [4.1520004, 0.0] FILL
O [8.0, 0.0, 0.0, 8.0, 93.876, 132.464] [6.248001, 0.0] FILL
L [8.0, 0.0, 0.0, 8.0, 100.124, 132.464] [4.1920013, 0.0] FILL
I [8.0, 0.0, 0.0, 8.0, 104.316, 132.464] [2.711998, 0.0] FILL
O [8.0, 0.0, 0.0, 8.0, 107.028, 132.464] [6.248001, 0.0] FILL
code39-ratio3: payload=FOLIO; check=none; codewords=[]; supplement=; exact independent modules and placement=pass; label=FOLIO; label metrics=pass

Page 38 code39-full
Observed PDF rectangles [x,y,width,height]:
[46.0, 144.0, 1.0, 48.0]
[49.0, 144.0, 1.0, 48.0]
[51.0, 144.0, 2.0, 48.0]
[54.0, 144.0, 2.0, 48.0]
[57.0, 144.0, 1.0, 48.0]
[59.0, 144.0, 1.0, 48.0]
[62.0, 144.0, 1.0, 48.0]
[64.0, 144.0, 1.0, 48.0]
[67.0, 144.0, 1.0, 48.0]
[70.0, 144.0, 1.0, 48.0]
[72.0, 144.0, 2.0, 48.0]
[75.0, 144.0, 1.0, 48.0]
[77.0, 144.0, 1.0, 48.0]
[80.0, 144.0, 1.0, 48.0]
[82.0, 144.0, 2.0, 48.0]
[85.0, 144.0, 1.0, 48.0]
[88.0, 144.0, 1.0, 48.0]
[90.0, 144.0, 1.0, 48.0]
[93.0, 144.0, 1.0, 48.0]
[96.0, 144.0, 1.0, 48.0]
[98.0, 144.0, 1.0, 48.0]
[100.0, 144.0, 2.0, 48.0]
[103.0, 144.0, 1.0, 48.0]
[106.0, 144.0, 1.0, 48.0]
[108.0, 144.0, 2.0, 48.0]
[111.0, 144.0, 1.0, 48.0]
[114.0, 144.0, 1.0, 48.0]
[116.0, 144.0, 1.0, 48.0]
[119.0, 144.0, 1.0, 48.0]
[122.0, 144.0, 1.0, 48.0]
[124.0, 144.0, 2.0, 48.0]
[127.0, 144.0, 2.0, 48.0]
[130.0, 144.0, 1.0, 48.0]
[133.0, 144.0, 1.0, 48.0]
[135.0, 144.0, 1.0, 48.0]
[137.0, 144.0, 1.0, 48.0]
[140.0, 144.0, 1.0, 48.0]
[142.0, 144.0, 2.0, 48.0]
[145.0, 144.0, 2.0, 48.0]
[148.0, 144.0, 1.0, 48.0]
Observed labels: character, matrix [a,b,c,d,e,f], advance [x,y], rendering mode:
a [8.0, 0.0, 0.0, 8.0, 90.876, 132.464] [4.487999, 0.0] FILL
b [8.0, 0.0, 0.0, 8.0, 95.364, 132.464] [4.919998, 0.0] FILL
c [8.0, 0.0, 0.0, 8.0, 100.284, 132.464] [3.8399963, 0.0] FILL
code39-full: payload=abc; check=none; codewords=[]; supplement=; exact independent modules and placement=pass; label=abc; label metrics=pass

Page 39 code39-full-check
Observed PDF rectangles [x,y,width,height]:
[46.0, 144.0, 1.0, 48.0]
[49.0, 144.0, 1.0, 48.0]
[51.0, 144.0, 2.0, 48.0]
[54.0, 144.0, 2.0, 48.0]
[57.0, 144.0, 1.0, 48.0]
[59.0, 144.0, 1.0, 48.0]
[62.0, 144.0, 1.0, 48.0]
[64.0, 144.0, 1.0, 48.0]
[67.0, 144.0, 1.0, 48.0]
[70.0, 144.0, 1.0, 48.0]
[72.0, 144.0, 2.0, 48.0]
[75.0, 144.0, 1.0, 48.0]
[77.0, 144.0, 1.0, 48.0]
[80.0, 144.0, 1.0, 48.0]
[82.0, 144.0, 2.0, 48.0]
[85.0, 144.0, 1.0, 48.0]
[88.0, 144.0, 1.0, 48.0]
[90.0, 144.0, 1.0, 48.0]
[93.0, 144.0, 1.0, 48.0]
[96.0, 144.0, 1.0, 48.0]
[98.0, 144.0, 1.0, 48.0]
[100.0, 144.0, 2.0, 48.0]
[103.0, 144.0, 1.0, 48.0]
[106.0, 144.0, 1.0, 48.0]
[108.0, 144.0, 2.0, 48.0]
[111.0, 144.0, 1.0, 48.0]
[114.0, 144.0, 1.0, 48.0]
[116.0, 144.0, 1.0, 48.0]
[119.0, 144.0, 1.0, 48.0]
[122.0, 144.0, 1.0, 48.0]
[124.0, 144.0, 2.0, 48.0]
[127.0, 144.0, 2.0, 48.0]
[130.0, 144.0, 1.0, 48.0]
[133.0, 144.0, 1.0, 48.0]
[135.0, 144.0, 1.0, 48.0]
[137.0, 144.0, 2.0, 48.0]
[140.0, 144.0, 1.0, 48.0]
[142.0, 144.0, 1.0, 48.0]
[144.0, 144.0, 2.0, 48.0]
[148.0, 144.0, 1.0, 48.0]
[150.0, 144.0, 1.0, 48.0]
[153.0, 144.0, 1.0, 48.0]
[155.0, 144.0, 2.0, 48.0]
[158.0, 144.0, 2.0, 48.0]
[161.0, 144.0, 1.0, 48.0]
Observed labels: character, matrix [a,b,c,d,e,f], advance [x,y], rendering mode:
a [8.0, 0.0, 0.0, 8.0, 97.376, 132.464] [4.487999, 0.0] FILL
b [8.0, 0.0, 0.0, 8.0, 101.864, 132.464] [4.919998, 0.0] FILL
c [8.0, 0.0, 0.0, 8.0, 106.784, 132.464] [3.8399963, 0.0] FILL
code39-full-check: payload=abc; check=R; codewords=[]; supplement=; exact independent modules and placement=pass; label=abc; label metrics=pass

Page 40 code39-full-ratio3
Observed PDF rectangles [x,y,width,height]:
[46.0, 144.0, 1.0, 48.0]
[50.0, 144.0, 1.0, 48.0]
[52.0, 144.0, 3.0, 48.0]
[56.0, 144.0, 3.0, 48.0]
[60.0, 144.0, 1.0, 48.0]
[62.0, 144.0, 1.0, 48.0]
[66.0, 144.0, 1.0, 48.0]
[68.0, 144.0, 1.0, 48.0]
[72.0, 144.0, 1.0, 48.0]
[76.0, 144.0, 1.0, 48.0]
[78.0, 144.0, 3.0, 48.0]
[82.0, 144.0, 1.0, 48.0]
[84.0, 144.0, 1.0, 48.0]
[88.0, 144.0, 1.0, 48.0]
[90.0, 144.0, 3.0, 48.0]
[94.0, 144.0, 1.0, 48.0]
[98.0, 144.0, 1.0, 48.0]
[100.0, 144.0, 1.0, 48.0]
[104.0, 144.0, 1.0, 48.0]
[108.0, 144.0, 1.0, 48.0]
[110.0, 144.0, 1.0, 48.0]
[112.0, 144.0, 3.0, 48.0]
[116.0, 144.0, 1.0, 48.0]
[120.0, 144.0, 1.0, 48.0]
[122.0, 144.0, 3.0, 48.0]
[126.0, 144.0, 1.0, 48.0]
[130.0, 144.0, 1.0, 48.0]
[132.0, 144.0, 1.0, 48.0]
[136.0, 144.0, 1.0, 48.0]
[140.0, 144.0, 1.0, 48.0]
[142.0, 144.0, 3.0, 48.0]
[146.0, 144.0, 3.0, 48.0]
[150.0, 144.0, 1.0, 48.0]
[154.0, 144.0, 1.0, 48.0]
[156.0, 144.0, 1.0, 48.0]
[158.0, 144.0, 1.0, 48.0]
[162.0, 144.0, 1.0, 48.0]
[164.0, 144.0, 3.0, 48.0]
[168.0, 144.0, 3.0, 48.0]
[172.0, 144.0, 1.0, 48.0]
Observed labels: character, matrix [a,b,c,d,e,f], advance [x,y], rendering mode:
a [8.0, 0.0, 0.0, 8.0, 102.876, 132.464] [4.487999, 0.0] FILL
b [8.0, 0.0, 0.0, 8.0, 107.364, 132.464] [4.919998, 0.0] FILL
c [8.0, 0.0, 0.0, 8.0, 112.284, 132.464] [3.8399963, 0.0] FILL
code39-full-ratio3: payload=abc; check=none; codewords=[]; supplement=; exact independent modules and placement=pass; label=abc; label metrics=pass

Page 41 code39-controls
Observed PDF rectangles [x,y,width,height]:
[46.0, 144.0, 1.0, 48.0]
[49.0, 144.0, 1.0, 48.0]
[51.0, 144.0, 2.0, 48.0]
[54.0, 144.0, 2.0, 48.0]
[57.0, 144.0, 1.0, 48.0]
[59.0, 144.0, 1.0, 48.0]
[61.0, 144.0, 1.0, 48.0]
[64.0, 144.0, 1.0, 48.0]
[67.0, 144.0, 1.0, 48.0]
[70.0, 144.0, 1.0, 48.0]
[72.0, 144.0, 2.0, 48.0]
[76.0, 144.0, 1.0, 48.0]
[78.0, 144.0, 1.0, 48.0]
[80.0, 144.0, 1.0, 48.0]
[82.0, 144.0, 2.0, 48.0]
[85.0, 144.0, 1.0, 48.0]
[88.0, 144.0, 1.0, 48.0]
[90.0, 144.0, 1.0, 48.0]
[93.0, 144.0, 1.0, 48.0]
[96.0, 144.0, 1.0, 48.0]
[98.0, 144.0, 2.0, 48.0]
[101.0, 144.0, 1.0, 48.0]
[103.0, 144.0, 1.0, 48.0]
[106.0, 144.0, 1.0, 48.0]
[108.0, 144.0, 2.0, 48.0]
[111.0, 144.0, 1.0, 48.0]
[114.0, 144.0, 1.0, 48.0]
[117.0, 144.0, 1.0, 48.0]
[119.0, 144.0, 1.0, 48.0]
[122.0, 144.0, 1.0, 48.0]
[124.0, 144.0, 1.0, 48.0]
[126.0, 144.0, 1.0, 48.0]
[128.0, 144.0, 2.0, 48.0]
[132.0, 144.0, 2.0, 48.0]
[135.0, 144.0, 1.0, 48.0]
[137.0, 144.0, 1.0, 48.0]
[139.0, 144.0, 1.0, 48.0]
[142.0, 144.0, 1.0, 48.0]
[145.0, 144.0, 1.0, 48.0]
[148.0, 144.0, 1.0, 48.0]
[150.0, 144.0, 1.0, 48.0]
[152.0, 144.0, 1.0, 48.0]
[154.0, 144.0, 2.0, 48.0]
[157.0, 144.0, 2.0, 48.0]
[161.0, 144.0, 1.0, 48.0]
[163.0, 144.0, 1.0, 48.0]
[166.0, 144.0, 1.0, 48.0]
[168.0, 144.0, 2.0, 48.0]
[171.0, 144.0, 2.0, 48.0]
[174.0, 144.0, 1.0, 48.0]
Observed labels: character, matrix [a,b,c,d,e,f], advance [x,y], rendering mode:
\ [8.0, 0.0, 0.0, 8.0, 89.904, 132.464] [2.975998, 0.0] FILL
x [8.0, 0.0, 0.0, 8.0, 92.880005, 132.464] [4.2320023, 0.0] FILL
0 [8.0, 0.0, 0.0, 8.0, 97.112, 132.464] [4.576004, 0.0] FILL
0 [8.0, 0.0, 0.0, 8.0, 101.688, 132.464] [4.576004, 0.0] FILL
a [8.0, 0.0, 0.0, 8.0, 106.26401, 132.464] [4.487999, 0.0] FILL
* [8.0, 0.0, 0.0, 8.0, 110.75201, 132.464] [4.407997, 0.0] FILL
\ [8.0, 0.0, 0.0, 8.0, 115.16, 132.464] [2.975998, 0.0] FILL
x [8.0, 0.0, 0.0, 8.0, 118.136, 132.464] [4.2320023, 0.0] FILL
7 [8.0, 0.0, 0.0, 8.0, 122.368004, 132.464] [4.5759964, 0.0] FILL
F [8.0, 0.0, 0.0, 8.0, 126.944, 132.464] [4.151993, 0.0] FILL
code39-controls: payload=\u0000a*\u007f; check=none; codewords=[]; supplement=; exact independent modules and placement=pass; label=\x00a*\x7F; label metrics=pass

Page 42 code39-literal
Observed PDF rectangles [x,y,width,height]:
[46.0, 144.0, 1.0, 48.0]
[49.0, 144.0, 1.0, 48.0]
[51.0, 144.0, 2.0, 48.0]
[54.0, 144.0, 2.0, 48.0]
[57.0, 144.0, 1.0, 48.0]
[59.0, 144.0, 1.0, 48.0]
[61.0, 144.0, 1.0, 48.0]
[64.0, 144.0, 1.0, 48.0]
[67.0, 144.0, 1.0, 48.0]
[70.0, 144.0, 1.0, 48.0]
[72.0, 144.0, 1.0, 48.0]
[74.0, 144.0, 2.0, 48.0]
[77.0, 144.0, 1.0, 48.0]
[79.0, 144.0, 1.0, 48.0]
[82.0, 144.0, 2.0, 48.0]
[85.0, 144.0, 1.0, 48.0]
[87.0, 144.0, 1.0, 48.0]
[90.0, 144.0, 1.0, 48.0]
[93.0, 144.0, 1.0, 48.0]
[96.0, 144.0, 1.0, 48.0]
[98.0, 144.0, 1.0, 48.0]
[100.0, 144.0, 1.0, 48.0]
[102.0, 144.0, 1.0, 48.0]
[105.0, 144.0, 2.0, 48.0]
[108.0, 144.0, 2.0, 48.0]
[111.0, 144.0, 1.0, 48.0]
[113.0, 144.0, 2.0, 48.0]
[116.0, 144.0, 2.0, 48.0]
[120.0, 144.0, 1.0, 48.0]
[122.0, 144.0, 1.0, 48.0]
[124.0, 144.0, 1.0, 48.0]
[126.0, 144.0, 1.0, 48.0]
[128.0, 144.0, 2.0, 48.0]
[131.0, 144.0, 1.0, 48.0]
[134.0, 144.0, 2.0, 48.0]
[137.0, 144.0, 2.0, 48.0]
[140.0, 144.0, 2.0, 48.0]
[143.0, 144.0, 1.0, 48.0]
[146.0, 144.0, 1.0, 48.0]
[148.0, 144.0, 1.0, 48.0]
[150.0, 144.0, 2.0, 48.0]
[153.0, 144.0, 1.0, 48.0]
[156.0, 144.0, 1.0, 48.0]
[158.0, 144.0, 1.0, 48.0]
[160.0, 144.0, 2.0, 48.0]
[163.0, 144.0, 1.0, 48.0]
[165.0, 144.0, 1.0, 48.0]
[168.0, 144.0, 1.0, 48.0]
[171.0, 144.0, 1.0, 48.0]
[174.0, 144.0, 1.0, 48.0]
[176.0, 144.0, 1.0, 48.0]
[178.0, 144.0, 2.0, 48.0]
[181.0, 144.0, 1.0, 48.0]
[184.0, 144.0, 2.0, 48.0]
[187.0, 144.0, 1.0, 48.0]
[189.0, 144.0, 1.0, 48.0]
[192.0, 144.0, 1.0, 48.0]
[194.0, 144.0, 2.0, 48.0]
[197.0, 144.0, 2.0, 48.0]
[200.0, 144.0, 1.0, 48.0]
Observed labels: character, matrix [a,b,c,d,e,f], advance [x,y], rendering mode:
\ [8.0, 0.0, 0.0, 8.0, 107.504, 132.464] [2.975998, 0.0] FILL
< [8.0, 0.0, 0.0, 8.0, 110.479996, 132.464] [4.576004, 0.0] FILL
F [8.0, 0.0, 0.0, 8.0, 115.056, 132.464] [4.1520004, 0.0] FILL
N [8.0, 0.0, 0.0, 8.0, 119.208, 132.464] [6.080002, 0.0] FILL
C [8.0, 0.0, 0.0, 8.0, 125.288, 132.464] [5.0560074, 0.0] FILL
1 [8.0, 0.0, 0.0, 8.0, 130.344, 132.464] [4.576004, 0.0] FILL
> [8.0, 0.0, 0.0, 8.0, 134.92, 132.464] [4.576004, 0.0] FILL
code39-literal: payload=\<FNC1>; check=none; codewords=[]; supplement=; exact independent modules and placement=pass; label=\<FNC1>; label metrics=pass

Page 43 codabar
Observed PDF rectangles [x,y,width,height]:
[46.0, 144.0, 1.0, 48.0]
[48.0, 144.0, 2.0, 48.0]
[52.0, 144.0, 1.0, 48.0]
[55.0, 144.0, 1.0, 48.0]
[57.0, 144.0, 1.0, 48.0]
[59.0, 144.0, 1.0, 48.0]
[61.0, 144.0, 2.0, 48.0]
[65.0, 144.0, 1.0, 48.0]
[67.0, 144.0, 1.0, 48.0]
[69.0, 144.0, 1.0, 48.0]
[72.0, 144.0, 1.0, 48.0]
[74.0, 144.0, 2.0, 48.0]
[77.0, 144.0, 2.0, 48.0]
[81.0, 144.0, 1.0, 48.0]
[83.0, 144.0, 1.0, 48.0]
[85.0, 144.0, 1.0, 48.0]
[87.0, 144.0, 1.0, 48.0]
[89.0, 144.0, 2.0, 48.0]
[92.0, 144.0, 1.0, 48.0]
[95.0, 144.0, 1.0, 48.0]
[97.0, 144.0, 1.0, 48.0]
[100.0, 144.0, 1.0, 48.0]
[103.0, 144.0, 1.0, 48.0]
[105.0, 144.0, 2.0, 48.0]
Observed labels: character, matrix [a,b,c,d,e,f], advance [x,y], rendering mode:
1 [8.0, 0.0, 0.0, 8.0, 67.348, 132.464] [4.5759964, 0.0] FILL
2 [8.0, 0.0, 0.0, 8.0, 71.923996, 132.464] [4.576004, 0.0] FILL
3 [8.0, 0.0, 0.0, 8.0, 76.5, 132.464] [4.576004, 0.0] FILL
4 [8.0, 0.0, 0.0, 8.0, 81.076004, 132.464] [4.576004, 0.0] FILL
codabar: payload=A1234B; check=none; codewords=[]; supplement=; exact independent modules and placement=pass; label=1234; label metrics=pass

Page 44 codabar-check
Observed PDF rectangles [x,y,width,height]:
[46.0, 144.0, 1.0, 48.0]
[48.0, 144.0, 2.0, 48.0]
[52.0, 144.0, 1.0, 48.0]
[55.0, 144.0, 1.0, 48.0]
[57.0, 144.0, 1.0, 48.0]
[59.0, 144.0, 1.0, 48.0]
[61.0, 144.0, 2.0, 48.0]
[65.0, 144.0, 1.0, 48.0]
[67.0, 144.0, 1.0, 48.0]
[69.0, 144.0, 1.0, 48.0]
[72.0, 144.0, 1.0, 48.0]
[74.0, 144.0, 2.0, 48.0]
[77.0, 144.0, 2.0, 48.0]
[81.0, 144.0, 1.0, 48.0]
[83.0, 144.0, 1.0, 48.0]
[85.0, 144.0, 1.0, 48.0]
[87.0, 144.0, 1.0, 48.0]
[89.0, 144.0, 2.0, 48.0]
[92.0, 144.0, 1.0, 48.0]
[95.0, 144.0, 1.0, 48.0]
[97.0, 144.0, 2.0, 48.0]
[100.0, 144.0, 1.0, 48.0]
[102.0, 144.0, 1.0, 48.0]
[105.0, 144.0, 1.0, 48.0]
[107.0, 144.0, 1.0, 48.0]
[110.0, 144.0, 1.0, 48.0]
[113.0, 144.0, 1.0, 48.0]
[115.0, 144.0, 2.0, 48.0]
Observed labels: character, matrix [a,b,c,d,e,f], advance [x,y], rendering mode:
1 [8.0, 0.0, 0.0, 8.0, 72.348, 132.464] [4.5759964, 0.0] FILL
2 [8.0, 0.0, 0.0, 8.0, 76.923996, 132.464] [4.576004, 0.0] FILL
3 [8.0, 0.0, 0.0, 8.0, 81.5, 132.464] [4.576004, 0.0] FILL
4 [8.0, 0.0, 0.0, 8.0, 86.076004, 132.464] [4.576004, 0.0] FILL
codabar-check: payload=A12345B; check=5; codewords=[]; supplement=; exact independent modules and placement=pass; label=1234; label metrics=pass

Page 45 codabar-ratio3
Observed PDF rectangles [x,y,width,height]:
[46.0, 144.0, 1.0, 48.0]
[48.0, 144.0, 1.0, 48.0]
[52.0, 144.0, 1.0, 48.0]
[56.0, 144.0, 3.0, 48.0]
[60.0, 144.0, 1.0, 48.0]
[62.0, 144.0, 1.0, 48.0]
[64.0, 144.0, 3.0, 48.0]
[70.0, 144.0, 1.0, 48.0]
[72.0, 144.0, 1.0, 48.0]
[74.0, 144.0, 1.0, 48.0]
[78.0, 144.0, 1.0, 48.0]
[80.0, 144.0, 3.0, 48.0]
[84.0, 144.0, 1.0, 48.0]
[86.0, 144.0, 1.0, 48.0]
[90.0, 144.0, 3.0, 48.0]
[94.0, 144.0, 1.0, 48.0]
[96.0, 144.0, 3.0, 48.0]
[100.0, 144.0, 3.0, 48.0]
[104.0, 144.0, 3.0, 48.0]
[108.0, 144.0, 1.0, 48.0]
[110.0, 144.0, 1.0, 48.0]
[112.0, 144.0, 3.0, 48.0]
[118.0, 144.0, 1.0, 48.0]
[120.0, 144.0, 1.0, 48.0]
[122.0, 144.0, 3.0, 48.0]
[126.0, 144.0, 1.0, 48.0]
[128.0, 144.0, 3.0, 48.0]
[132.0, 144.0, 3.0, 48.0]
[136.0, 144.0, 3.0, 48.0]
[140.0, 144.0, 3.0, 48.0]
[144.0, 144.0, 1.0, 48.0]
[146.0, 144.0, 3.0, 48.0]
[150.0, 144.0, 1.0, 48.0]
[152.0, 144.0, 3.0, 48.0]
[156.0, 144.0, 3.0, 48.0]
[160.0, 144.0, 3.0, 48.0]
[164.0, 144.0, 1.0, 48.0]
[166.0, 144.0, 1.0, 48.0]
[170.0, 144.0, 3.0, 48.0]
[176.0, 144.0, 1.0, 48.0]
Observed labels: character, matrix [a,b,c,d,e,f], advance [x,y], rendering mode:
1 [8.0, 0.0, 0.0, 8.0, 97.428, 132.464] [4.5759964, 0.0] FILL
2 [8.0, 0.0, 0.0, 8.0, 102.004, 132.464] [4.576004, 0.0] FILL
- [8.0, 0.0, 0.0, 8.0, 106.58, 132.464] [2.5759964, 0.0] FILL
. [8.0, 0.0, 0.0, 8.0, 109.156, 132.464] [2.1439972, 0.0] FILL
$ [8.0, 0.0, 0.0, 8.0, 111.299995, 132.464] [4.5759964, 0.0] FILL
: [8.0, 0.0, 0.0, 8.0, 115.87599, 132.464] [2.1439972, 0.0] FILL
/ [8.0, 0.0, 0.0, 8.0, 118.01999, 132.464] [2.975998, 0.0] FILL
+ [8.0, 0.0, 0.0, 8.0, 120.99599, 132.464] [4.576004, 0.0] FILL
codabar-ratio3: payload=C12-.$:/+D; check=none; codewords=[]; supplement=; exact independent modules and placement=pass; label=12-.$:/+; label metrics=pass

Page 46 ean13-body
Observed PDF rectangles [x,y,width,height]:
[47.0, 144.0, 1.0, 48.0]
[49.0, 144.0, 1.0, 48.0]
[53.0, 144.0, 1.0, 48.0]
[55.0, 144.0, 2.0, 48.0]
[58.0, 144.0, 1.0, 48.0]
[61.0, 144.0, 3.0, 48.0]
[65.0, 144.0, 2.0, 48.0]
[69.0, 144.0, 2.0, 48.0]
[73.0, 144.0, 1.0, 48.0]
[76.0, 144.0, 2.0, 48.0]
[79.0, 144.0, 4.0, 48.0]
[84.0, 144.0, 1.0, 48.0]
[87.0, 144.0, 3.0, 48.0]
[91.0, 144.0, 1.0, 48.0]
[93.0, 144.0, 1.0, 48.0]
[95.0, 144.0, 1.0, 48.0]
[97.0, 144.0, 2.0, 48.0]
[101.0, 144.0, 2.0, 48.0]
[104.0, 144.0, 2.0, 48.0]
[107.0, 144.0, 2.0, 48.0]
[111.0, 144.0, 1.0, 48.0]
[116.0, 144.0, 1.0, 48.0]
[118.0, 144.0, 1.0, 48.0]
[120.0, 144.0, 3.0, 48.0]
[125.0, 144.0, 1.0, 48.0]
[128.0, 144.0, 3.0, 48.0]
[132.0, 144.0, 1.0, 48.0]
[136.0, 144.0, 1.0, 48.0]
[139.0, 144.0, 1.0, 48.0]
[141.0, 144.0, 1.0, 48.0]
Observed labels: character, matrix [a,b,c,d,e,f], advance [x,y], rendering mode:
5 [8.0, 0.0, 0.0, 8.0, 64.756, 132.464] [4.576004, 0.0] FILL
9 [8.0, 0.0, 0.0, 8.0, 69.332, 132.464] [4.576004, 0.0] FILL
0 [8.0, 0.0, 0.0, 8.0, 73.908005, 132.464] [4.576004, 0.0] FILL
1 [8.0, 0.0, 0.0, 8.0, 78.484, 132.464] [4.5759964, 0.0] FILL
2 [8.0, 0.0, 0.0, 8.0, 83.06, 132.464] [4.576004, 0.0] FILL
3 [8.0, 0.0, 0.0, 8.0, 87.636, 132.464] [4.576004, 0.0] FILL
4 [8.0, 0.0, 0.0, 8.0, 92.212006, 132.464] [4.576004, 0.0] FILL
1 [8.0, 0.0, 0.0, 8.0, 96.788, 132.464] [4.5759964, 0.0] FILL
2 [8.0, 0.0, 0.0, 8.0, 101.364, 132.464] [4.576004, 0.0] FILL
3 [8.0, 0.0, 0.0, 8.0, 105.94, 132.464] [4.576004, 0.0] FILL
4 [8.0, 0.0, 0.0, 8.0, 110.51601, 132.464] [4.576004, 0.0] FILL
5 [8.0, 0.0, 0.0, 8.0, 115.09201, 132.464] [4.576004, 0.0] FILL
7 [8.0, 0.0, 0.0, 8.0, 119.668015, 132.464] [4.576004, 0.0] FILL
ean13-body: payload=5901234123457; check=7; codewords=[]; supplement=; exact independent modules and placement=pass; label=5901234123457; label metrics=pass

Page 47 ean13-complete
Observed PDF rectangles [x,y,width,height]:
[47.0, 144.0, 1.0, 48.0]
[49.0, 144.0, 1.0, 48.0]
[53.0, 144.0, 1.0, 48.0]
[55.0, 144.0, 2.0, 48.0]
[58.0, 144.0, 1.0, 48.0]
[61.0, 144.0, 3.0, 48.0]
[65.0, 144.0, 2.0, 48.0]
[69.0, 144.0, 2.0, 48.0]
[73.0, 144.0, 1.0, 48.0]
[76.0, 144.0, 2.0, 48.0]
[79.0, 144.0, 4.0, 48.0]
[84.0, 144.0, 1.0, 48.0]
[87.0, 144.0, 3.0, 48.0]
[91.0, 144.0, 1.0, 48.0]
[93.0, 144.0, 1.0, 48.0]
[95.0, 144.0, 1.0, 48.0]
[97.0, 144.0, 2.0, 48.0]
[101.0, 144.0, 2.0, 48.0]
[104.0, 144.0, 2.0, 48.0]
[107.0, 144.0, 2.0, 48.0]
[111.0, 144.0, 1.0, 48.0]
[116.0, 144.0, 1.0, 48.0]
[118.0, 144.0, 1.0, 48.0]
[120.0, 144.0, 3.0, 48.0]
[125.0, 144.0, 1.0, 48.0]
[128.0, 144.0, 3.0, 48.0]
[132.0, 144.0, 1.0, 48.0]
[136.0, 144.0, 1.0, 48.0]
[139.0, 144.0, 1.0, 48.0]
[141.0, 144.0, 1.0, 48.0]
Observed labels: character, matrix [a,b,c,d,e,f], advance [x,y], rendering mode:
5 [8.0, 0.0, 0.0, 8.0, 64.756, 132.464] [4.576004, 0.0] FILL
9 [8.0, 0.0, 0.0, 8.0, 69.332, 132.464] [4.576004, 0.0] FILL
0 [8.0, 0.0, 0.0, 8.0, 73.908005, 132.464] [4.576004, 0.0] FILL
1 [8.0, 0.0, 0.0, 8.0, 78.484, 132.464] [4.5759964, 0.0] FILL
2 [8.0, 0.0, 0.0, 8.0, 83.06, 132.464] [4.576004, 0.0] FILL
3 [8.0, 0.0, 0.0, 8.0, 87.636, 132.464] [4.576004, 0.0] FILL
4 [8.0, 0.0, 0.0, 8.0, 92.212006, 132.464] [4.576004, 0.0] FILL
1 [8.0, 0.0, 0.0, 8.0, 96.788, 132.464] [4.5759964, 0.0] FILL
2 [8.0, 0.0, 0.0, 8.0, 101.364, 132.464] [4.576004, 0.0] FILL
3 [8.0, 0.0, 0.0, 8.0, 105.94, 132.464] [4.576004, 0.0] FILL
4 [8.0, 0.0, 0.0, 8.0, 110.51601, 132.464] [4.576004, 0.0] FILL
5 [8.0, 0.0, 0.0, 8.0, 115.09201, 132.464] [4.576004, 0.0] FILL
7 [8.0, 0.0, 0.0, 8.0, 119.668015, 132.464] [4.576004, 0.0] FILL
ean13-complete: payload=5901234123457; check=7; codewords=[]; supplement=; exact independent modules and placement=pass; label=5901234123457; label metrics=pass

Page 48 ean8-body
Observed PDF rectangles [x,y,width,height]:
[46.0, 144.0, 1.0, 48.0]
[48.0, 144.0, 1.0, 48.0]
[52.0, 144.0, 1.0, 48.0]
[54.0, 144.0, 2.0, 48.0]
[57.0, 144.0, 1.0, 48.0]
[59.0, 144.0, 4.0, 48.0]
[64.0, 144.0, 4.0, 48.0]
[69.0, 144.0, 1.0, 48.0]
[71.0, 144.0, 2.0, 48.0]
[74.0, 144.0, 3.0, 48.0]
[78.0, 144.0, 1.0, 48.0]
[80.0, 144.0, 1.0, 48.0]
[82.0, 144.0, 1.0, 48.0]
[85.0, 144.0, 3.0, 48.0]
[89.0, 144.0, 3.0, 48.0]
[94.0, 144.0, 1.0, 48.0]
[96.0, 144.0, 1.0, 48.0]
[100.0, 144.0, 1.0, 48.0]
[103.0, 144.0, 1.0, 48.0]
[105.0, 144.0, 3.0, 48.0]
[110.0, 144.0, 1.0, 48.0]
[112.0, 144.0, 1.0, 48.0]
Observed labels: character, matrix [a,b,c,d,e,f], advance [x,y], rendering mode:
9 [8.0, 0.0, 0.0, 8.0, 61.196, 132.464] [4.576004, 0.0] FILL
6 [8.0, 0.0, 0.0, 8.0, 65.772, 132.464] [4.576004, 0.0] FILL
3 [8.0, 0.0, 0.0, 8.0, 70.348, 132.464] [4.5759964, 0.0] FILL
8 [8.0, 0.0, 0.0, 8.0, 74.923996, 132.464] [4.576004, 0.0] FILL
5 [8.0, 0.0, 0.0, 8.0, 79.5, 132.464] [4.576004, 0.0] FILL
0 [8.0, 0.0, 0.0, 8.0, 84.076004, 132.464] [4.576004, 0.0] FILL
7 [8.0, 0.0, 0.0, 8.0, 88.652, 132.464] [4.5759964, 0.0] FILL
4 [8.0, 0.0, 0.0, 8.0, 93.228, 132.464] [4.576004, 0.0] FILL
ean8-body: payload=96385074; check=4; codewords=[]; supplement=; exact independent modules and placement=pass; label=96385074; label metrics=pass

Page 49 ean8-complete
Observed PDF rectangles [x,y,width,height]:
[46.0, 144.0, 1.0, 48.0]
[48.0, 144.0, 1.0, 48.0]
[52.0, 144.0, 1.0, 48.0]
[54.0, 144.0, 2.0, 48.0]
[57.0, 144.0, 1.0, 48.0]
[59.0, 144.0, 4.0, 48.0]
[64.0, 144.0, 4.0, 48.0]
[69.0, 144.0, 1.0, 48.0]
[71.0, 144.0, 2.0, 48.0]
[74.0, 144.0, 3.0, 48.0]
[78.0, 144.0, 1.0, 48.0]
[80.0, 144.0, 1.0, 48.0]
[82.0, 144.0, 1.0, 48.0]
[85.0, 144.0, 3.0, 48.0]
[89.0, 144.0, 3.0, 48.0]
[94.0, 144.0, 1.0, 48.0]
[96.0, 144.0, 1.0, 48.0]
[100.0, 144.0, 1.0, 48.0]
[103.0, 144.0, 1.0, 48.0]
[105.0, 144.0, 3.0, 48.0]
[110.0, 144.0, 1.0, 48.0]
[112.0, 144.0, 1.0, 48.0]
Observed labels: character, matrix [a,b,c,d,e,f], advance [x,y], rendering mode:
9 [8.0, 0.0, 0.0, 8.0, 61.196, 132.464] [4.576004, 0.0] FILL
6 [8.0, 0.0, 0.0, 8.0, 65.772, 132.464] [4.576004, 0.0] FILL
3 [8.0, 0.0, 0.0, 8.0, 70.348, 132.464] [4.5759964, 0.0] FILL
8 [8.0, 0.0, 0.0, 8.0, 74.923996, 132.464] [4.576004, 0.0] FILL
5 [8.0, 0.0, 0.0, 8.0, 79.5, 132.464] [4.576004, 0.0] FILL
0 [8.0, 0.0, 0.0, 8.0, 84.076004, 132.464] [4.576004, 0.0] FILL
7 [8.0, 0.0, 0.0, 8.0, 88.652, 132.464] [4.5759964, 0.0] FILL
4 [8.0, 0.0, 0.0, 8.0, 93.228, 132.464] [4.576004, 0.0] FILL
ean8-complete: payload=96385074; check=4; codewords=[]; supplement=; exact independent modules and placement=pass; label=96385074; label metrics=pass

Page 50 upca-body
Observed PDF rectangles [x,y,width,height]:
[46.0, 144.0, 1.0, 48.0]
[48.0, 144.0, 1.0, 48.0]
[52.0, 144.0, 2.0, 48.0]
[55.0, 144.0, 1.0, 48.0]
[57.0, 144.0, 1.0, 48.0]
[61.0, 144.0, 2.0, 48.0]
[65.0, 144.0, 1.0, 48.0]
[68.0, 144.0, 2.0, 48.0]
[72.0, 144.0, 2.0, 48.0]
[76.0, 144.0, 1.0, 48.0]
[80.0, 144.0, 2.0, 48.0]
[83.0, 144.0, 1.0, 48.0]
[87.0, 144.0, 2.0, 48.0]
[90.0, 144.0, 1.0, 48.0]
[92.0, 144.0, 1.0, 48.0]
[94.0, 144.0, 1.0, 48.0]
[96.0, 144.0, 3.0, 48.0]
[101.0, 144.0, 1.0, 48.0]
[103.0, 144.0, 3.0, 48.0]
[108.0, 144.0, 1.0, 48.0]
[110.0, 144.0, 1.0, 48.0]
[113.0, 144.0, 3.0, 48.0]
[117.0, 144.0, 2.0, 48.0]
[120.0, 144.0, 2.0, 48.0]
[124.0, 144.0, 1.0, 48.0]
[126.0, 144.0, 1.0, 48.0]
[131.0, 144.0, 1.0, 48.0]
[133.0, 144.0, 3.0, 48.0]
[138.0, 144.0, 1.0, 48.0]
[140.0, 144.0, 1.0, 48.0]
Observed labels: character, matrix [a,b,c,d,e,f], advance [x,y], rendering mode:
0 [8.0, 0.0, 0.0, 8.0, 66.044, 132.464] [4.5759964, 0.0] FILL
4 [8.0, 0.0, 0.0, 8.0, 70.62, 132.464] [4.5759964, 0.0] FILL
2 [8.0, 0.0, 0.0, 8.0, 75.196, 132.464] [4.576004, 0.0] FILL
1 [8.0, 0.0, 0.0, 8.0, 79.772, 132.464] [4.576004, 0.0] FILL
0 [8.0, 0.0, 0.0, 8.0, 84.34801, 132.464] [4.576004, 0.0] FILL
0 [8.0, 0.0, 0.0, 8.0, 88.924, 132.464] [4.5759964, 0.0] FILL
0 [8.0, 0.0, 0.0, 8.0, 93.5, 132.464] [4.576004, 0.0] FILL
0 [8.0, 0.0, 0.0, 8.0, 98.076004, 132.464] [4.576004, 0.0] FILL
5 [8.0, 0.0, 0.0, 8.0, 102.65201, 132.464] [4.576004, 0.0] FILL
2 [8.0, 0.0, 0.0, 8.0, 107.22801, 132.464] [4.576004, 0.0] FILL
6 [8.0, 0.0, 0.0, 8.0, 111.804016, 132.464] [4.576004, 0.0] FILL
4 [8.0, 0.0, 0.0, 8.0, 116.38002, 132.464] [4.576004, 0.0] FILL
upca-body: payload=042100005264; check=4; codewords=[]; supplement=; exact independent modules and placement=pass; label=042100005264; label metrics=pass

Page 51 upca-complete
Observed PDF rectangles [x,y,width,height]:
[46.0, 144.0, 1.0, 48.0]
[48.0, 144.0, 1.0, 48.0]
[52.0, 144.0, 2.0, 48.0]
[55.0, 144.0, 1.0, 48.0]
[57.0, 144.0, 1.0, 48.0]
[61.0, 144.0, 2.0, 48.0]
[65.0, 144.0, 1.0, 48.0]
[68.0, 144.0, 2.0, 48.0]
[72.0, 144.0, 2.0, 48.0]
[76.0, 144.0, 1.0, 48.0]
[80.0, 144.0, 2.0, 48.0]
[83.0, 144.0, 1.0, 48.0]
[87.0, 144.0, 2.0, 48.0]
[90.0, 144.0, 1.0, 48.0]
[92.0, 144.0, 1.0, 48.0]
[94.0, 144.0, 1.0, 48.0]
[96.0, 144.0, 3.0, 48.0]
[101.0, 144.0, 1.0, 48.0]
[103.0, 144.0, 3.0, 48.0]
[108.0, 144.0, 1.0, 48.0]
[110.0, 144.0, 1.0, 48.0]
[113.0, 144.0, 3.0, 48.0]
[117.0, 144.0, 2.0, 48.0]
[120.0, 144.0, 2.0, 48.0]
[124.0, 144.0, 1.0, 48.0]
[126.0, 144.0, 1.0, 48.0]
[131.0, 144.0, 1.0, 48.0]
[133.0, 144.0, 3.0, 48.0]
[138.0, 144.0, 1.0, 48.0]
[140.0, 144.0, 1.0, 48.0]
Observed labels: character, matrix [a,b,c,d,e,f], advance [x,y], rendering mode:
0 [8.0, 0.0, 0.0, 8.0, 66.044, 132.464] [4.5759964, 0.0] FILL
4 [8.0, 0.0, 0.0, 8.0, 70.62, 132.464] [4.5759964, 0.0] FILL
2 [8.0, 0.0, 0.0, 8.0, 75.196, 132.464] [4.576004, 0.0] FILL
1 [8.0, 0.0, 0.0, 8.0, 79.772, 132.464] [4.576004, 0.0] FILL
0 [8.0, 0.0, 0.0, 8.0, 84.34801, 132.464] [4.576004, 0.0] FILL
0 [8.0, 0.0, 0.0, 8.0, 88.924, 132.464] [4.5759964, 0.0] FILL
0 [8.0, 0.0, 0.0, 8.0, 93.5, 132.464] [4.576004, 0.0] FILL
0 [8.0, 0.0, 0.0, 8.0, 98.076004, 132.464] [4.576004, 0.0] FILL
5 [8.0, 0.0, 0.0, 8.0, 102.65201, 132.464] [4.576004, 0.0] FILL
2 [8.0, 0.0, 0.0, 8.0, 107.22801, 132.464] [4.576004, 0.0] FILL
6 [8.0, 0.0, 0.0, 8.0, 111.804016, 132.464] [4.576004, 0.0] FILL
4 [8.0, 0.0, 0.0, 8.0, 116.38002, 132.464] [4.576004, 0.0] FILL
upca-complete: payload=042100005264; check=4; codewords=[]; supplement=; exact independent modules and placement=pass; label=042100005264; label metrics=pass

Page 52 upce-body
Observed PDF rectangles [x,y,width,height]:
[46.0, 144.0, 1.0, 48.0]
[48.0, 144.0, 1.0, 48.0]
[51.0, 144.0, 3.0, 48.0]
[55.0, 144.0, 1.0, 48.0]
[58.0, 144.0, 1.0, 48.0]
[61.0, 144.0, 2.0, 48.0]
[64.0, 144.0, 3.0, 48.0]
[69.0, 144.0, 1.0, 48.0]
[72.0, 144.0, 2.0, 48.0]
[75.0, 144.0, 2.0, 48.0]
[78.0, 144.0, 1.0, 48.0]
[80.0, 144.0, 4.0, 48.0]
[86.0, 144.0, 2.0, 48.0]
[90.0, 144.0, 1.0, 48.0]
[92.0, 144.0, 1.0, 48.0]
[94.0, 144.0, 1.0, 48.0]
[96.0, 144.0, 1.0, 48.0]
Observed labels: character, matrix [a,b,c,d,e,f], advance [x,y], rendering mode:
0 [8.0, 0.0, 0.0, 8.0, 53.196, 132.464] [4.576, 0.0] FILL
4 [8.0, 0.0, 0.0, 8.0, 57.772, 132.464] [4.576, 0.0] FILL
2 [8.0, 0.0, 0.0, 8.0, 62.348, 132.464] [4.5759964, 0.0] FILL
5 [8.0, 0.0, 0.0, 8.0, 66.923996, 132.464] [4.576004, 0.0] FILL
2 [8.0, 0.0, 0.0, 8.0, 71.5, 132.464] [4.576004, 0.0] FILL
6 [8.0, 0.0, 0.0, 8.0, 76.076004, 132.464] [4.576004, 0.0] FILL
1 [8.0, 0.0, 0.0, 8.0, 80.652, 132.464] [4.5759964, 0.0] FILL
4 [8.0, 0.0, 0.0, 8.0, 85.228, 132.464] [4.576004, 0.0] FILL
upce-body: payload=04252614; check=4; codewords=[]; supplement=; exact independent modules and placement=pass; label=04252614; label metrics=pass

Page 53 upce-complete
Observed PDF rectangles [x,y,width,height]:
[46.0, 144.0, 1.0, 48.0]
[48.0, 144.0, 1.0, 48.0]
[51.0, 144.0, 3.0, 48.0]
[55.0, 144.0, 1.0, 48.0]
[58.0, 144.0, 1.0, 48.0]
[61.0, 144.0, 2.0, 48.0]
[64.0, 144.0, 3.0, 48.0]
[69.0, 144.0, 1.0, 48.0]
[72.0, 144.0, 2.0, 48.0]
[75.0, 144.0, 2.0, 48.0]
[78.0, 144.0, 1.0, 48.0]
[80.0, 144.0, 4.0, 48.0]
[86.0, 144.0, 2.0, 48.0]
[90.0, 144.0, 1.0, 48.0]
[92.0, 144.0, 1.0, 48.0]
[94.0, 144.0, 1.0, 48.0]
[96.0, 144.0, 1.0, 48.0]
Observed labels: character, matrix [a,b,c,d,e,f], advance [x,y], rendering mode:
0 [8.0, 0.0, 0.0, 8.0, 53.196, 132.464] [4.576, 0.0] FILL
4 [8.0, 0.0, 0.0, 8.0, 57.772, 132.464] [4.576, 0.0] FILL
2 [8.0, 0.0, 0.0, 8.0, 62.348, 132.464] [4.5759964, 0.0] FILL
5 [8.0, 0.0, 0.0, 8.0, 66.923996, 132.464] [4.576004, 0.0] FILL
2 [8.0, 0.0, 0.0, 8.0, 71.5, 132.464] [4.576004, 0.0] FILL
6 [8.0, 0.0, 0.0, 8.0, 76.076004, 132.464] [4.576004, 0.0] FILL
1 [8.0, 0.0, 0.0, 8.0, 80.652, 132.464] [4.5759964, 0.0] FILL
4 [8.0, 0.0, 0.0, 8.0, 85.228, 132.464] [4.576004, 0.0] FILL
upce-complete: payload=04252614; check=4; codewords=[]; supplement=; exact independent modules and placement=pass; label=04252614; label metrics=pass

Page 54 upce-0123450
Observed PDF rectangles [x,y,width,height]:
[46.0, 144.0, 1.0, 48.0]
[48.0, 144.0, 1.0, 48.0]
[50.0, 144.0, 2.0, 48.0]
[54.0, 144.0, 2.0, 48.0]
[58.0, 144.0, 1.0, 48.0]
[61.0, 144.0, 2.0, 48.0]
[64.0, 144.0, 4.0, 48.0]
[69.0, 144.0, 1.0, 48.0]
[72.0, 144.0, 3.0, 48.0]
[76.0, 144.0, 1.0, 48.0]
[78.0, 144.0, 3.0, 48.0]
[83.0, 144.0, 1.0, 48.0]
[87.0, 144.0, 2.0, 48.0]
[90.0, 144.0, 1.0, 48.0]
[92.0, 144.0, 1.0, 48.0]
[94.0, 144.0, 1.0, 48.0]
[96.0, 144.0, 1.0, 48.0]
Observed labels: character, matrix [a,b,c,d,e,f], advance [x,y], rendering mode:
0 [8.0, 0.0, 0.0, 8.0, 53.196, 132.464] [4.576, 0.0] FILL
1 [8.0, 0.0, 0.0, 8.0, 57.772, 132.464] [4.576, 0.0] FILL
2 [8.0, 0.0, 0.0, 8.0, 62.348, 132.464] [4.5759964, 0.0] FILL
3 [8.0, 0.0, 0.0, 8.0, 66.923996, 132.464] [4.576004, 0.0] FILL
4 [8.0, 0.0, 0.0, 8.0, 71.5, 132.464] [4.576004, 0.0] FILL
5 [8.0, 0.0, 0.0, 8.0, 76.076004, 132.464] [4.576004, 0.0] FILL
0 [8.0, 0.0, 0.0, 8.0, 80.652, 132.464] [4.5759964, 0.0] FILL
5 [8.0, 0.0, 0.0, 8.0, 85.228, 132.464] [4.576004, 0.0] FILL
upce-0123450: payload=01234505; check=5; codewords=[]; supplement=; exact independent modules and placement=pass; label=01234505; label metrics=pass

Page 55 upce-0123453
Observed PDF rectangles [x,y,width,height]:
[46.0, 144.0, 1.0, 48.0]
[48.0, 144.0, 1.0, 48.0]
[50.0, 144.0, 2.0, 48.0]
[54.0, 144.0, 2.0, 48.0]
[58.0, 144.0, 2.0, 48.0]
[61.0, 144.0, 2.0, 48.0]
[64.0, 144.0, 4.0, 48.0]
[69.0, 144.0, 1.0, 48.0]
[72.0, 144.0, 3.0, 48.0]
[76.0, 144.0, 1.0, 48.0]
[78.0, 144.0, 2.0, 48.0]
[83.0, 144.0, 1.0, 48.0]
[85.0, 144.0, 4.0, 48.0]
[90.0, 144.0, 1.0, 48.0]
[92.0, 144.0, 1.0, 48.0]
[94.0, 144.0, 1.0, 48.0]
[96.0, 144.0, 1.0, 48.0]
Observed labels: character, matrix [a,b,c,d,e,f], advance [x,y], rendering mode:
0 [8.0, 0.0, 0.0, 8.0, 53.196, 132.464] [4.576, 0.0] FILL
1 [8.0, 0.0, 0.0, 8.0, 57.772, 132.464] [4.576, 0.0] FILL
2 [8.0, 0.0, 0.0, 8.0, 62.348, 132.464] [4.5759964, 0.0] FILL
3 [8.0, 0.0, 0.0, 8.0, 66.923996, 132.464] [4.576004, 0.0] FILL
4 [8.0, 0.0, 0.0, 8.0, 71.5, 132.464] [4.576004, 0.0] FILL
5 [8.0, 0.0, 0.0, 8.0, 76.076004, 132.464] [4.576004, 0.0] FILL
3 [8.0, 0.0, 0.0, 8.0, 80.652, 132.464] [4.5759964, 0.0] FILL
1 [8.0, 0.0, 0.0, 8.0, 85.228, 132.464] [4.576004, 0.0] FILL
upce-0123453: payload=01234531; check=1; codewords=[]; supplement=; exact independent modules and placement=pass; label=01234531; label metrics=pass

Page 56 upce-0123454
Observed PDF rectangles [x,y,width,height]:
[46.0, 144.0, 1.0, 48.0]
[48.0, 144.0, 1.0, 48.0]
[50.0, 144.0, 2.0, 48.0]
[54.0, 144.0, 2.0, 48.0]
[58.0, 144.0, 2.0, 48.0]
[61.0, 144.0, 2.0, 48.0]
[64.0, 144.0, 4.0, 48.0]
[69.0, 144.0, 1.0, 48.0]
[71.0, 144.0, 1.0, 48.0]
[75.0, 144.0, 2.0, 48.0]
[78.0, 144.0, 2.0, 48.0]
[83.0, 144.0, 1.0, 48.0]
[86.0, 144.0, 3.0, 48.0]
[90.0, 144.0, 1.0, 48.0]
[92.0, 144.0, 1.0, 48.0]
[94.0, 144.0, 1.0, 48.0]
[96.0, 144.0, 1.0, 48.0]
Observed labels: character, matrix [a,b,c,d,e,f], advance [x,y], rendering mode:
0 [8.0, 0.0, 0.0, 8.0, 53.196, 132.464] [4.576, 0.0] FILL
1 [8.0, 0.0, 0.0, 8.0, 57.772, 132.464] [4.576, 0.0] FILL
2 [8.0, 0.0, 0.0, 8.0, 62.348, 132.464] [4.5759964, 0.0] FILL
3 [8.0, 0.0, 0.0, 8.0, 66.923996, 132.464] [4.576004, 0.0] FILL
4 [8.0, 0.0, 0.0, 8.0, 71.5, 132.464] [4.576004, 0.0] FILL
5 [8.0, 0.0, 0.0, 8.0, 76.076004, 132.464] [4.576004, 0.0] FILL
4 [8.0, 0.0, 0.0, 8.0, 80.652, 132.464] [4.5759964, 0.0] FILL
3 [8.0, 0.0, 0.0, 8.0, 85.228, 132.464] [4.576004, 0.0] FILL
upce-0123454: payload=01234543; check=3; codewords=[]; supplement=; exact independent modules and placement=pass; label=01234543; label metrics=pass

Page 57 upce-0123455
Observed PDF rectangles [x,y,width,height]:
[46.0, 144.0, 1.0, 48.0]
[48.0, 144.0, 1.0, 48.0]
[50.0, 144.0, 2.0, 48.0]
[54.0, 144.0, 2.0, 48.0]
[58.0, 144.0, 1.0, 48.0]
[61.0, 144.0, 2.0, 48.0]
[64.0, 144.0, 1.0, 48.0]
[69.0, 144.0, 1.0, 48.0]
[71.0, 144.0, 1.0, 48.0]
[75.0, 144.0, 2.0, 48.0]
[78.0, 144.0, 2.0, 48.0]
[83.0, 144.0, 1.0, 48.0]
[85.0, 144.0, 3.0, 48.0]
[90.0, 144.0, 1.0, 48.0]
[92.0, 144.0, 1.0, 48.0]
[94.0, 144.0, 1.0, 48.0]
[96.0, 144.0, 1.0, 48.0]
Observed labels: character, matrix [a,b,c,d,e,f], advance [x,y], rendering mode:
0 [8.0, 0.0, 0.0, 8.0, 53.196, 132.464] [4.576, 0.0] FILL
1 [8.0, 0.0, 0.0, 8.0, 57.772, 132.464] [4.576, 0.0] FILL
2 [8.0, 0.0, 0.0, 8.0, 62.348, 132.464] [4.5759964, 0.0] FILL
3 [8.0, 0.0, 0.0, 8.0, 66.923996, 132.464] [4.576004, 0.0] FILL
4 [8.0, 0.0, 0.0, 8.0, 71.5, 132.464] [4.576004, 0.0] FILL
5 [8.0, 0.0, 0.0, 8.0, 76.076004, 132.464] [4.576004, 0.0] FILL
5 [8.0, 0.0, 0.0, 8.0, 80.652, 132.464] [4.5759964, 0.0] FILL
8 [8.0, 0.0, 0.0, 8.0, 85.228, 132.464] [4.576004, 0.0] FILL
upce-0123455: payload=01234558; check=8; codewords=[]; supplement=; exact independent modules and placement=pass; label=01234558; label metrics=pass

Page 58 upce-1123450
Observed PDF rectangles [x,y,width,height]:
[46.0, 144.0, 1.0, 48.0]
[48.0, 144.0, 1.0, 48.0]
[51.0, 144.0, 2.0, 48.0]
[55.0, 144.0, 1.0, 48.0]
[58.0, 144.0, 1.0, 48.0]
[61.0, 144.0, 2.0, 48.0]
[64.0, 144.0, 1.0, 48.0]
[69.0, 144.0, 1.0, 48.0]
[72.0, 144.0, 3.0, 48.0]
[76.0, 144.0, 1.0, 48.0]
[78.0, 144.0, 2.0, 48.0]
[83.0, 144.0, 1.0, 48.0]
[85.0, 144.0, 1.0, 48.0]
[88.0, 144.0, 3.0, 48.0]
[92.0, 144.0, 1.0, 48.0]
[94.0, 144.0, 1.0, 48.0]
[96.0, 144.0, 1.0, 48.0]
Observed labels: character, matrix [a,b,c,d,e,f], advance [x,y], rendering mode:
1 [8.0, 0.0, 0.0, 8.0, 53.196, 132.464] [4.576, 0.0] FILL
1 [8.0, 0.0, 0.0, 8.0, 57.772, 132.464] [4.576, 0.0] FILL
2 [8.0, 0.0, 0.0, 8.0, 62.348, 132.464] [4.5759964, 0.0] FILL
3 [8.0, 0.0, 0.0, 8.0, 66.923996, 132.464] [4.576004, 0.0] FILL
4 [8.0, 0.0, 0.0, 8.0, 71.5, 132.464] [4.576004, 0.0] FILL
5 [8.0, 0.0, 0.0, 8.0, 76.076004, 132.464] [4.576004, 0.0] FILL
0 [8.0, 0.0, 0.0, 8.0, 80.652, 132.464] [4.5759964, 0.0] FILL
2 [8.0, 0.0, 0.0, 8.0, 85.228, 132.464] [4.576004, 0.0] FILL
upce-1123450: payload=11234502; check=2; codewords=[]; supplement=; exact independent modules and placement=pass; label=11234502; label metrics=pass

Page 59 upce-1123453
Observed PDF rectangles [x,y,width,height]:
[46.0, 144.0, 1.0, 48.0]
[48.0, 144.0, 1.0, 48.0]
[51.0, 144.0, 2.0, 48.0]
[55.0, 144.0, 1.0, 48.0]
[58.0, 144.0, 2.0, 48.0]
[61.0, 144.0, 2.0, 48.0]
[64.0, 144.0, 4.0, 48.0]
[69.0, 144.0, 1.0, 48.0]
[72.0, 144.0, 3.0, 48.0]
[76.0, 144.0, 1.0, 48.0]
[78.0, 144.0, 3.0, 48.0]
[83.0, 144.0, 1.0, 48.0]
[85.0, 144.0, 4.0, 48.0]
[90.0, 144.0, 1.0, 48.0]
[92.0, 144.0, 1.0, 48.0]
[94.0, 144.0, 1.0, 48.0]
[96.0, 144.0, 1.0, 48.0]
Observed labels: character, matrix [a,b,c,d,e,f], advance [x,y], rendering mode:
1 [8.0, 0.0, 0.0, 8.0, 53.196, 132.464] [4.576, 0.0] FILL
1 [8.0, 0.0, 0.0, 8.0, 57.772, 132.464] [4.576, 0.0] FILL
2 [8.0, 0.0, 0.0, 8.0, 62.348, 132.464] [4.5759964, 0.0] FILL
3 [8.0, 0.0, 0.0, 8.0, 66.923996, 132.464] [4.576004, 0.0] FILL
4 [8.0, 0.0, 0.0, 8.0, 71.5, 132.464] [4.576004, 0.0] FILL
5 [8.0, 0.0, 0.0, 8.0, 76.076004, 132.464] [4.576004, 0.0] FILL
3 [8.0, 0.0, 0.0, 8.0, 80.652, 132.464] [4.5759964, 0.0] FILL
8 [8.0, 0.0, 0.0, 8.0, 85.228, 132.464] [4.576004, 0.0] FILL
upce-1123453: payload=11234538; check=8; codewords=[]; supplement=; exact independent modules and placement=pass; label=11234538; label metrics=pass

Page 60 upce-1123454
Observed PDF rectangles [x,y,width,height]:
[46.0, 144.0, 1.0, 48.0]
[48.0, 144.0, 1.0, 48.0]
[51.0, 144.0, 2.0, 48.0]
[55.0, 144.0, 1.0, 48.0]
[58.0, 144.0, 1.0, 48.0]
[61.0, 144.0, 2.0, 48.0]
[64.0, 144.0, 4.0, 48.0]
[69.0, 144.0, 1.0, 48.0]
[72.0, 144.0, 3.0, 48.0]
[76.0, 144.0, 1.0, 48.0]
[78.0, 144.0, 3.0, 48.0]
[83.0, 144.0, 1.0, 48.0]
[86.0, 144.0, 3.0, 48.0]
[90.0, 144.0, 1.0, 48.0]
[92.0, 144.0, 1.0, 48.0]
[94.0, 144.0, 1.0, 48.0]
[96.0, 144.0, 1.0, 48.0]
Observed labels: character, matrix [a,b,c,d,e,f], advance [x,y], rendering mode:
1 [8.0, 0.0, 0.0, 8.0, 53.196, 132.464] [4.576, 0.0] FILL
1 [8.0, 0.0, 0.0, 8.0, 57.772, 132.464] [4.576, 0.0] FILL
2 [8.0, 0.0, 0.0, 8.0, 62.348, 132.464] [4.5759964, 0.0] FILL
3 [8.0, 0.0, 0.0, 8.0, 66.923996, 132.464] [4.576004, 0.0] FILL
4 [8.0, 0.0, 0.0, 8.0, 71.5, 132.464] [4.576004, 0.0] FILL
5 [8.0, 0.0, 0.0, 8.0, 76.076004, 132.464] [4.576004, 0.0] FILL
4 [8.0, 0.0, 0.0, 8.0, 80.652, 132.464] [4.5759964, 0.0] FILL
0 [8.0, 0.0, 0.0, 8.0, 85.228, 132.464] [4.576004, 0.0] FILL
upce-1123454: payload=11234540; check=0; codewords=[]; supplement=; exact independent modules and placement=pass; label=11234540; label metrics=pass

Page 61 upce-1123455
Observed PDF rectangles [x,y,width,height]:
[46.0, 144.0, 1.0, 48.0]
[48.0, 144.0, 1.0, 48.0]
[51.0, 144.0, 2.0, 48.0]
[55.0, 144.0, 1.0, 48.0]
[58.0, 144.0, 2.0, 48.0]
[61.0, 144.0, 2.0, 48.0]
[64.0, 144.0, 1.0, 48.0]
[69.0, 144.0, 1.0, 48.0]
[71.0, 144.0, 1.0, 48.0]
[75.0, 144.0, 2.0, 48.0]
[78.0, 144.0, 2.0, 48.0]
[83.0, 144.0, 1.0, 48.0]
[85.0, 144.0, 3.0, 48.0]
[90.0, 144.0, 1.0, 48.0]
[92.0, 144.0, 1.0, 48.0]
[94.0, 144.0, 1.0, 48.0]
[96.0, 144.0, 1.0, 48.0]
Observed labels: character, matrix [a,b,c,d,e,f], advance [x,y], rendering mode:
1 [8.0, 0.0, 0.0, 8.0, 53.196, 132.464] [4.576, 0.0] FILL
1 [8.0, 0.0, 0.0, 8.0, 57.772, 132.464] [4.576, 0.0] FILL
2 [8.0, 0.0, 0.0, 8.0, 62.348, 132.464] [4.5759964, 0.0] FILL
3 [8.0, 0.0, 0.0, 8.0, 66.923996, 132.464] [4.576004, 0.0] FILL
4 [8.0, 0.0, 0.0, 8.0, 71.5, 132.464] [4.576004, 0.0] FILL
5 [8.0, 0.0, 0.0, 8.0, 76.076004, 132.464] [4.576004, 0.0] FILL
5 [8.0, 0.0, 0.0, 8.0, 80.652, 132.464] [4.5759964, 0.0] FILL
5 [8.0, 0.0, 0.0, 8.0, 85.228, 132.464] [4.576004, 0.0] FILL
upce-1123455: payload=11234555; check=5; codewords=[]; supplement=; exact independent modules and placement=pass; label=11234555; label metrics=pass

Page 62 supplement-00
Observed PDF rectangles [x,y,width,height]:
[46.0, 144.0, 1.0, 48.0]
[48.0, 144.0, 2.0, 48.0]
[53.0, 144.0, 2.0, 48.0]
[56.0, 144.0, 1.0, 48.0]
[58.0, 144.0, 1.0, 48.0]
[62.0, 144.0, 2.0, 48.0]
[65.0, 144.0, 1.0, 48.0]
Observed labels: character, matrix [a,b,c,d,e,f], advance [x,y], rendering mode:
0 [8.0, 0.0, 0.0, 8.0, 51.424, 132.464] [4.576, 0.0] FILL
0 [8.0, 0.0, 0.0, 8.0, 56.0, 132.464] [4.576, 0.0] FILL
supplement-00: payload=00; check=parity-verified; codewords=[]; supplement=; exact independent modules and placement=pass; label=00; label metrics=pass

Page 63 supplement-01
Observed PDF rectangles [x,y,width,height]:
[46.0, 144.0, 1.0, 48.0]
[48.0, 144.0, 2.0, 48.0]
[53.0, 144.0, 2.0, 48.0]
[56.0, 144.0, 1.0, 48.0]
[58.0, 144.0, 1.0, 48.0]
[60.0, 144.0, 2.0, 48.0]
[64.0, 144.0, 2.0, 48.0]
Observed labels: character, matrix [a,b,c,d,e,f], advance [x,y], rendering mode:
0 [8.0, 0.0, 0.0, 8.0, 51.424, 132.464] [4.576, 0.0] FILL
1 [8.0, 0.0, 0.0, 8.0, 56.0, 132.464] [4.576, 0.0] FILL
supplement-01: payload=01; check=parity-verified; codewords=[]; supplement=; exact independent modules and placement=pass; label=01; label metrics=pass

Page 64 supplement-02
Observed PDF rectangles [x,y,width,height]:
[46.0, 144.0, 1.0, 48.0]
[48.0, 144.0, 2.0, 48.0]
[51.0, 144.0, 1.0, 48.0]
[54.0, 144.0, 3.0, 48.0]
[58.0, 144.0, 1.0, 48.0]
[61.0, 144.0, 1.0, 48.0]
[64.0, 144.0, 2.0, 48.0]
Observed labels: character, matrix [a,b,c,d,e,f], advance [x,y], rendering mode:
0 [8.0, 0.0, 0.0, 8.0, 51.424, 132.464] [4.576, 0.0] FILL
2 [8.0, 0.0, 0.0, 8.0, 56.0, 132.464] [4.576, 0.0] FILL
supplement-02: payload=02; check=parity-verified; codewords=[]; supplement=; exact independent modules and placement=pass; label=02; label metrics=pass

Page 65 supplement-03
Observed PDF rectangles [x,y,width,height]:
[46.0, 144.0, 1.0, 48.0]
[48.0, 144.0, 2.0, 48.0]
[51.0, 144.0, 1.0, 48.0]
[54.0, 144.0, 3.0, 48.0]
[58.0, 144.0, 1.0, 48.0]
[60.0, 144.0, 1.0, 48.0]
[65.0, 144.0, 1.0, 48.0]
Observed labels: character, matrix [a,b,c,d,e,f], advance [x,y], rendering mode:
0 [8.0, 0.0, 0.0, 8.0, 51.424, 132.464] [4.576, 0.0] FILL
3 [8.0, 0.0, 0.0, 8.0, 56.0, 132.464] [4.576, 0.0] FILL
supplement-03: payload=03; check=parity-verified; codewords=[]; supplement=; exact independent modules and placement=pass; label=03; label metrics=pass

Page 66 supplement-05
Observed PDF rectangles [x,y,width,height]:
[46.0, 144.0, 1.0, 48.0]
[48.0, 144.0, 2.0, 48.0]
[53.0, 144.0, 2.0, 48.0]
[56.0, 144.0, 1.0, 48.0]
[58.0, 144.0, 1.0, 48.0]
[60.0, 144.0, 3.0, 48.0]
[65.0, 144.0, 1.0, 48.0]
Observed labels: character, matrix [a,b,c,d,e,f], advance [x,y], rendering mode:
0 [8.0, 0.0, 0.0, 8.0, 51.424, 132.464] [4.576, 0.0] FILL
5 [8.0, 0.0, 0.0, 8.0, 56.0, 132.464] [4.576, 0.0] FILL
supplement-05: payload=05; check=parity-verified; codewords=[]; supplement=; exact independent modules and placement=pass; label=05; label metrics=pass

Page 67 supplement-51234
Observed PDF rectangles [x,y,width,height]:
[46.0, 144.0, 1.0, 48.0]
[48.0, 144.0, 2.0, 48.0]
[51.0, 144.0, 2.0, 48.0]
[56.0, 144.0, 1.0, 48.0]
[58.0, 144.0, 1.0, 48.0]
[61.0, 144.0, 2.0, 48.0]
[65.0, 144.0, 1.0, 48.0]
[67.0, 144.0, 1.0, 48.0]
[70.0, 144.0, 2.0, 48.0]
[73.0, 144.0, 2.0, 48.0]
[76.0, 144.0, 1.0, 48.0]
[78.0, 144.0, 4.0, 48.0]
[83.0, 144.0, 1.0, 48.0]
[85.0, 144.0, 1.0, 48.0]
[88.0, 144.0, 3.0, 48.0]
[92.0, 144.0, 1.0, 48.0]
Observed labels: character, matrix [a,b,c,d,e,f], advance [x,y], rendering mode:
5 [8.0, 0.0, 0.0, 8.0, 58.059998, 132.464] [4.576, 0.0] FILL
1 [8.0, 0.0, 0.0, 8.0, 62.636, 132.464] [4.576004, 0.0] FILL
2 [8.0, 0.0, 0.0, 8.0, 67.212, 132.464] [4.5759964, 0.0] FILL
3 [8.0, 0.0, 0.0, 8.0, 71.788, 132.464] [4.5759964, 0.0] FILL
4 [8.0, 0.0, 0.0, 8.0, 76.364, 132.464] [4.576004, 0.0] FILL
supplement-51234: payload=51234; check=parity-verified; codewords=[]; supplement=; exact independent modules and placement=pass; label=51234; label metrics=pass

Page 68 supplement-00000
Observed PDF rectangles [x,y,width,height]:
[46.0, 144.0, 1.0, 48.0]
[48.0, 144.0, 2.0, 48.0]
[51.0, 144.0, 1.0, 48.0]
[54.0, 144.0, 3.0, 48.0]
[58.0, 144.0, 1.0, 48.0]
[60.0, 144.0, 1.0, 48.0]
[63.0, 144.0, 3.0, 48.0]
[67.0, 144.0, 1.0, 48.0]
[71.0, 144.0, 2.0, 48.0]
[74.0, 144.0, 1.0, 48.0]
[76.0, 144.0, 1.0, 48.0]
[80.0, 144.0, 2.0, 48.0]
[83.0, 144.0, 1.0, 48.0]
[85.0, 144.0, 1.0, 48.0]
[89.0, 144.0, 2.0, 48.0]
[92.0, 144.0, 1.0, 48.0]
Observed labels: character, matrix [a,b,c,d,e,f], advance [x,y], rendering mode:
0 [8.0, 0.0, 0.0, 8.0, 58.059998, 132.464] [4.576, 0.0] FILL
0 [8.0, 0.0, 0.0, 8.0, 62.636, 132.464] [4.576004, 0.0] FILL
0 [8.0, 0.0, 0.0, 8.0, 67.212, 132.464] [4.5759964, 0.0] FILL
0 [8.0, 0.0, 0.0, 8.0, 71.788, 132.464] [4.5759964, 0.0] FILL
0 [8.0, 0.0, 0.0, 8.0, 76.364, 132.464] [4.576004, 0.0] FILL
supplement-00000: payload=00000; check=parity-verified; codewords=[]; supplement=; exact independent modules and placement=pass; label=00000; label metrics=pass

Page 69 supplement-00001
Observed PDF rectangles [x,y,width,height]:
[46.0, 144.0, 1.0, 48.0]
[48.0, 144.0, 2.0, 48.0]
[51.0, 144.0, 1.0, 48.0]
[54.0, 144.0, 3.0, 48.0]
[58.0, 144.0, 1.0, 48.0]
[62.0, 144.0, 2.0, 48.0]
[65.0, 144.0, 1.0, 48.0]
[67.0, 144.0, 1.0, 48.0]
[71.0, 144.0, 2.0, 48.0]
[74.0, 144.0, 1.0, 48.0]
[76.0, 144.0, 1.0, 48.0]
[80.0, 144.0, 2.0, 48.0]
[83.0, 144.0, 1.0, 48.0]
[85.0, 144.0, 1.0, 48.0]
[87.0, 144.0, 2.0, 48.0]
[91.0, 144.0, 2.0, 48.0]
Observed labels: character, matrix [a,b,c,d,e,f], advance [x,y], rendering mode:
0 [8.0, 0.0, 0.0, 8.0, 58.059998, 132.464] [4.576, 0.0] FILL
0 [8.0, 0.0, 0.0, 8.0, 62.636, 132.464] [4.576004, 0.0] FILL
0 [8.0, 0.0, 0.0, 8.0, 67.212, 132.464] [4.5759964, 0.0] FILL
0 [8.0, 0.0, 0.0, 8.0, 71.788, 132.464] [4.5759964, 0.0] FILL
1 [8.0, 0.0, 0.0, 8.0, 76.364, 132.464] [4.576004, 0.0] FILL
supplement-00001: payload=00001; check=parity-verified; codewords=[]; supplement=; exact independent modules and placement=pass; label=00001; label metrics=pass

Page 70 supplement-00002
Observed PDF rectangles [x,y,width,height]:
[46.0, 144.0, 1.0, 48.0]
[48.0, 144.0, 2.0, 48.0]
[53.0, 144.0, 2.0, 48.0]
[56.0, 144.0, 1.0, 48.0]
[58.0, 144.0, 1.0, 48.0]
[62.0, 144.0, 2.0, 48.0]
[65.0, 144.0, 1.0, 48.0]
[67.0, 144.0, 1.0, 48.0]
[71.0, 144.0, 2.0, 48.0]
[74.0, 144.0, 1.0, 48.0]
[76.0, 144.0, 1.0, 48.0]
[78.0, 144.0, 1.0, 48.0]
[81.0, 144.0, 3.0, 48.0]
[85.0, 144.0, 1.0, 48.0]
[88.0, 144.0, 2.0, 48.0]
[91.0, 144.0, 2.0, 48.0]
Observed labels: character, matrix [a,b,c,d,e,f], advance [x,y], rendering mode:
0 [8.0, 0.0, 0.0, 8.0, 58.059998, 132.464] [4.576, 0.0] FILL
0 [8.0, 0.0, 0.0, 8.0, 62.636, 132.464] [4.576004, 0.0] FILL
0 [8.0, 0.0, 0.0, 8.0, 67.212, 132.464] [4.5759964, 0.0] FILL
0 [8.0, 0.0, 0.0, 8.0, 71.788, 132.464] [4.5759964, 0.0] FILL
2 [8.0, 0.0, 0.0, 8.0, 76.364, 132.464] [4.576004, 0.0] FILL
supplement-00002: payload=00002; check=parity-verified; codewords=[]; supplement=; exact independent modules and placement=pass; label=00002; label metrics=pass

Page 71 supplement-00003
Observed PDF rectangles [x,y,width,height]:
[46.0, 144.0, 1.0, 48.0]
[48.0, 144.0, 2.0, 48.0]
[53.0, 144.0, 2.0, 48.0]
[56.0, 144.0, 1.0, 48.0]
[58.0, 144.0, 1.0, 48.0]
[62.0, 144.0, 2.0, 48.0]
[65.0, 144.0, 1.0, 48.0]
[67.0, 144.0, 1.0, 48.0]
[69.0, 144.0, 1.0, 48.0]
[72.0, 144.0, 3.0, 48.0]
[76.0, 144.0, 1.0, 48.0]
[80.0, 144.0, 2.0, 48.0]
[83.0, 144.0, 1.0, 48.0]
[85.0, 144.0, 1.0, 48.0]
[87.0, 144.0, 1.0, 48.0]
[92.0, 144.0, 1.0, 48.0]
Observed labels: character, matrix [a,b,c,d,e,f], advance [x,y], rendering mode:
0 [8.0, 0.0, 0.0, 8.0, 58.059998, 132.464] [4.576, 0.0] FILL
0 [8.0, 0.0, 0.0, 8.0, 62.636, 132.464] [4.576004, 0.0] FILL
0 [8.0, 0.0, 0.0, 8.0, 67.212, 132.464] [4.5759964, 0.0] FILL
0 [8.0, 0.0, 0.0, 8.0, 71.788, 132.464] [4.5759964, 0.0] FILL
3 [8.0, 0.0, 0.0, 8.0, 76.364, 132.464] [4.576004, 0.0] FILL
supplement-00003: payload=00003; check=parity-verified; codewords=[]; supplement=; exact independent modules and placement=pass; label=00003; label metrics=pass

Page 72 supplement-00004
Observed PDF rectangles [x,y,width,height]:
[46.0, 144.0, 1.0, 48.0]
[48.0, 144.0, 2.0, 48.0]
[51.0, 144.0, 1.0, 48.0]
[54.0, 144.0, 3.0, 48.0]
[58.0, 144.0, 1.0, 48.0]
[62.0, 144.0, 2.0, 48.0]
[65.0, 144.0, 1.0, 48.0]
[67.0, 144.0, 1.0, 48.0]
[71.0, 144.0, 2.0, 48.0]
[74.0, 144.0, 1.0, 48.0]
[76.0, 144.0, 1.0, 48.0]
[78.0, 144.0, 1.0, 48.0]
[81.0, 144.0, 3.0, 48.0]
[85.0, 144.0, 1.0, 48.0]
[87.0, 144.0, 1.0, 48.0]
[91.0, 144.0, 2.0, 48.0]
Observed labels: character, matrix [a,b,c,d,e,f], advance [x,y], rendering mode:
0 [8.0, 0.0, 0.0, 8.0, 58.059998, 132.464] [4.576, 0.0] FILL
0 [8.0, 0.0, 0.0, 8.0, 62.636, 132.464] [4.576004, 0.0] FILL
0 [8.0, 0.0, 0.0, 8.0, 67.212, 132.464] [4.5759964, 0.0] FILL
0 [8.0, 0.0, 0.0, 8.0, 71.788, 132.464] [4.5759964, 0.0] FILL
4 [8.0, 0.0, 0.0, 8.0, 76.364, 132.464] [4.576004, 0.0] FILL
supplement-00004: payload=00004; check=parity-verified; codewords=[]; supplement=; exact independent modules and placement=pass; label=00004; label metrics=pass

Page 73 supplement-00005
Observed PDF rectangles [x,y,width,height]:
[46.0, 144.0, 1.0, 48.0]
[48.0, 144.0, 2.0, 48.0]
[53.0, 144.0, 2.0, 48.0]
[56.0, 144.0, 1.0, 48.0]
[58.0, 144.0, 1.0, 48.0]
[62.0, 144.0, 2.0, 48.0]
[65.0, 144.0, 1.0, 48.0]
[67.0, 144.0, 1.0, 48.0]
[69.0, 144.0, 1.0, 48.0]
[72.0, 144.0, 3.0, 48.0]
[76.0, 144.0, 1.0, 48.0]
[78.0, 144.0, 1.0, 48.0]
[81.0, 144.0, 3.0, 48.0]
[85.0, 144.0, 1.0, 48.0]
[87.0, 144.0, 2.0, 48.0]
[92.0, 144.0, 1.0, 48.0]
Observed labels: character, matrix [a,b,c,d,e,f], advance [x,y], rendering mode:
0 [8.0, 0.0, 0.0, 8.0, 58.059998, 132.464] [4.576, 0.0] FILL
0 [8.0, 0.0, 0.0, 8.0, 62.636, 132.464] [4.576004, 0.0] FILL
0 [8.0, 0.0, 0.0, 8.0, 67.212, 132.464] [4.5759964, 0.0] FILL
0 [8.0, 0.0, 0.0, 8.0, 71.788, 132.464] [4.5759964, 0.0] FILL
5 [8.0, 0.0, 0.0, 8.0, 76.364, 132.464] [4.576004, 0.0] FILL
supplement-00005: payload=00005; check=parity-verified; codewords=[]; supplement=; exact independent modules and placement=pass; label=00005; label metrics=pass

Page 74 supplement-00006
Observed PDF rectangles [x,y,width,height]:
[46.0, 144.0, 1.0, 48.0]
[48.0, 144.0, 2.0, 48.0]
[53.0, 144.0, 2.0, 48.0]
[56.0, 144.0, 1.0, 48.0]
[58.0, 144.0, 1.0, 48.0]
[60.0, 144.0, 1.0, 48.0]
[63.0, 144.0, 3.0, 48.0]
[67.0, 144.0, 1.0, 48.0]
[71.0, 144.0, 2.0, 48.0]
[74.0, 144.0, 1.0, 48.0]
[76.0, 144.0, 1.0, 48.0]
[80.0, 144.0, 2.0, 48.0]
[83.0, 144.0, 1.0, 48.0]
[85.0, 144.0, 1.0, 48.0]
[90.0, 144.0, 1.0, 48.0]
[92.0, 144.0, 1.0, 48.0]
Observed labels: character, matrix [a,b,c,d,e,f], advance [x,y], rendering mode:
0 [8.0, 0.0, 0.0, 8.0, 58.059998, 132.464] [4.576, 0.0] FILL
0 [8.0, 0.0, 0.0, 8.0, 62.636, 132.464] [4.576004, 0.0] FILL
0 [8.0, 0.0, 0.0, 8.0, 67.212, 132.464] [4.5759964, 0.0] FILL
0 [8.0, 0.0, 0.0, 8.0, 71.788, 132.464] [4.5759964, 0.0] FILL
6 [8.0, 0.0, 0.0, 8.0, 76.364, 132.464] [4.576004, 0.0] FILL
supplement-00006: payload=00006; check=parity-verified; codewords=[]; supplement=; exact independent modules and placement=pass; label=00006; label metrics=pass

Page 75 supplement-00007
Observed PDF rectangles [x,y,width,height]:
[46.0, 144.0, 1.0, 48.0]
[48.0, 144.0, 2.0, 48.0]
[51.0, 144.0, 1.0, 48.0]
[54.0, 144.0, 3.0, 48.0]
[58.0, 144.0, 1.0, 48.0]
[62.0, 144.0, 2.0, 48.0]
[65.0, 144.0, 1.0, 48.0]
[67.0, 144.0, 1.0, 48.0]
[69.0, 144.0, 1.0, 48.0]
[72.0, 144.0, 3.0, 48.0]
[76.0, 144.0, 1.0, 48.0]
[80.0, 144.0, 2.0, 48.0]
[83.0, 144.0, 1.0, 48.0]
[85.0, 144.0, 1.0, 48.0]
[87.0, 144.0, 3.0, 48.0]
[91.0, 144.0, 2.0, 48.0]
Observed labels: character, matrix [a,b,c,d,e,f], advance [x,y], rendering mode:
0 [8.0, 0.0, 0.0, 8.0, 58.059998, 132.464] [4.576, 0.0] FILL
0 [8.0, 0.0, 0.0, 8.0, 62.636, 132.464] [4.576004, 0.0] FILL
0 [8.0, 0.0, 0.0, 8.0, 67.212, 132.464] [4.5759964, 0.0] FILL
0 [8.0, 0.0, 0.0, 8.0, 71.788, 132.464] [4.5759964, 0.0] FILL
7 [8.0, 0.0, 0.0, 8.0, 76.364, 132.464] [4.576004, 0.0] FILL
supplement-00007: payload=00007; check=parity-verified; codewords=[]; supplement=; exact independent modules and placement=pass; label=00007; label metrics=pass

Page 76 supplement-00008
Observed PDF rectangles [x,y,width,height]:
[46.0, 144.0, 1.0, 48.0]
[48.0, 144.0, 2.0, 48.0]
[53.0, 144.0, 2.0, 48.0]
[56.0, 144.0, 1.0, 48.0]
[58.0, 144.0, 1.0, 48.0]
[60.0, 144.0, 1.0, 48.0]
[63.0, 144.0, 3.0, 48.0]
[67.0, 144.0, 1.0, 48.0]
[69.0, 144.0, 1.0, 48.0]
[72.0, 144.0, 3.0, 48.0]
[76.0, 144.0, 1.0, 48.0]
[80.0, 144.0, 2.0, 48.0]
[83.0, 144.0, 1.0, 48.0]
[85.0, 144.0, 1.0, 48.0]
[87.0, 144.0, 2.0, 48.0]
[90.0, 144.0, 3.0, 48.0]
Observed labels: character, matrix [a,b,c,d,e,f], advance [x,y], rendering mode:
0 [8.0, 0.0, 0.0, 8.0, 58.059998, 132.464] [4.576, 0.0] FILL
0 [8.0, 0.0, 0.0, 8.0, 62.636, 132.464] [4.576004, 0.0] FILL
0 [8.0, 0.0, 0.0, 8.0, 67.212, 132.464] [4.5759964, 0.0] FILL
0 [8.0, 0.0, 0.0, 8.0, 71.788, 132.464] [4.5759964, 0.0] FILL
8 [8.0, 0.0, 0.0, 8.0, 76.364, 132.464] [4.576004, 0.0] FILL
supplement-00008: payload=00008; check=parity-verified; codewords=[]; supplement=; exact independent modules and placement=pass; label=00008; label metrics=pass

Page 77 supplement-00009
Observed PDF rectangles [x,y,width,height]:
[46.0, 144.0, 1.0, 48.0]
[48.0, 144.0, 2.0, 48.0]
[53.0, 144.0, 2.0, 48.0]
[56.0, 144.0, 1.0, 48.0]
[58.0, 144.0, 1.0, 48.0]
[60.0, 144.0, 1.0, 48.0]
[63.0, 144.0, 3.0, 48.0]
[67.0, 144.0, 1.0, 48.0]
[71.0, 144.0, 2.0, 48.0]
[74.0, 144.0, 1.0, 48.0]
[76.0, 144.0, 1.0, 48.0]
[78.0, 144.0, 1.0, 48.0]
[81.0, 144.0, 3.0, 48.0]
[85.0, 144.0, 1.0, 48.0]
[89.0, 144.0, 1.0, 48.0]
[91.0, 144.0, 2.0, 48.0]
Observed labels: character, matrix [a,b,c,d,e,f], advance [x,y], rendering mode:
0 [8.0, 0.0, 0.0, 8.0, 58.059998, 132.464] [4.576, 0.0] FILL
0 [8.0, 0.0, 0.0, 8.0, 62.636, 132.464] [4.576004, 0.0] FILL
0 [8.0, 0.0, 0.0, 8.0, 67.212, 132.464] [4.5759964, 0.0] FILL
0 [8.0, 0.0, 0.0, 8.0, 71.788, 132.464] [4.5759964, 0.0] FILL
9 [8.0, 0.0, 0.0, 8.0, 76.364, 132.464] [4.576004, 0.0] FILL
supplement-00009: payload=00009; check=parity-verified; codewords=[]; supplement=; exact independent modules and placement=pass; label=00009; label metrics=pass

Page 78 ean13-plus-05
Observed PDF rectangles [x,y,width,height]:
[47.0, 144.0, 1.0, 48.0]
[49.0, 144.0, 1.0, 48.0]
[53.0, 144.0, 1.0, 48.0]
[55.0, 144.0, 2.0, 48.0]
[58.0, 144.0, 1.0, 48.0]
[61.0, 144.0, 3.0, 48.0]
[65.0, 144.0, 2.0, 48.0]
[69.0, 144.0, 2.0, 48.0]
[73.0, 144.0, 1.0, 48.0]
[76.0, 144.0, 2.0, 48.0]
[79.0, 144.0, 4.0, 48.0]
[84.0, 144.0, 1.0, 48.0]
[87.0, 144.0, 3.0, 48.0]
[91.0, 144.0, 1.0, 48.0]
[93.0, 144.0, 1.0, 48.0]
[95.0, 144.0, 1.0, 48.0]
[97.0, 144.0, 2.0, 48.0]
[101.0, 144.0, 2.0, 48.0]
[104.0, 144.0, 2.0, 48.0]
[107.0, 144.0, 2.0, 48.0]
[111.0, 144.0, 1.0, 48.0]
[116.0, 144.0, 1.0, 48.0]
[118.0, 144.0, 1.0, 48.0]
[120.0, 144.0, 3.0, 48.0]
[125.0, 144.0, 1.0, 48.0]
[128.0, 144.0, 3.0, 48.0]
[132.0, 144.0, 1.0, 48.0]
[136.0, 144.0, 1.0, 48.0]
[139.0, 144.0, 1.0, 48.0]
[141.0, 144.0, 1.0, 48.0]
[151.0, 144.0, 1.0, 48.0]
[153.0, 144.0, 2.0, 48.0]
[158.0, 144.0, 2.0, 48.0]
[161.0, 144.0, 1.0, 48.0]
[163.0, 144.0, 1.0, 48.0]
[165.0, 144.0, 3.0, 48.0]
[170.0, 144.0, 1.0, 48.0]
Observed labels: character, matrix [a,b,c,d,e,f], advance [x,y], rendering mode:
5 [8.0, 0.0, 0.0, 8.0, 73.64, 132.464] [4.576004, 0.0] FILL
9 [8.0, 0.0, 0.0, 8.0, 78.216, 132.464] [4.576004, 0.0] FILL
0 [8.0, 0.0, 0.0, 8.0, 82.792, 132.464] [4.5759964, 0.0] FILL
1 [8.0, 0.0, 0.0, 8.0, 87.368, 132.464] [4.576004, 0.0] FILL
2 [8.0, 0.0, 0.0, 8.0, 91.944, 132.464] [4.576004, 0.0] FILL
3 [8.0, 0.0, 0.0, 8.0, 96.520004, 132.464] [4.576004, 0.0] FILL
4 [8.0, 0.0, 0.0, 8.0, 101.096, 132.464] [4.5759964, 0.0] FILL
1 [8.0, 0.0, 0.0, 8.0, 105.672, 132.464] [4.576004, 0.0] FILL
2 [8.0, 0.0, 0.0, 8.0, 110.248, 132.464] [4.576004, 0.0] FILL
3 [8.0, 0.0, 0.0, 8.0, 114.824005, 132.464] [4.576004, 0.0] FILL
4 [8.0, 0.0, 0.0, 8.0, 119.40001, 132.464] [4.576004, 0.0] FILL
5 [8.0, 0.0, 0.0, 8.0, 123.97601, 132.464] [4.576004, 0.0] FILL
7 [8.0, 0.0, 0.0, 8.0, 128.55202, 132.464] [4.576004, 0.0] FILL
  [8.0, 0.0, 0.0, 8.0, 133.12802, 132.464] [2.0800018, 0.0] FILL
0 [8.0, 0.0, 0.0, 8.0, 135.20802, 132.464] [4.576004, 0.0] FILL
5 [8.0, 0.0, 0.0, 8.0, 139.78403, 132.464] [4.576004, 0.0] FILL
ean13-plus-05: payload=5901234123457; check=7; codewords=[]; supplement=05; exact independent modules and placement=pass; label=5901234123457 05; label metrics=pass

Page 79 ean13-plus-51234
Observed PDF rectangles [x,y,width,height]:
[47.0, 144.0, 1.0, 48.0]
[49.0, 144.0, 1.0, 48.0]
[53.0, 144.0, 1.0, 48.0]
[55.0, 144.0, 2.0, 48.0]
[58.0, 144.0, 1.0, 48.0]
[61.0, 144.0, 3.0, 48.0]
[65.0, 144.0, 2.0, 48.0]
[69.0, 144.0, 2.0, 48.0]
[73.0, 144.0, 1.0, 48.0]
[76.0, 144.0, 2.0, 48.0]
[79.0, 144.0, 4.0, 48.0]
[84.0, 144.0, 1.0, 48.0]
[87.0, 144.0, 3.0, 48.0]
[91.0, 144.0, 1.0, 48.0]
[93.0, 144.0, 1.0, 48.0]
[95.0, 144.0, 1.0, 48.0]
[97.0, 144.0, 2.0, 48.0]
[101.0, 144.0, 2.0, 48.0]
[104.0, 144.0, 2.0, 48.0]
[107.0, 144.0, 2.0, 48.0]
[111.0, 144.0, 1.0, 48.0]
[116.0, 144.0, 1.0, 48.0]
[118.0, 144.0, 1.0, 48.0]
[120.0, 144.0, 3.0, 48.0]
[125.0, 144.0, 1.0, 48.0]
[128.0, 144.0, 3.0, 48.0]
[132.0, 144.0, 1.0, 48.0]
[136.0, 144.0, 1.0, 48.0]
[139.0, 144.0, 1.0, 48.0]
[141.0, 144.0, 1.0, 48.0]
[151.0, 144.0, 1.0, 48.0]
[153.0, 144.0, 2.0, 48.0]
[156.0, 144.0, 2.0, 48.0]
[161.0, 144.0, 1.0, 48.0]
[163.0, 144.0, 1.0, 48.0]
[166.0, 144.0, 2.0, 48.0]
[170.0, 144.0, 1.0, 48.0]
[172.0, 144.0, 1.0, 48.0]
[175.0, 144.0, 2.0, 48.0]
[178.0, 144.0, 2.0, 48.0]
[181.0, 144.0, 1.0, 48.0]
[183.0, 144.0, 4.0, 48.0]
[188.0, 144.0, 1.0, 48.0]
[190.0, 144.0, 1.0, 48.0]
[193.0, 144.0, 3.0, 48.0]
[197.0, 144.0, 1.0, 48.0]
Observed labels: character, matrix [a,b,c,d,e,f], advance [x,y], rendering mode:
5 [8.0, 0.0, 0.0, 8.0, 80.276, 132.464] [4.576004, 0.0] FILL
9 [8.0, 0.0, 0.0, 8.0, 84.852005, 132.464] [4.576004, 0.0] FILL
0 [8.0, 0.0, 0.0, 8.0, 89.428, 132.464] [4.5759964, 0.0] FILL
1 [8.0, 0.0, 0.0, 8.0, 94.004, 132.464] [4.576004, 0.0] FILL
2 [8.0, 0.0, 0.0, 8.0, 98.58, 132.464] [4.576004, 0.0] FILL
3 [8.0, 0.0, 0.0, 8.0, 103.156006, 132.464] [4.576004, 0.0] FILL
4 [8.0, 0.0, 0.0, 8.0, 107.73201, 132.464] [4.576004, 0.0] FILL
1 [8.0, 0.0, 0.0, 8.0, 112.308014, 132.464] [4.576004, 0.0] FILL
2 [8.0, 0.0, 0.0, 8.0, 116.88402, 132.464] [4.576004, 0.0] FILL
3 [8.0, 0.0, 0.0, 8.0, 121.46002, 132.464] [4.576004, 0.0] FILL
4 [8.0, 0.0, 0.0, 8.0, 126.036026, 132.464] [4.576004, 0.0] FILL
5 [8.0, 0.0, 0.0, 8.0, 130.61203, 132.464] [4.576004, 0.0] FILL
7 [8.0, 0.0, 0.0, 8.0, 135.18803, 132.464] [4.576004, 0.0] FILL
  [8.0, 0.0, 0.0, 8.0, 139.76404, 132.464] [2.0800018, 0.0] FILL
5 [8.0, 0.0, 0.0, 8.0, 141.84404, 132.464] [4.576004, 0.0] FILL
1 [8.0, 0.0, 0.0, 8.0, 146.42004, 132.464] [4.576004, 0.0] FILL
2 [8.0, 0.0, 0.0, 8.0, 150.99605, 132.464] [4.576004, 0.0] FILL
3 [8.0, 0.0, 0.0, 8.0, 155.57205, 132.464] [4.576004, 0.0] FILL
4 [8.0, 0.0, 0.0, 8.0, 160.14806, 132.464] [4.576004, 0.0] FILL
ean13-plus-51234: payload=5901234123457; check=7; codewords=[]; supplement=51234; exact independent modules and placement=pass; label=5901234123457 51234; label metrics=pass

Page 80 ean8-plus-05
Observed PDF rectangles [x,y,width,height]:
[46.0, 144.0, 1.0, 48.0]
[48.0, 144.0, 1.0, 48.0]
[52.0, 144.0, 1.0, 48.0]
[54.0, 144.0, 2.0, 48.0]
[57.0, 144.0, 1.0, 48.0]
[59.0, 144.0, 4.0, 48.0]
[64.0, 144.0, 4.0, 48.0]
[69.0, 144.0, 1.0, 48.0]
[71.0, 144.0, 2.0, 48.0]
[74.0, 144.0, 3.0, 48.0]
[78.0, 144.0, 1.0, 48.0]
[80.0, 144.0, 1.0, 48.0]
[82.0, 144.0, 1.0, 48.0]
[85.0, 144.0, 3.0, 48.0]
[89.0, 144.0, 3.0, 48.0]
[94.0, 144.0, 1.0, 48.0]
[96.0, 144.0, 1.0, 48.0]
[100.0, 144.0, 1.0, 48.0]
[103.0, 144.0, 1.0, 48.0]
[105.0, 144.0, 3.0, 48.0]
[110.0, 144.0, 1.0, 48.0]
[112.0, 144.0, 1.0, 48.0]
[122.0, 144.0, 1.0, 48.0]
[124.0, 144.0, 2.0, 48.0]
[129.0, 144.0, 2.0, 48.0]
[132.0, 144.0, 1.0, 48.0]
[134.0, 144.0, 1.0, 48.0]
[136.0, 144.0, 3.0, 48.0]
[141.0, 144.0, 1.0, 48.0]
Observed labels: character, matrix [a,b,c,d,e,f], advance [x,y], rendering mode:
9 [8.0, 0.0, 0.0, 8.0, 70.08, 132.464] [4.576004, 0.0] FILL
6 [8.0, 0.0, 0.0, 8.0, 74.656006, 132.464] [4.576004, 0.0] FILL
3 [8.0, 0.0, 0.0, 8.0, 79.232, 132.464] [4.5759964, 0.0] FILL
8 [8.0, 0.0, 0.0, 8.0, 83.808, 132.464] [4.576004, 0.0] FILL
5 [8.0, 0.0, 0.0, 8.0, 88.384, 132.464] [4.576004, 0.0] FILL
0 [8.0, 0.0, 0.0, 8.0, 92.96001, 132.464] [4.576004, 0.0] FILL
7 [8.0, 0.0, 0.0, 8.0, 97.536, 132.464] [4.5759964, 0.0] FILL
4 [8.0, 0.0, 0.0, 8.0, 102.112, 132.464] [4.576004, 0.0] FILL
  [8.0, 0.0, 0.0, 8.0, 106.688, 132.464] [2.0800018, 0.0] FILL
0 [8.0, 0.0, 0.0, 8.0, 108.768005, 132.464] [4.576004, 0.0] FILL
5 [8.0, 0.0, 0.0, 8.0, 113.34401, 132.464] [4.576004, 0.0] FILL
ean8-plus-05: payload=96385074; check=4; codewords=[]; supplement=05; exact independent modules and placement=pass; label=96385074 05; label metrics=pass

Page 81 ean8-plus-51234
Observed PDF rectangles [x,y,width,height]:
[46.0, 144.0, 1.0, 48.0]
[48.0, 144.0, 1.0, 48.0]
[52.0, 144.0, 1.0, 48.0]
[54.0, 144.0, 2.0, 48.0]
[57.0, 144.0, 1.0, 48.0]
[59.0, 144.0, 4.0, 48.0]
[64.0, 144.0, 4.0, 48.0]
[69.0, 144.0, 1.0, 48.0]
[71.0, 144.0, 2.0, 48.0]
[74.0, 144.0, 3.0, 48.0]
[78.0, 144.0, 1.0, 48.0]
[80.0, 144.0, 1.0, 48.0]
[82.0, 144.0, 1.0, 48.0]
[85.0, 144.0, 3.0, 48.0]
[89.0, 144.0, 3.0, 48.0]
[94.0, 144.0, 1.0, 48.0]
[96.0, 144.0, 1.0, 48.0]
[100.0, 144.0, 1.0, 48.0]
[103.0, 144.0, 1.0, 48.0]
[105.0, 144.0, 3.0, 48.0]
[110.0, 144.0, 1.0, 48.0]
[112.0, 144.0, 1.0, 48.0]
[122.0, 144.0, 1.0, 48.0]
[124.0, 144.0, 2.0, 48.0]
[127.0, 144.0, 2.0, 48.0]
[132.0, 144.0, 1.0, 48.0]
[134.0, 144.0, 1.0, 48.0]
[137.0, 144.0, 2.0, 48.0]
[141.0, 144.0, 1.0, 48.0]
[143.0, 144.0, 1.0, 48.0]
[146.0, 144.0, 2.0, 48.0]
[149.0, 144.0, 2.0, 48.0]
[152.0, 144.0, 1.0, 48.0]
[154.0, 144.0, 4.0, 48.0]
[159.0, 144.0, 1.0, 48.0]
[161.0, 144.0, 1.0, 48.0]
[164.0, 144.0, 3.0, 48.0]
[168.0, 144.0, 1.0, 48.0]
Observed labels: character, matrix [a,b,c,d,e,f], advance [x,y], rendering mode:
9 [8.0, 0.0, 0.0, 8.0, 76.716, 132.464] [4.576004, 0.0] FILL
6 [8.0, 0.0, 0.0, 8.0, 81.292, 132.464] [4.5759964, 0.0] FILL
3 [8.0, 0.0, 0.0, 8.0, 85.868, 132.464] [4.576004, 0.0] FILL
8 [8.0, 0.0, 0.0, 8.0, 90.444, 132.464] [4.576004, 0.0] FILL
5 [8.0, 0.0, 0.0, 8.0, 95.020004, 132.464] [4.576004, 0.0] FILL
0 [8.0, 0.0, 0.0, 8.0, 99.596, 132.464] [4.5759964, 0.0] FILL
7 [8.0, 0.0, 0.0, 8.0, 104.172, 132.464] [4.576004, 0.0] FILL
4 [8.0, 0.0, 0.0, 8.0, 108.748, 132.464] [4.576004, 0.0] FILL
  [8.0, 0.0, 0.0, 8.0, 113.324005, 132.464] [2.0800018, 0.0] FILL
5 [8.0, 0.0, 0.0, 8.0, 115.40401, 132.464] [4.576004, 0.0] FILL
1 [8.0, 0.0, 0.0, 8.0, 119.98001, 132.464] [4.576004, 0.0] FILL
2 [8.0, 0.0, 0.0, 8.0, 124.556015, 132.464] [4.576004, 0.0] FILL
3 [8.0, 0.0, 0.0, 8.0, 129.13202, 132.464] [4.576004, 0.0] FILL
4 [8.0, 0.0, 0.0, 8.0, 133.70802, 132.464] [4.576004, 0.0] FILL
ean8-plus-51234: payload=96385074; check=4; codewords=[]; supplement=51234; exact independent modules and placement=pass; label=96385074 51234; label metrics=pass

Page 82 upca-plus-05
Observed PDF rectangles [x,y,width,height]:
[46.0, 144.0, 1.0, 48.0]
[48.0, 144.0, 1.0, 48.0]
[52.0, 144.0, 2.0, 48.0]
[55.0, 144.0, 1.0, 48.0]
[57.0, 144.0, 1.0, 48.0]
[61.0, 144.0, 2.0, 48.0]
[65.0, 144.0, 1.0, 48.0]
[68.0, 144.0, 2.0, 48.0]
[72.0, 144.0, 2.0, 48.0]
[76.0, 144.0, 1.0, 48.0]
[80.0, 144.0, 2.0, 48.0]
[83.0, 144.0, 1.0, 48.0]
[87.0, 144.0, 2.0, 48.0]
[90.0, 144.0, 1.0, 48.0]
[92.0, 144.0, 1.0, 48.0]
[94.0, 144.0, 1.0, 48.0]
[96.0, 144.0, 3.0, 48.0]
[101.0, 144.0, 1.0, 48.0]
[103.0, 144.0, 3.0, 48.0]
[108.0, 144.0, 1.0, 48.0]
[110.0, 144.0, 1.0, 48.0]
[113.0, 144.0, 3.0, 48.0]
[117.0, 144.0, 2.0, 48.0]
[120.0, 144.0, 2.0, 48.0]
[124.0, 144.0, 1.0, 48.0]
[126.0, 144.0, 1.0, 48.0]
[131.0, 144.0, 1.0, 48.0]
[133.0, 144.0, 3.0, 48.0]
[138.0, 144.0, 1.0, 48.0]
[140.0, 144.0, 1.0, 48.0]
[150.0, 144.0, 1.0, 48.0]
[152.0, 144.0, 2.0, 48.0]
[157.0, 144.0, 2.0, 48.0]
[160.0, 144.0, 1.0, 48.0]
[162.0, 144.0, 1.0, 48.0]
[164.0, 144.0, 3.0, 48.0]
[169.0, 144.0, 1.0, 48.0]
Observed labels: character, matrix [a,b,c,d,e,f], advance [x,y], rendering mode:
0 [8.0, 0.0, 0.0, 8.0, 74.928, 132.464] [4.5759964, 0.0] FILL
4 [8.0, 0.0, 0.0, 8.0, 79.504, 132.464] [4.576004, 0.0] FILL
2 [8.0, 0.0, 0.0, 8.0, 84.08, 132.464] [4.576004, 0.0] FILL
1 [8.0, 0.0, 0.0, 8.0, 88.656006, 132.464] [4.576004, 0.0] FILL
0 [8.0, 0.0, 0.0, 8.0, 93.232, 132.464] [4.5759964, 0.0] FILL
0 [8.0, 0.0, 0.0, 8.0, 97.808, 132.464] [4.576004, 0.0] FILL
0 [8.0, 0.0, 0.0, 8.0, 102.384, 132.464] [4.576004, 0.0] FILL
0 [8.0, 0.0, 0.0, 8.0, 106.96001, 132.464] [4.576004, 0.0] FILL
5 [8.0, 0.0, 0.0, 8.0, 111.53601, 132.464] [4.576004, 0.0] FILL
2 [8.0, 0.0, 0.0, 8.0, 116.112015, 132.464] [4.576004, 0.0] FILL
6 [8.0, 0.0, 0.0, 8.0, 120.68802, 132.464] [4.576004, 0.0] FILL
4 [8.0, 0.0, 0.0, 8.0, 125.26402, 132.464] [4.576004, 0.0] FILL
  [8.0, 0.0, 0.0, 8.0, 129.84003, 132.464] [2.0800018, 0.0] FILL
0 [8.0, 0.0, 0.0, 8.0, 131.92003, 132.464] [4.576004, 0.0] FILL
5 [8.0, 0.0, 0.0, 8.0, 136.49603, 132.464] [4.576004, 0.0] FILL
upca-plus-05: payload=042100005264; check=4; codewords=[]; supplement=05; exact independent modules and placement=pass; label=042100005264 05; label metrics=pass

Page 83 upca-plus-51234
Observed PDF rectangles [x,y,width,height]:
[46.0, 144.0, 1.0, 48.0]
[48.0, 144.0, 1.0, 48.0]
[52.0, 144.0, 2.0, 48.0]
[55.0, 144.0, 1.0, 48.0]
[57.0, 144.0, 1.0, 48.0]
[61.0, 144.0, 2.0, 48.0]
[65.0, 144.0, 1.0, 48.0]
[68.0, 144.0, 2.0, 48.0]
[72.0, 144.0, 2.0, 48.0]
[76.0, 144.0, 1.0, 48.0]
[80.0, 144.0, 2.0, 48.0]
[83.0, 144.0, 1.0, 48.0]
[87.0, 144.0, 2.0, 48.0]
[90.0, 144.0, 1.0, 48.0]
[92.0, 144.0, 1.0, 48.0]
[94.0, 144.0, 1.0, 48.0]
[96.0, 144.0, 3.0, 48.0]
[101.0, 144.0, 1.0, 48.0]
[103.0, 144.0, 3.0, 48.0]
[108.0, 144.0, 1.0, 48.0]
[110.0, 144.0, 1.0, 48.0]
[113.0, 144.0, 3.0, 48.0]
[117.0, 144.0, 2.0, 48.0]
[120.0, 144.0, 2.0, 48.0]
[124.0, 144.0, 1.0, 48.0]
[126.0, 144.0, 1.0, 48.0]
[131.0, 144.0, 1.0, 48.0]
[133.0, 144.0, 3.0, 48.0]
[138.0, 144.0, 1.0, 48.0]
[140.0, 144.0, 1.0, 48.0]
[150.0, 144.0, 1.0, 48.0]
[152.0, 144.0, 2.0, 48.0]
[155.0, 144.0, 2.0, 48.0]
[160.0, 144.0, 1.0, 48.0]
[162.0, 144.0, 1.0, 48.0]
[165.0, 144.0, 2.0, 48.0]
[169.0, 144.0, 1.0, 48.0]
[171.0, 144.0, 1.0, 48.0]
[174.0, 144.0, 2.0, 48.0]
[177.0, 144.0, 2.0, 48.0]
[180.0, 144.0, 1.0, 48.0]
[182.0, 144.0, 4.0, 48.0]
[187.0, 144.0, 1.0, 48.0]
[189.0, 144.0, 1.0, 48.0]
[192.0, 144.0, 3.0, 48.0]
[196.0, 144.0, 1.0, 48.0]
Observed labels: character, matrix [a,b,c,d,e,f], advance [x,y], rendering mode:
0 [8.0, 0.0, 0.0, 8.0, 81.563995, 132.464] [4.576004, 0.0] FILL
4 [8.0, 0.0, 0.0, 8.0, 86.14, 132.464] [4.576004, 0.0] FILL
2 [8.0, 0.0, 0.0, 8.0, 90.716, 132.464] [4.576004, 0.0] FILL
1 [8.0, 0.0, 0.0, 8.0, 95.292, 132.464] [4.5759964, 0.0] FILL
0 [8.0, 0.0, 0.0, 8.0, 99.868, 132.464] [4.576004, 0.0] FILL
0 [8.0, 0.0, 0.0, 8.0, 104.444, 132.464] [4.576004, 0.0] FILL
0 [8.0, 0.0, 0.0, 8.0, 109.020004, 132.464] [4.576004, 0.0] FILL
0 [8.0, 0.0, 0.0, 8.0, 113.59601, 132.464] [4.576004, 0.0] FILL
5 [8.0, 0.0, 0.0, 8.0, 118.17201, 132.464] [4.576004, 0.0] FILL
2 [8.0, 0.0, 0.0, 8.0, 122.74802, 132.464] [4.576004, 0.0] FILL
6 [8.0, 0.0, 0.0, 8.0, 127.32402, 132.464] [4.576004, 0.0] FILL
4 [8.0, 0.0, 0.0, 8.0, 131.90002, 132.464] [4.576004, 0.0] FILL
  [8.0, 0.0, 0.0, 8.0, 136.47603, 132.464] [2.0800018, 0.0] FILL
5 [8.0, 0.0, 0.0, 8.0, 138.55603, 132.464] [4.576004, 0.0] FILL
1 [8.0, 0.0, 0.0, 8.0, 143.13203, 132.464] [4.576004, 0.0] FILL
2 [8.0, 0.0, 0.0, 8.0, 147.70804, 132.464] [4.576004, 0.0] FILL
3 [8.0, 0.0, 0.0, 8.0, 152.28404, 132.464] [4.576004, 0.0] FILL
4 [8.0, 0.0, 0.0, 8.0, 156.86005, 132.464] [4.576004, 0.0] FILL
upca-plus-51234: payload=042100005264; check=4; codewords=[]; supplement=51234; exact independent modules and placement=pass; label=042100005264 51234; label metrics=pass

Page 84 upce-plus-05
Observed PDF rectangles [x,y,width,height]:
[46.0, 144.0, 1.0, 48.0]
[48.0, 144.0, 1.0, 48.0]
[51.0, 144.0, 3.0, 48.0]
[55.0, 144.0, 1.0, 48.0]
[58.0, 144.0, 1.0, 48.0]
[61.0, 144.0, 2.0, 48.0]
[64.0, 144.0, 3.0, 48.0]
[69.0, 144.0, 1.0, 48.0]
[72.0, 144.0, 2.0, 48.0]
[75.0, 144.0, 2.0, 48.0]
[78.0, 144.0, 1.0, 48.0]
[80.0, 144.0, 4.0, 48.0]
[86.0, 144.0, 2.0, 48.0]
[90.0, 144.0, 1.0, 48.0]
[92.0, 144.0, 1.0, 48.0]
[94.0, 144.0, 1.0, 48.0]
[96.0, 144.0, 1.0, 48.0]
[106.0, 144.0, 1.0, 48.0]
[108.0, 144.0, 2.0, 48.0]
[113.0, 144.0, 2.0, 48.0]
[116.0, 144.0, 1.0, 48.0]
[118.0, 144.0, 1.0, 48.0]
[120.0, 144.0, 3.0, 48.0]
[125.0, 144.0, 1.0, 48.0]
Observed labels: character, matrix [a,b,c,d,e,f], advance [x,y], rendering mode:
0 [8.0, 0.0, 0.0, 8.0, 62.08, 132.464] [4.576004, 0.0] FILL
4 [8.0, 0.0, 0.0, 8.0, 66.656, 132.464] [4.5759964, 0.0] FILL
2 [8.0, 0.0, 0.0, 8.0, 71.232, 132.464] [4.5759964, 0.0] FILL
5 [8.0, 0.0, 0.0, 8.0, 75.808, 132.464] [4.576004, 0.0] FILL
2 [8.0, 0.0, 0.0, 8.0, 80.384, 132.464] [4.576004, 0.0] FILL
6 [8.0, 0.0, 0.0, 8.0, 84.96001, 132.464] [4.576004, 0.0] FILL
1 [8.0, 0.0, 0.0, 8.0, 89.536, 132.464] [4.5759964, 0.0] FILL
4 [8.0, 0.0, 0.0, 8.0, 94.112, 132.464] [4.576004, 0.0] FILL
  [8.0, 0.0, 0.0, 8.0, 98.688, 132.464] [2.0800018, 0.0] FILL
0 [8.0, 0.0, 0.0, 8.0, 100.768005, 132.464] [4.576004, 0.0] FILL
5 [8.0, 0.0, 0.0, 8.0, 105.34401, 132.464] [4.576004, 0.0] FILL
upce-plus-05: payload=04252614; check=4; codewords=[]; supplement=05; exact independent modules and placement=pass; label=04252614 05; label metrics=pass

Page 85 upce-plus-51234
Observed PDF rectangles [x,y,width,height]:
[46.0, 144.0, 1.0, 48.0]
[48.0, 144.0, 1.0, 48.0]
[51.0, 144.0, 3.0, 48.0]
[55.0, 144.0, 1.0, 48.0]
[58.0, 144.0, 1.0, 48.0]
[61.0, 144.0, 2.0, 48.0]
[64.0, 144.0, 3.0, 48.0]
[69.0, 144.0, 1.0, 48.0]
[72.0, 144.0, 2.0, 48.0]
[75.0, 144.0, 2.0, 48.0]
[78.0, 144.0, 1.0, 48.0]
[80.0, 144.0, 4.0, 48.0]
[86.0, 144.0, 2.0, 48.0]
[90.0, 144.0, 1.0, 48.0]
[92.0, 144.0, 1.0, 48.0]
[94.0, 144.0, 1.0, 48.0]
[96.0, 144.0, 1.0, 48.0]
[106.0, 144.0, 1.0, 48.0]
[108.0, 144.0, 2.0, 48.0]
[111.0, 144.0, 2.0, 48.0]
[116.0, 144.0, 1.0, 48.0]
[118.0, 144.0, 1.0, 48.0]
[121.0, 144.0, 2.0, 48.0]
[125.0, 144.0, 1.0, 48.0]
[127.0, 144.0, 1.0, 48.0]
[130.0, 144.0, 2.0, 48.0]
[133.0, 144.0, 2.0, 48.0]
[136.0, 144.0, 1.0, 48.0]
[138.0, 144.0, 4.0, 48.0]
[143.0, 144.0, 1.0, 48.0]
[145.0, 144.0, 1.0, 48.0]
[148.0, 144.0, 3.0, 48.0]
[152.0, 144.0, 1.0, 48.0]
Observed labels: character, matrix [a,b,c,d,e,f], advance [x,y], rendering mode:
0 [8.0, 0.0, 0.0, 8.0, 68.716, 132.464] [4.576004, 0.0] FILL
4 [8.0, 0.0, 0.0, 8.0, 73.292, 132.464] [4.5759964, 0.0] FILL
2 [8.0, 0.0, 0.0, 8.0, 77.868, 132.464] [4.576004, 0.0] FILL
5 [8.0, 0.0, 0.0, 8.0, 82.444, 132.464] [4.576004, 0.0] FILL
2 [8.0, 0.0, 0.0, 8.0, 87.020004, 132.464] [4.576004, 0.0] FILL
6 [8.0, 0.0, 0.0, 8.0, 91.596, 132.464] [4.5759964, 0.0] FILL
1 [8.0, 0.0, 0.0, 8.0, 96.172, 132.464] [4.576004, 0.0] FILL
4 [8.0, 0.0, 0.0, 8.0, 100.748, 132.464] [4.576004, 0.0] FILL
  [8.0, 0.0, 0.0, 8.0, 105.324005, 132.464] [2.0800018, 0.0] FILL
5 [8.0, 0.0, 0.0, 8.0, 107.40401, 132.464] [4.576004, 0.0] FILL
1 [8.0, 0.0, 0.0, 8.0, 111.98001, 132.464] [4.576004, 0.0] FILL
2 [8.0, 0.0, 0.0, 8.0, 116.556015, 132.464] [4.576004, 0.0] FILL
3 [8.0, 0.0, 0.0, 8.0, 121.13202, 132.464] [4.576004, 0.0] FILL
4 [8.0, 0.0, 0.0, 8.0, 125.70802, 132.464] [4.576004, 0.0] FILL
upce-plus-51234: payload=04252614; check=4; codewords=[]; supplement=51234; exact independent modules and placement=pass; label=04252614 51234; label metrics=pass

Page 86 itf
Observed PDF rectangles [x,y,width,height]:
[46.0, 144.0, 1.0, 48.0]
[48.0, 144.0, 1.0, 48.0]
[50.0, 144.0, 2.0, 48.0]
[53.0, 144.0, 1.0, 48.0]
[56.0, 144.0, 1.0, 48.0]
[58.0, 144.0, 1.0, 48.0]
[60.0, 144.0, 2.0, 48.0]
[64.0, 144.0, 2.0, 48.0]
[67.0, 144.0, 2.0, 48.0]
[70.0, 144.0, 1.0, 48.0]
[73.0, 144.0, 1.0, 48.0]
[75.0, 144.0, 1.0, 48.0]
[78.0, 144.0, 2.0, 48.0]
[81.0, 144.0, 1.0, 48.0]
[84.0, 144.0, 2.0, 48.0]
[88.0, 144.0, 1.0, 48.0]
[90.0, 144.0, 1.0, 48.0]
[92.0, 144.0, 2.0, 48.0]
[95.0, 144.0, 1.0, 48.0]
Observed labels: character, matrix [a,b,c,d,e,f], advance [x,y], rendering mode:
1 [8.0, 0.0, 0.0, 8.0, 57.272, 132.464] [4.576, 0.0] FILL
2 [8.0, 0.0, 0.0, 8.0, 61.848, 132.464] [4.5759964, 0.0] FILL
3 [8.0, 0.0, 0.0, 8.0, 66.423996, 132.464] [4.576004, 0.0] FILL
4 [8.0, 0.0, 0.0, 8.0, 71.0, 132.464] [4.576004, 0.0] FILL
5 [8.0, 0.0, 0.0, 8.0, 75.576004, 132.464] [4.576004, 0.0] FILL
6 [8.0, 0.0, 0.0, 8.0, 80.152, 132.464] [4.5759964, 0.0] FILL
itf: payload=123456; check=none; codewords=[]; supplement=; exact independent modules and placement=pass; label=123456; label metrics=pass

Page 87 itf-check
Observed PDF rectangles [x,y,width,height]:
[46.0, 144.0, 1.0, 48.0]
[48.0, 144.0, 1.0, 48.0]
[50.0, 144.0, 2.0, 48.0]
[53.0, 144.0, 1.0, 48.0]
[56.0, 144.0, 1.0, 48.0]
[58.0, 144.0, 1.0, 48.0]
[60.0, 144.0, 2.0, 48.0]
[64.0, 144.0, 2.0, 48.0]
[67.0, 144.0, 2.0, 48.0]
[70.0, 144.0, 1.0, 48.0]
[73.0, 144.0, 1.0, 48.0]
[75.0, 144.0, 1.0, 48.0]
[78.0, 144.0, 2.0, 48.0]
[81.0, 144.0, 1.0, 48.0]
[83.0, 144.0, 2.0, 48.0]
[86.0, 144.0, 1.0, 48.0]
[89.0, 144.0, 1.0, 48.0]
[92.0, 144.0, 2.0, 48.0]
[95.0, 144.0, 1.0, 48.0]
Observed labels: character, matrix [a,b,c,d,e,f], advance [x,y], rendering mode:
1 [8.0, 0.0, 0.0, 8.0, 59.559998, 132.464] [4.576004, 0.0] FILL
2 [8.0, 0.0, 0.0, 8.0, 64.136, 132.464] [4.576004, 0.0] FILL
3 [8.0, 0.0, 0.0, 8.0, 68.712, 132.464] [4.5759964, 0.0] FILL
4 [8.0, 0.0, 0.0, 8.0, 73.287994, 132.464] [4.576004, 0.0] FILL
5 [8.0, 0.0, 0.0, 8.0, 77.864, 132.464] [4.576004, 0.0] FILL
itf-check: payload=123457; check=7; codewords=[]; supplement=; exact independent modules and placement=pass; label=12345; label metrics=pass

Page 88 itf-ratio3
Observed PDF rectangles [x,y,width,height]:
[46.0, 144.0, 1.0, 48.0]
[48.0, 144.0, 1.0, 48.0]
[50.0, 144.0, 3.0, 48.0]
[54.0, 144.0, 1.0, 48.0]
[58.0, 144.0, 1.0, 48.0]
[60.0, 144.0, 1.0, 48.0]
[62.0, 144.0, 3.0, 48.0]
[68.0, 144.0, 3.0, 48.0]
[72.0, 144.0, 3.0, 48.0]
[76.0, 144.0, 1.0, 48.0]
[80.0, 144.0, 1.0, 48.0]
[82.0, 144.0, 1.0, 48.0]
[86.0, 144.0, 3.0, 48.0]
[90.0, 144.0, 1.0, 48.0]
[92.0, 144.0, 3.0, 48.0]
[96.0, 144.0, 1.0, 48.0]
[100.0, 144.0, 1.0, 48.0]
[104.0, 144.0, 3.0, 48.0]
[108.0, 144.0, 1.0, 48.0]
Observed labels: character, matrix [a,b,c,d,e,f], advance [x,y], rendering mode:
1 [8.0, 0.0, 0.0, 8.0, 66.06, 132.464] [4.576004, 0.0] FILL
2 [8.0, 0.0, 0.0, 8.0, 70.636, 132.464] [4.576004, 0.0] FILL
3 [8.0, 0.0, 0.0, 8.0, 75.212006, 132.464] [4.576004, 0.0] FILL
4 [8.0, 0.0, 0.0, 8.0, 79.788, 132.464] [4.5759964, 0.0] FILL
5 [8.0, 0.0, 0.0, 8.0, 84.364, 132.464] [4.576004, 0.0] FILL
itf-ratio3: payload=123457; check=7; codewords=[]; supplement=; exact independent modules and placement=pass; label=12345; label metrics=pass

Page 89 itf-short
Observed PDF rectangles [x,y,width,height]:
[46.0, 144.0, 1.0, 48.0]
[48.0, 144.0, 1.0, 48.0]
[50.0, 144.0, 2.0, 48.0]
[53.0, 144.0, 1.0, 48.0]
[55.0, 144.0, 1.0, 48.0]
[57.0, 144.0, 1.0, 48.0]
[60.0, 144.0, 2.0, 48.0]
[64.0, 144.0, 2.0, 48.0]
[67.0, 144.0, 1.0, 48.0]
Observed labels: character, matrix [a,b,c,d,e,f], advance [x,y], rendering mode:
1 [8.0, 0.0, 0.0, 8.0, 54.711998, 132.464] [4.576, 0.0] FILL
itf-short: payload=17; check=7; codewords=[]; supplement=; exact independent modules and placement=pass; label=1; label metrics=pass

Page 90 itf-leading-zero
Observed PDF rectangles [x,y,width,height]:
[46.0, 144.0, 1.0, 48.0]
[48.0, 144.0, 1.0, 48.0]
[50.0, 144.0, 1.0, 48.0]
[53.0, 144.0, 1.0, 48.0]
[55.0, 144.0, 2.0, 48.0]
[58.0, 144.0, 2.0, 48.0]
[61.0, 144.0, 1.0, 48.0]
[64.0, 144.0, 1.0, 48.0]
[67.0, 144.0, 2.0, 48.0]
[71.0, 144.0, 1.0, 48.0]
[73.0, 144.0, 1.0, 48.0]
[75.0, 144.0, 2.0, 48.0]
[78.0, 144.0, 1.0, 48.0]
[81.0, 144.0, 1.0, 48.0]
[83.0, 144.0, 2.0, 48.0]
[87.0, 144.0, 1.0, 48.0]
[89.0, 144.0, 2.0, 48.0]
[92.0, 144.0, 1.0, 48.0]
[94.0, 144.0, 2.0, 48.0]
[97.0, 144.0, 2.0, 48.0]
[100.0, 144.0, 1.0, 48.0]
[103.0, 144.0, 1.0, 48.0]
[106.0, 144.0, 2.0, 48.0]
[109.0, 144.0, 1.0, 48.0]
[112.0, 144.0, 1.0, 48.0]
[114.0, 144.0, 2.0, 48.0]
[118.0, 144.0, 1.0, 48.0]
[120.0, 144.0, 2.0, 48.0]
[123.0, 144.0, 1.0, 48.0]
Observed labels: character, matrix [a,b,c,d,e,f], advance [x,y], rendering mode:
0 [8.0, 0.0, 0.0, 8.0, 62.120003, 132.464] [4.5759964, 0.0] FILL
1 [8.0, 0.0, 0.0, 8.0, 66.696, 132.464] [4.576004, 0.0] FILL
2 [8.0, 0.0, 0.0, 8.0, 71.272, 132.464] [4.576004, 0.0] FILL
3 [8.0, 0.0, 0.0, 8.0, 75.84801, 132.464] [4.576004, 0.0] FILL
4 [8.0, 0.0, 0.0, 8.0, 80.424, 132.464] [4.5759964, 0.0] FILL
5 [8.0, 0.0, 0.0, 8.0, 85.0, 132.464] [4.576004, 0.0] FILL
6 [8.0, 0.0, 0.0, 8.0, 89.576004, 132.464] [4.576004, 0.0] FILL
7 [8.0, 0.0, 0.0, 8.0, 94.15201, 132.464] [4.576004, 0.0] FILL
8 [8.0, 0.0, 0.0, 8.0, 98.728004, 132.464] [4.5759964, 0.0] FILL
9 [8.0, 0.0, 0.0, 8.0, 103.304, 132.464] [4.576004, 0.0] FILL
itf-leading-zero: payload=0123456789; check=none; codewords=[]; supplement=; exact independent modules and placement=pass; label=0123456789; label metrics=pass

Page 91 msi
Observed PDF rectangles [x,y,width,height]:
[46.0, 144.0, 2.0, 48.0]
[49.0, 144.0, 1.0, 48.0]
[52.0, 144.0, 1.0, 48.0]
[55.0, 144.0, 1.0, 48.0]
[58.0, 144.0, 2.0, 48.0]
[61.0, 144.0, 1.0, 48.0]
[64.0, 144.0, 1.0, 48.0]
[67.0, 144.0, 2.0, 48.0]
[70.0, 144.0, 1.0, 48.0]
[73.0, 144.0, 1.0, 48.0]
[76.0, 144.0, 1.0, 48.0]
[79.0, 144.0, 2.0, 48.0]
[82.0, 144.0, 2.0, 48.0]
[85.0, 144.0, 1.0, 48.0]
[88.0, 144.0, 2.0, 48.0]
[91.0, 144.0, 1.0, 48.0]
[94.0, 144.0, 1.0, 48.0]
[97.0, 144.0, 1.0, 48.0]
[100.0, 144.0, 2.0, 48.0]
[103.0, 144.0, 1.0, 48.0]
[106.0, 144.0, 2.0, 48.0]
[109.0, 144.0, 1.0, 48.0]
[112.0, 144.0, 2.0, 48.0]
[115.0, 144.0, 2.0, 48.0]
[118.0, 144.0, 1.0, 48.0]
[121.0, 144.0, 1.0, 48.0]
[124.0, 144.0, 2.0, 48.0]
[127.0, 144.0, 2.0, 48.0]
[130.0, 144.0, 2.0, 48.0]
[133.0, 144.0, 1.0, 48.0]
[136.0, 144.0, 1.0, 48.0]
Observed labels: character, matrix [a,b,c,d,e,f], advance [x,y], rendering mode:
1 [8.0, 0.0, 0.0, 8.0, 75.484, 132.464] [4.5759964, 0.0] FILL
2 [8.0, 0.0, 0.0, 8.0, 80.06, 132.464] [4.576004, 0.0] FILL
3 [8.0, 0.0, 0.0, 8.0, 84.636, 132.464] [4.576004, 0.0] FILL
4 [8.0, 0.0, 0.0, 8.0, 89.212006, 132.464] [4.576004, 0.0] FILL
5 [8.0, 0.0, 0.0, 8.0, 93.788, 132.464] [4.5759964, 0.0] FILL
6 [8.0, 0.0, 0.0, 8.0, 98.364, 132.464] [4.576004, 0.0] FILL
7 [8.0, 0.0, 0.0, 8.0, 102.94, 132.464] [4.576004, 0.0] FILL
msi: payload=1234567; check=none; codewords=[]; supplement=; exact independent modules and placement=pass; label=1234567; label metrics=pass

Page 92 msi-check
Observed PDF rectangles [x,y,width,height]:
[46.0, 144.0, 2.0, 48.0]
[49.0, 144.0, 1.0, 48.0]
[52.0, 144.0, 1.0, 48.0]
[55.0, 144.0, 1.0, 48.0]
[58.0, 144.0, 2.0, 48.0]
[61.0, 144.0, 1.0, 48.0]
[64.0, 144.0, 1.0, 48.0]
[67.0, 144.0, 2.0, 48.0]
[70.0, 144.0, 1.0, 48.0]
[73.0, 144.0, 1.0, 48.0]
[76.0, 144.0, 1.0, 48.0]
[79.0, 144.0, 2.0, 48.0]
[82.0, 144.0, 2.0, 48.0]
[85.0, 144.0, 1.0, 48.0]
[88.0, 144.0, 2.0, 48.0]
[91.0, 144.0, 1.0, 48.0]
[94.0, 144.0, 1.0, 48.0]
[97.0, 144.0, 1.0, 48.0]
[100.0, 144.0, 2.0, 48.0]
[103.0, 144.0, 1.0, 48.0]
[106.0, 144.0, 2.0, 48.0]
[109.0, 144.0, 1.0, 48.0]
[112.0, 144.0, 2.0, 48.0]
[115.0, 144.0, 2.0, 48.0]
[118.0, 144.0, 1.0, 48.0]
[121.0, 144.0, 1.0, 48.0]
[124.0, 144.0, 2.0, 48.0]
[127.0, 144.0, 2.0, 48.0]
[130.0, 144.0, 2.0, 48.0]
[133.0, 144.0, 1.0, 48.0]
[136.0, 144.0, 2.0, 48.0]
[139.0, 144.0, 1.0, 48.0]
[142.0, 144.0, 1.0, 48.0]
[145.0, 144.0, 1.0, 48.0]
[148.0, 144.0, 1.0, 48.0]
Observed labels: character, matrix [a,b,c,d,e,f], advance [x,y], rendering mode:
1 [8.0, 0.0, 0.0, 8.0, 81.484, 132.464] [4.5759964, 0.0] FILL
2 [8.0, 0.0, 0.0, 8.0, 86.06, 132.464] [4.576004, 0.0] FILL
3 [8.0, 0.0, 0.0, 8.0, 90.636, 132.464] [4.576004, 0.0] FILL
4 [8.0, 0.0, 0.0, 8.0, 95.212006, 132.464] [4.576004, 0.0] FILL
5 [8.0, 0.0, 0.0, 8.0, 99.788, 132.464] [4.5759964, 0.0] FILL
6 [8.0, 0.0, 0.0, 8.0, 104.364, 132.464] [4.576004, 0.0] FILL
7 [8.0, 0.0, 0.0, 8.0, 108.94, 132.464] [4.576004, 0.0] FILL
msi-check: payload=12345674; check=4; codewords=[]; supplement=; exact independent modules and placement=pass; label=1234567; label metrics=pass

Page 93 msi-leading-zero
Observed PDF rectangles [x,y,width,height]:
[46.0, 144.0, 2.0, 48.0]
[49.0, 144.0, 1.0, 48.0]
[52.0, 144.0, 1.0, 48.0]
[55.0, 144.0, 1.0, 48.0]
[58.0, 144.0, 1.0, 48.0]
[61.0, 144.0, 1.0, 48.0]
[64.0, 144.0, 1.0, 48.0]
[67.0, 144.0, 1.0, 48.0]
[70.0, 144.0, 2.0, 48.0]
[73.0, 144.0, 1.0, 48.0]
[76.0, 144.0, 1.0, 48.0]
[79.0, 144.0, 2.0, 48.0]
[82.0, 144.0, 1.0, 48.0]
[85.0, 144.0, 1.0, 48.0]
[88.0, 144.0, 1.0, 48.0]
[91.0, 144.0, 2.0, 48.0]
[94.0, 144.0, 2.0, 48.0]
[97.0, 144.0, 1.0, 48.0]
[100.0, 144.0, 2.0, 48.0]
[103.0, 144.0, 1.0, 48.0]
[106.0, 144.0, 1.0, 48.0]
[109.0, 144.0, 1.0, 48.0]
[112.0, 144.0, 2.0, 48.0]
[115.0, 144.0, 1.0, 48.0]
[118.0, 144.0, 2.0, 48.0]
[121.0, 144.0, 1.0, 48.0]
[124.0, 144.0, 2.0, 48.0]
[127.0, 144.0, 2.0, 48.0]
[130.0, 144.0, 1.0, 48.0]
[133.0, 144.0, 1.0, 48.0]
[136.0, 144.0, 2.0, 48.0]
[139.0, 144.0, 2.0, 48.0]
[142.0, 144.0, 2.0, 48.0]
[145.0, 144.0, 2.0, 48.0]
[148.0, 144.0, 1.0, 48.0]
[151.0, 144.0, 1.0, 48.0]
[154.0, 144.0, 1.0, 48.0]
[157.0, 144.0, 2.0, 48.0]
[160.0, 144.0, 1.0, 48.0]
[163.0, 144.0, 1.0, 48.0]
[166.0, 144.0, 2.0, 48.0]
[169.0, 144.0, 1.0, 48.0]
[172.0, 144.0, 1.0, 48.0]
Observed labels: character, matrix [a,b,c,d,e,f], advance [x,y], rendering mode:
0 [8.0, 0.0, 0.0, 8.0, 86.619995, 132.464] [4.576004, 0.0] FILL
1 [8.0, 0.0, 0.0, 8.0, 91.196, 132.464] [4.576004, 0.0] FILL
2 [8.0, 0.0, 0.0, 8.0, 95.772, 132.464] [4.576004, 0.0] FILL
3 [8.0, 0.0, 0.0, 8.0, 100.348, 132.464] [4.5759964, 0.0] FILL
4 [8.0, 0.0, 0.0, 8.0, 104.923996, 132.464] [4.576004, 0.0] FILL
5 [8.0, 0.0, 0.0, 8.0, 109.5, 132.464] [4.576004, 0.0] FILL
6 [8.0, 0.0, 0.0, 8.0, 114.076004, 132.464] [4.576004, 0.0] FILL
7 [8.0, 0.0, 0.0, 8.0, 118.65201, 132.464] [4.576004, 0.0] FILL
8 [8.0, 0.0, 0.0, 8.0, 123.22801, 132.464] [4.576004, 0.0] FILL
9 [8.0, 0.0, 0.0, 8.0, 127.804016, 132.464] [4.576004, 0.0] FILL
msi-leading-zero: payload=0123456789; check=none; codewords=[]; supplement=; exact independent modules and placement=pass; label=0123456789; label metrics=pass

Page 94 postnet-5
Observed PDF rectangles [x,y,width,height]:
[45.0, 144.0, 1.4399999999999977, 9.0]
[48.24, 144.0, 1.4399999999999977, 3.5999999999999943]
[51.480000000000004, 144.0, 1.4399999999999977, 3.5999999999999943]
[54.72, 144.0, 1.4400000000000048, 3.5999999999999943]
[57.96, 144.0, 1.4400000000000048, 9.0]
[61.2, 144.0, 1.4399999999999977, 9.0]
[64.44, 144.0, 1.4399999999999977, 3.5999999999999943]
[67.68, 144.0, 1.4399999999999977, 3.5999999999999943]
[70.92, 144.0, 1.4399999999999977, 9.0]
[74.16, 144.0, 1.4399999999999977, 3.5999999999999943]
[77.4, 144.0, 1.4399999999999977, 9.0]
[80.64, 144.0, 1.4399999999999977, 3.5999999999999943]
[83.88, 144.0, 1.4399999999999977, 3.5999999999999943]
[87.12, 144.0, 1.4399999999999977, 9.0]
[90.36000000000001, 144.0, 1.4399999999999977, 9.0]
[93.60000000000001, 144.0, 1.4399999999999977, 3.5999999999999943]
[96.84, 144.0, 1.4399999999999977, 3.5999999999999943]
[100.08000000000001, 144.0, 1.4399999999999977, 9.0]
[103.32000000000001, 144.0, 1.4399999999999977, 3.5999999999999943]
[106.56, 144.0, 1.4399999999999977, 3.5999999999999943]
[109.80000000000001, 144.0, 1.4399999999999977, 9.0]
[113.04, 144.0, 1.4399999999999977, 3.5999999999999943]
[116.28, 144.0, 1.4399999999999977, 9.0]
[119.52000000000001, 144.0, 1.4399999999999977, 3.5999999999999943]
[122.76, 144.0, 1.4399999999999977, 9.0]
[126.00000000000001, 144.0, 1.4399999999999977, 3.5999999999999943]
[129.24, 144.0, 1.4399999999999977, 3.5999999999999943]
[132.48000000000002, 144.0, 1.4399999999999977, 9.0]
[135.72000000000003, 144.0, 1.4399999999999977, 3.5999999999999943]
[138.96000000000004, 144.0, 1.4399999999999977, 9.0]
[142.20000000000002, 144.0, 1.4399999999999977, 3.5999999999999943]
[145.44, 144.0, 1.4399999999999977, 9.0]
Observed labels: character, matrix [a,b,c,d,e,f], advance [x,y], rendering mode:
1 [8.0, 0.0, 0.0, 8.0, 82.212006, 132.464] [4.576004, 0.0] FILL
2 [8.0, 0.0, 0.0, 8.0, 86.788, 132.464] [4.5759964, 0.0] FILL
3 [8.0, 0.0, 0.0, 8.0, 91.364, 132.464] [4.576004, 0.0] FILL
4 [8.0, 0.0, 0.0, 8.0, 95.94, 132.464] [4.576004, 0.0] FILL
5 [8.0, 0.0, 0.0, 8.0, 100.51601, 132.464] [4.576004, 0.0] FILL
5 [8.0, 0.0, 0.0, 8.0, 105.09201, 132.464] [4.576004, 0.0] FILL
postnet-5: payload=123455; check=5; exact independent heights, pitch and placement=pass; label=123455; label metrics=pass

Page 95 postnet-9
Observed PDF rectangles [x,y,width,height]:
[45.0, 144.0, 1.4399999999999977, 9.0]
[48.24, 144.0, 1.4399999999999977, 3.5999999999999943]
[51.480000000000004, 144.0, 1.4399999999999977, 3.5999999999999943]
[54.72, 144.0, 1.4400000000000048, 3.5999999999999943]
[57.96, 144.0, 1.4400000000000048, 9.0]
[61.2, 144.0, 1.4399999999999977, 9.0]
[64.44, 144.0, 1.4399999999999977, 3.5999999999999943]
[67.68, 144.0, 1.4399999999999977, 3.5999999999999943]
[70.92, 144.0, 1.4399999999999977, 9.0]
[74.16, 144.0, 1.4399999999999977, 3.5999999999999943]
[77.4, 144.0, 1.4399999999999977, 9.0]
[80.64, 144.0, 1.4399999999999977, 3.5999999999999943]
[83.88, 144.0, 1.4399999999999977, 3.5999999999999943]
[87.12, 144.0, 1.4399999999999977, 9.0]
[90.36000000000001, 144.0, 1.4399999999999977, 9.0]
[93.60000000000001, 144.0, 1.4399999999999977, 3.5999999999999943]
[96.84, 144.0, 1.4399999999999977, 3.5999999999999943]
[100.08000000000001, 144.0, 1.4399999999999977, 9.0]
[103.32000000000001, 144.0, 1.4399999999999977, 3.5999999999999943]
[106.56, 144.0, 1.4399999999999977, 3.5999999999999943]
[109.80000000000001, 144.0, 1.4399999999999977, 9.0]
[113.04, 144.0, 1.4399999999999977, 3.5999999999999943]
[116.28, 144.0, 1.4399999999999977, 9.0]
[119.52000000000001, 144.0, 1.4399999999999977, 3.5999999999999943]
[122.76, 144.0, 1.4399999999999977, 9.0]
[126.00000000000001, 144.0, 1.4399999999999977, 3.5999999999999943]
[129.24, 144.0, 1.4399999999999977, 3.5999999999999943]
[132.48000000000002, 144.0, 1.4399999999999977, 9.0]
[135.72000000000003, 144.0, 1.4399999999999977, 9.0]
[138.96000000000004, 144.0, 1.4399999999999977, 3.5999999999999943]
[142.20000000000002, 144.0, 1.4399999999999977, 3.5999999999999943]
[145.44, 144.0, 1.4399999999999977, 9.0]
[148.68, 144.0, 1.4399999999999977, 3.5999999999999943]
[151.92000000000002, 144.0, 1.4399999999999977, 3.5999999999999943]
[155.16000000000003, 144.0, 1.4399999999999977, 3.5999999999999943]
[158.40000000000003, 144.0, 1.4399999999999977, 9.0]
[161.64000000000001, 144.0, 1.4399999999999977, 9.0]
[164.88, 144.0, 1.4399999999999977, 3.5999999999999943]
[168.12, 144.0, 1.4399999999999977, 3.5999999999999943]
[171.36, 144.0, 1.4399999999999977, 9.0]
[174.60000000000002, 144.0, 1.4399999999999977, 3.5999999999999943]
[177.84, 144.0, 1.4399999999999977, 9.0]
[181.08, 144.0, 1.4399999999999977, 3.5999999999999943]
[184.32000000000002, 144.0, 1.4399999999999977, 9.0]
[187.56, 144.0, 1.4399999999999977, 3.5999999999999943]
[190.8, 144.0, 1.4399999999999977, 3.5999999999999943]
[194.04000000000002, 144.0, 1.4399999999999977, 3.5999999999999943]
[197.28, 144.0, 1.4399999999999977, 9.0]
[200.52, 144.0, 1.4399999999999977, 3.5999999999999943]
[203.76000000000002, 144.0, 1.4399999999999977, 9.0]
[207.00000000000003, 144.0, 1.4399999999999977, 3.5999999999999943]
[210.24, 144.0, 1.4399999999999977, 9.0]
Observed labels: character, matrix [a,b,c,d,e,f], advance [x,y], rendering mode:
1 [8.0, 0.0, 0.0, 8.0, 105.46, 132.464] [4.5759964, 0.0] FILL
2 [8.0, 0.0, 0.0, 8.0, 110.035995, 132.464] [4.576004, 0.0] FILL
3 [8.0, 0.0, 0.0, 8.0, 114.612, 132.464] [4.576004, 0.0] FILL
4 [8.0, 0.0, 0.0, 8.0, 119.188, 132.464] [4.576004, 0.0] FILL
5 [8.0, 0.0, 0.0, 8.0, 123.76401, 132.464] [4.576004, 0.0] FILL
6 [8.0, 0.0, 0.0, 8.0, 128.34001, 132.464] [4.576004, 0.0] FILL
7 [8.0, 0.0, 0.0, 8.0, 132.91602, 132.464] [4.576004, 0.0] FILL
8 [8.0, 0.0, 0.0, 8.0, 137.49202, 132.464] [4.576004, 0.0] FILL
9 [8.0, 0.0, 0.0, 8.0, 142.06802, 132.464] [4.576004, 0.0] FILL
5 [8.0, 0.0, 0.0, 8.0, 146.64403, 132.464] [4.576004, 0.0] FILL
postnet-9: payload=1234567895; check=5; exact independent heights, pitch and placement=pass; label=1234567895; label metrics=pass

Page 96 postnet-11
Observed PDF rectangles [x,y,width,height]:
[45.0, 144.0, 1.4399999999999977, 9.0]
[48.24, 144.0, 1.4399999999999977, 3.5999999999999943]
[51.480000000000004, 144.0, 1.4399999999999977, 3.5999999999999943]
[54.72, 144.0, 1.4400000000000048, 3.5999999999999943]
[57.96, 144.0, 1.4400000000000048, 9.0]
[61.2, 144.0, 1.4399999999999977, 9.0]
[64.44, 144.0, 1.4399999999999977, 3.5999999999999943]
[67.68, 144.0, 1.4399999999999977, 3.5999999999999943]
[70.92, 144.0, 1.4399999999999977, 9.0]
[74.16, 144.0, 1.4399999999999977, 3.5999999999999943]
[77.4, 144.0, 1.4399999999999977, 9.0]
[80.64, 144.0, 1.4399999999999977, 3.5999999999999943]
[83.88, 144.0, 1.4399999999999977, 3.5999999999999943]
[87.12, 144.0, 1.4399999999999977, 9.0]
[90.36000000000001, 144.0, 1.4399999999999977, 9.0]
[93.60000000000001, 144.0, 1.4399999999999977, 3.5999999999999943]
[96.84, 144.0, 1.4399999999999977, 3.5999999999999943]
[100.08000000000001, 144.0, 1.4399999999999977, 9.0]
[103.32000000000001, 144.0, 1.4399999999999977, 3.5999999999999943]
[106.56, 144.0, 1.4399999999999977, 3.5999999999999943]
[109.80000000000001, 144.0, 1.4399999999999977, 9.0]
[113.04, 144.0, 1.4399999999999977, 3.5999999999999943]
[116.28, 144.0, 1.4399999999999977, 9.0]
[119.52000000000001, 144.0, 1.4399999999999977, 3.5999999999999943]
[122.76, 144.0, 1.4399999999999977, 9.0]
[126.00000000000001, 144.0, 1.4399999999999977, 3.5999999999999943]
[129.24, 144.0, 1.4399999999999977, 3.5999999999999943]
[132.48000000000002, 144.0, 1.4399999999999977, 9.0]
[135.72000000000003, 144.0, 1.4399999999999977, 9.0]
[138.96000000000004, 144.0, 1.4399999999999977, 3.5999999999999943]
[142.20000000000002, 144.0, 1.4399999999999977, 3.5999999999999943]
[145.44, 144.0, 1.4399999999999977, 9.0]
[148.68, 144.0, 1.4399999999999977, 3.5999999999999943]
[151.92000000000002, 144.0, 1.4399999999999977, 3.5999999999999943]
[155.16000000000003, 144.0, 1.4399999999999977, 3.5999999999999943]
[158.40000000000003, 144.0, 1.4399999999999977, 9.0]
[161.64000000000001, 144.0, 1.4399999999999977, 9.0]
[164.88, 144.0, 1.4399999999999977, 3.5999999999999943]
[168.12, 144.0, 1.4399999999999977, 3.5999999999999943]
[171.36, 144.0, 1.4399999999999977, 9.0]
[174.60000000000002, 144.0, 1.4399999999999977, 3.5999999999999943]
[177.84, 144.0, 1.4399999999999977, 9.0]
[181.08, 144.0, 1.4399999999999977, 3.5999999999999943]
[184.32000000000002, 144.0, 1.4399999999999977, 9.0]
[187.56, 144.0, 1.4399999999999977, 3.5999999999999943]
[190.8, 144.0, 1.4399999999999977, 3.5999999999999943]
[194.04000000000002, 144.0, 1.4399999999999977, 9.0]
[197.28, 144.0, 1.4399999999999977, 9.0]
[200.52, 144.0, 1.4399999999999977, 3.5999999999999943]
[203.76000000000002, 144.0, 1.4399999999999977, 3.5999999999999943]
[207.00000000000003, 144.0, 1.4399999999999977, 3.5999999999999943]
[210.24, 144.0, 1.4399999999999977, 3.5999999999999943]
[213.48000000000002, 144.0, 1.4399999999999977, 3.5999999999999943]
[216.72000000000003, 144.0, 1.4399999999999977, 3.5999999999999943]
[219.96, 144.0, 1.4399999999999977, 9.0]
[223.20000000000002, 144.0, 1.4399999999999977, 9.0]
[226.44000000000003, 144.0, 1.4399999999999977, 3.5999999999999943]
[229.68000000000004, 144.0, 1.4399999999999977, 9.0]
[232.92000000000004, 144.0, 1.4399999999999977, 3.5999999999999943]
[236.16000000000003, 144.0, 1.4399999999999977, 3.5999999999999943]
[239.40000000000003, 144.0, 1.4399999999999977, 9.0]
[242.64000000000004, 144.0, 1.4399999999999977, 9.0]
Observed labels: character, matrix [a,b,c,d,e,f], advance [x,y], rendering mode:
1 [8.0, 0.0, 0.0, 8.0, 117.084, 132.464] [4.576004, 0.0] FILL
2 [8.0, 0.0, 0.0, 8.0, 121.66, 132.464] [4.576004, 0.0] FILL
3 [8.0, 0.0, 0.0, 8.0, 126.23601, 132.464] [4.576004, 0.0] FILL
4 [8.0, 0.0, 0.0, 8.0, 130.81201, 132.464] [4.576004, 0.0] FILL
5 [8.0, 0.0, 0.0, 8.0, 135.38802, 132.464] [4.576004, 0.0] FILL
6 [8.0, 0.0, 0.0, 8.0, 139.96402, 132.464] [4.576004, 0.0] FILL
7 [8.0, 0.0, 0.0, 8.0, 144.54002, 132.464] [4.576004, 0.0] FILL
8 [8.0, 0.0, 0.0, 8.0, 149.11603, 132.464] [4.576004, 0.0] FILL
9 [8.0, 0.0, 0.0, 8.0, 153.69203, 132.464] [4.576004, 0.0] FILL
0 [8.0, 0.0, 0.0, 8.0, 158.26804, 132.464] [4.576004, 0.0] FILL
1 [8.0, 0.0, 0.0, 8.0, 162.84404, 132.464] [4.576004, 0.0] FILL
4 [8.0, 0.0, 0.0, 8.0, 167.42004, 132.464] [4.576004, 0.0] FILL
postnet-11: payload=123456789014; check=4; exact independent heights, pitch and placement=pass; label=123456789014; label metrics=pass

Page 97 planet-11
Observed PDF rectangles [x,y,width,height]:
[45.0, 144.0, 1.4399999999999977, 9.0]
[48.24, 144.0, 1.4399999999999977, 9.0]
[51.480000000000004, 144.0, 1.4399999999999977, 3.5999999999999943]
[54.72, 144.0, 1.4400000000000048, 9.0]
[57.96, 144.0, 1.4400000000000048, 9.0]
[61.2, 144.0, 1.4399999999999977, 3.5999999999999943]
[64.44, 144.0, 1.4399999999999977, 3.5999999999999943]
[67.68, 144.0, 1.4399999999999977, 3.5999999999999943]
[70.92, 144.0, 1.4399999999999977, 9.0]
[74.16, 144.0, 1.4399999999999977, 9.0]
[77.4, 144.0, 1.4399999999999977, 9.0]
[80.64, 144.0, 1.4399999999999977, 9.0]
[83.88, 144.0, 1.4399999999999977, 9.0]
[87.12, 144.0, 1.4399999999999977, 9.0]
[90.36000000000001, 144.0, 1.4399999999999977, 3.5999999999999943]
[93.60000000000001, 144.0, 1.4399999999999977, 3.5999999999999943]
[96.84, 144.0, 1.4399999999999977, 9.0]
[100.08000000000001, 144.0, 1.4399999999999977, 9.0]
[103.32000000000001, 144.0, 1.4399999999999977, 3.5999999999999943]
[106.56, 144.0, 1.4399999999999977, 9.0]
[109.80000000000001, 144.0, 1.4399999999999977, 3.5999999999999943]
[113.04, 144.0, 1.4399999999999977, 9.0]
[116.28, 144.0, 1.4399999999999977, 9.0]
[119.52000000000001, 144.0, 1.4399999999999977, 3.5999999999999943]
[122.76, 144.0, 1.4399999999999977, 3.5999999999999943]
[126.00000000000001, 144.0, 1.4399999999999977, 9.0]
[129.24, 144.0, 1.4399999999999977, 9.0]
[132.48000000000002, 144.0, 1.4399999999999977, 3.5999999999999943]
[135.72000000000003, 144.0, 1.4399999999999977, 9.0]
[138.96000000000004, 144.0, 1.4399999999999977, 9.0]
[142.20000000000002, 144.0, 1.4399999999999977, 3.5999999999999943]
[145.44, 144.0, 1.4399999999999977, 9.0]
[148.68, 144.0, 1.4399999999999977, 3.5999999999999943]
[151.92000000000002, 144.0, 1.4399999999999977, 9.0]
[155.16000000000003, 144.0, 1.4399999999999977, 3.5999999999999943]
[158.40000000000003, 144.0, 1.4399999999999977, 9.0]
[161.64000000000001, 144.0, 1.4399999999999977, 9.0]
[164.88, 144.0, 1.4399999999999977, 3.5999999999999943]
[168.12, 144.0, 1.4399999999999977, 3.5999999999999943]
[171.36, 144.0, 1.4399999999999977, 9.0]
[174.60000000000002, 144.0, 1.4399999999999977, 9.0]
[177.84, 144.0, 1.4399999999999977, 3.5999999999999943]
[181.08, 144.0, 1.4399999999999977, 9.0]
[184.32000000000002, 144.0, 1.4399999999999977, 9.0]
[187.56, 144.0, 1.4399999999999977, 9.0]
[190.8, 144.0, 1.4399999999999977, 3.5999999999999943]
[194.04000000000002, 144.0, 1.4399999999999977, 3.5999999999999943]
[197.28, 144.0, 1.4399999999999977, 9.0]
[200.52, 144.0, 1.4399999999999977, 9.0]
[203.76000000000002, 144.0, 1.4399999999999977, 3.5999999999999943]
[207.00000000000003, 144.0, 1.4399999999999977, 9.0]
[210.24, 144.0, 1.4399999999999977, 3.5999999999999943]
[213.48000000000002, 144.0, 1.4399999999999977, 9.0]
[216.72000000000003, 144.0, 1.4399999999999977, 3.5999999999999943]
[219.96, 144.0, 1.4399999999999977, 9.0]
[223.20000000000002, 144.0, 1.4399999999999977, 9.0]
[226.44000000000003, 144.0, 1.4399999999999977, 9.0]
[229.68000000000004, 144.0, 1.4399999999999977, 9.0]
[232.92000000000004, 144.0, 1.4399999999999977, 9.0]
[236.16000000000003, 144.0, 1.4399999999999977, 3.5999999999999943]
[239.40000000000003, 144.0, 1.4399999999999977, 3.5999999999999943]
[242.64000000000004, 144.0, 1.4399999999999977, 9.0]
Observed labels: character, matrix [a,b,c,d,e,f], advance [x,y], rendering mode:
4 [8.0, 0.0, 0.0, 8.0, 117.084, 132.464] [4.576004, 0.0] FILL
0 [8.0, 0.0, 0.0, 8.0, 121.66, 132.464] [4.576004, 0.0] FILL
1 [8.0, 0.0, 0.0, 8.0, 126.23601, 132.464] [4.576004, 0.0] FILL
2 [8.0, 0.0, 0.0, 8.0, 130.81201, 132.464] [4.576004, 0.0] FILL
3 [8.0, 0.0, 0.0, 8.0, 135.38802, 132.464] [4.576004, 0.0] FILL
4 [8.0, 0.0, 0.0, 8.0, 139.96402, 132.464] [4.576004, 0.0] FILL
5 [8.0, 0.0, 0.0, 8.0, 144.54002, 132.464] [4.576004, 0.0] FILL
6 [8.0, 0.0, 0.0, 8.0, 149.11603, 132.464] [4.576004, 0.0] FILL
7 [8.0, 0.0, 0.0, 8.0, 153.69203, 132.464] [4.576004, 0.0] FILL
8 [8.0, 0.0, 0.0, 8.0, 158.26804, 132.464] [4.576004, 0.0] FILL
9 [8.0, 0.0, 0.0, 8.0, 162.84404, 132.464] [4.576004, 0.0] FILL
1 [8.0, 0.0, 0.0, 8.0, 167.42004, 132.464] [4.576004, 0.0] FILL
planet-11: payload=401234567891; check=1; exact independent heights, pitch and placement=pass; label=401234567891; label metrics=pass

Page 98 planet-13
Observed PDF rectangles [x,y,width,height]:
[45.0, 144.0, 1.4399999999999977, 9.0]
[48.24, 144.0, 1.4399999999999977, 9.0]
[51.480000000000004, 144.0, 1.4399999999999977, 3.5999999999999943]
[54.72, 144.0, 1.4400000000000048, 9.0]
[57.96, 144.0, 1.4400000000000048, 9.0]
[61.2, 144.0, 1.4399999999999977, 3.5999999999999943]
[64.44, 144.0, 1.4399999999999977, 3.5999999999999943]
[67.68, 144.0, 1.4399999999999977, 3.5999999999999943]
[70.92, 144.0, 1.4399999999999977, 9.0]
[74.16, 144.0, 1.4399999999999977, 9.0]
[77.4, 144.0, 1.4399999999999977, 9.0]
[80.64, 144.0, 1.4399999999999977, 9.0]
[83.88, 144.0, 1.4399999999999977, 9.0]
[87.12, 144.0, 1.4399999999999977, 9.0]
[90.36000000000001, 144.0, 1.4399999999999977, 3.5999999999999943]
[93.60000000000001, 144.0, 1.4399999999999977, 3.5999999999999943]
[96.84, 144.0, 1.4399999999999977, 9.0]
[100.08000000000001, 144.0, 1.4399999999999977, 9.0]
[103.32000000000001, 144.0, 1.4399999999999977, 3.5999999999999943]
[106.56, 144.0, 1.4399999999999977, 9.0]
[109.80000000000001, 144.0, 1.4399999999999977, 3.5999999999999943]
[113.04, 144.0, 1.4399999999999977, 9.0]
[116.28, 144.0, 1.4399999999999977, 9.0]
[119.52000000000001, 144.0, 1.4399999999999977, 3.5999999999999943]
[122.76, 144.0, 1.4399999999999977, 3.5999999999999943]
[126.00000000000001, 144.0, 1.4399999999999977, 9.0]
[129.24, 144.0, 1.4399999999999977, 9.0]
[132.48000000000002, 144.0, 1.4399999999999977, 3.5999999999999943]
[135.72000000000003, 144.0, 1.4399999999999977, 9.0]
[138.96000000000004, 144.0, 1.4399999999999977, 9.0]
[142.20000000000002, 144.0, 1.4399999999999977, 3.5999999999999943]
[145.44, 144.0, 1.4399999999999977, 9.0]
[148.68, 144.0, 1.4399999999999977, 3.5999999999999943]
[151.92000000000002, 144.0, 1.4399999999999977, 9.0]
[155.16000000000003, 144.0, 1.4399999999999977, 3.5999999999999943]
[158.40000000000003, 144.0, 1.4399999999999977, 9.0]
[161.64000000000001, 144.0, 1.4399999999999977, 9.0]
[164.88, 144.0, 1.4399999999999977, 3.5999999999999943]
[168.12, 144.0, 1.4399999999999977, 3.5999999999999943]
[171.36, 144.0, 1.4399999999999977, 9.0]
[174.60000000000002, 144.0, 1.4399999999999977, 9.0]
[177.84, 144.0, 1.4399999999999977, 3.5999999999999943]
[181.08, 144.0, 1.4399999999999977, 9.0]
[184.32000000000002, 144.0, 1.4399999999999977, 9.0]
[187.56, 144.0, 1.4399999999999977, 9.0]
[190.8, 144.0, 1.4399999999999977, 3.5999999999999943]
[194.04000000000002, 144.0, 1.4399999999999977, 3.5999999999999943]
[197.28, 144.0, 1.4399999999999977, 9.0]
[200.52, 144.0, 1.4399999999999977, 9.0]
[203.76000000000002, 144.0, 1.4399999999999977, 3.5999999999999943]
[207.00000000000003, 144.0, 1.4399999999999977, 9.0]
[210.24, 144.0, 1.4399999999999977, 3.5999999999999943]
[213.48000000000002, 144.0, 1.4399999999999977, 9.0]
[216.72000000000003, 144.0, 1.4399999999999977, 3.5999999999999943]
[219.96, 144.0, 1.4399999999999977, 9.0]
[223.20000000000002, 144.0, 1.4399999999999977, 9.0]
[226.44000000000003, 144.0, 1.4399999999999977, 3.5999999999999943]
[229.68000000000004, 144.0, 1.4399999999999977, 3.5999999999999943]
[232.92000000000004, 144.0, 1.4399999999999977, 9.0]
[236.16000000000003, 144.0, 1.4399999999999977, 9.0]
[239.40000000000003, 144.0, 1.4399999999999977, 9.0]
[242.64000000000004, 144.0, 1.4399999999999977, 9.0]
[245.88000000000002, 144.0, 1.4399999999999977, 9.0]
[249.12000000000003, 144.0, 1.4399999999999977, 9.0]
[252.36000000000004, 144.0, 1.4399999999999977, 3.5999999999999943]
[255.60000000000002, 144.0, 1.4399999999999977, 3.5999999999999943]
[258.84000000000003, 144.0, 1.4399999999999977, 3.5999999999999943]
[262.08000000000004, 144.0, 1.4399999999999977, 3.5999999999999943]
[265.32000000000005, 144.0, 1.4399999999999409, 9.0]
[268.56000000000006, 144.0, 1.4399999999999409, 9.0]
[271.80000000000007, 144.0, 1.4399999999999409, 9.0]
[275.04, 144.0, 1.4399999999999977, 9.0]
Observed labels: character, matrix [a,b,c,d,e,f], advance [x,y], rendering mode:
4 [8.0, 0.0, 0.0, 8.0, 128.70801, 132.464] [4.576004, 0.0] FILL
0 [8.0, 0.0, 0.0, 8.0, 133.284, 132.464] [4.576004, 0.0] FILL
1 [8.0, 0.0, 0.0, 8.0, 137.86, 132.464] [4.576004, 0.0] FILL
2 [8.0, 0.0, 0.0, 8.0, 142.436, 132.464] [4.576004, 0.0] FILL
3 [8.0, 0.0, 0.0, 8.0, 147.01201, 132.464] [4.576004, 0.0] FILL
4 [8.0, 0.0, 0.0, 8.0, 151.58801, 132.464] [4.576004, 0.0] FILL
5 [8.0, 0.0, 0.0, 8.0, 156.16402, 132.464] [4.576004, 0.0] FILL
6 [8.0, 0.0, 0.0, 8.0, 160.74002, 132.464] [4.576004, 0.0] FILL
7 [8.0, 0.0, 0.0, 8.0, 165.31602, 132.464] [4.576004, 0.0] FILL
8 [8.0, 0.0, 0.0, 8.0, 169.89203, 132.464] [4.576004, 0.0] FILL
9 [8.0, 0.0, 0.0, 8.0, 174.46803, 132.464] [4.576004, 0.0] FILL
0 [8.0, 0.0, 0.0, 8.0, 179.04404, 132.464] [4.576004, 0.0] FILL
1 [8.0, 0.0, 0.0, 8.0, 183.62004, 132.464] [4.576004, 0.0] FILL
0 [8.0, 0.0, 0.0, 8.0, 188.19604, 132.464] [4.576004, 0.0] FILL
planet-13: payload=40123456789010; check=0; exact independent heights, pitch and placement=pass; label=40123456789010; label metrics=pass

Page 99 label-code39-check
Observed PDF rectangles [x,y,width,height]:
[46.0, 144.0, 1.0, 48.0]
[49.0, 144.0, 1.0, 48.0]
[51.0, 144.0, 2.0, 48.0]
[54.0, 144.0, 2.0, 48.0]
[57.0, 144.0, 1.0, 48.0]
[59.0, 144.0, 1.0, 48.0]
[61.0, 144.0, 2.0, 48.0]
[64.0, 144.0, 2.0, 48.0]
[68.0, 144.0, 1.0, 48.0]
[70.0, 144.0, 1.0, 48.0]
[72.0, 144.0, 2.0, 48.0]
[75.0, 144.0, 1.0, 48.0]
[77.0, 144.0, 2.0, 48.0]
[80.0, 144.0, 1.0, 48.0]
[83.0, 144.0, 1.0, 48.0]
[85.0, 144.0, 1.0, 48.0]
[87.0, 144.0, 2.0, 48.0]
[90.0, 144.0, 1.0, 48.0]
[92.0, 144.0, 1.0, 48.0]
[95.0, 144.0, 2.0, 48.0]
[98.0, 144.0, 1.0, 48.0]
[100.0, 144.0, 2.0, 48.0]
[103.0, 144.0, 1.0, 48.0]
[106.0, 144.0, 2.0, 48.0]
[109.0, 144.0, 1.0, 48.0]
[111.0, 144.0, 2.0, 48.0]
[114.0, 144.0, 1.0, 48.0]
[116.0, 144.0, 2.0, 48.0]
[119.0, 144.0, 1.0, 48.0]
[122.0, 144.0, 1.0, 48.0]
[124.0, 144.0, 1.0, 48.0]
[126.0, 144.0, 1.0, 48.0]
[128.0, 144.0, 1.0, 48.0]
[131.0, 144.0, 2.0, 48.0]
[134.0, 144.0, 2.0, 48.0]
[137.0, 144.0, 1.0, 48.0]
[140.0, 144.0, 1.0, 48.0]
[142.0, 144.0, 2.0, 48.0]
[145.0, 144.0, 2.0, 48.0]
[148.0, 144.0, 1.0, 48.0]
Observed labels: character, matrix [a,b,c,d,e,f], advance [x,y], rendering mode:
F [8.0, 0.0, 0.0, 8.0, 82.812, 132.464] [4.1520004, 0.0] FILL
O [8.0, 0.0, 0.0, 8.0, 86.964005, 132.464] [6.248001, 0.0] FILL
L [8.0, 0.0, 0.0, 8.0, 93.212006, 132.464] [4.1920013, 0.0] FILL
I [8.0, 0.0, 0.0, 8.0, 97.40401, 132.464] [2.711998, 0.0] FILL
O [8.0, 0.0, 0.0, 8.0, 100.116005, 132.464] [6.248001, 0.0] FILL
G [8.0, 0.0, 0.0, 8.0, 106.364006, 132.464] [5.8239975, 0.0] FILL
label-code39-check: payload=FOLIO; check=G; codewords=[]; supplement=; exact independent modules and placement=pass; label=FOLIOG; label metrics=pass

Page 100 label-code39-guards
Observed PDF rectangles [x,y,width,height]:
[46.0, 144.0, 1.0, 48.0]
[49.0, 144.0, 1.0, 48.0]
[51.0, 144.0, 2.0, 48.0]
[54.0, 144.0, 2.0, 48.0]
[57.0, 144.0, 1.0, 48.0]
[59.0, 144.0, 1.0, 48.0]
[61.0, 144.0, 2.0, 48.0]
[64.0, 144.0, 2.0, 48.0]
[68.0, 144.0, 1.0, 48.0]
[70.0, 144.0, 1.0, 48.0]
[72.0, 144.0, 2.0, 48.0]
[75.0, 144.0, 1.0, 48.0]
[77.0, 144.0, 2.0, 48.0]
[80.0, 144.0, 1.0, 48.0]
[83.0, 144.0, 1.0, 48.0]
[85.0, 144.0, 1.0, 48.0]
[87.0, 144.0, 2.0, 48.0]
[90.0, 144.0, 1.0, 48.0]
[92.0, 144.0, 1.0, 48.0]
[95.0, 144.0, 2.0, 48.0]
[98.0, 144.0, 1.0, 48.0]
[100.0, 144.0, 2.0, 48.0]
[103.0, 144.0, 1.0, 48.0]
[106.0, 144.0, 2.0, 48.0]
[109.0, 144.0, 1.0, 48.0]
[111.0, 144.0, 2.0, 48.0]
[114.0, 144.0, 1.0, 48.0]
[116.0, 144.0, 2.0, 48.0]
[119.0, 144.0, 1.0, 48.0]
[122.0, 144.0, 1.0, 48.0]
[124.0, 144.0, 1.0, 48.0]
[126.0, 144.0, 1.0, 48.0]
[128.0, 144.0, 1.0, 48.0]
[131.0, 144.0, 2.0, 48.0]
[134.0, 144.0, 2.0, 48.0]
[137.0, 144.0, 1.0, 48.0]
[140.0, 144.0, 1.0, 48.0]
[142.0, 144.0, 2.0, 48.0]
[145.0, 144.0, 2.0, 48.0]
[148.0, 144.0, 1.0, 48.0]
Observed labels: character, matrix [a,b,c,d,e,f], advance [x,y], rendering mode:
* [8.0, 0.0, 0.0, 8.0, 78.404, 132.464] [4.407997, 0.0] FILL
F [8.0, 0.0, 0.0, 8.0, 82.812, 132.464] [4.1520004, 0.0] FILL
O [8.0, 0.0, 0.0, 8.0, 86.964005, 132.464] [6.248001, 0.0] FILL
L [8.0, 0.0, 0.0, 8.0, 93.212006, 132.464] [4.1920013, 0.0] FILL
I [8.0, 0.0, 0.0, 8.0, 97.40401, 132.464] [2.711998, 0.0] FILL
O [8.0, 0.0, 0.0, 8.0, 100.116005, 132.464] [6.248001, 0.0] FILL
G [8.0, 0.0, 0.0, 8.0, 106.364006, 132.464] [5.8239975, 0.0] FILL
* [8.0, 0.0, 0.0, 8.0, 112.188, 132.464] [4.407997, 0.0] FILL
label-code39-guards: payload=FOLIO; check=G; codewords=[]; supplement=; exact independent modules and placement=pass; label=*FOLIOG*; label metrics=pass

Page 101 label-full-guards
Observed PDF rectangles [x,y,width,height]:
[46.0, 144.0, 1.0, 48.0]
[49.0, 144.0, 1.0, 48.0]
[51.0, 144.0, 2.0, 48.0]
[54.0, 144.0, 2.0, 48.0]
[57.0, 144.0, 1.0, 48.0]
[59.0, 144.0, 1.0, 48.0]
[62.0, 144.0, 1.0, 48.0]
[64.0, 144.0, 1.0, 48.0]
[67.0, 144.0, 1.0, 48.0]
[70.0, 144.0, 1.0, 48.0]
[72.0, 144.0, 2.0, 48.0]
[75.0, 144.0, 1.0, 48.0]
[77.0, 144.0, 1.0, 48.0]
[80.0, 144.0, 1.0, 48.0]
[82.0, 144.0, 2.0, 48.0]
[85.0, 144.0, 1.0, 48.0]
[88.0, 144.0, 1.0, 48.0]
[90.0, 144.0, 1.0, 48.0]
[93.0, 144.0, 1.0, 48.0]
[96.0, 144.0, 1.0, 48.0]
[98.0, 144.0, 1.0, 48.0]
[100.0, 144.0, 2.0, 48.0]
[103.0, 144.0, 1.0, 48.0]
[106.0, 144.0, 1.0, 48.0]
[108.0, 144.0, 2.0, 48.0]
[111.0, 144.0, 1.0, 48.0]
[114.0, 144.0, 1.0, 48.0]
[116.0, 144.0, 1.0, 48.0]
[119.0, 144.0, 1.0, 48.0]
[122.0, 144.0, 1.0, 48.0]
[124.0, 144.0, 2.0, 48.0]
[127.0, 144.0, 2.0, 48.0]
[130.0, 144.0, 1.0, 48.0]
[133.0, 144.0, 1.0, 48.0]
[135.0, 144.0, 1.0, 48.0]
[137.0, 144.0, 2.0, 48.0]
[140.0, 144.0, 1.0, 48.0]
[142.0, 144.0, 1.0, 48.0]
[144.0, 144.0, 2.0, 48.0]
[148.0, 144.0, 1.0, 48.0]
[150.0, 144.0, 1.0, 48.0]
[153.0, 144.0, 1.0, 48.0]
[155.0, 144.0, 2.0, 48.0]
[158.0, 144.0, 2.0, 48.0]
[161.0, 144.0, 1.0, 48.0]
Observed labels: character, matrix [a,b,c,d,e,f], advance [x,y], rendering mode:
* [8.0, 0.0, 0.0, 8.0, 90.479996, 132.464] [4.407997, 0.0] FILL
a [8.0, 0.0, 0.0, 8.0, 94.888, 132.464] [4.487999, 0.0] FILL
b [8.0, 0.0, 0.0, 8.0, 99.376, 132.464] [4.919998, 0.0] FILL
c [8.0, 0.0, 0.0, 8.0, 104.296, 132.464] [3.8399963, 0.0] FILL
R [8.0, 0.0, 0.0, 8.0, 108.135994, 132.464] [4.975998, 0.0] FILL
* [8.0, 0.0, 0.0, 8.0, 113.11199, 132.464] [4.407997, 0.0] FILL
label-full-guards: payload=abc; check=R; codewords=[]; supplement=; exact independent modules and placement=pass; label=*abcR*; label metrics=pass

Page 102 label-codabar-check
Observed PDF rectangles [x,y,width,height]:
[46.0, 144.0, 1.0, 48.0]
[48.0, 144.0, 2.0, 48.0]
[52.0, 144.0, 1.0, 48.0]
[55.0, 144.0, 1.0, 48.0]
[57.0, 144.0, 1.0, 48.0]
[59.0, 144.0, 1.0, 48.0]
[61.0, 144.0, 2.0, 48.0]
[65.0, 144.0, 1.0, 48.0]
[67.0, 144.0, 1.0, 48.0]
[69.0, 144.0, 1.0, 48.0]
[72.0, 144.0, 1.0, 48.0]
[74.0, 144.0, 2.0, 48.0]
[77.0, 144.0, 2.0, 48.0]
[81.0, 144.0, 1.0, 48.0]
[83.0, 144.0, 1.0, 48.0]
[85.0, 144.0, 1.0, 48.0]
[87.0, 144.0, 1.0, 48.0]
[89.0, 144.0, 2.0, 48.0]
[92.0, 144.0, 1.0, 48.0]
[95.0, 144.0, 1.0, 48.0]
[97.0, 144.0, 2.0, 48.0]
[100.0, 144.0, 1.0, 48.0]
[102.0, 144.0, 1.0, 48.0]
[105.0, 144.0, 1.0, 48.0]
[107.0, 144.0, 1.0, 48.0]
[110.0, 144.0, 1.0, 48.0]
[113.0, 144.0, 1.0, 48.0]
[115.0, 144.0, 2.0, 48.0]
Observed labels: character, matrix [a,b,c,d,e,f], advance [x,y], rendering mode:
1 [8.0, 0.0, 0.0, 8.0, 70.06, 132.464] [4.576004, 0.0] FILL
2 [8.0, 0.0, 0.0, 8.0, 74.636, 132.464] [4.576004, 0.0] FILL
3 [8.0, 0.0, 0.0, 8.0, 79.212006, 132.464] [4.576004, 0.0] FILL
4 [8.0, 0.0, 0.0, 8.0, 83.788, 132.464] [4.5759964, 0.0] FILL
5 [8.0, 0.0, 0.0, 8.0, 88.364, 132.464] [4.576004, 0.0] FILL
label-codabar-check: payload=A12345B; check=5; codewords=[]; supplement=; exact independent modules and placement=pass; label=12345; label metrics=pass

Page 103 label-msi-check
Observed PDF rectangles [x,y,width,height]:
[46.0, 144.0, 2.0, 48.0]
[49.0, 144.0, 1.0, 48.0]
[52.0, 144.0, 1.0, 48.0]
[55.0, 144.0, 1.0, 48.0]
[58.0, 144.0, 2.0, 48.0]
[61.0, 144.0, 1.0, 48.0]
[64.0, 144.0, 1.0, 48.0]
[67.0, 144.0, 2.0, 48.0]
[70.0, 144.0, 1.0, 48.0]
[73.0, 144.0, 1.0, 48.0]
[76.0, 144.0, 1.0, 48.0]
[79.0, 144.0, 2.0, 48.0]
[82.0, 144.0, 2.0, 48.0]
[85.0, 144.0, 1.0, 48.0]
[88.0, 144.0, 2.0, 48.0]
[91.0, 144.0, 1.0, 48.0]
[94.0, 144.0, 1.0, 48.0]
[97.0, 144.0, 1.0, 48.0]
[100.0, 144.0, 2.0, 48.0]
[103.0, 144.0, 1.0, 48.0]
[106.0, 144.0, 2.0, 48.0]
[109.0, 144.0, 1.0, 48.0]
[112.0, 144.0, 2.0, 48.0]
[115.0, 144.0, 2.0, 48.0]
[118.0, 144.0, 1.0, 48.0]
[121.0, 144.0, 1.0, 48.0]
[124.0, 144.0, 2.0, 48.0]
[127.0, 144.0, 2.0, 48.0]
[130.0, 144.0, 2.0, 48.0]
[133.0, 144.0, 1.0, 48.0]
[136.0, 144.0, 2.0, 48.0]
[139.0, 144.0, 1.0, 48.0]
[142.0, 144.0, 1.0, 48.0]
[145.0, 144.0, 1.0, 48.0]
[148.0, 144.0, 1.0, 48.0]
Observed labels: character, matrix [a,b,c,d,e,f], advance [x,y], rendering mode:
1 [8.0, 0.0, 0.0, 8.0, 79.196, 132.464] [4.576004, 0.0] FILL
2 [8.0, 0.0, 0.0, 8.0, 83.772, 132.464] [4.576004, 0.0] FILL
3 [8.0, 0.0, 0.0, 8.0, 88.348, 132.464] [4.5759964, 0.0] FILL
4 [8.0, 0.0, 0.0, 8.0, 92.923996, 132.464] [4.576004, 0.0] FILL
5 [8.0, 0.0, 0.0, 8.0, 97.5, 132.464] [4.576004, 0.0] FILL
6 [8.0, 0.0, 0.0, 8.0, 102.076004, 132.464] [4.576004, 0.0] FILL
7 [8.0, 0.0, 0.0, 8.0, 106.65201, 132.464] [4.576004, 0.0] FILL
4 [8.0, 0.0, 0.0, 8.0, 111.22801, 132.464] [4.576004, 0.0] FILL
label-msi-check: payload=12345674; check=4; codewords=[]; supplement=; exact independent modules and placement=pass; label=12345674; label metrics=pass

Page 104 label-itf-check
Observed PDF rectangles [x,y,width,height]:
[46.0, 144.0, 1.0, 48.0]
[48.0, 144.0, 1.0, 48.0]
[50.0, 144.0, 2.0, 48.0]
[53.0, 144.0, 1.0, 48.0]
[56.0, 144.0, 1.0, 48.0]
[58.0, 144.0, 1.0, 48.0]
[60.0, 144.0, 2.0, 48.0]
[64.0, 144.0, 2.0, 48.0]
[67.0, 144.0, 2.0, 48.0]
[70.0, 144.0, 1.0, 48.0]
[73.0, 144.0, 1.0, 48.0]
[75.0, 144.0, 1.0, 48.0]
[78.0, 144.0, 2.0, 48.0]
[81.0, 144.0, 1.0, 48.0]
[83.0, 144.0, 2.0, 48.0]
[86.0, 144.0, 1.0, 48.0]
[89.0, 144.0, 1.0, 48.0]
[92.0, 144.0, 2.0, 48.0]
[95.0, 144.0, 1.0, 48.0]
Observed labels: character, matrix [a,b,c,d,e,f], advance [x,y], rendering mode:
1 [8.0, 0.0, 0.0, 8.0, 57.272, 132.464] [4.576, 0.0] FILL
2 [8.0, 0.0, 0.0, 8.0, 61.848, 132.464] [4.5759964, 0.0] FILL
3 [8.0, 0.0, 0.0, 8.0, 66.423996, 132.464] [4.576004, 0.0] FILL
4 [8.0, 0.0, 0.0, 8.0, 71.0, 132.464] [4.576004, 0.0] FILL
5 [8.0, 0.0, 0.0, 8.0, 75.576004, 132.464] [4.576004, 0.0] FILL
7 [8.0, 0.0, 0.0, 8.0, 80.152, 132.464] [4.5759964, 0.0] FILL
label-itf-check: payload=123457; check=7; codewords=[]; supplement=; exact independent modules and placement=pass; label=123457; label metrics=pass

Page 105 label-above-left
Observed PDF rectangles [x,y,width,height]:
[46.0, 144.0, 2.0, 48.0]
[49.0, 144.0, 1.0, 48.0]
[52.0, 144.0, 1.0, 48.0]
[57.0, 144.0, 1.0, 48.0]
[59.0, 144.0, 1.0, 48.0]
[63.0, 144.0, 2.0, 48.0]
[68.0, 144.0, 1.0, 48.0]
[72.0, 144.0, 1.0, 48.0]
[74.0, 144.0, 2.0, 48.0]
[79.0, 144.0, 4.0, 48.0]
[84.0, 144.0, 1.0, 48.0]
[86.0, 144.0, 3.0, 48.0]
[90.0, 144.0, 2.0, 48.0]
[95.0, 144.0, 3.0, 48.0]
[99.0, 144.0, 1.0, 48.0]
[101.0, 144.0, 2.0, 48.0]
Observed labels: character, matrix [a,b,c,d,e,f], advance [x,y], rendering mode:
A [8.0, 0.0, 0.0, 8.0, 36.0, 199.112] [5.1119995, 0.0] FILL
B [8.0, 0.0, 0.0, 8.0, 41.112, 199.112] [5.200001, 0.0] FILL
label-above-left: payload=AB; check=102; codewords=[104, 33, 34]; supplement=; exact independent modules and placement=pass; label=AB; label metrics=pass

Page 106 label-above-center
Observed PDF rectangles [x,y,width,height]:
[46.0, 144.0, 2.0, 48.0]
[49.0, 144.0, 1.0, 48.0]
[52.0, 144.0, 1.0, 48.0]
[57.0, 144.0, 1.0, 48.0]
[59.0, 144.0, 1.0, 48.0]
[63.0, 144.0, 2.0, 48.0]
[68.0, 144.0, 1.0, 48.0]
[72.0, 144.0, 1.0, 48.0]
[74.0, 144.0, 2.0, 48.0]
[79.0, 144.0, 4.0, 48.0]
[84.0, 144.0, 1.0, 48.0]
[86.0, 144.0, 3.0, 48.0]
[90.0, 144.0, 2.0, 48.0]
[95.0, 144.0, 3.0, 48.0]
[99.0, 144.0, 1.0, 48.0]
[101.0, 144.0, 2.0, 48.0]
Observed labels: character, matrix [a,b,c,d,e,f], advance [x,y], rendering mode:
A [8.0, 0.0, 0.0, 8.0, 69.344, 199.112] [5.1119995, 0.0] FILL
B [8.0, 0.0, 0.0, 8.0, 74.456, 199.112] [5.199997, 0.0] FILL
label-above-center: payload=AB; check=102; codewords=[104, 33, 34]; supplement=; exact independent modules and placement=pass; label=AB; label metrics=pass

Page 107 label-above-right
Observed PDF rectangles [x,y,width,height]:
[46.0, 144.0, 2.0, 48.0]
[49.0, 144.0, 1.0, 48.0]
[52.0, 144.0, 1.0, 48.0]
[57.0, 144.0, 1.0, 48.0]
[59.0, 144.0, 1.0, 48.0]
[63.0, 144.0, 2.0, 48.0]
[68.0, 144.0, 1.0, 48.0]
[72.0, 144.0, 1.0, 48.0]
[74.0, 144.0, 2.0, 48.0]
[79.0, 144.0, 4.0, 48.0]
[84.0, 144.0, 1.0, 48.0]
[86.0, 144.0, 3.0, 48.0]
[90.0, 144.0, 2.0, 48.0]
[95.0, 144.0, 3.0, 48.0]
[99.0, 144.0, 1.0, 48.0]
[101.0, 144.0, 2.0, 48.0]
Observed labels: character, matrix [a,b,c,d,e,f], advance [x,y], rendering mode:
A [8.0, 0.0, 0.0, 8.0, 102.688, 199.112] [5.1119995, 0.0] FILL
B [8.0, 0.0, 0.0, 8.0, 107.8, 199.112] [5.199997, 0.0] FILL
label-above-right: payload=AB; check=102; codewords=[104, 33, 34]; supplement=; exact independent modules and placement=pass; label=AB; label metrics=pass

Page 108 label-rotate
Observed PDF rectangles [x,y,width,height]:
[192.0, 82.0, 48.0, 2.0]
[192.0, 85.0, 48.0, 1.0]
[192.0, 88.0, 48.0, 1.0]
[192.0, 93.0, 48.0, 1.0]
[192.0, 95.0, 48.0, 1.0]
[192.0, 99.0, 48.0, 2.0]
[192.0, 104.0, 48.0, 1.0]
[192.0, 108.0, 48.0, 1.0]
[192.0, 110.0, 48.0, 2.0]
[192.0, 115.0, 48.0, 4.0]
[192.0, 120.0, 48.0, 1.0]
[192.0, 122.0, 48.0, 3.0]
[192.0, 126.0, 48.0, 2.0]
[192.0, 131.0, 48.0, 3.0]
[192.0, 135.0, 48.0, 1.0]
[192.0, 137.0, 48.0, 2.0]
Observed labels: character, matrix [a,b,c,d,e,f], advance [x,y], rendering mode:
A [0.0, 8.0, -8.0, 0.0, 251.536, 105.344] [0.0, 5.1119995] FILL
B [0.0, 8.0, -8.0, 0.0, 251.536, 110.456] [0.0, 5.199997] FILL
label-rotate: payload=AB; check=102; codewords=[104, 33, 34]; supplement=; exact independent modules and placement=pass; label=AB; label metrics=pass

Page 109 label-scale
Observed PDF rectangles [x,y,width,height]:
[44.0, 96.0, 4.0, 24.0]
[50.0, 96.0, 2.0, 24.0]
[56.0, 96.0, 2.0, 24.0]
[66.0, 96.0, 2.0, 24.0]
[70.0, 96.0, 2.0, 24.0]
[78.0, 96.0, 4.0, 24.0]
[88.0, 96.0, 2.0, 24.0]
[96.0, 96.0, 2.0, 24.0]
[100.0, 96.0, 4.0, 24.0]
[110.0, 96.0, 8.0, 24.0]
[120.0, 96.0, 2.0, 24.0]
[124.0, 96.0, 6.0, 24.0]
[132.0, 96.0, 4.0, 24.0]
[142.0, 96.0, 6.0, 24.0]
[150.0, 96.0, 2.0, 24.0]
[154.0, 96.0, 4.0, 24.0]
Observed labels: character, matrix [a,b,c,d,e,f], advance [x,y], rendering mode:
A [16.0, 0.0, 0.0, 4.0, 90.688, 90.232] [10.223999, 0.0] FILL
B [16.0, 0.0, 0.0, 4.0, 100.912, 90.232] [10.400002, 0.0] FILL
label-scale: payload=AB; check=102; codewords=[104, 33, 34]; supplement=; exact independent modules and placement=pass; label=AB; label metrics=pass

Page 110 bars-only
Observed PDF rectangles [x,y,width,height]:
[46.0, 144.0, 2.0, 48.0]
[49.0, 144.0, 1.0, 48.0]
[52.0, 144.0, 1.0, 48.0]
[57.0, 144.0, 1.0, 48.0]
[59.0, 144.0, 1.0, 48.0]
[63.0, 144.0, 2.0, 48.0]
[68.0, 144.0, 1.0, 48.0]
[72.0, 144.0, 1.0, 48.0]
[74.0, 144.0, 2.0, 48.0]
[79.0, 144.0, 4.0, 48.0]
[84.0, 144.0, 1.0, 48.0]
[86.0, 144.0, 3.0, 48.0]
[90.0, 144.0, 2.0, 48.0]
[95.0, 144.0, 3.0, 48.0]
[99.0, 144.0, 1.0, 48.0]
[101.0, 144.0, 2.0, 48.0]
Observed labels: character, matrix [a,b,c,d,e,f], advance [x,y], rendering mode:
bars-only: payload=AB; check=102; codewords=[104, 33, 34]; supplement=; exact independent modules and placement=pass; label=; label metrics=pass

Page 111 label-alternate
Observed PDF rectangles [x,y,width,height]:
[46.0, 144.0, 2.0, 48.0]
[49.0, 144.0, 1.0, 48.0]
[52.0, 144.0, 1.0, 48.0]
[57.0, 144.0, 1.0, 48.0]
[59.0, 144.0, 1.0, 48.0]
[63.0, 144.0, 2.0, 48.0]
[68.0, 144.0, 1.0, 48.0]
[72.0, 144.0, 1.0, 48.0]
[74.0, 144.0, 2.0, 48.0]
[79.0, 144.0, 4.0, 48.0]
[84.0, 144.0, 1.0, 48.0]
[86.0, 144.0, 3.0, 48.0]
[90.0, 144.0, 2.0, 48.0]
[95.0, 144.0, 3.0, 48.0]
[99.0, 144.0, 1.0, 48.0]
[101.0, 144.0, 2.0, 48.0]
Observed labels: character, matrix [a,b,c,d,e,f], advance [x,y], rendering mode:
\u03a9 [8.0, 0.0, 0.0, 8.0, 65.436005, 132.464] [5.736, 0.0] FILL
  [8.0, 0.0, 0.0, 8.0, 71.172, 132.464] [2.0800018, 0.0] FILL
A [8.0, 0.0, 0.0, 8.0, 73.252, 132.464] [5.1119995, 0.0] FILL
B [8.0, 0.0, 0.0, 8.0, 78.364, 132.464] [5.199997, 0.0] FILL
label-alternate: payload=AB; check=102; codewords=[104, 33, 34]; supplement=; exact independent modules and placement=pass; label=\u03a9 AB; label metrics=pass

Page 112 postal-custom
Observed PDF rectangles [x,y,width,height]:
[45.0, 144.0, 2.0, 12.0]
[49.0, 144.0, 2.0, 5.0]
[53.0, 144.0, 2.0, 5.0]
[57.0, 144.0, 2.0, 5.0]
[61.0, 144.0, 2.0, 12.0]
[65.0, 144.0, 2.0, 12.0]
[69.0, 144.0, 2.0, 5.0]
[73.0, 144.0, 2.0, 5.0]
[77.0, 144.0, 2.0, 12.0]
[81.0, 144.0, 2.0, 5.0]
[85.0, 144.0, 2.0, 12.0]
[89.0, 144.0, 2.0, 5.0]
[93.0, 144.0, 2.0, 5.0]
[97.0, 144.0, 2.0, 12.0]
[101.0, 144.0, 2.0, 12.0]
[105.0, 144.0, 2.0, 5.0]
[109.0, 144.0, 2.0, 5.0]
[113.0, 144.0, 2.0, 12.0]
[117.0, 144.0, 2.0, 5.0]
[121.0, 144.0, 2.0, 5.0]
[125.0, 144.0, 2.0, 12.0]
[129.0, 144.0, 2.0, 5.0]
[133.0, 144.0, 2.0, 12.0]
[137.0, 144.0, 2.0, 5.0]
[141.0, 144.0, 2.0, 12.0]
[145.0, 144.0, 2.0, 5.0]
[149.0, 144.0, 2.0, 5.0]
[153.0, 144.0, 2.0, 12.0]
[157.0, 144.0, 2.0, 5.0]
[161.0, 144.0, 2.0, 12.0]
[165.0, 144.0, 2.0, 5.0]
[169.0, 144.0, 2.0, 12.0]
Observed labels: character, matrix [a,b,c,d,e,f], advance [x,y], rendering mode:
1 [8.0, 0.0, 0.0, 8.0, 94.272, 132.464] [4.576004, 0.0] FILL
2 [8.0, 0.0, 0.0, 8.0, 98.848, 132.464] [4.5759964, 0.0] FILL
3 [8.0, 0.0, 0.0, 8.0, 103.423996, 132.464] [4.576004, 0.0] FILL
4 [8.0, 0.0, 0.0, 8.0, 108.0, 132.464] [4.576004, 0.0] FILL
5 [8.0, 0.0, 0.0, 8.0, 112.576004, 132.464] [4.576004, 0.0] FILL
5 [8.0, 0.0, 0.0, 8.0, 117.15201, 132.464] [4.576004, 0.0] FILL
postal-custom: payload=123455; check=5; exact independent heights, pitch and placement=pass; label=123455; label metrics=pass

Page 113 guard-ean13
Observed PDF rectangles [x,y,width,height]:
[47.0, 139.0, 1.0, 53.0]
[49.0, 139.0, 1.0, 53.0]
[53.0, 144.0, 1.0, 48.0]
[55.0, 144.0, 2.0, 48.0]
[58.0, 144.0, 1.0, 48.0]
[61.0, 144.0, 3.0, 48.0]
[65.0, 144.0, 2.0, 48.0]
[69.0, 144.0, 2.0, 48.0]
[73.0, 144.0, 1.0, 48.0]
[76.0, 144.0, 2.0, 48.0]
[79.0, 144.0, 4.0, 48.0]
[84.0, 144.0, 1.0, 48.0]
[87.0, 144.0, 3.0, 48.0]
[91.0, 144.0, 1.0, 48.0]
[93.0, 139.0, 1.0, 53.0]
[95.0, 139.0, 1.0, 53.0]
[97.0, 144.0, 2.0, 48.0]
[101.0, 144.0, 2.0, 48.0]
[104.0, 144.0, 2.0, 48.0]
[107.0, 144.0, 2.0, 48.0]
[111.0, 144.0, 1.0, 48.0]
[116.0, 144.0, 1.0, 48.0]
[118.0, 144.0, 1.0, 48.0]
[120.0, 144.0, 3.0, 48.0]
[125.0, 144.0, 1.0, 48.0]
[128.0, 144.0, 3.0, 48.0]
[132.0, 144.0, 1.0, 48.0]
[136.0, 144.0, 1.0, 48.0]
[139.0, 139.0, 1.0, 53.0]
[141.0, 139.0, 1.0, 53.0]
[151.0, 144.0, 1.0, 48.0]
[153.0, 144.0, 2.0, 48.0]
[158.0, 144.0, 2.0, 48.0]
[161.0, 144.0, 1.0, 48.0]
[163.0, 144.0, 1.0, 48.0]
[165.0, 144.0, 3.0, 48.0]
[170.0, 144.0, 1.0, 48.0]
Observed labels: character, matrix [a,b,c,d,e,f], advance [x,y], rendering mode:
5 [8.0, 0.0, 0.0, 8.0, 73.64, 127.464005] [4.576004, 0.0] FILL
9 [8.0, 0.0, 0.0, 8.0, 78.216, 127.464005] [4.576004, 0.0] FILL
0 [8.0, 0.0, 0.0, 8.0, 82.792, 127.464005] [4.5759964, 0.0] FILL
1 [8.0, 0.0, 0.0, 8.0, 87.368, 127.464005] [4.576004, 0.0] FILL
2 [8.0, 0.0, 0.0, 8.0, 91.944, 127.464005] [4.576004, 0.0] FILL
3 [8.0, 0.0, 0.0, 8.0, 96.520004, 127.464005] [4.576004, 0.0] FILL
4 [8.0, 0.0, 0.0, 8.0, 101.096, 127.464005] [4.5759964, 0.0] FILL
1 [8.0, 0.0, 0.0, 8.0, 105.672, 127.464005] [4.576004, 0.0] FILL
2 [8.0, 0.0, 0.0, 8.0, 110.248, 127.464005] [4.576004, 0.0] FILL
3 [8.0, 0.0, 0.0, 8.0, 114.824005, 127.464005] [4.576004, 0.0] FILL
4 [8.0, 0.0, 0.0, 8.0, 119.40001, 127.464005] [4.576004, 0.0] FILL
5 [8.0, 0.0, 0.0, 8.0, 123.97601, 127.464005] [4.576004, 0.0] FILL
7 [8.0, 0.0, 0.0, 8.0, 128.55202, 127.464005] [4.576004, 0.0] FILL
  [8.0, 0.0, 0.0, 8.0, 133.12802, 127.464005] [2.0800018, 0.0] FILL
0 [8.0, 0.0, 0.0, 8.0, 135.20802, 127.464005] [4.576004, 0.0] FILL
5 [8.0, 0.0, 0.0, 8.0, 139.78403, 127.464005] [4.576004, 0.0] FILL
guard-ean13: payload=5901234123457; check=7; codewords=[]; supplement=05; exact independent modules and placement=pass; label=5901234123457 05; label metrics=pass

Page 114 guard-ean8
Observed PDF rectangles [x,y,width,height]:
[46.0, 139.0, 1.0, 53.0]
[48.0, 139.0, 1.0, 53.0]
[52.0, 144.0, 1.0, 48.0]
[54.0, 144.0, 2.0, 48.0]
[57.0, 144.0, 1.0, 48.0]
[59.0, 144.0, 4.0, 48.0]
[64.0, 144.0, 4.0, 48.0]
[69.0, 144.0, 1.0, 48.0]
[71.0, 144.0, 2.0, 48.0]
[74.0, 144.0, 3.0, 48.0]
[78.0, 139.0, 1.0, 53.0]
[80.0, 139.0, 1.0, 53.0]
[82.0, 144.0, 1.0, 48.0]
[85.0, 144.0, 3.0, 48.0]
[89.0, 144.0, 3.0, 48.0]
[94.0, 144.0, 1.0, 48.0]
[96.0, 144.0, 1.0, 48.0]
[100.0, 144.0, 1.0, 48.0]
[103.0, 144.0, 1.0, 48.0]
[105.0, 144.0, 3.0, 48.0]
[110.0, 139.0, 1.0, 53.0]
[112.0, 139.0, 1.0, 53.0]
Observed labels: character, matrix [a,b,c,d,e,f], advance [x,y], rendering mode:
9 [8.0, 0.0, 0.0, 8.0, 61.196, 127.464005] [4.576004, 0.0] FILL
6 [8.0, 0.0, 0.0, 8.0, 65.772, 127.464005] [4.576004, 0.0] FILL
3 [8.0, 0.0, 0.0, 8.0, 70.348, 127.464005] [4.5759964, 0.0] FILL
8 [8.0, 0.0, 0.0, 8.0, 74.923996, 127.464005] [4.576004, 0.0] FILL
5 [8.0, 0.0, 0.0, 8.0, 79.5, 127.464005] [4.576004, 0.0] FILL
0 [8.0, 0.0, 0.0, 8.0, 84.076004, 127.464005] [4.576004, 0.0] FILL
7 [8.0, 0.0, 0.0, 8.0, 88.652, 127.464005] [4.5759964, 0.0] FILL
4 [8.0, 0.0, 0.0, 8.0, 93.228, 127.464005] [4.576004, 0.0] FILL
guard-ean8: payload=96385074; check=4; codewords=[]; supplement=; exact independent modules and placement=pass; label=96385074; label metrics=pass

Page 115 guard-upca
Observed PDF rectangles [x,y,width,height]:
[46.0, 139.0, 1.0, 53.0]
[48.0, 139.0, 1.0, 53.0]
[52.0, 139.0, 2.0, 53.0]
[55.0, 139.0, 1.0, 53.0]
[57.0, 144.0, 1.0, 48.0]
[61.0, 144.0, 2.0, 48.0]
[65.0, 144.0, 1.0, 48.0]
[68.0, 144.0, 2.0, 48.0]
[72.0, 144.0, 2.0, 48.0]
[76.0, 144.0, 1.0, 48.0]
[80.0, 144.0, 2.0, 48.0]
[83.0, 144.0, 1.0, 48.0]
[87.0, 144.0, 2.0, 48.0]
[90.0, 144.0, 1.0, 48.0]
[92.0, 139.0, 1.0, 53.0]
[94.0, 139.0, 1.0, 53.0]
[96.0, 144.0, 3.0, 48.0]
[101.0, 144.0, 1.0, 48.0]
[103.0, 144.0, 3.0, 48.0]
[108.0, 144.0, 1.0, 48.0]
[110.0, 144.0, 1.0, 48.0]
[113.0, 144.0, 3.0, 48.0]
[117.0, 144.0, 2.0, 48.0]
[120.0, 144.0, 2.0, 48.0]
[124.0, 144.0, 1.0, 48.0]
[126.0, 144.0, 1.0, 48.0]
[131.0, 139.0, 1.0, 53.0]
[133.0, 139.0, 3.0, 53.0]
[138.0, 139.0, 1.0, 53.0]
[140.0, 139.0, 1.0, 53.0]
Observed labels: character, matrix [a,b,c,d,e,f], advance [x,y], rendering mode:
0 [8.0, 0.0, 0.0, 8.0, 66.044, 127.464005] [4.5759964, 0.0] FILL
4 [8.0, 0.0, 0.0, 8.0, 70.62, 127.464005] [4.5759964, 0.0] FILL
2 [8.0, 0.0, 0.0, 8.0, 75.196, 127.464005] [4.576004, 0.0] FILL
1 [8.0, 0.0, 0.0, 8.0, 79.772, 127.464005] [4.576004, 0.0] FILL
0 [8.0, 0.0, 0.0, 8.0, 84.34801, 127.464005] [4.576004, 0.0] FILL
0 [8.0, 0.0, 0.0, 8.0, 88.924, 127.464005] [4.5759964, 0.0] FILL
0 [8.0, 0.0, 0.0, 8.0, 93.5, 127.464005] [4.576004, 0.0] FILL
0 [8.0, 0.0, 0.0, 8.0, 98.076004, 127.464005] [4.576004, 0.0] FILL
5 [8.0, 0.0, 0.0, 8.0, 102.65201, 127.464005] [4.576004, 0.0] FILL
2 [8.0, 0.0, 0.0, 8.0, 107.22801, 127.464005] [4.576004, 0.0] FILL
6 [8.0, 0.0, 0.0, 8.0, 111.804016, 127.464005] [4.576004, 0.0] FILL
4 [8.0, 0.0, 0.0, 8.0, 116.38002, 127.464005] [4.576004, 0.0] FILL
guard-upca: payload=042100005264; check=4; codewords=[]; supplement=; exact independent modules and placement=pass; label=042100005264; label metrics=pass

Page 116 guard-upce
Observed PDF rectangles [x,y,width,height]:
[46.0, 139.0, 1.0, 53.0]
[48.0, 139.0, 1.0, 53.0]
[51.0, 144.0, 3.0, 48.0]
[55.0, 144.0, 1.0, 48.0]
[58.0, 144.0, 1.0, 48.0]
[61.0, 144.0, 2.0, 48.0]
[64.0, 144.0, 3.0, 48.0]
[69.0, 144.0, 1.0, 48.0]
[72.0, 144.0, 2.0, 48.0]
[75.0, 144.0, 2.0, 48.0]
[78.0, 144.0, 1.0, 48.0]
[80.0, 144.0, 4.0, 48.0]
[86.0, 144.0, 2.0, 48.0]
[90.0, 144.0, 1.0, 48.0]
[92.0, 139.0, 1.0, 53.0]
[94.0, 139.0, 1.0, 53.0]
[96.0, 139.0, 1.0, 53.0]
Observed labels: character, matrix [a,b,c,d,e,f], advance [x,y], rendering mode:
0 [8.0, 0.0, 0.0, 8.0, 53.196, 127.464005] [4.576, 0.0] FILL
4 [8.0, 0.0, 0.0, 8.0, 57.772, 127.464005] [4.576, 0.0] FILL
2 [8.0, 0.0, 0.0, 8.0, 62.348, 127.464005] [4.5759964, 0.0] FILL
5 [8.0, 0.0, 0.0, 8.0, 66.923996, 127.464005] [4.576004, 0.0] FILL
2 [8.0, 0.0, 0.0, 8.0, 71.5, 127.464005] [4.576004, 0.0] FILL
6 [8.0, 0.0, 0.0, 8.0, 76.076004, 127.464005] [4.576004, 0.0] FILL
1 [8.0, 0.0, 0.0, 8.0, 80.652, 127.464005] [4.5759964, 0.0] FILL
4 [8.0, 0.0, 0.0, 8.0, 85.228, 127.464005] [4.576004, 0.0] FILL
guard-upce: payload=04252614; check=4; codewords=[]; supplement=; exact independent modules and placement=pass; label=04252614; label metrics=pass
