[INFO] Scanning for projects...
[INFO] ------------------------------------------------------------------------
[INFO] Reactor Build Order:
[INFO] 
[INFO] Folio PDF by ZeroCloud - Parent                                    [pom]
[INFO] Folio PDF by ZeroCloud - BOM                                       [pom]
[INFO] Folio PDF by ZeroCloud - Capability Provider Contract              [jar]
[INFO] Folio PDF by ZeroCloud - Conversion                                [jar]
[INFO] Folio PDF by ZeroCloud - Document Engine                           [jar]
[INFO] Folio PDF by ZeroCloud - Stable iText 7 Migration Facade           [jar]
[INFO] Folio PDF by ZeroCloud - Acceptance Evidence                       [jar]
[INFO] Folio PDF by ZeroCloud - Preview iText 7 Migration Facade          [jar]
[INFO] Folio PDF by ZeroCloud - Inventory Build Tool                      [jar]
[INFO] Folio PDF by ZeroCloud - Release Rehearsal Tool                    [jar]
[INFO] 
[INFO] ----------------------< net.zerocloud:pdf-parent >----------------------
[INFO] Building Folio PDF by ZeroCloud - Parent 0.1.0-SNAPSHOT           [1/10]
[INFO]   from pom.xml
[INFO] --------------------------------[ pom ]---------------------------------
[INFO] 
[INFO] --- enforcer:3.6.2:enforce (enforce-build-runtime) @ pdf-parent ---
[INFO] Rule 0: org.apache.maven.enforcer.rules.version.RequireMavenVersion passed
[INFO] Rule 1: org.apache.maven.enforcer.rules.version.RequireJavaVersion passed
[INFO] 
[INFO] -----------------------< net.zerocloud:pdf-bom >------------------------
[INFO] Building Folio PDF by ZeroCloud - BOM 0.1.0-SNAPSHOT              [2/10]
[INFO]   from pdf-bom/pom.xml
[INFO] --------------------------------[ pom ]---------------------------------
[INFO] 
[INFO] --- enforcer:3.6.2:enforce (enforce-build-runtime) @ pdf-bom ---
[INFO] 
[INFO] ----------------< net.zerocloud:pdf-provider-contract >-----------------
[INFO] Building Folio PDF by ZeroCloud - Capability Provider Contract 0.1.0-SNAPSHOT [3/10]
[INFO]   from pdf-provider-contract/pom.xml
[INFO] --------------------------------[ jar ]---------------------------------
[INFO] 
[INFO] --- enforcer:3.6.2:enforce (enforce-build-runtime) @ pdf-provider-contract ---
[INFO] 
[INFO] --- resources:3.3.1:resources (default-resources) @ pdf-provider-contract ---
[INFO] Copying 1 resource from src/main/resources to target/classes
[INFO] Copying 2 resources from .. to target/classes/META-INF
[INFO] 
[INFO] --- compiler:3.15.0:compile (default-compile) @ pdf-provider-contract ---
[INFO] Nothing to compile - all classes are up to date.
[INFO] 
[INFO] --- resources:3.3.1:testResources (default-testResources) @ pdf-provider-contract ---
[INFO] skip non existing resourceDirectory /home/ubuntu/IdeaProjects/open-pdf/pdf-provider-contract/src/test/resources
[INFO] 
[INFO] --- compiler:3.15.0:testCompile (default-testCompile) @ pdf-provider-contract ---
[INFO] Nothing to compile - all classes are up to date.
[INFO] 
[INFO] --- surefire:3.5.4:test (default-test) @ pdf-provider-contract ---
[INFO] Using auto detected provider org.apache.maven.surefire.junit4.JUnit4Provider
[INFO] 
[INFO] -------------------------------------------------------
[INFO]  T E S T S
[INFO] -------------------------------------------------------
[INFO] Running net.zerocloud.pdf.provider.ProviderCatalogTest
[INFO] Tests run: 7, Failures: 0, Errors: 0, Skipped: 0, Time elapsed: 0.058 s -- in net.zerocloud.pdf.provider.ProviderCatalogTest
[INFO] 
[INFO] Results:
[INFO] 
[INFO] Tests run: 7, Failures: 0, Errors: 0, Skipped: 0
[INFO] 
[INFO] 
[INFO] --- jar:3.4.2:jar (default-jar) @ pdf-provider-contract ---
[INFO] Building jar: /home/ubuntu/IdeaProjects/open-pdf/pdf-provider-contract/target/pdf-provider-contract-0.1.0-SNAPSHOT.jar
[INFO] 
[INFO] --------------------< net.zerocloud:pdf-conversion >--------------------
[INFO] Building Folio PDF by ZeroCloud - Conversion 0.1.0-SNAPSHOT       [4/10]
[INFO]   from pdf-conversion/pom.xml
[INFO] --------------------------------[ jar ]---------------------------------
[INFO] 
[INFO] --- enforcer:3.6.2:enforce (enforce-build-runtime) @ pdf-conversion ---
[INFO] 
[INFO] --- resources:3.3.1:resources (default-resources) @ pdf-conversion ---
[INFO] skip non existing resourceDirectory /home/ubuntu/IdeaProjects/open-pdf/pdf-conversion/src/main/resources
[INFO] Copying 2 resources from .. to target/classes/META-INF
[INFO] 
[INFO] --- compiler:3.15.0:compile (default-compile) @ pdf-conversion ---
[INFO] Recompiling the module because of changed dependency.
[INFO] Compiling 3 source files with javac [debug parameters release 8] to target/classes
[INFO] 
[INFO] --- resources:3.3.1:testResources (default-testResources) @ pdf-conversion ---
[INFO] skip non existing resourceDirectory /home/ubuntu/IdeaProjects/open-pdf/pdf-conversion/src/test/resources
[INFO] Copying 1 resource from ../pdf-acceptance/src/main/resources/net/zerocloud/pdf/acceptance/fonts/noto to target/test-classes/net/zerocloud/pdf/fixtures/noto
[INFO] 
[INFO] --- compiler:3.15.0:testCompile (default-testCompile) @ pdf-conversion ---
[INFO] Recompiling the module because of changed dependency.
[INFO] Compiling 5 source files with javac [debug parameters release 8] to target/test-classes
[INFO] 
[INFO] --- surefire:3.5.4:test (default-test) @ pdf-conversion ---
[INFO] Using auto detected provider org.apache.maven.surefire.junit4.JUnit4Provider
[INFO] 
[INFO] -------------------------------------------------------
[INFO]  T E S T S
[INFO] -------------------------------------------------------
[INFO] Running net.zerocloud.pdf.conversion.HarfBuzzCapabilityProviderTest
[INFO] Tests run: 4, Failures: 0, Errors: 0, Skipped: 0, Time elapsed: 0.132 s -- in net.zerocloud.pdf.conversion.HarfBuzzCapabilityProviderTest
[INFO] Running net.zerocloud.pdf.conversion.SubprocessCapabilityProviderTest
[INFO] Tests run: 8, Failures: 0, Errors: 0, Skipped: 0, Time elapsed: 1.151 s -- in net.zerocloud.pdf.conversion.SubprocessCapabilityProviderTest
[INFO] 
[INFO] Results:
[INFO] 
[INFO] Tests run: 12, Failures: 0, Errors: 0, Skipped: 0
[INFO] 
[INFO] 
[INFO] --- jar:3.4.2:jar (default-jar) @ pdf-conversion ---
[INFO] Building jar: /home/ubuntu/IdeaProjects/open-pdf/pdf-conversion/target/pdf-conversion-0.1.0-SNAPSHOT.jar
[INFO] 
[INFO] --- failsafe:3.5.4:integration-test (default) @ pdf-conversion ---
[INFO] Using auto detected provider org.apache.maven.surefire.junit4.JUnit4Provider
[INFO] 
[INFO] -------------------------------------------------------
[INFO]  T E S T S
[INFO] -------------------------------------------------------
[INFO] Running net.zerocloud.pdf.conversion.contract.JarContractIT
[INFO] Tests run: 1, Failures: 0, Errors: 0, Skipped: 0, Time elapsed: 0.053 s -- in net.zerocloud.pdf.conversion.contract.JarContractIT
[INFO] Running net.zerocloud.pdf.conversion.contract.PublicApiLeakageIT
[INFO] Tests run: 1, Failures: 0, Errors: 0, Skipped: 0, Time elapsed: 0.010 s -- in net.zerocloud.pdf.conversion.contract.PublicApiLeakageIT
[INFO] 
[INFO] Results:
[INFO] 
[INFO] Tests run: 2, Failures: 0, Errors: 0, Skipped: 0
[INFO] 
[INFO] 
[INFO] --- failsafe:3.5.4:verify (default) @ pdf-conversion ---
[INFO] 
[INFO] ---------------------< net.zerocloud:pdf-document >---------------------
[INFO] Building Folio PDF by ZeroCloud - Document Engine 0.1.0-SNAPSHOT  [5/10]
[INFO]   from pdf-document/pom.xml
[INFO] --------------------------------[ jar ]---------------------------------
[INFO] 
[INFO] --- enforcer:3.6.2:enforce (enforce-build-runtime) @ pdf-document ---
[INFO] 
[INFO] --- resources:3.3.1:resources (default-resources) @ pdf-document ---
[INFO] Copying 1 resource from src/main/resources to target/classes
[INFO] Copying 2 resources from .. to target/classes/META-INF
[INFO] 
[INFO] --- compiler:3.15.0:compile (default-compile) @ pdf-document ---
[INFO] Recompiling the module because of changed dependency.
[INFO] Compiling 274 source files with javac [debug parameters release 8] to target/classes
[INFO] 
[INFO] --- resources:3.3.1:testResources (default-testResources) @ pdf-document ---
[INFO] Copying 12 resources from src/test/resources to target/test-classes
[INFO] Copying 15 resources from ../pdf-acceptance/src/main/resources/net/zerocloud/pdf/acceptance/fonts/noto to target/test-classes/net/zerocloud/pdf/fixtures/noto
[INFO] 
[INFO] --- compiler:3.15.0:testCompile (default-testCompile) @ pdf-document ---
[INFO] Recompiling the module because of changed dependency.
[INFO] Compiling 44 source files with javac [debug parameters release 8] to target/test-classes
[INFO] /home/ubuntu/IdeaProjects/open-pdf/pdf-document/src/test/java/net/zerocloud/pdf/consumer/BlankDocumentWorkflowTest.java: Some input files use or override a deprecated API.
[INFO] /home/ubuntu/IdeaProjects/open-pdf/pdf-document/src/test/java/net/zerocloud/pdf/consumer/BlankDocumentWorkflowTest.java: Recompile with -Xlint:deprecation for details.
[INFO] 
[INFO] --- surefire:3.5.4:test (default-test) @ pdf-document ---
[INFO] Using auto detected provider org.apache.maven.surefire.junit4.JUnit4Provider
[INFO] 
[INFO] -------------------------------------------------------
[INFO]  T E S T S
[INFO] -------------------------------------------------------
[INFO] Running net.zerocloud.pdf.consumer.AnnotationWorkflowTest
[INFO] Tests run: 36, Failures: 0, Errors: 0, Skipped: 0, Time elapsed: 3.235 s -- in net.zerocloud.pdf.consumer.AnnotationWorkflowTest
[INFO] Running net.zerocloud.pdf.consumer.Barcode2DWorkflowTest
[INFO] Tests run: 70, Failures: 0, Errors: 0, Skipped: 0, Time elapsed: 211.6 s -- in net.zerocloud.pdf.consumer.Barcode2DWorkflowTest
[INFO] Running net.zerocloud.pdf.consumer.BarcodeWorkflowTest
[ERROR] Tests run: 60, Failures: 0, Errors: 8, Skipped: 0, Time elapsed: 173.2 s <<< FAILURE! -- in net.zerocloud.pdf.consumer.BarcodeWorkflowTest
[ERROR] net.zerocloud.pdf.consumer.BarcodeWorkflowTest.unsignedIncrementalBarcodesPreserveTheOriginalRevision[IN_PROCESS] -- Time elapsed: 0.128 s <<< ERROR!
net.zerocloud.pdf.DocumentFailure: The text and logical-structure extraction limit was exceeded.
	at net.zerocloud.pdf.PdfBoxWorkflowEngine.failure(PdfBoxWorkflowEngine.java:292)
	at net.zerocloud.pdf.PdfBoxWorkflowEngine.executeWithDocument(PdfBoxWorkflowEngine.java:350)
	at net.zerocloud.pdf.PdfBoxWorkflowEngine.executeChecked(PdfBoxWorkflowEngine.java:238)
	at net.zerocloud.pdf.PdfBoxWorkflowEngine.execute(PdfBoxWorkflowEngine.java:41)
	at net.zerocloud.pdf.DocumentWorkflow.executeOnce(DocumentWorkflow.java:184)
	at net.zerocloud.pdf.DocumentWorkflow.execute(DocumentWorkflow.java:103)
	at net.zerocloud.pdf.DocumentWorkflow.execute(DocumentWorkflow.java:64)
	at net.zerocloud.pdf.consumer.BarcodeWorkflowTest.unsignedIncrementalBarcodesPreserveTheOriginalRevision(BarcodeWorkflowTest.java:762)
	at java.base/jdk.internal.reflect.NativeMethodAccessorImpl.invoke0(Native Method)
	at java.base/jdk.internal.reflect.NativeMethodAccessorImpl.invoke(NativeMethodAccessorImpl.java:77)
	at java.base/jdk.internal.reflect.DelegatingMethodAccessorImpl.invoke(DelegatingMethodAccessorImpl.java:43)
	at java.base/java.lang.reflect.Method.invoke(Method.java:568)
	at org.junit.runners.model.FrameworkMethod$1.runReflectiveCall(FrameworkMethod.java:59)
	at org.junit.internal.runners.model.ReflectiveCallable.run(ReflectiveCallable.java:12)
	at org.junit.runners.model.FrameworkMethod.invokeExplosively(FrameworkMethod.java:56)
	at org.junit.internal.runners.statements.InvokeMethod.evaluate(InvokeMethod.java:17)
	at org.junit.rules.ExternalResource$1.evaluate(ExternalResource.java:54)
	at org.junit.runners.ParentRunner$3.evaluate(ParentRunner.java:306)
	at org.junit.runners.BlockJUnit4ClassRunner$1.evaluate(BlockJUnit4ClassRunner.java:100)
	at org.junit.runners.ParentRunner.runLeaf(ParentRunner.java:366)
	at org.junit.runners.BlockJUnit4ClassRunner.runChild(BlockJUnit4ClassRunner.java:103)
	at org.junit.runners.BlockJUnit4ClassRunner.runChild(BlockJUnit4ClassRunner.java:63)
	at org.junit.runners.ParentRunner$4.run(ParentRunner.java:331)
	at org.junit.runners.ParentRunner$1.schedule(ParentRunner.java:79)
	at org.junit.runners.ParentRunner.runChildren(ParentRunner.java:329)
	at org.junit.runners.ParentRunner.access$100(ParentRunner.java:66)
	at org.junit.runners.ParentRunner$2.evaluate(ParentRunner.java:293)
	at org.junit.runners.ParentRunner.run(ParentRunner.java:413)
	at org.junit.runners.Suite.runChild(Suite.java:128)
	at org.junit.runners.Suite.runChild(Suite.java:27)
	at org.junit.runners.ParentRunner$4.run(ParentRunner.java:331)
	at org.junit.runners.ParentRunner$1.schedule(ParentRunner.java:79)
	at org.junit.runners.ParentRunner.runChildren(ParentRunner.java:329)
	at org.junit.runners.ParentRunner.access$100(ParentRunner.java:66)
	at org.junit.runners.ParentRunner$2.evaluate(ParentRunner.java:293)
	at org.junit.runners.ParentRunner$3.evaluate(ParentRunner.java:306)
	at org.junit.runners.ParentRunner.run(ParentRunner.java:413)
	at org.apache.maven.surefire.junit4.JUnit4Provider.execute(JUnit4Provider.java:316)
	at org.apache.maven.surefire.junit4.JUnit4Provider.executeWithRerun(JUnit4Provider.java:240)
	at org.apache.maven.surefire.junit4.JUnit4Provider.executeTestSet(JUnit4Provider.java:214)
	at org.apache.maven.surefire.junit4.JUnit4Provider.invoke(JUnit4Provider.java:155)
	at org.apache.maven.surefire.booter.ForkedBooter.runSuitesInProcess(ForkedBooter.java:385)
	at org.apache.maven.surefire.booter.ForkedBooter.execute(ForkedBooter.java:162)
	at org.apache.maven.surefire.booter.ForkedBooter.run(ForkedBooter.java:507)
	at org.apache.maven.surefire.booter.ForkedBooter.main(ForkedBooter.java:495)

[ERROR] net.zerocloud.pdf.consumer.BarcodeWorkflowTest.humanReadableTextUsesExplicitFontMetricsAndTheBarcodeTransform[IN_PROCESS] -- Time elapsed: 0.013 s <<< ERROR!
net.zerocloud.pdf.DocumentFailure: The text and logical-structure extraction limit was exceeded.
	at net.zerocloud.pdf.PdfBoxWorkflowEngine.failure(PdfBoxWorkflowEngine.java:292)
	at net.zerocloud.pdf.PdfBoxWorkflowEngine.executeWithDocument(PdfBoxWorkflowEngine.java:350)
	at net.zerocloud.pdf.PdfBoxWorkflowEngine.executeChecked(PdfBoxWorkflowEngine.java:238)
	at net.zerocloud.pdf.PdfBoxWorkflowEngine.execute(PdfBoxWorkflowEngine.java:41)
	at net.zerocloud.pdf.DocumentWorkflow.executeOnce(DocumentWorkflow.java:184)
	at net.zerocloud.pdf.DocumentWorkflow.execute(DocumentWorkflow.java:103)
	at net.zerocloud.pdf.DocumentWorkflow.execute(DocumentWorkflow.java:64)
	at net.zerocloud.pdf.consumer.BarcodeWorkflowTest.humanReadableTextUsesExplicitFontMetricsAndTheBarcodeTransform(BarcodeWorkflowTest.java:882)
	at java.base/jdk.internal.reflect.NativeMethodAccessorImpl.invoke0(Native Method)
	at java.base/jdk.internal.reflect.NativeMethodAccessorImpl.invoke(NativeMethodAccessorImpl.java:77)
	at java.base/jdk.internal.reflect.DelegatingMethodAccessorImpl.invoke(DelegatingMethodAccessorImpl.java:43)
	at java.base/java.lang.reflect.Method.invoke(Method.java:568)
	at org.junit.runners.model.FrameworkMethod$1.runReflectiveCall(FrameworkMethod.java:59)
	at org.junit.internal.runners.model.ReflectiveCallable.run(ReflectiveCallable.java:12)
	at org.junit.runners.model.FrameworkMethod.invokeExplosively(FrameworkMethod.java:56)
	at org.junit.internal.runners.statements.InvokeMethod.evaluate(InvokeMethod.java:17)
	at org.junit.rules.ExternalResource$1.evaluate(ExternalResource.java:54)
	at org.junit.runners.ParentRunner$3.evaluate(ParentRunner.java:306)
	at org.junit.runners.BlockJUnit4ClassRunner$1.evaluate(BlockJUnit4ClassRunner.java:100)
	at org.junit.runners.ParentRunner.runLeaf(ParentRunner.java:366)
	at org.junit.runners.BlockJUnit4ClassRunner.runChild(BlockJUnit4ClassRunner.java:103)
	at org.junit.runners.BlockJUnit4ClassRunner.runChild(BlockJUnit4ClassRunner.java:63)
	at org.junit.runners.ParentRunner$4.run(ParentRunner.java:331)
	at org.junit.runners.ParentRunner$1.schedule(ParentRunner.java:79)
	at org.junit.runners.ParentRunner.runChildren(ParentRunner.java:329)
	at org.junit.runners.ParentRunner.access$100(ParentRunner.java:66)
	at org.junit.runners.ParentRunner$2.evaluate(ParentRunner.java:293)
	at org.junit.runners.ParentRunner.run(ParentRunner.java:413)
	at org.junit.runners.Suite.runChild(Suite.java:128)
	at org.junit.runners.Suite.runChild(Suite.java:27)
	at org.junit.runners.ParentRunner$4.run(ParentRunner.java:331)
	at org.junit.runners.ParentRunner$1.schedule(ParentRunner.java:79)
	at org.junit.runners.ParentRunner.runChildren(ParentRunner.java:329)
	at org.junit.runners.ParentRunner.access$100(ParentRunner.java:66)
	at org.junit.runners.ParentRunner$2.evaluate(ParentRunner.java:293)
	at org.junit.runners.ParentRunner$3.evaluate(ParentRunner.java:306)
	at org.junit.runners.ParentRunner.run(ParentRunner.java:413)
	at org.apache.maven.surefire.junit4.JUnit4Provider.execute(JUnit4Provider.java:316)
	at org.apache.maven.surefire.junit4.JUnit4Provider.executeWithRerun(JUnit4Provider.java:240)
	at org.apache.maven.surefire.junit4.JUnit4Provider.executeTestSet(JUnit4Provider.java:214)
	at org.apache.maven.surefire.junit4.JUnit4Provider.invoke(JUnit4Provider.java:155)
	at org.apache.maven.surefire.booter.ForkedBooter.runSuitesInProcess(ForkedBooter.java:385)
	at org.apache.maven.surefire.booter.ForkedBooter.execute(ForkedBooter.java:162)
	at org.apache.maven.surefire.booter.ForkedBooter.run(ForkedBooter.java:507)
	at org.apache.maven.surefire.booter.ForkedBooter.main(ForkedBooter.java:495)

[ERROR] net.zerocloud.pdf.consumer.BarcodeWorkflowTest.labelAlignmentAndAboveBarPlacementAreBoundedBeforePublication[IN_PROCESS] -- Time elapsed: 0.014 s <<< ERROR!
net.zerocloud.pdf.DocumentFailure: The text and logical-structure extraction limit was exceeded.
	at net.zerocloud.pdf.PdfBoxWorkflowEngine.failure(PdfBoxWorkflowEngine.java:292)
	at net.zerocloud.pdf.PdfBoxWorkflowEngine.executeWithDocument(PdfBoxWorkflowEngine.java:350)
	at net.zerocloud.pdf.PdfBoxWorkflowEngine.executeChecked(PdfBoxWorkflowEngine.java:238)
	at net.zerocloud.pdf.PdfBoxWorkflowEngine.execute(PdfBoxWorkflowEngine.java:41)
	at net.zerocloud.pdf.DocumentWorkflow.executeOnce(DocumentWorkflow.java:184)
	at net.zerocloud.pdf.DocumentWorkflow.execute(DocumentWorkflow.java:103)
	at net.zerocloud.pdf.DocumentWorkflow.execute(DocumentWorkflow.java:64)
	at net.zerocloud.pdf.consumer.BarcodeWorkflowTest.labelAlignmentAndAboveBarPlacementAreBoundedBeforePublication(BarcodeWorkflowTest.java:787)
	at java.base/jdk.internal.reflect.NativeMethodAccessorImpl.invoke0(Native Method)
	at java.base/jdk.internal.reflect.NativeMethodAccessorImpl.invoke(NativeMethodAccessorImpl.java:77)
	at java.base/jdk.internal.reflect.DelegatingMethodAccessorImpl.invoke(DelegatingMethodAccessorImpl.java:43)
	at java.base/java.lang.reflect.Method.invoke(Method.java:568)
	at org.junit.runners.model.FrameworkMethod$1.runReflectiveCall(FrameworkMethod.java:59)
	at org.junit.internal.runners.model.ReflectiveCallable.run(ReflectiveCallable.java:12)
	at org.junit.runners.model.FrameworkMethod.invokeExplosively(FrameworkMethod.java:56)
	at org.junit.internal.runners.statements.InvokeMethod.evaluate(InvokeMethod.java:17)
	at org.junit.rules.ExternalResource$1.evaluate(ExternalResource.java:54)
	at org.junit.runners.ParentRunner$3.evaluate(ParentRunner.java:306)
	at org.junit.runners.BlockJUnit4ClassRunner$1.evaluate(BlockJUnit4ClassRunner.java:100)
	at org.junit.runners.ParentRunner.runLeaf(ParentRunner.java:366)
	at org.junit.runners.BlockJUnit4ClassRunner.runChild(BlockJUnit4ClassRunner.java:103)
	at org.junit.runners.BlockJUnit4ClassRunner.runChild(BlockJUnit4ClassRunner.java:63)
	at org.junit.runners.ParentRunner$4.run(ParentRunner.java:331)
	at org.junit.runners.ParentRunner$1.schedule(ParentRunner.java:79)
	at org.junit.runners.ParentRunner.runChildren(ParentRunner.java:329)
	at org.junit.runners.ParentRunner.access$100(ParentRunner.java:66)
	at org.junit.runners.ParentRunner$2.evaluate(ParentRunner.java:293)
	at org.junit.runners.ParentRunner.run(ParentRunner.java:413)
	at org.junit.runners.Suite.runChild(Suite.java:128)
	at org.junit.runners.Suite.runChild(Suite.java:27)
	at org.junit.runners.ParentRunner$4.run(ParentRunner.java:331)
	at org.junit.runners.ParentRunner$1.schedule(ParentRunner.java:79)
	at org.junit.runners.ParentRunner.runChildren(ParentRunner.java:329)
	at org.junit.runners.ParentRunner.access$100(ParentRunner.java:66)
	at org.junit.runners.ParentRunner$2.evaluate(ParentRunner.java:293)
	at org.junit.runners.ParentRunner$3.evaluate(ParentRunner.java:306)
	at org.junit.runners.ParentRunner.run(ParentRunner.java:413)
	at org.apache.maven.surefire.junit4.JUnit4Provider.execute(JUnit4Provider.java:316)
	at org.apache.maven.surefire.junit4.JUnit4Provider.executeWithRerun(JUnit4Provider.java:240)
	at org.apache.maven.surefire.junit4.JUnit4Provider.executeTestSet(JUnit4Provider.java:214)
	at org.apache.maven.surefire.junit4.JUnit4Provider.invoke(JUnit4Provider.java:155)
	at org.apache.maven.surefire.booter.ForkedBooter.runSuitesInProcess(ForkedBooter.java:385)
	at org.apache.maven.surefire.booter.ForkedBooter.execute(ForkedBooter.java:162)
	at org.apache.maven.surefire.booter.ForkedBooter.run(ForkedBooter.java:507)
	at org.apache.maven.surefire.booter.ForkedBooter.main(ForkedBooter.java:495)

[ERROR] net.zerocloud.pdf.consumer.BarcodeWorkflowTest.humanReadableLabelsExposeCanonicalChecksGuardsAndAlternateText[IN_PROCESS] -- Time elapsed: 1.147 s <<< ERROR!
net.zerocloud.pdf.DocumentFailure: The text and logical-structure extraction limit was exceeded.
	at net.zerocloud.pdf.PdfBoxWorkflowEngine.failure(PdfBoxWorkflowEngine.java:292)
	at net.zerocloud.pdf.PdfBoxWorkflowEngine.executeWithDocument(PdfBoxWorkflowEngine.java:350)
	at net.zerocloud.pdf.PdfBoxWorkflowEngine.executeChecked(PdfBoxWorkflowEngine.java:238)
	at net.zerocloud.pdf.PdfBoxWorkflowEngine.execute(PdfBoxWorkflowEngine.java:41)
	at net.zerocloud.pdf.DocumentWorkflow.executeOnce(DocumentWorkflow.java:184)
	at net.zerocloud.pdf.DocumentWorkflow.execute(DocumentWorkflow.java:103)
	at net.zerocloud.pdf.DocumentWorkflow.execute(DocumentWorkflow.java:64)
	at net.zerocloud.pdf.consumer.BarcodeWorkflowTest.humanReadableLabelsExposeCanonicalChecksGuardsAndAlternateText(BarcodeWorkflowTest.java:846)
	at java.base/jdk.internal.reflect.NativeMethodAccessorImpl.invoke0(Native Method)
	at java.base/jdk.internal.reflect.NativeMethodAccessorImpl.invoke(NativeMethodAccessorImpl.java:77)
	at java.base/jdk.internal.reflect.DelegatingMethodAccessorImpl.invoke(DelegatingMethodAccessorImpl.java:43)
	at java.base/java.lang.reflect.Method.invoke(Method.java:568)
	at org.junit.runners.model.FrameworkMethod$1.runReflectiveCall(FrameworkMethod.java:59)
	at org.junit.internal.runners.model.ReflectiveCallable.run(ReflectiveCallable.java:12)
	at org.junit.runners.model.FrameworkMethod.invokeExplosively(FrameworkMethod.java:56)
	at org.junit.internal.runners.statements.InvokeMethod.evaluate(InvokeMethod.java:17)
	at org.junit.rules.ExternalResource$1.evaluate(ExternalResource.java:54)
	at org.junit.runners.ParentRunner$3.evaluate(ParentRunner.java:306)
	at org.junit.runners.BlockJUnit4ClassRunner$1.evaluate(BlockJUnit4ClassRunner.java:100)
	at org.junit.runners.ParentRunner.runLeaf(ParentRunner.java:366)
	at org.junit.runners.BlockJUnit4ClassRunner.runChild(BlockJUnit4ClassRunner.java:103)
	at org.junit.runners.BlockJUnit4ClassRunner.runChild(BlockJUnit4ClassRunner.java:63)
	at org.junit.runners.ParentRunner$4.run(ParentRunner.java:331)
	at org.junit.runners.ParentRunner$1.schedule(ParentRunner.java:79)
	at org.junit.runners.ParentRunner.runChildren(ParentRunner.java:329)
	at org.junit.runners.ParentRunner.access$100(ParentRunner.java:66)
	at org.junit.runners.ParentRunner$2.evaluate(ParentRunner.java:293)
	at org.junit.runners.ParentRunner.run(ParentRunner.java:413)
	at org.junit.runners.Suite.runChild(Suite.java:128)
	at org.junit.runners.Suite.runChild(Suite.java:27)
	at org.junit.runners.ParentRunner$4.run(ParentRunner.java:331)
	at org.junit.runners.ParentRunner$1.schedule(ParentRunner.java:79)
	at org.junit.runners.ParentRunner.runChildren(ParentRunner.java:329)
	at org.junit.runners.ParentRunner.access$100(ParentRunner.java:66)
	at org.junit.runners.ParentRunner$2.evaluate(ParentRunner.java:293)
	at org.junit.runners.ParentRunner$3.evaluate(ParentRunner.java:306)
	at org.junit.runners.ParentRunner.run(ParentRunner.java:413)
	at org.apache.maven.surefire.junit4.JUnit4Provider.execute(JUnit4Provider.java:316)
	at org.apache.maven.surefire.junit4.JUnit4Provider.executeWithRerun(JUnit4Provider.java:240)
	at org.apache.maven.surefire.junit4.JUnit4Provider.executeTestSet(JUnit4Provider.java:214)
	at org.apache.maven.surefire.junit4.JUnit4Provider.invoke(JUnit4Provider.java:155)
	at org.apache.maven.surefire.booter.ForkedBooter.runSuitesInProcess(ForkedBooter.java:385)
	at org.apache.maven.surefire.booter.ForkedBooter.execute(ForkedBooter.java:162)
	at org.apache.maven.surefire.booter.ForkedBooter.run(ForkedBooter.java:507)
	at org.apache.maven.surefire.booter.ForkedBooter.main(ForkedBooter.java:495)

[ERROR] net.zerocloud.pdf.consumer.BarcodeWorkflowTest.unsignedIncrementalBarcodesPreserveTheOriginalRevision[HARDENED_WORKER] -- Time elapsed: 1.779 s <<< ERROR!
net.zerocloud.pdf.DocumentFailure: The text and logical-structure extraction limit was exceeded.
	at net.zerocloud.pdf.HardenedWorkerEngine.execute(HardenedWorkerEngine.java:247)
	at net.zerocloud.pdf.DocumentWorkflow.executeOnce(DocumentWorkflow.java:177)
	at net.zerocloud.pdf.DocumentWorkflow.execute(DocumentWorkflow.java:103)
	at net.zerocloud.pdf.DocumentWorkflow.execute(DocumentWorkflow.java:64)
	at net.zerocloud.pdf.consumer.BarcodeWorkflowTest.unsignedIncrementalBarcodesPreserveTheOriginalRevision(BarcodeWorkflowTest.java:762)
	at java.base/jdk.internal.reflect.NativeMethodAccessorImpl.invoke0(Native Method)
	at java.base/jdk.internal.reflect.NativeMethodAccessorImpl.invoke(NativeMethodAccessorImpl.java:77)
	at java.base/jdk.internal.reflect.DelegatingMethodAccessorImpl.invoke(DelegatingMethodAccessorImpl.java:43)
	at java.base/java.lang.reflect.Method.invoke(Method.java:568)
	at org.junit.runners.model.FrameworkMethod$1.runReflectiveCall(FrameworkMethod.java:59)
	at org.junit.internal.runners.model.ReflectiveCallable.run(ReflectiveCallable.java:12)
	at org.junit.runners.model.FrameworkMethod.invokeExplosively(FrameworkMethod.java:56)
	at org.junit.internal.runners.statements.InvokeMethod.evaluate(InvokeMethod.java:17)
	at org.junit.rules.ExternalResource$1.evaluate(ExternalResource.java:54)
	at org.junit.runners.ParentRunner$3.evaluate(ParentRunner.java:306)
	at org.junit.runners.BlockJUnit4ClassRunner$1.evaluate(BlockJUnit4ClassRunner.java:100)
	at org.junit.runners.ParentRunner.runLeaf(ParentRunner.java:366)
	at org.junit.runners.BlockJUnit4ClassRunner.runChild(BlockJUnit4ClassRunner.java:103)
	at org.junit.runners.BlockJUnit4ClassRunner.runChild(BlockJUnit4ClassRunner.java:63)
	at org.junit.runners.ParentRunner$4.run(ParentRunner.java:331)
	at org.junit.runners.ParentRunner$1.schedule(ParentRunner.java:79)
	at org.junit.runners.ParentRunner.runChildren(ParentRunner.java:329)
	at org.junit.runners.ParentRunner.access$100(ParentRunner.java:66)
	at org.junit.runners.ParentRunner$2.evaluate(ParentRunner.java:293)
	at org.junit.runners.ParentRunner.run(ParentRunner.java:413)
	at org.junit.runners.Suite.runChild(Suite.java:128)
	at org.junit.runners.Suite.runChild(Suite.java:27)
	at org.junit.runners.ParentRunner$4.run(ParentRunner.java:331)
	at org.junit.runners.ParentRunner$1.schedule(ParentRunner.java:79)
	at org.junit.runners.ParentRunner.runChildren(ParentRunner.java:329)
	at org.junit.runners.ParentRunner.access$100(ParentRunner.java:66)
	at org.junit.runners.ParentRunner$2.evaluate(ParentRunner.java:293)
	at org.junit.runners.ParentRunner$3.evaluate(ParentRunner.java:306)
	at org.junit.runners.ParentRunner.run(ParentRunner.java:413)
	at org.apache.maven.surefire.junit4.JUnit4Provider.execute(JUnit4Provider.java:316)
	at org.apache.maven.surefire.junit4.JUnit4Provider.executeWithRerun(JUnit4Provider.java:240)
	at org.apache.maven.surefire.junit4.JUnit4Provider.executeTestSet(JUnit4Provider.java:214)
	at org.apache.maven.surefire.junit4.JUnit4Provider.invoke(JUnit4Provider.java:155)
	at org.apache.maven.surefire.booter.ForkedBooter.runSuitesInProcess(ForkedBooter.java:385)
	at org.apache.maven.surefire.booter.ForkedBooter.execute(ForkedBooter.java:162)
	at org.apache.maven.surefire.booter.ForkedBooter.run(ForkedBooter.java:507)
	at org.apache.maven.surefire.booter.ForkedBooter.main(ForkedBooter.java:495)

[ERROR] net.zerocloud.pdf.consumer.BarcodeWorkflowTest.humanReadableTextUsesExplicitFontMetricsAndTheBarcodeTransform[HARDENED_WORKER] -- Time elapsed: 1.244 s <<< ERROR!
net.zerocloud.pdf.DocumentFailure: The text and logical-structure extraction limit was exceeded.
	at net.zerocloud.pdf.HardenedWorkerEngine.execute(HardenedWorkerEngine.java:247)
	at net.zerocloud.pdf.DocumentWorkflow.executeOnce(DocumentWorkflow.java:177)
	at net.zerocloud.pdf.DocumentWorkflow.execute(DocumentWorkflow.java:103)
	at net.zerocloud.pdf.DocumentWorkflow.execute(DocumentWorkflow.java:64)
	at net.zerocloud.pdf.consumer.BarcodeWorkflowTest.humanReadableTextUsesExplicitFontMetricsAndTheBarcodeTransform(BarcodeWorkflowTest.java:882)
	at java.base/jdk.internal.reflect.NativeMethodAccessorImpl.invoke0(Native Method)
	at java.base/jdk.internal.reflect.NativeMethodAccessorImpl.invoke(NativeMethodAccessorImpl.java:77)
	at java.base/jdk.internal.reflect.DelegatingMethodAccessorImpl.invoke(DelegatingMethodAccessorImpl.java:43)
	at java.base/java.lang.reflect.Method.invoke(Method.java:568)
	at org.junit.runners.model.FrameworkMethod$1.runReflectiveCall(FrameworkMethod.java:59)
	at org.junit.internal.runners.model.ReflectiveCallable.run(ReflectiveCallable.java:12)
	at org.junit.runners.model.FrameworkMethod.invokeExplosively(FrameworkMethod.java:56)
	at org.junit.internal.runners.statements.InvokeMethod.evaluate(InvokeMethod.java:17)
	at org.junit.rules.ExternalResource$1.evaluate(ExternalResource.java:54)
	at org.junit.runners.ParentRunner$3.evaluate(ParentRunner.java:306)
	at org.junit.runners.BlockJUnit4ClassRunner$1.evaluate(BlockJUnit4ClassRunner.java:100)
	at org.junit.runners.ParentRunner.runLeaf(ParentRunner.java:366)
	at org.junit.runners.BlockJUnit4ClassRunner.runChild(BlockJUnit4ClassRunner.java:103)
	at org.junit.runners.BlockJUnit4ClassRunner.runChild(BlockJUnit4ClassRunner.java:63)
	at org.junit.runners.ParentRunner$4.run(ParentRunner.java:331)
	at org.junit.runners.ParentRunner$1.schedule(ParentRunner.java:79)
	at org.junit.runners.ParentRunner.runChildren(ParentRunner.java:329)
	at org.junit.runners.ParentRunner.access$100(ParentRunner.java:66)
	at org.junit.runners.ParentRunner$2.evaluate(ParentRunner.java:293)
	at org.junit.runners.ParentRunner.run(ParentRunner.java:413)
	at org.junit.runners.Suite.runChild(Suite.java:128)
	at org.junit.runners.Suite.runChild(Suite.java:27)
	at org.junit.runners.ParentRunner$4.run(ParentRunner.java:331)
	at org.junit.runners.ParentRunner$1.schedule(ParentRunner.java:79)
	at org.junit.runners.ParentRunner.runChildren(ParentRunner.java:329)
	at org.junit.runners.ParentRunner.access$100(ParentRunner.java:66)
	at org.junit.runners.ParentRunner$2.evaluate(ParentRunner.java:293)
	at org.junit.runners.ParentRunner$3.evaluate(ParentRunner.java:306)
	at org.junit.runners.ParentRunner.run(ParentRunner.java:413)
	at org.apache.maven.surefire.junit4.JUnit4Provider.execute(JUnit4Provider.java:316)
	at org.apache.maven.surefire.junit4.JUnit4Provider.executeWithRerun(JUnit4Provider.java:240)
	at org.apache.maven.surefire.junit4.JUnit4Provider.executeTestSet(JUnit4Provider.java:214)
	at org.apache.maven.surefire.junit4.JUnit4Provider.invoke(JUnit4Provider.java:155)
	at org.apache.maven.surefire.booter.ForkedBooter.runSuitesInProcess(ForkedBooter.java:385)
	at org.apache.maven.surefire.booter.ForkedBooter.execute(ForkedBooter.java:162)
	at org.apache.maven.surefire.booter.ForkedBooter.run(ForkedBooter.java:507)
	at org.apache.maven.surefire.booter.ForkedBooter.main(ForkedBooter.java:495)

[ERROR] net.zerocloud.pdf.consumer.BarcodeWorkflowTest.labelAlignmentAndAboveBarPlacementAreBoundedBeforePublication[HARDENED_WORKER] -- Time elapsed: 1.292 s <<< ERROR!
net.zerocloud.pdf.DocumentFailure: The text and logical-structure extraction limit was exceeded.
	at net.zerocloud.pdf.HardenedWorkerEngine.execute(HardenedWorkerEngine.java:247)
	at net.zerocloud.pdf.DocumentWorkflow.executeOnce(DocumentWorkflow.java:177)
	at net.zerocloud.pdf.DocumentWorkflow.execute(DocumentWorkflow.java:103)
	at net.zerocloud.pdf.DocumentWorkflow.execute(DocumentWorkflow.java:64)
	at net.zerocloud.pdf.consumer.BarcodeWorkflowTest.labelAlignmentAndAboveBarPlacementAreBoundedBeforePublication(BarcodeWorkflowTest.java:787)
	at java.base/jdk.internal.reflect.NativeMethodAccessorImpl.invoke0(Native Method)
	at java.base/jdk.internal.reflect.NativeMethodAccessorImpl.invoke(NativeMethodAccessorImpl.java:77)
	at java.base/jdk.internal.reflect.DelegatingMethodAccessorImpl.invoke(DelegatingMethodAccessorImpl.java:43)
	at java.base/java.lang.reflect.Method.invoke(Method.java:568)
	at org.junit.runners.model.FrameworkMethod$1.runReflectiveCall(FrameworkMethod.java:59)
	at org.junit.internal.runners.model.ReflectiveCallable.run(ReflectiveCallable.java:12)
	at org.junit.runners.model.FrameworkMethod.invokeExplosively(FrameworkMethod.java:56)
	at org.junit.internal.runners.statements.InvokeMethod.evaluate(InvokeMethod.java:17)
	at org.junit.rules.ExternalResource$1.evaluate(ExternalResource.java:54)
	at org.junit.runners.ParentRunner$3.evaluate(ParentRunner.java:306)
	at org.junit.runners.BlockJUnit4ClassRunner$1.evaluate(BlockJUnit4ClassRunner.java:100)
	at org.junit.runners.ParentRunner.runLeaf(ParentRunner.java:366)
	at org.junit.runners.BlockJUnit4ClassRunner.runChild(BlockJUnit4ClassRunner.java:103)
	at org.junit.runners.BlockJUnit4ClassRunner.runChild(BlockJUnit4ClassRunner.java:63)
	at org.junit.runners.ParentRunner$4.run(ParentRunner.java:331)
	at org.junit.runners.ParentRunner$1.schedule(ParentRunner.java:79)
	at org.junit.runners.ParentRunner.runChildren(ParentRunner.java:329)
	at org.junit.runners.ParentRunner.access$100(ParentRunner.java:66)
	at org.junit.runners.ParentRunner$2.evaluate(ParentRunner.java:293)
	at org.junit.runners.ParentRunner.run(ParentRunner.java:413)
	at org.junit.runners.Suite.runChild(Suite.java:128)
	at org.junit.runners.Suite.runChild(Suite.java:27)
	at org.junit.runners.ParentRunner$4.run(ParentRunner.java:331)
	at org.junit.runners.ParentRunner$1.schedule(ParentRunner.java:79)
	at org.junit.runners.ParentRunner.runChildren(ParentRunner.java:329)
	at org.junit.runners.ParentRunner.access$100(ParentRunner.java:66)
	at org.junit.runners.ParentRunner$2.evaluate(ParentRunner.java:293)
	at org.junit.runners.ParentRunner$3.evaluate(ParentRunner.java:306)
	at org.junit.runners.ParentRunner.run(ParentRunner.java:413)
	at org.apache.maven.surefire.junit4.JUnit4Provider.execute(JUnit4Provider.java:316)
	at org.apache.maven.surefire.junit4.JUnit4Provider.executeWithRerun(JUnit4Provider.java:240)
	at org.apache.maven.surefire.junit4.JUnit4Provider.executeTestSet(JUnit4Provider.java:214)
	at org.apache.maven.surefire.junit4.JUnit4Provider.invoke(JUnit4Provider.java:155)
	at org.apache.maven.surefire.booter.ForkedBooter.runSuitesInProcess(ForkedBooter.java:385)
	at org.apache.maven.surefire.booter.ForkedBooter.execute(ForkedBooter.java:162)
	at org.apache.maven.surefire.booter.ForkedBooter.run(ForkedBooter.java:507)
	at org.apache.maven.surefire.booter.ForkedBooter.main(ForkedBooter.java:495)

[ERROR] net.zerocloud.pdf.consumer.BarcodeWorkflowTest.humanReadableLabelsExposeCanonicalChecksGuardsAndAlternateText[HARDENED_WORKER] -- Time elapsed: 6.361 s <<< ERROR!
net.zerocloud.pdf.DocumentFailure: The text and logical-structure extraction limit was exceeded.
	at net.zerocloud.pdf.HardenedWorkerEngine.execute(HardenedWorkerEngine.java:247)
	at net.zerocloud.pdf.DocumentWorkflow.executeOnce(DocumentWorkflow.java:177)
	at net.zerocloud.pdf.DocumentWorkflow.execute(DocumentWorkflow.java:103)
	at net.zerocloud.pdf.DocumentWorkflow.execute(DocumentWorkflow.java:64)
	at net.zerocloud.pdf.consumer.BarcodeWorkflowTest.humanReadableLabelsExposeCanonicalChecksGuardsAndAlternateText(BarcodeWorkflowTest.java:846)
	at java.base/jdk.internal.reflect.NativeMethodAccessorImpl.invoke0(Native Method)
	at java.base/jdk.internal.reflect.NativeMethodAccessorImpl.invoke(NativeMethodAccessorImpl.java:77)
	at java.base/jdk.internal.reflect.DelegatingMethodAccessorImpl.invoke(DelegatingMethodAccessorImpl.java:43)
	at java.base/java.lang.reflect.Method.invoke(Method.java:568)
	at org.junit.runners.model.FrameworkMethod$1.runReflectiveCall(FrameworkMethod.java:59)
	at org.junit.internal.runners.model.ReflectiveCallable.run(ReflectiveCallable.java:12)
	at org.junit.runners.model.FrameworkMethod.invokeExplosively(FrameworkMethod.java:56)
	at org.junit.internal.runners.statements.InvokeMethod.evaluate(InvokeMethod.java:17)
	at org.junit.rules.ExternalResource$1.evaluate(ExternalResource.java:54)
	at org.junit.runners.ParentRunner$3.evaluate(ParentRunner.java:306)
	at org.junit.runners.BlockJUnit4ClassRunner$1.evaluate(BlockJUnit4ClassRunner.java:100)
	at org.junit.runners.ParentRunner.runLeaf(ParentRunner.java:366)
	at org.junit.runners.BlockJUnit4ClassRunner.runChild(BlockJUnit4ClassRunner.java:103)
	at org.junit.runners.BlockJUnit4ClassRunner.runChild(BlockJUnit4ClassRunner.java:63)
	at org.junit.runners.ParentRunner$4.run(ParentRunner.java:331)
	at org.junit.runners.ParentRunner$1.schedule(ParentRunner.java:79)
	at org.junit.runners.ParentRunner.runChildren(ParentRunner.java:329)
	at org.junit.runners.ParentRunner.access$100(ParentRunner.java:66)
	at org.junit.runners.ParentRunner$2.evaluate(ParentRunner.java:293)
	at org.junit.runners.ParentRunner.run(ParentRunner.java:413)
	at org.junit.runners.Suite.runChild(Suite.java:128)
	at org.junit.runners.Suite.runChild(Suite.java:27)
	at org.junit.runners.ParentRunner$4.run(ParentRunner.java:331)
	at org.junit.runners.ParentRunner$1.schedule(ParentRunner.java:79)
	at org.junit.runners.ParentRunner.runChildren(ParentRunner.java:329)
	at org.junit.runners.ParentRunner.access$100(ParentRunner.java:66)
	at org.junit.runners.ParentRunner$2.evaluate(ParentRunner.java:293)
	at org.junit.runners.ParentRunner$3.evaluate(ParentRunner.java:306)
	at org.junit.runners.ParentRunner.run(ParentRunner.java:413)
	at org.apache.maven.surefire.junit4.JUnit4Provider.execute(JUnit4Provider.java:316)
	at org.apache.maven.surefire.junit4.JUnit4Provider.executeWithRerun(JUnit4Provider.java:240)
	at org.apache.maven.surefire.junit4.JUnit4Provider.executeTestSet(JUnit4Provider.java:214)
	at org.apache.maven.surefire.junit4.JUnit4Provider.invoke(JUnit4Provider.java:155)
	at org.apache.maven.surefire.booter.ForkedBooter.runSuitesInProcess(ForkedBooter.java:385)
	at org.apache.maven.surefire.booter.ForkedBooter.execute(ForkedBooter.java:162)
	at org.apache.maven.surefire.booter.ForkedBooter.run(ForkedBooter.java:507)
	at org.apache.maven.surefire.booter.ForkedBooter.main(ForkedBooter.java:495)

[INFO] Running net.zerocloud.pdf.consumer.BlankDocumentWorkflowTest
[INFO] Tests run: 1, Failures: 0, Errors: 0, Skipped: 0, Time elapsed: 0 s -- in net.zerocloud.pdf.consumer.BlankDocumentWorkflowTest
[INFO] Running net.zerocloud.pdf.consumer.CanvasImageColorTransparencyWorkflowTest
[INFO] Tests run: 14, Failures: 0, Errors: 0, Skipped: 0, Time elapsed: 0.373 s -- in net.zerocloud.pdf.consumer.CanvasImageColorTransparencyWorkflowTest
[INFO] Running net.zerocloud.pdf.consumer.CanvasWorkflowTest
[INFO] Tests run: 8, Failures: 0, Errors: 0, Skipped: 0, Time elapsed: 0.202 s -- in net.zerocloud.pdf.consumer.CanvasWorkflowTest
[INFO] Running net.zerocloud.pdf.consumer.DocumentMetadataWorkflowTest
Sep 13, 2026 6:54:41 AM org.apache.pdfbox.multipdf.Splitter createNewDocument
WARNING: Nested entry for key 'T11Custom' skipped in document information dictionary
Sep 13, 2026 6:54:41 AM org.apache.pdfbox.multipdf.Splitter createNewDocument
WARNING: Nested entry for key 'T11Custom' skipped in document information dictionary
[INFO] Tests run: 62, Failures: 0, Errors: 0, Skipped: 0, Time elapsed: 9.736 s -- in net.zerocloud.pdf.consumer.DocumentMetadataWorkflowTest
[INFO] Running net.zerocloud.pdf.consumer.FontLoadingWorkflowTest
[ERROR] Tests run: 22, Failures: 0, Errors: 12, Skipped: 0, Time elapsed: 0.820 s <<< FAILURE! -- in net.zerocloud.pdf.consumer.FontLoadingWorkflowTest
[ERROR] net.zerocloud.pdf.consumer.FontLoadingWorkflowTest.callerOwnedSourcesStayOpenAndEqualProgramsReuseOneResource -- Time elapsed: 0.005 s <<< ERROR!
net.zerocloud.pdf.DocumentFailure: The text and logical-structure extraction limit was exceeded.
	at net.zerocloud.pdf.PdfBoxWorkflowEngine.failure(PdfBoxWorkflowEngine.java:292)
	at net.zerocloud.pdf.PdfBoxWorkflowEngine.executeWithDocument(PdfBoxWorkflowEngine.java:350)
	at net.zerocloud.pdf.PdfBoxWorkflowEngine.executeChecked(PdfBoxWorkflowEngine.java:238)
	at net.zerocloud.pdf.PdfBoxWorkflowEngine.execute(PdfBoxWorkflowEngine.java:41)
	at net.zerocloud.pdf.DocumentWorkflow.executeOnce(DocumentWorkflow.java:184)
	at net.zerocloud.pdf.DocumentWorkflow.execute(DocumentWorkflow.java:103)
	at net.zerocloud.pdf.DocumentWorkflow.execute(DocumentWorkflow.java:64)
	at net.zerocloud.pdf.consumer.FontLoadingWorkflowTest.callerOwnedSourcesStayOpenAndEqualProgramsReuseOneResource(FontLoadingWorkflowTest.java:421)
	at java.base/jdk.internal.reflect.NativeMethodAccessorImpl.invoke0(Native Method)
	at java.base/jdk.internal.reflect.NativeMethodAccessorImpl.invoke(NativeMethodAccessorImpl.java:77)
	at java.base/jdk.internal.reflect.DelegatingMethodAccessorImpl.invoke(DelegatingMethodAccessorImpl.java:43)
	at java.base/java.lang.reflect.Method.invoke(Method.java:568)
	at org.junit.runners.model.FrameworkMethod$1.runReflectiveCall(FrameworkMethod.java:59)
	at org.junit.internal.runners.model.ReflectiveCallable.run(ReflectiveCallable.java:12)
	at org.junit.runners.model.FrameworkMethod.invokeExplosively(FrameworkMethod.java:56)
	at org.junit.internal.runners.statements.InvokeMethod.evaluate(InvokeMethod.java:17)
	at org.junit.rules.ExternalResource$1.evaluate(ExternalResource.java:54)
	at org.junit.runners.ParentRunner$3.evaluate(ParentRunner.java:306)
	at org.junit.runners.BlockJUnit4ClassRunner$1.evaluate(BlockJUnit4ClassRunner.java:100)
	at org.junit.runners.ParentRunner.runLeaf(ParentRunner.java:366)
	at org.junit.runners.BlockJUnit4ClassRunner.runChild(BlockJUnit4ClassRunner.java:103)
	at org.junit.runners.BlockJUnit4ClassRunner.runChild(BlockJUnit4ClassRunner.java:63)
	at org.junit.runners.ParentRunner$4.run(ParentRunner.java:331)
	at org.junit.runners.ParentRunner$1.schedule(ParentRunner.java:79)
	at org.junit.runners.ParentRunner.runChildren(ParentRunner.java:329)
	at org.junit.runners.ParentRunner.access$100(ParentRunner.java:66)
	at org.junit.runners.ParentRunner$2.evaluate(ParentRunner.java:293)
	at org.junit.runners.ParentRunner$3.evaluate(ParentRunner.java:306)
	at org.junit.runners.ParentRunner.run(ParentRunner.java:413)
	at org.apache.maven.surefire.junit4.JUnit4Provider.execute(JUnit4Provider.java:316)
	at org.apache.maven.surefire.junit4.JUnit4Provider.executeWithRerun(JUnit4Provider.java:240)
	at org.apache.maven.surefire.junit4.JUnit4Provider.executeTestSet(JUnit4Provider.java:214)
	at org.apache.maven.surefire.junit4.JUnit4Provider.invoke(JUnit4Provider.java:155)
	at org.apache.maven.surefire.booter.ForkedBooter.runSuitesInProcess(ForkedBooter.java:385)
	at org.apache.maven.surefire.booter.ForkedBooter.execute(ForkedBooter.java:162)
	at org.apache.maven.surefire.booter.ForkedBooter.run(ForkedBooter.java:507)
	at org.apache.maven.surefire.booter.ForkedBooter.main(ForkedBooter.java:495)

[ERROR] net.zerocloud.pdf.consumer.FontLoadingWorkflowTest.metricScalingUsesExactRationalRounding -- Time elapsed: 0.006 s <<< ERROR!
net.zerocloud.pdf.DocumentFailure: The text and logical-structure extraction limit was exceeded.
	at net.zerocloud.pdf.PdfBoxWorkflowEngine.failure(PdfBoxWorkflowEngine.java:292)
	at net.zerocloud.pdf.PdfBoxWorkflowEngine.executeWithDocument(PdfBoxWorkflowEngine.java:350)
	at net.zerocloud.pdf.PdfBoxWorkflowEngine.executeChecked(PdfBoxWorkflowEngine.java:238)
	at net.zerocloud.pdf.PdfBoxWorkflowEngine.execute(PdfBoxWorkflowEngine.java:41)
	at net.zerocloud.pdf.DocumentWorkflow.executeOnce(DocumentWorkflow.java:184)
	at net.zerocloud.pdf.DocumentWorkflow.execute(DocumentWorkflow.java:103)
	at net.zerocloud.pdf.DocumentWorkflow.execute(DocumentWorkflow.java:64)
	at net.zerocloud.pdf.consumer.FontLoadingWorkflowTest.metricScalingUsesExactRationalRounding(FontLoadingWorkflowTest.java:453)
	at java.base/jdk.internal.reflect.NativeMethodAccessorImpl.invoke0(Native Method)
	at java.base/jdk.internal.reflect.NativeMethodAccessorImpl.invoke(NativeMethodAccessorImpl.java:77)
	at java.base/jdk.internal.reflect.DelegatingMethodAccessorImpl.invoke(DelegatingMethodAccessorImpl.java:43)
	at java.base/java.lang.reflect.Method.invoke(Method.java:568)
	at org.junit.runners.model.FrameworkMethod$1.runReflectiveCall(FrameworkMethod.java:59)
	at org.junit.internal.runners.model.ReflectiveCallable.run(ReflectiveCallable.java:12)
	at org.junit.runners.model.FrameworkMethod.invokeExplosively(FrameworkMethod.java:56)
	at org.junit.internal.runners.statements.InvokeMethod.evaluate(InvokeMethod.java:17)
	at org.junit.rules.ExternalResource$1.evaluate(ExternalResource.java:54)
	at org.junit.runners.ParentRunner$3.evaluate(ParentRunner.java:306)
	at org.junit.runners.BlockJUnit4ClassRunner$1.evaluate(BlockJUnit4ClassRunner.java:100)
	at org.junit.runners.ParentRunner.runLeaf(ParentRunner.java:366)
	at org.junit.runners.BlockJUnit4ClassRunner.runChild(BlockJUnit4ClassRunner.java:103)
	at org.junit.runners.BlockJUnit4ClassRunner.runChild(BlockJUnit4ClassRunner.java:63)
	at org.junit.runners.ParentRunner$4.run(ParentRunner.java:331)
	at org.junit.runners.ParentRunner$1.schedule(ParentRunner.java:79)
	at org.junit.runners.ParentRunner.runChildren(ParentRunner.java:329)
	at org.junit.runners.ParentRunner.access$100(ParentRunner.java:66)
	at org.junit.runners.ParentRunner$2.evaluate(ParentRunner.java:293)
	at org.junit.runners.ParentRunner$3.evaluate(ParentRunner.java:306)
	at org.junit.runners.ParentRunner.run(ParentRunner.java:413)
	at org.apache.maven.surefire.junit4.JUnit4Provider.execute(JUnit4Provider.java:316)
	at org.apache.maven.surefire.junit4.JUnit4Provider.executeWithRerun(JUnit4Provider.java:240)
	at org.apache.maven.surefire.junit4.JUnit4Provider.executeTestSet(JUnit4Provider.java:214)
	at org.apache.maven.surefire.junit4.JUnit4Provider.invoke(JUnit4Provider.java:155)
	at org.apache.maven.surefire.booter.ForkedBooter.runSuitesInProcess(ForkedBooter.java:385)
	at org.apache.maven.surefire.booter.ForkedBooter.execute(ForkedBooter.java:162)
	at org.apache.maven.surefire.booter.ForkedBooter.run(ForkedBooter.java:507)
	at org.apache.maven.surefire.booter.ForkedBooter.main(ForkedBooter.java:495)

[ERROR] net.zerocloud.pdf.consumer.FontLoadingWorkflowTest.format12SupplementaryMappingPublishesAndExtractsToUnicode -- Time elapsed: 0.007 s <<< ERROR!
net.zerocloud.pdf.DocumentFailure: The text and logical-structure extraction limit was exceeded.
	at net.zerocloud.pdf.PdfBoxWorkflowEngine.failure(PdfBoxWorkflowEngine.java:292)
	at net.zerocloud.pdf.PdfBoxWorkflowEngine.executeWithDocument(PdfBoxWorkflowEngine.java:350)
	at net.zerocloud.pdf.PdfBoxWorkflowEngine.executeChecked(PdfBoxWorkflowEngine.java:238)
	at net.zerocloud.pdf.PdfBoxWorkflowEngine.execute(PdfBoxWorkflowEngine.java:41)
	at net.zerocloud.pdf.DocumentWorkflow.executeOnce(DocumentWorkflow.java:184)
	at net.zerocloud.pdf.DocumentWorkflow.execute(DocumentWorkflow.java:103)
	at net.zerocloud.pdf.DocumentWorkflow.execute(DocumentWorkflow.java:64)
	at net.zerocloud.pdf.consumer.FontLoadingWorkflowTest.format12SupplementaryMappingPublishesAndExtractsToUnicode(FontLoadingWorkflowTest.java:210)
	at java.base/jdk.internal.reflect.NativeMethodAccessorImpl.invoke0(Native Method)
	at java.base/jdk.internal.reflect.NativeMethodAccessorImpl.invoke(NativeMethodAccessorImpl.java:77)
	at java.base/jdk.internal.reflect.DelegatingMethodAccessorImpl.invoke(DelegatingMethodAccessorImpl.java:43)
	at java.base/java.lang.reflect.Method.invoke(Method.java:568)
	at org.junit.runners.model.FrameworkMethod$1.runReflectiveCall(FrameworkMethod.java:59)
	at org.junit.internal.runners.model.ReflectiveCallable.run(ReflectiveCallable.java:12)
	at org.junit.runners.model.FrameworkMethod.invokeExplosively(FrameworkMethod.java:56)
	at org.junit.internal.runners.statements.InvokeMethod.evaluate(InvokeMethod.java:17)
	at org.junit.rules.ExternalResource$1.evaluate(ExternalResource.java:54)
	at org.junit.runners.ParentRunner$3.evaluate(ParentRunner.java:306)
	at org.junit.runners.BlockJUnit4ClassRunner$1.evaluate(BlockJUnit4ClassRunner.java:100)
	at org.junit.runners.ParentRunner.runLeaf(ParentRunner.java:366)
	at org.junit.runners.BlockJUnit4ClassRunner.runChild(BlockJUnit4ClassRunner.java:103)
	at org.junit.runners.BlockJUnit4ClassRunner.runChild(BlockJUnit4ClassRunner.java:63)
	at org.junit.runners.ParentRunner$4.run(ParentRunner.java:331)
	at org.junit.runners.ParentRunner$1.schedule(ParentRunner.java:79)
	at org.junit.runners.ParentRunner.runChildren(ParentRunner.java:329)
	at org.junit.runners.ParentRunner.access$100(ParentRunner.java:66)
	at org.junit.runners.ParentRunner$2.evaluate(ParentRunner.java:293)
	at org.junit.runners.ParentRunner$3.evaluate(ParentRunner.java:306)
	at org.junit.runners.ParentRunner.run(ParentRunner.java:413)
	at org.apache.maven.surefire.junit4.JUnit4Provider.execute(JUnit4Provider.java:316)
	at org.apache.maven.surefire.junit4.JUnit4Provider.executeWithRerun(JUnit4Provider.java:240)
	at org.apache.maven.surefire.junit4.JUnit4Provider.executeTestSet(JUnit4Provider.java:214)
	at org.apache.maven.surefire.junit4.JUnit4Provider.invoke(JUnit4Provider.java:155)
	at org.apache.maven.surefire.booter.ForkedBooter.runSuitesInProcess(ForkedBooter.java:385)
	at org.apache.maven.surefire.booter.ForkedBooter.execute(ForkedBooter.java:162)
	at org.apache.maven.surefire.booter.ForkedBooter.run(ForkedBooter.java:507)
	at org.apache.maven.surefire.booter.ForkedBooter.main(ForkedBooter.java:495)

[ERROR] net.zerocloud.pdf.consumer.FontLoadingWorkflowTest.supportedSfntProfileVariantsPublishReopenAndKeepGeometry -- Time elapsed: 0.007 s <<< ERROR!
net.zerocloud.pdf.DocumentFailure: The text and logical-structure extraction limit was exceeded.
	at net.zerocloud.pdf.PdfBoxWorkflowEngine.failure(PdfBoxWorkflowEngine.java:292)
	at net.zerocloud.pdf.PdfBoxWorkflowEngine.executeWithDocument(PdfBoxWorkflowEngine.java:350)
	at net.zerocloud.pdf.PdfBoxWorkflowEngine.executeChecked(PdfBoxWorkflowEngine.java:238)
	at net.zerocloud.pdf.PdfBoxWorkflowEngine.execute(PdfBoxWorkflowEngine.java:41)
	at net.zerocloud.pdf.DocumentWorkflow.executeOnce(DocumentWorkflow.java:184)
	at net.zerocloud.pdf.DocumentWorkflow.execute(DocumentWorkflow.java:103)
	at net.zerocloud.pdf.DocumentWorkflow.execute(DocumentWorkflow.java:64)
	at net.zerocloud.pdf.consumer.FontLoadingWorkflowTest.supportedSfntProfileVariantsPublishReopenAndKeepGeometry(FontLoadingWorkflowTest.java:509)
	at java.base/jdk.internal.reflect.NativeMethodAccessorImpl.invoke0(Native Method)
	at java.base/jdk.internal.reflect.NativeMethodAccessorImpl.invoke(NativeMethodAccessorImpl.java:77)
	at java.base/jdk.internal.reflect.DelegatingMethodAccessorImpl.invoke(DelegatingMethodAccessorImpl.java:43)
	at java.base/java.lang.reflect.Method.invoke(Method.java:568)
	at org.junit.runners.model.FrameworkMethod$1.runReflectiveCall(FrameworkMethod.java:59)
	at org.junit.internal.runners.model.ReflectiveCallable.run(ReflectiveCallable.java:12)
	at org.junit.runners.model.FrameworkMethod.invokeExplosively(FrameworkMethod.java:56)
	at org.junit.internal.runners.statements.InvokeMethod.evaluate(InvokeMethod.java:17)
	at org.junit.rules.ExternalResource$1.evaluate(ExternalResource.java:54)
	at org.junit.runners.ParentRunner$3.evaluate(ParentRunner.java:306)
	at org.junit.runners.BlockJUnit4ClassRunner$1.evaluate(BlockJUnit4ClassRunner.java:100)
	at org.junit.runners.ParentRunner.runLeaf(ParentRunner.java:366)
	at org.junit.runners.BlockJUnit4ClassRunner.runChild(BlockJUnit4ClassRunner.java:103)
	at org.junit.runners.BlockJUnit4ClassRunner.runChild(BlockJUnit4ClassRunner.java:63)
	at org.junit.runners.ParentRunner$4.run(ParentRunner.java:331)
	at org.junit.runners.ParentRunner$1.schedule(ParentRunner.java:79)
	at org.junit.runners.ParentRunner.runChildren(ParentRunner.java:329)
	at org.junit.runners.ParentRunner.access$100(ParentRunner.java:66)
	at org.junit.runners.ParentRunner$2.evaluate(ParentRunner.java:293)
	at org.junit.runners.ParentRunner$3.evaluate(ParentRunner.java:306)
	at org.junit.runners.ParentRunner.run(ParentRunner.java:413)
	at org.apache.maven.surefire.junit4.JUnit4Provider.execute(JUnit4Provider.java:316)
	at org.apache.maven.surefire.junit4.JUnit4Provider.executeWithRerun(JUnit4Provider.java:240)
	at org.apache.maven.surefire.junit4.JUnit4Provider.executeTestSet(JUnit4Provider.java:214)
	at org.apache.maven.surefire.junit4.JUnit4Provider.invoke(JUnit4Provider.java:155)
	at org.apache.maven.surefire.booter.ForkedBooter.runSuitesInProcess(ForkedBooter.java:385)
	at org.apache.maven.surefire.booter.ForkedBooter.execute(ForkedBooter.java:162)
	at org.apache.maven.surefire.booter.ForkedBooter.run(ForkedBooter.java:507)
	at org.apache.maven.surefire.booter.ForkedBooter.main(ForkedBooter.java:495)

[ERROR] net.zerocloud.pdf.consumer.FontLoadingWorkflowTest.configuredReferenceFontsUseStrictOrderedFallbackWithoutSystemFonts -- Time elapsed: 0.009 s <<< ERROR!
net.zerocloud.pdf.DocumentFailure: The text and logical-structure extraction limit was exceeded.
	at net.zerocloud.pdf.PdfBoxWorkflowEngine.failure(PdfBoxWorkflowEngine.java:292)
	at net.zerocloud.pdf.PdfBoxWorkflowEngine.executeWithDocument(PdfBoxWorkflowEngine.java:350)
	at net.zerocloud.pdf.PdfBoxWorkflowEngine.executeChecked(PdfBoxWorkflowEngine.java:238)
	at net.zerocloud.pdf.PdfBoxWorkflowEngine.execute(PdfBoxWorkflowEngine.java:41)
	at net.zerocloud.pdf.DocumentWorkflow.executeOnce(DocumentWorkflow.java:184)
	at net.zerocloud.pdf.DocumentWorkflow.execute(DocumentWorkflow.java:103)
	at net.zerocloud.pdf.DocumentWorkflow.execute(DocumentWorkflow.java:64)
	at net.zerocloud.pdf.consumer.FontLoadingWorkflowTest.configuredReferenceFontsUseStrictOrderedFallbackWithoutSystemFonts(FontLoadingWorkflowTest.java:266)
	at java.base/jdk.internal.reflect.NativeMethodAccessorImpl.invoke0(Native Method)
	at java.base/jdk.internal.reflect.NativeMethodAccessorImpl.invoke(NativeMethodAccessorImpl.java:77)
	at java.base/jdk.internal.reflect.DelegatingMethodAccessorImpl.invoke(DelegatingMethodAccessorImpl.java:43)
	at java.base/java.lang.reflect.Method.invoke(Method.java:568)
	at org.junit.runners.model.FrameworkMethod$1.runReflectiveCall(FrameworkMethod.java:59)
	at org.junit.internal.runners.model.ReflectiveCallable.run(ReflectiveCallable.java:12)
	at org.junit.runners.model.FrameworkMethod.invokeExplosively(FrameworkMethod.java:56)
	at org.junit.internal.runners.statements.InvokeMethod.evaluate(InvokeMethod.java:17)
	at org.junit.rules.ExternalResource$1.evaluate(ExternalResource.java:54)
	at org.junit.runners.ParentRunner$3.evaluate(ParentRunner.java:306)
	at org.junit.runners.BlockJUnit4ClassRunner$1.evaluate(BlockJUnit4ClassRunner.java:100)
	at org.junit.runners.ParentRunner.runLeaf(ParentRunner.java:366)
	at org.junit.runners.BlockJUnit4ClassRunner.runChild(BlockJUnit4ClassRunner.java:103)
	at org.junit.runners.BlockJUnit4ClassRunner.runChild(BlockJUnit4ClassRunner.java:63)
	at org.junit.runners.ParentRunner$4.run(ParentRunner.java:331)
	at org.junit.runners.ParentRunner$1.schedule(ParentRunner.java:79)
	at org.junit.runners.ParentRunner.runChildren(ParentRunner.java:329)
	at org.junit.runners.ParentRunner.access$100(ParentRunner.java:66)
	at org.junit.runners.ParentRunner$2.evaluate(ParentRunner.java:293)
	at org.junit.runners.ParentRunner$3.evaluate(ParentRunner.java:306)
	at org.junit.runners.ParentRunner.run(ParentRunner.java:413)
	at org.apache.maven.surefire.junit4.JUnit4Provider.execute(JUnit4Provider.java:316)
	at org.apache.maven.surefire.junit4.JUnit4Provider.executeWithRerun(JUnit4Provider.java:240)
	at org.apache.maven.surefire.junit4.JUnit4Provider.executeTestSet(JUnit4Provider.java:214)
	at org.apache.maven.surefire.junit4.JUnit4Provider.invoke(JUnit4Provider.java:155)
	at org.apache.maven.surefire.booter.ForkedBooter.runSuitesInProcess(ForkedBooter.java:385)
	at org.apache.maven.surefire.booter.ForkedBooter.execute(ForkedBooter.java:162)
	at org.apache.maven.surefire.booter.ForkedBooter.run(ForkedBooter.java:507)
	at org.apache.maven.surefire.booter.ForkedBooter.main(ForkedBooter.java:495)

[ERROR] net.zerocloud.pdf.consumer.FontLoadingWorkflowTest.explicitBytesEmbedSubsetMetricsAndToUnicodeThroughPublicQueries -- Time elapsed: 0.007 s <<< ERROR!
net.zerocloud.pdf.DocumentFailure: The text and logical-structure extraction limit was exceeded.
	at net.zerocloud.pdf.PdfBoxWorkflowEngine.failure(PdfBoxWorkflowEngine.java:292)
	at net.zerocloud.pdf.PdfBoxWorkflowEngine.executeWithDocument(PdfBoxWorkflowEngine.java:350)
	at net.zerocloud.pdf.PdfBoxWorkflowEngine.executeChecked(PdfBoxWorkflowEngine.java:238)
	at net.zerocloud.pdf.PdfBoxWorkflowEngine.execute(PdfBoxWorkflowEngine.java:41)
	at net.zerocloud.pdf.DocumentWorkflow.executeOnce(DocumentWorkflow.java:184)
	at net.zerocloud.pdf.DocumentWorkflow.execute(DocumentWorkflow.java:103)
	at net.zerocloud.pdf.DocumentWorkflow.execute(DocumentWorkflow.java:64)
	at net.zerocloud.pdf.consumer.FontLoadingWorkflowTest.explicitBytesEmbedSubsetMetricsAndToUnicodeThroughPublicQueries(FontLoadingWorkflowTest.java:109)
	at java.base/jdk.internal.reflect.NativeMethodAccessorImpl.invoke0(Native Method)
	at java.base/jdk.internal.reflect.NativeMethodAccessorImpl.invoke(NativeMethodAccessorImpl.java:77)
	at java.base/jdk.internal.reflect.DelegatingMethodAccessorImpl.invoke(DelegatingMethodAccessorImpl.java:43)
	at java.base/java.lang.reflect.Method.invoke(Method.java:568)
	at org.junit.runners.model.FrameworkMethod$1.runReflectiveCall(FrameworkMethod.java:59)
	at org.junit.internal.runners.model.ReflectiveCallable.run(ReflectiveCallable.java:12)
	at org.junit.runners.model.FrameworkMethod.invokeExplosively(FrameworkMethod.java:56)
	at org.junit.internal.runners.statements.InvokeMethod.evaluate(InvokeMethod.java:17)
	at org.junit.rules.ExternalResource$1.evaluate(ExternalResource.java:54)
	at org.junit.runners.ParentRunner$3.evaluate(ParentRunner.java:306)
	at org.junit.runners.BlockJUnit4ClassRunner$1.evaluate(BlockJUnit4ClassRunner.java:100)
	at org.junit.runners.ParentRunner.runLeaf(ParentRunner.java:366)
	at org.junit.runners.BlockJUnit4ClassRunner.runChild(BlockJUnit4ClassRunner.java:103)
	at org.junit.runners.BlockJUnit4ClassRunner.runChild(BlockJUnit4ClassRunner.java:63)
	at org.junit.runners.ParentRunner$4.run(ParentRunner.java:331)
	at org.junit.runners.ParentRunner$1.schedule(ParentRunner.java:79)
	at org.junit.runners.ParentRunner.runChildren(ParentRunner.java:329)
	at org.junit.runners.ParentRunner.access$100(ParentRunner.java:66)
	at org.junit.runners.ParentRunner$2.evaluate(ParentRunner.java:293)
	at org.junit.runners.ParentRunner$3.evaluate(ParentRunner.java:306)
	at org.junit.runners.ParentRunner.run(ParentRunner.java:413)
	at org.apache.maven.surefire.junit4.JUnit4Provider.execute(JUnit4Provider.java:316)
	at org.apache.maven.surefire.junit4.JUnit4Provider.executeWithRerun(JUnit4Provider.java:240)
	at org.apache.maven.surefire.junit4.JUnit4Provider.executeTestSet(JUnit4Provider.java:214)
	at org.apache.maven.surefire.junit4.JUnit4Provider.invoke(JUnit4Provider.java:155)
	at org.apache.maven.surefire.booter.ForkedBooter.runSuitesInProcess(ForkedBooter.java:385)
	at org.apache.maven.surefire.booter.ForkedBooter.execute(ForkedBooter.java:162)
	at org.apache.maven.surefire.booter.ForkedBooter.run(ForkedBooter.java:507)
	at org.apache.maven.surefire.booter.ForkedBooter.main(ForkedBooter.java:495)

[ERROR] net.zerocloud.pdf.consumer.FontLoadingWorkflowTest.laterDocumentCommandSurvivesFontFinalization -- Time elapsed: 0.006 s <<< ERROR!
net.zerocloud.pdf.DocumentFailure: The text and logical-structure extraction limit was exceeded.
	at net.zerocloud.pdf.PdfBoxWorkflowEngine.failure(PdfBoxWorkflowEngine.java:292)
	at net.zerocloud.pdf.PdfBoxWorkflowEngine.executeWithDocument(PdfBoxWorkflowEngine.java:350)
	at net.zerocloud.pdf.PdfBoxWorkflowEngine.executeChecked(PdfBoxWorkflowEngine.java:238)
	at net.zerocloud.pdf.PdfBoxWorkflowEngine.execute(PdfBoxWorkflowEngine.java:41)
	at net.zerocloud.pdf.DocumentWorkflow.executeOnce(DocumentWorkflow.java:184)
	at net.zerocloud.pdf.DocumentWorkflow.execute(DocumentWorkflow.java:103)
	at net.zerocloud.pdf.DocumentWorkflow.execute(DocumentWorkflow.java:64)
	at net.zerocloud.pdf.consumer.FontLoadingWorkflowTest.laterDocumentCommandSurvivesFontFinalization(FontLoadingWorkflowTest.java:1042)
	at java.base/jdk.internal.reflect.NativeMethodAccessorImpl.invoke0(Native Method)
	at java.base/jdk.internal.reflect.NativeMethodAccessorImpl.invoke(NativeMethodAccessorImpl.java:77)
	at java.base/jdk.internal.reflect.DelegatingMethodAccessorImpl.invoke(DelegatingMethodAccessorImpl.java:43)
	at java.base/java.lang.reflect.Method.invoke(Method.java:568)
	at org.junit.runners.model.FrameworkMethod$1.runReflectiveCall(FrameworkMethod.java:59)
	at org.junit.internal.runners.model.ReflectiveCallable.run(ReflectiveCallable.java:12)
	at org.junit.runners.model.FrameworkMethod.invokeExplosively(FrameworkMethod.java:56)
	at org.junit.internal.runners.statements.InvokeMethod.evaluate(InvokeMethod.java:17)
	at org.junit.rules.ExternalResource$1.evaluate(ExternalResource.java:54)
	at org.junit.runners.ParentRunner$3.evaluate(ParentRunner.java:306)
	at org.junit.runners.BlockJUnit4ClassRunner$1.evaluate(BlockJUnit4ClassRunner.java:100)
	at org.junit.runners.ParentRunner.runLeaf(ParentRunner.java:366)
	at org.junit.runners.BlockJUnit4ClassRunner.runChild(BlockJUnit4ClassRunner.java:103)
	at org.junit.runners.BlockJUnit4ClassRunner.runChild(BlockJUnit4ClassRunner.java:63)
	at org.junit.runners.ParentRunner$4.run(ParentRunner.java:331)
	at org.junit.runners.ParentRunner$1.schedule(ParentRunner.java:79)
	at org.junit.runners.ParentRunner.runChildren(ParentRunner.java:329)
	at org.junit.runners.ParentRunner.access$100(ParentRunner.java:66)
	at org.junit.runners.ParentRunner$2.evaluate(ParentRunner.java:293)
	at org.junit.runners.ParentRunner$3.evaluate(ParentRunner.java:306)
	at org.junit.runners.ParentRunner.run(ParentRunner.java:413)
	at org.apache.maven.surefire.junit4.JUnit4Provider.execute(JUnit4Provider.java:316)
	at org.apache.maven.surefire.junit4.JUnit4Provider.executeWithRerun(JUnit4Provider.java:240)
	at org.apache.maven.surefire.junit4.JUnit4Provider.executeTestSet(JUnit4Provider.java:214)
	at org.apache.maven.surefire.junit4.JUnit4Provider.invoke(JUnit4Provider.java:155)
	at org.apache.maven.surefire.booter.ForkedBooter.runSuitesInProcess(ForkedBooter.java:385)
	at org.apache.maven.surefire.booter.ForkedBooter.execute(ForkedBooter.java:162)
	at org.apache.maven.surefire.booter.ForkedBooter.run(ForkedBooter.java:507)
	at org.apache.maven.surefire.booter.ForkedBooter.main(ForkedBooter.java:495)

[ERROR] net.zerocloud.pdf.consumer.FontLoadingWorkflowTest.queriesObservePriorFontEmbeddingAndUnicodeText -- Time elapsed: 0.002 s <<< ERROR!
net.zerocloud.pdf.DocumentFailure: The text and logical-structure extraction limit was exceeded.
	at net.zerocloud.pdf.PdfBoxWorkflowEngine.failure(PdfBoxWorkflowEngine.java:292)
	at net.zerocloud.pdf.PdfBoxWorkflowEngine.executeWithDocument(PdfBoxWorkflowEngine.java:350)
	at net.zerocloud.pdf.PdfBoxWorkflowEngine.executeChecked(PdfBoxWorkflowEngine.java:238)
	at net.zerocloud.pdf.PdfBoxWorkflowEngine.execute(PdfBoxWorkflowEngine.java:41)
	at net.zerocloud.pdf.DocumentWorkflow.executeOnce(DocumentWorkflow.java:184)
	at net.zerocloud.pdf.DocumentWorkflow.execute(DocumentWorkflow.java:103)
	at net.zerocloud.pdf.DocumentWorkflow.execute(DocumentWorkflow.java:64)
	at net.zerocloud.pdf.consumer.FontLoadingWorkflowTest.queriesObservePriorFontEmbeddingAndUnicodeText(FontLoadingWorkflowTest.java:1005)
	at java.base/jdk.internal.reflect.NativeMethodAccessorImpl.invoke0(Native Method)
	at java.base/jdk.internal.reflect.NativeMethodAccessorImpl.invoke(NativeMethodAccessorImpl.java:77)
	at java.base/jdk.internal.reflect.DelegatingMethodAccessorImpl.invoke(DelegatingMethodAccessorImpl.java:43)
	at java.base/java.lang.reflect.Method.invoke(Method.java:568)
	at org.junit.runners.model.FrameworkMethod$1.runReflectiveCall(FrameworkMethod.java:59)
	at org.junit.internal.runners.model.ReflectiveCallable.run(ReflectiveCallable.java:12)
	at org.junit.runners.model.FrameworkMethod.invokeExplosively(FrameworkMethod.java:56)
	at org.junit.internal.runners.statements.InvokeMethod.evaluate(InvokeMethod.java:17)
	at org.junit.rules.ExternalResource$1.evaluate(ExternalResource.java:54)
	at org.junit.runners.ParentRunner$3.evaluate(ParentRunner.java:306)
	at org.junit.runners.BlockJUnit4ClassRunner$1.evaluate(BlockJUnit4ClassRunner.java:100)
	at org.junit.runners.ParentRunner.runLeaf(ParentRunner.java:366)
	at org.junit.runners.BlockJUnit4ClassRunner.runChild(BlockJUnit4ClassRunner.java:103)
	at org.junit.runners.BlockJUnit4ClassRunner.runChild(BlockJUnit4ClassRunner.java:63)
	at org.junit.runners.ParentRunner$4.run(ParentRunner.java:331)
	at org.junit.runners.ParentRunner$1.schedule(ParentRunner.java:79)
	at org.junit.runners.ParentRunner.runChildren(ParentRunner.java:329)
	at org.junit.runners.ParentRunner.access$100(ParentRunner.java:66)
	at org.junit.runners.ParentRunner$2.evaluate(ParentRunner.java:293)
	at org.junit.runners.ParentRunner$3.evaluate(ParentRunner.java:306)
	at org.junit.runners.ParentRunner.run(ParentRunner.java:413)
	at org.apache.maven.surefire.junit4.JUnit4Provider.execute(JUnit4Provider.java:316)
	at org.apache.maven.surefire.junit4.JUnit4Provider.executeWithRerun(JUnit4Provider.java:240)
	at org.apache.maven.surefire.junit4.JUnit4Provider.executeTestSet(JUnit4Provider.java:214)
	at org.apache.maven.surefire.junit4.JUnit4Provider.invoke(JUnit4Provider.java:155)
	at org.apache.maven.surefire.booter.ForkedBooter.runSuitesInProcess(ForkedBooter.java:385)
	at org.apache.maven.surefire.booter.ForkedBooter.execute(ForkedBooter.java:162)
	at org.apache.maven.surefire.booter.ForkedBooter.run(ForkedBooter.java:507)
	at org.apache.maven.surefire.booter.ForkedBooter.main(ForkedBooter.java:495)

[ERROR] net.zerocloud.pdf.consumer.FontLoadingWorkflowTest.caughtPreflightFailureDoesNotLeakGlyphsIntoLaterSubset -- Time elapsed: 0.009 s <<< ERROR!
net.zerocloud.pdf.DocumentFailure: The text and logical-structure extraction limit was exceeded.
	at net.zerocloud.pdf.PdfBoxWorkflowEngine.failure(PdfBoxWorkflowEngine.java:292)
	at net.zerocloud.pdf.PdfBoxWorkflowEngine.executeWithDocument(PdfBoxWorkflowEngine.java:350)
	at net.zerocloud.pdf.PdfBoxWorkflowEngine.executeChecked(PdfBoxWorkflowEngine.java:238)
	at net.zerocloud.pdf.PdfBoxWorkflowEngine.execute(PdfBoxWorkflowEngine.java:41)
	at net.zerocloud.pdf.DocumentWorkflow.executeOnce(DocumentWorkflow.java:184)
	at net.zerocloud.pdf.DocumentWorkflow.execute(DocumentWorkflow.java:103)
	at net.zerocloud.pdf.DocumentWorkflow.execute(DocumentWorkflow.java:64)
	at net.zerocloud.pdf.consumer.FontLoadingWorkflowTest.caughtPreflightFailureDoesNotLeakGlyphsIntoLaterSubset(FontLoadingWorkflowTest.java:1275)
	at java.base/jdk.internal.reflect.NativeMethodAccessorImpl.invoke0(Native Method)
	at java.base/jdk.internal.reflect.NativeMethodAccessorImpl.invoke(NativeMethodAccessorImpl.java:77)
	at java.base/jdk.internal.reflect.DelegatingMethodAccessorImpl.invoke(DelegatingMethodAccessorImpl.java:43)
	at java.base/java.lang.reflect.Method.invoke(Method.java:568)
	at org.junit.runners.model.FrameworkMethod$1.runReflectiveCall(FrameworkMethod.java:59)
	at org.junit.internal.runners.model.ReflectiveCallable.run(ReflectiveCallable.java:12)
	at org.junit.runners.model.FrameworkMethod.invokeExplosively(FrameworkMethod.java:56)
	at org.junit.internal.runners.statements.InvokeMethod.evaluate(InvokeMethod.java:17)
	at org.junit.rules.ExternalResource$1.evaluate(ExternalResource.java:54)
	at org.junit.runners.ParentRunner$3.evaluate(ParentRunner.java:306)
	at org.junit.runners.BlockJUnit4ClassRunner$1.evaluate(BlockJUnit4ClassRunner.java:100)
	at org.junit.runners.ParentRunner.runLeaf(ParentRunner.java:366)
	at org.junit.runners.BlockJUnit4ClassRunner.runChild(BlockJUnit4ClassRunner.java:103)
	at org.junit.runners.BlockJUnit4ClassRunner.runChild(BlockJUnit4ClassRunner.java:63)
	at org.junit.runners.ParentRunner$4.run(ParentRunner.java:331)
	at org.junit.runners.ParentRunner$1.schedule(ParentRunner.java:79)
	at org.junit.runners.ParentRunner.runChildren(ParentRunner.java:329)
	at org.junit.runners.ParentRunner.access$100(ParentRunner.java:66)
	at org.junit.runners.ParentRunner$2.evaluate(ParentRunner.java:293)
	at org.junit.runners.ParentRunner$3.evaluate(ParentRunner.java:306)
	at org.junit.runners.ParentRunner.run(ParentRunner.java:413)
	at org.apache.maven.surefire.junit4.JUnit4Provider.execute(JUnit4Provider.java:316)
	at org.apache.maven.surefire.junit4.JUnit4Provider.executeWithRerun(JUnit4Provider.java:240)
	at org.apache.maven.surefire.junit4.JUnit4Provider.executeTestSet(JUnit4Provider.java:214)
	at org.apache.maven.surefire.junit4.JUnit4Provider.invoke(JUnit4Provider.java:155)
	at org.apache.maven.surefire.booter.ForkedBooter.runSuitesInProcess(ForkedBooter.java:385)
	at org.apache.maven.surefire.booter.ForkedBooter.execute(ForkedBooter.java:162)
	at org.apache.maven.surefire.booter.ForkedBooter.run(ForkedBooter.java:507)
	at org.apache.maven.surefire.booter.ForkedBooter.main(ForkedBooter.java:495)

[ERROR] net.zerocloud.pdf.consumer.FontLoadingWorkflowTest.unsignedIncrementalPublicationPreservesRevisionAndNewFont -- Time elapsed: 0.009 s <<< ERROR!
net.zerocloud.pdf.DocumentFailure: The text and logical-structure extraction limit was exceeded.
	at net.zerocloud.pdf.PdfBoxWorkflowEngine.failure(PdfBoxWorkflowEngine.java:292)
	at net.zerocloud.pdf.PdfBoxWorkflowEngine.executeWithDocument(PdfBoxWorkflowEngine.java:350)
	at net.zerocloud.pdf.PdfBoxWorkflowEngine.executeChecked(PdfBoxWorkflowEngine.java:238)
	at net.zerocloud.pdf.PdfBoxWorkflowEngine.execute(PdfBoxWorkflowEngine.java:41)
	at net.zerocloud.pdf.DocumentWorkflow.executeOnce(DocumentWorkflow.java:184)
	at net.zerocloud.pdf.DocumentWorkflow.execute(DocumentWorkflow.java:103)
	at net.zerocloud.pdf.DocumentWorkflow.execute(DocumentWorkflow.java:64)
	at net.zerocloud.pdf.consumer.FontLoadingWorkflowTest.unsignedIncrementalPublicationPreservesRevisionAndNewFont(FontLoadingWorkflowTest.java:1339)
	at java.base/jdk.internal.reflect.NativeMethodAccessorImpl.invoke0(Native Method)
	at java.base/jdk.internal.reflect.NativeMethodAccessorImpl.invoke(NativeMethodAccessorImpl.java:77)
	at java.base/jdk.internal.reflect.DelegatingMethodAccessorImpl.invoke(DelegatingMethodAccessorImpl.java:43)
	at java.base/java.lang.reflect.Method.invoke(Method.java:568)
	at org.junit.runners.model.FrameworkMethod$1.runReflectiveCall(FrameworkMethod.java:59)
	at org.junit.internal.runners.model.ReflectiveCallable.run(ReflectiveCallable.java:12)
	at org.junit.runners.model.FrameworkMethod.invokeExplosively(FrameworkMethod.java:56)
	at org.junit.internal.runners.statements.InvokeMethod.evaluate(InvokeMethod.java:17)
	at org.junit.rules.ExternalResource$1.evaluate(ExternalResource.java:54)
	at org.junit.runners.ParentRunner$3.evaluate(ParentRunner.java:306)
	at org.junit.runners.BlockJUnit4ClassRunner$1.evaluate(BlockJUnit4ClassRunner.java:100)
	at org.junit.runners.ParentRunner.runLeaf(ParentRunner.java:366)
	at org.junit.runners.BlockJUnit4ClassRunner.runChild(BlockJUnit4ClassRunner.java:103)
	at org.junit.runners.BlockJUnit4ClassRunner.runChild(BlockJUnit4ClassRunner.java:63)
	at org.junit.runners.ParentRunner$4.run(ParentRunner.java:331)
	at org.junit.runners.ParentRunner$1.schedule(ParentRunner.java:79)
	at org.junit.runners.ParentRunner.runChildren(ParentRunner.java:329)
	at org.junit.runners.ParentRunner.access$100(ParentRunner.java:66)
	at org.junit.runners.ParentRunner$2.evaluate(ParentRunner.java:293)
	at org.junit.runners.ParentRunner$3.evaluate(ParentRunner.java:306)
	at org.junit.runners.ParentRunner.run(ParentRunner.java:413)
	at org.apache.maven.surefire.junit4.JUnit4Provider.execute(JUnit4Provider.java:316)
	at org.apache.maven.surefire.junit4.JUnit4Provider.executeWithRerun(JUnit4Provider.java:240)
	at org.apache.maven.surefire.junit4.JUnit4Provider.executeTestSet(JUnit4Provider.java:214)
	at org.apache.maven.surefire.junit4.JUnit4Provider.invoke(JUnit4Provider.java:155)
	at org.apache.maven.surefire.booter.ForkedBooter.runSuitesInProcess(ForkedBooter.java:385)
	at org.apache.maven.surefire.booter.ForkedBooter.execute(ForkedBooter.java:162)
	at org.apache.maven.surefire.booter.ForkedBooter.run(ForkedBooter.java:507)
	at org.apache.maven.surefire.booter.ForkedBooter.main(ForkedBooter.java:495)

[ERROR] net.zerocloud.pdf.consumer.FontLoadingWorkflowTest.pathSourceIsWorkflowStagedAndFolioClosesItsHandle -- Time elapsed: 0.006 s <<< ERROR!
net.zerocloud.pdf.DocumentFailure: The text and logical-structure extraction limit was exceeded.
	at net.zerocloud.pdf.PdfBoxWorkflowEngine.failure(PdfBoxWorkflowEngine.java:292)
	at net.zerocloud.pdf.PdfBoxWorkflowEngine.executeWithDocument(PdfBoxWorkflowEngine.java:350)
	at net.zerocloud.pdf.PdfBoxWorkflowEngine.executeChecked(PdfBoxWorkflowEngine.java:238)
	at net.zerocloud.pdf.PdfBoxWorkflowEngine.execute(PdfBoxWorkflowEngine.java:41)
	at net.zerocloud.pdf.DocumentWorkflow.executeOnce(DocumentWorkflow.java:184)
	at net.zerocloud.pdf.DocumentWorkflow.execute(DocumentWorkflow.java:103)
	at net.zerocloud.pdf.DocumentWorkflow.execute(DocumentWorkflow.java:64)
	at net.zerocloud.pdf.consumer.FontLoadingWorkflowTest.pathSourceIsWorkflowStagedAndFolioClosesItsHandle(FontLoadingWorkflowTest.java:536)
	at java.base/jdk.internal.reflect.NativeMethodAccessorImpl.invoke0(Native Method)
	at java.base/jdk.internal.reflect.NativeMethodAccessorImpl.invoke(NativeMethodAccessorImpl.java:77)
	at java.base/jdk.internal.reflect.DelegatingMethodAccessorImpl.invoke(DelegatingMethodAccessorImpl.java:43)
	at java.base/java.lang.reflect.Method.invoke(Method.java:568)
	at org.junit.runners.model.FrameworkMethod$1.runReflectiveCall(FrameworkMethod.java:59)
	at org.junit.internal.runners.model.ReflectiveCallable.run(ReflectiveCallable.java:12)
	at org.junit.runners.model.FrameworkMethod.invokeExplosively(FrameworkMethod.java:56)
	at org.junit.internal.runners.statements.InvokeMethod.evaluate(InvokeMethod.java:17)
	at org.junit.rules.ExternalResource$1.evaluate(ExternalResource.java:54)
	at org.junit.runners.ParentRunner$3.evaluate(ParentRunner.java:306)
	at org.junit.runners.BlockJUnit4ClassRunner$1.evaluate(BlockJUnit4ClassRunner.java:100)
	at org.junit.runners.ParentRunner.runLeaf(ParentRunner.java:366)
	at org.junit.runners.BlockJUnit4ClassRunner.runChild(BlockJUnit4ClassRunner.java:103)
	at org.junit.runners.BlockJUnit4ClassRunner.runChild(BlockJUnit4ClassRunner.java:63)
	at org.junit.runners.ParentRunner$4.run(ParentRunner.java:331)
	at org.junit.runners.ParentRunner$1.schedule(ParentRunner.java:79)
	at org.junit.runners.ParentRunner.runChildren(ParentRunner.java:329)
	at org.junit.runners.ParentRunner.access$100(ParentRunner.java:66)
	at org.junit.runners.ParentRunner$2.evaluate(ParentRunner.java:293)
	at org.junit.runners.ParentRunner$3.evaluate(ParentRunner.java:306)
	at org.junit.runners.ParentRunner.run(ParentRunner.java:413)
	at org.apache.maven.surefire.junit4.JUnit4Provider.execute(JUnit4Provider.java:316)
	at org.apache.maven.surefire.junit4.JUnit4Provider.executeWithRerun(JUnit4Provider.java:240)
	at org.apache.maven.surefire.junit4.JUnit4Provider.executeTestSet(JUnit4Provider.java:214)
	at org.apache.maven.surefire.junit4.JUnit4Provider.invoke(JUnit4Provider.java:155)
	at org.apache.maven.surefire.booter.ForkedBooter.runSuitesInProcess(ForkedBooter.java:385)
	at org.apache.maven.surefire.booter.ForkedBooter.execute(ForkedBooter.java:162)
	at org.apache.maven.surefire.booter.ForkedBooter.run(ForkedBooter.java:507)
	at org.apache.maven.surefire.booter.ForkedBooter.main(ForkedBooter.java:495)

[ERROR] net.zerocloud.pdf.consumer.FontLoadingWorkflowTest.compactHorizontalMetricsUseTheLastDeclaredAdvance -- Time elapsed: 0.006 s <<< ERROR!
net.zerocloud.pdf.DocumentFailure: The text and logical-structure extraction limit was exceeded.
	at net.zerocloud.pdf.PdfBoxWorkflowEngine.failure(PdfBoxWorkflowEngine.java:292)
	at net.zerocloud.pdf.PdfBoxWorkflowEngine.executeWithDocument(PdfBoxWorkflowEngine.java:350)
	at net.zerocloud.pdf.PdfBoxWorkflowEngine.executeChecked(PdfBoxWorkflowEngine.java:238)
	at net.zerocloud.pdf.PdfBoxWorkflowEngine.execute(PdfBoxWorkflowEngine.java:41)
	at net.zerocloud.pdf.DocumentWorkflow.executeOnce(DocumentWorkflow.java:184)
	at net.zerocloud.pdf.DocumentWorkflow.execute(DocumentWorkflow.java:103)
	at net.zerocloud.pdf.DocumentWorkflow.execute(DocumentWorkflow.java:64)
	at net.zerocloud.pdf.consumer.FontLoadingWorkflowTest.compactHorizontalMetricsUseTheLastDeclaredAdvance(FontLoadingWorkflowTest.java:183)
	at java.base/jdk.internal.reflect.NativeMethodAccessorImpl.invoke0(Native Method)
	at java.base/jdk.internal.reflect.NativeMethodAccessorImpl.invoke(NativeMethodAccessorImpl.java:77)
	at java.base/jdk.internal.reflect.DelegatingMethodAccessorImpl.invoke(DelegatingMethodAccessorImpl.java:43)
	at java.base/java.lang.reflect.Method.invoke(Method.java:568)
	at org.junit.runners.model.FrameworkMethod$1.runReflectiveCall(FrameworkMethod.java:59)
	at org.junit.internal.runners.model.ReflectiveCallable.run(ReflectiveCallable.java:12)
	at org.junit.runners.model.FrameworkMethod.invokeExplosively(FrameworkMethod.java:56)
	at org.junit.internal.runners.statements.InvokeMethod.evaluate(InvokeMethod.java:17)
	at org.junit.rules.ExternalResource$1.evaluate(ExternalResource.java:54)
	at org.junit.runners.ParentRunner$3.evaluate(ParentRunner.java:306)
	at org.junit.runners.BlockJUnit4ClassRunner$1.evaluate(BlockJUnit4ClassRunner.java:100)
	at org.junit.runners.ParentRunner.runLeaf(ParentRunner.java:366)
	at org.junit.runners.BlockJUnit4ClassRunner.runChild(BlockJUnit4ClassRunner.java:103)
	at org.junit.runners.BlockJUnit4ClassRunner.runChild(BlockJUnit4ClassRunner.java:63)
	at org.junit.runners.ParentRunner$4.run(ParentRunner.java:331)
	at org.junit.runners.ParentRunner$1.schedule(ParentRunner.java:79)
	at org.junit.runners.ParentRunner.runChildren(ParentRunner.java:329)
	at org.junit.runners.ParentRunner.access$100(ParentRunner.java:66)
	at org.junit.runners.ParentRunner$2.evaluate(ParentRunner.java:293)
	at org.junit.runners.ParentRunner$3.evaluate(ParentRunner.java:306)
	at org.junit.runners.ParentRunner.run(ParentRunner.java:413)
	at org.apache.maven.surefire.junit4.JUnit4Provider.execute(JUnit4Provider.java:316)
	at org.apache.maven.surefire.junit4.JUnit4Provider.executeWithRerun(JUnit4Provider.java:240)
	at org.apache.maven.surefire.junit4.JUnit4Provider.executeTestSet(JUnit4Provider.java:214)
	at org.apache.maven.surefire.junit4.JUnit4Provider.invoke(JUnit4Provider.java:155)
	at org.apache.maven.surefire.booter.ForkedBooter.runSuitesInProcess(ForkedBooter.java:385)
	at org.apache.maven.surefire.booter.ForkedBooter.execute(ForkedBooter.java:162)
	at org.apache.maven.surefire.booter.ForkedBooter.run(ForkedBooter.java:507)
	at org.apache.maven.surefire.booter.ForkedBooter.main(ForkedBooter.java:495)

[INFO] Running net.zerocloud.pdf.consumer.HardenedWorkerRecoveryTest
[INFO] Tests run: 12, Failures: 0, Errors: 0, Skipped: 0, Time elapsed: 7.270 s -- in net.zerocloud.pdf.consumer.HardenedWorkerRecoveryTest
[INFO] Running net.zerocloud.pdf.consumer.HardenedWorkerScaleProfileTest
[WARNING] Tests run: 3, Failures: 0, Errors: 0, Skipped: 3, Time elapsed: 0.002 s -- in net.zerocloud.pdf.consumer.HardenedWorkerScaleProfileTest
[INFO] Running net.zerocloud.pdf.consumer.HardenedWorkerWorkflowTest
[INFO] Tests run: 12, Failures: 0, Errors: 0, Skipped: 0, Time elapsed: 8.305 s -- in net.zerocloud.pdf.consumer.HardenedWorkerWorkflowTest
[INFO] Running net.zerocloud.pdf.consumer.HostileInputWorkflowTest
[INFO] Tests run: 19, Failures: 0, Errors: 0, Skipped: 0, Time elapsed: 0.105 s -- in net.zerocloud.pdf.consumer.HostileInputWorkflowTest
[INFO] Running net.zerocloud.pdf.consumer.ImageResourceExtractionWorkflowTest
Sep 13, 2026 6:55:03 AM org.apache.pdfbox.filter.ASCIIHexFilter decode
SEVERE: Invalid hex, int: 71 char: G
Sep 13, 2026 6:55:03 AM org.apache.pdfbox.filter.ASCIIHexFilter decode
SEVERE: Invalid hex, int: 120 char: x
Sep 13, 2026 6:55:03 AM org.apache.pdfbox.filter.ASCIIHexFilter decode
SEVERE: Invalid hex, int: 71 char: G
Sep 13, 2026 6:55:03 AM org.apache.pdfbox.filter.ASCIIHexFilter decode
SEVERE: Invalid hex, int: 71 char: G
Sep 13, 2026 6:55:03 AM org.apache.pdfbox.filter.ASCIIHexFilter decode
SEVERE: Invalid hex, int: 71 char: G
Sep 13, 2026 6:55:03 AM org.apache.pdfbox.filter.LZWFilter doLZWDecode
WARNING: Premature EOF in LZW stream, EOD code missing
java.io.EOFException
	at java.desktop/javax.imageio.stream.ImageInputStreamImpl.readBits(ImageInputStreamImpl.java:687)
	at org.apache.pdfbox.filter.LZWFilter.doLZWDecode(LZWFilter.java:82)
	at org.apache.pdfbox.filter.LZWFilter.decode(LZWFilter.java:67)
	at org.apache.pdfbox.filter.Filter.decode(Filter.java:107)
	at net.zerocloud.pdf.PdfBoxHostileInputPreflight.decodeFilterStages(PdfBoxHostileInputPreflight.java:368)
	at net.zerocloud.pdf.PdfBoxHostileInputPreflight.preflightFilterStages(PdfBoxHostileInputPreflight.java:234)
	at net.zerocloud.pdf.PdfBoxHostileInputPreflight.auditStream(PdfBoxHostileInputPreflight.java:192)
	at net.zerocloud.pdf.PdfBoxHostileInputPreflight.traverse(PdfBoxHostileInputPreflight.java:156)
	at net.zerocloud.pdf.PdfBoxHostileInputPreflight.audit(PdfBoxHostileInputPreflight.java:41)
	at net.zerocloud.pdf.WorkflowResourceContext.audit(WorkflowResourceContext.java:604)
	at net.zerocloud.pdf.PdfBoxWorkflowEngine.executeChecked(PdfBoxWorkflowEngine.java:119)
	at net.zerocloud.pdf.PdfBoxWorkflowEngine.execute(PdfBoxWorkflowEngine.java:41)
	at net.zerocloud.pdf.DocumentWorkflow.executeOnce(DocumentWorkflow.java:184)
	at net.zerocloud.pdf.DocumentWorkflow.execute(DocumentWorkflow.java:103)
	at net.zerocloud.pdf.DocumentWorkflow.execute(DocumentWorkflow.java:64)
	at net.zerocloud.pdf.consumer.ImageResourceExtractionWorkflowTest.query(ImageResourceExtractionWorkflowTest.java:2213)
	at net.zerocloud.pdf.consumer.ImageResourceExtractionWorkflowTest.nullOptionalDecodeParametersUseTheirEffectiveDefaults(ImageResourceExtractionWorkflowTest.java:447)
	at java.base/jdk.internal.reflect.NativeMethodAccessorImpl.invoke0(Native Method)
	at java.base/jdk.internal.reflect.NativeMethodAccessorImpl.invoke(NativeMethodAccessorImpl.java:77)
	at java.base/jdk.internal.reflect.DelegatingMethodAccessorImpl.invoke(DelegatingMethodAccessorImpl.java:43)
	at java.base/java.lang.reflect.Method.invoke(Method.java:568)
	at org.junit.runners.model.FrameworkMethod$1.runReflectiveCall(FrameworkMethod.java:59)
	at org.junit.internal.runners.model.ReflectiveCallable.run(ReflectiveCallable.java:12)
	at org.junit.runners.model.FrameworkMethod.invokeExplosively(FrameworkMethod.java:56)
	at org.junit.internal.runners.statements.InvokeMethod.evaluate(InvokeMethod.java:17)
	at org.junit.rules.ExternalResource$1.evaluate(ExternalResource.java:54)
	at org.junit.runners.ParentRunner$3.evaluate(ParentRunner.java:306)
	at org.junit.runners.BlockJUnit4ClassRunner$1.evaluate(BlockJUnit4ClassRunner.java:100)
	at org.junit.runners.ParentRunner.runLeaf(ParentRunner.java:366)
	at org.junit.runners.BlockJUnit4ClassRunner.runChild(BlockJUnit4ClassRunner.java:103)
	at org.junit.runners.BlockJUnit4ClassRunner.runChild(BlockJUnit4ClassRunner.java:63)
	at org.junit.runners.ParentRunner$4.run(ParentRunner.java:331)
	at org.junit.runners.ParentRunner$1.schedule(ParentRunner.java:79)
	at org.junit.runners.ParentRunner.runChildren(ParentRunner.java:329)
	at org.junit.runners.ParentRunner.access$100(ParentRunner.java:66)
	at org.junit.runners.ParentRunner$2.evaluate(ParentRunner.java:293)
	at org.junit.runners.ParentRunner$3.evaluate(ParentRunner.java:306)
	at org.junit.runners.ParentRunner.run(ParentRunner.java:413)
	at org.apache.maven.surefire.junit4.JUnit4Provider.execute(JUnit4Provider.java:316)
	at org.apache.maven.surefire.junit4.JUnit4Provider.executeWithRerun(JUnit4Provider.java:240)
	at org.apache.maven.surefire.junit4.JUnit4Provider.executeTestSet(JUnit4Provider.java:214)
	at org.apache.maven.surefire.junit4.JUnit4Provider.invoke(JUnit4Provider.java:155)
	at org.apache.maven.surefire.booter.ForkedBooter.runSuitesInProcess(ForkedBooter.java:385)
	at org.apache.maven.surefire.booter.ForkedBooter.execute(ForkedBooter.java:162)
	at org.apache.maven.surefire.booter.ForkedBooter.run(ForkedBooter.java:507)
	at org.apache.maven.surefire.booter.ForkedBooter.main(ForkedBooter.java:495)

Sep 13, 2026 6:55:03 AM org.apache.pdfbox.filter.LZWFilter doLZWDecode
WARNING: Premature EOF in LZW stream, EOD code missing
java.io.EOFException: Invalid LZW code: 489
	at org.apache.pdfbox.filter.LZWFilter.doLZWDecode(LZWFilter.java:119)
	at org.apache.pdfbox.filter.LZWFilter.decode(LZWFilter.java:67)
	at org.apache.pdfbox.filter.Filter.decode(Filter.java:107)
	at net.zerocloud.pdf.PdfBoxHostileInputPreflight.decodeFilterStages(PdfBoxHostileInputPreflight.java:368)
	at net.zerocloud.pdf.PdfBoxHostileInputPreflight.preflightFilterStages(PdfBoxHostileInputPreflight.java:234)
	at net.zerocloud.pdf.PdfBoxHostileInputPreflight.auditStream(PdfBoxHostileInputPreflight.java:192)
	at net.zerocloud.pdf.PdfBoxHostileInputPreflight.traverse(PdfBoxHostileInputPreflight.java:156)
	at net.zerocloud.pdf.PdfBoxHostileInputPreflight.audit(PdfBoxHostileInputPreflight.java:41)
	at net.zerocloud.pdf.WorkflowResourceContext.audit(WorkflowResourceContext.java:604)
	at net.zerocloud.pdf.PdfBoxWorkflowEngine.executeChecked(PdfBoxWorkflowEngine.java:119)
	at net.zerocloud.pdf.PdfBoxWorkflowEngine.execute(PdfBoxWorkflowEngine.java:41)
	at net.zerocloud.pdf.DocumentWorkflow.executeOnce(DocumentWorkflow.java:184)
	at net.zerocloud.pdf.DocumentWorkflow.execute(DocumentWorkflow.java:103)
	at net.zerocloud.pdf.DocumentWorkflow.execute(DocumentWorkflow.java:64)
	at net.zerocloud.pdf.consumer.ImageResourceExtractionWorkflowTest.query(ImageResourceExtractionWorkflowTest.java:2213)
	at net.zerocloud.pdf.consumer.ImageResourceExtractionWorkflowTest.unsupportedFilterKeepsEncodedBytesAndReportsDecodedAvailability(ImageResourceExtractionWorkflowTest.java:591)
	at java.base/jdk.internal.reflect.NativeMethodAccessorImpl.invoke0(Native Method)
	at java.base/jdk.internal.reflect.NativeMethodAccessorImpl.invoke(NativeMethodAccessorImpl.java:77)
	at java.base/jdk.internal.reflect.DelegatingMethodAccessorImpl.invoke(DelegatingMethodAccessorImpl.java:43)
	at java.base/java.lang.reflect.Method.invoke(Method.java:568)
	at org.junit.runners.model.FrameworkMethod$1.runReflectiveCall(FrameworkMethod.java:59)
	at org.junit.internal.runners.model.ReflectiveCallable.run(ReflectiveCallable.java:12)
	at org.junit.runners.model.FrameworkMethod.invokeExplosively(FrameworkMethod.java:56)
	at org.junit.internal.runners.statements.InvokeMethod.evaluate(InvokeMethod.java:17)
	at org.junit.rules.ExternalResource$1.evaluate(ExternalResource.java:54)
	at org.junit.runners.ParentRunner$3.evaluate(ParentRunner.java:306)
	at org.junit.runners.BlockJUnit4ClassRunner$1.evaluate(BlockJUnit4ClassRunner.java:100)
	at org.junit.runners.ParentRunner.runLeaf(ParentRunner.java:366)
	at org.junit.runners.BlockJUnit4ClassRunner.runChild(BlockJUnit4ClassRunner.java:103)
	at org.junit.runners.BlockJUnit4ClassRunner.runChild(BlockJUnit4ClassRunner.java:63)
	at org.junit.runners.ParentRunner$4.run(ParentRunner.java:331)
	at org.junit.runners.ParentRunner$1.schedule(ParentRunner.java:79)
	at org.junit.runners.ParentRunner.runChildren(ParentRunner.java:329)
	at org.junit.runners.ParentRunner.access$100(ParentRunner.java:66)
	at org.junit.runners.ParentRunner$2.evaluate(ParentRunner.java:293)
	at org.junit.runners.ParentRunner$3.evaluate(ParentRunner.java:306)
	at org.junit.runners.ParentRunner.run(ParentRunner.java:413)
	at org.apache.maven.surefire.junit4.JUnit4Provider.execute(JUnit4Provider.java:316)
	at org.apache.maven.surefire.junit4.JUnit4Provider.executeWithRerun(JUnit4Provider.java:240)
	at org.apache.maven.surefire.junit4.JUnit4Provider.executeTestSet(JUnit4Provider.java:214)
	at org.apache.maven.surefire.junit4.JUnit4Provider.invoke(JUnit4Provider.java:155)
	at org.apache.maven.surefire.booter.ForkedBooter.runSuitesInProcess(ForkedBooter.java:385)
	at org.apache.maven.surefire.booter.ForkedBooter.execute(ForkedBooter.java:162)
	at org.apache.maven.surefire.booter.ForkedBooter.run(ForkedBooter.java:507)
	at org.apache.maven.surefire.booter.ForkedBooter.main(ForkedBooter.java:495)

[INFO] Tests run: 27, Failures: 0, Errors: 0, Skipped: 0, Time elapsed: 0.166 s -- in net.zerocloud.pdf.consumer.ImageResourceExtractionWorkflowTest
[INFO] Running net.zerocloud.pdf.consumer.IncrementalSignatureWorkflowTest
Sep 13, 2026 6:55:03 AM org.apache.pdfbox.pdfparser.COSParser parseFileObject
WARNING: Object (5:0) at offset 277 does not end with 'endobj' but with '0'
[INFO] Tests run: 16, Failures: 0, Errors: 0, Skipped: 0, Time elapsed: 0.298 s -- in net.zerocloud.pdf.consumer.IncrementalSignatureWorkflowTest
[INFO] Running net.zerocloud.pdf.consumer.LargeTableWorkflowTest
[ERROR] Tests run: 32, Failures: 0, Errors: 16, Skipped: 0, Time elapsed: 39.69 s <<< FAILURE! -- in net.zerocloud.pdf.consumer.LargeTableWorkflowTest
[ERROR] net.zerocloud.pdf.consumer.LargeTableWorkflowTest.minimumOnlyRowFragmentRemainsRetainedUntilItsCompleteGroupCanBeReleased[IN_PROCESS] -- Time elapsed: 0.076 s <<< ERROR!
net.zerocloud.pdf.DocumentFailure: The text and logical-structure extraction limit was exceeded.
	at net.zerocloud.pdf.PdfBoxWorkflowEngine.failure(PdfBoxWorkflowEngine.java:292)
	at net.zerocloud.pdf.PdfBoxWorkflowEngine.executeWithDocument(PdfBoxWorkflowEngine.java:350)
	at net.zerocloud.pdf.PdfBoxWorkflowEngine.executeChecked(PdfBoxWorkflowEngine.java:238)
	at net.zerocloud.pdf.PdfBoxWorkflowEngine.execute(PdfBoxWorkflowEngine.java:41)
	at net.zerocloud.pdf.DocumentWorkflow.executeOnce(DocumentWorkflow.java:184)
	at net.zerocloud.pdf.DocumentWorkflow.execute(DocumentWorkflow.java:103)
	at net.zerocloud.pdf.DocumentWorkflow.execute(DocumentWorkflow.java:64)
	at net.zerocloud.pdf.consumer.LargeTableWorkflowTest.minimumOnlyRowFragmentRemainsRetainedUntilItsCompleteGroupCanBeReleased(LargeTableWorkflowTest.java:372)
	at java.base/jdk.internal.reflect.NativeMethodAccessorImpl.invoke0(Native Method)
	at java.base/jdk.internal.reflect.NativeMethodAccessorImpl.invoke(NativeMethodAccessorImpl.java:77)
	at java.base/jdk.internal.reflect.DelegatingMethodAccessorImpl.invoke(DelegatingMethodAccessorImpl.java:43)
	at java.base/java.lang.reflect.Method.invoke(Method.java:568)
	at org.junit.runners.model.FrameworkMethod$1.runReflectiveCall(FrameworkMethod.java:59)
	at org.junit.internal.runners.model.ReflectiveCallable.run(ReflectiveCallable.java:12)
	at org.junit.runners.model.FrameworkMethod.invokeExplosively(FrameworkMethod.java:56)
	at org.junit.internal.runners.statements.InvokeMethod.evaluate(InvokeMethod.java:17)
	at org.junit.rules.ExternalResource$1.evaluate(ExternalResource.java:54)
	at org.junit.runners.ParentRunner$3.evaluate(ParentRunner.java:306)
	at org.junit.runners.BlockJUnit4ClassRunner$1.evaluate(BlockJUnit4ClassRunner.java:100)
	at org.junit.runners.ParentRunner.runLeaf(ParentRunner.java:366)
	at org.junit.runners.BlockJUnit4ClassRunner.runChild(BlockJUnit4ClassRunner.java:103)
	at org.junit.runners.BlockJUnit4ClassRunner.runChild(BlockJUnit4ClassRunner.java:63)
	at org.junit.runners.ParentRunner$4.run(ParentRunner.java:331)
	at org.junit.runners.ParentRunner$1.schedule(ParentRunner.java:79)
	at org.junit.runners.ParentRunner.runChildren(ParentRunner.java:329)
	at org.junit.runners.ParentRunner.access$100(ParentRunner.java:66)
	at org.junit.runners.ParentRunner$2.evaluate(ParentRunner.java:293)
	at org.junit.runners.ParentRunner.run(ParentRunner.java:413)
	at org.junit.runners.Suite.runChild(Suite.java:128)
	at org.junit.runners.Suite.runChild(Suite.java:27)
	at org.junit.runners.ParentRunner$4.run(ParentRunner.java:331)
	at org.junit.runners.ParentRunner$1.schedule(ParentRunner.java:79)
	at org.junit.runners.ParentRunner.runChildren(ParentRunner.java:329)
	at org.junit.runners.ParentRunner.access$100(ParentRunner.java:66)
	at org.junit.runners.ParentRunner$2.evaluate(ParentRunner.java:293)
	at org.junit.runners.ParentRunner$3.evaluate(ParentRunner.java:306)
	at org.junit.runners.ParentRunner.run(ParentRunner.java:413)
	at org.apache.maven.surefire.junit4.JUnit4Provider.execute(JUnit4Provider.java:316)
	at org.apache.maven.surefire.junit4.JUnit4Provider.executeWithRerun(JUnit4Provider.java:240)
	at org.apache.maven.surefire.junit4.JUnit4Provider.executeTestSet(JUnit4Provider.java:214)
	at org.apache.maven.surefire.junit4.JUnit4Provider.invoke(JUnit4Provider.java:155)
	at org.apache.maven.surefire.booter.ForkedBooter.runSuitesInProcess(ForkedBooter.java:385)
	at org.apache.maven.surefire.booter.ForkedBooter.execute(ForkedBooter.java:162)
	at org.apache.maven.surefire.booter.ForkedBooter.run(ForkedBooter.java:507)
	at org.apache.maven.surefire.booter.ForkedBooter.main(ForkedBooter.java:495)

[ERROR] net.zerocloud.pdf.consumer.LargeTableWorkflowTest.largeTableFlushParticipatesInIncrementalPublicationWithoutChangingTheSourcePrefix[IN_PROCESS] -- Time elapsed: 0.014 s <<< ERROR!
net.zerocloud.pdf.DocumentFailure: The text and logical-structure extraction limit was exceeded.
	at net.zerocloud.pdf.PdfBoxWorkflowEngine.failure(PdfBoxWorkflowEngine.java:292)
	at net.zerocloud.pdf.PdfBoxWorkflowEngine.executeWithDocument(PdfBoxWorkflowEngine.java:350)
	at net.zerocloud.pdf.PdfBoxWorkflowEngine.executeChecked(PdfBoxWorkflowEngine.java:238)
	at net.zerocloud.pdf.PdfBoxWorkflowEngine.execute(PdfBoxWorkflowEngine.java:41)
	at net.zerocloud.pdf.DocumentWorkflow.executeOnce(DocumentWorkflow.java:184)
	at net.zerocloud.pdf.DocumentWorkflow.execute(DocumentWorkflow.java:103)
	at net.zerocloud.pdf.DocumentWorkflow.execute(DocumentWorkflow.java:64)
	at net.zerocloud.pdf.consumer.LargeTableWorkflowTest.largeTableFlushParticipatesInIncrementalPublicationWithoutChangingTheSourcePrefix(LargeTableWorkflowTest.java:506)
	at java.base/jdk.internal.reflect.NativeMethodAccessorImpl.invoke0(Native Method)
	at java.base/jdk.internal.reflect.NativeMethodAccessorImpl.invoke(NativeMethodAccessorImpl.java:77)
	at java.base/jdk.internal.reflect.DelegatingMethodAccessorImpl.invoke(DelegatingMethodAccessorImpl.java:43)
	at java.base/java.lang.reflect.Method.invoke(Method.java:568)
	at org.junit.runners.model.FrameworkMethod$1.runReflectiveCall(FrameworkMethod.java:59)
	at org.junit.internal.runners.model.ReflectiveCallable.run(ReflectiveCallable.java:12)
	at org.junit.runners.model.FrameworkMethod.invokeExplosively(FrameworkMethod.java:56)
	at org.junit.internal.runners.statements.InvokeMethod.evaluate(InvokeMethod.java:17)
	at org.junit.rules.ExternalResource$1.evaluate(ExternalResource.java:54)
	at org.junit.runners.ParentRunner$3.evaluate(ParentRunner.java:306)
	at org.junit.runners.BlockJUnit4ClassRunner$1.evaluate(BlockJUnit4ClassRunner.java:100)
	at org.junit.runners.ParentRunner.runLeaf(ParentRunner.java:366)
	at org.junit.runners.BlockJUnit4ClassRunner.runChild(BlockJUnit4ClassRunner.java:103)
	at org.junit.runners.BlockJUnit4ClassRunner.runChild(BlockJUnit4ClassRunner.java:63)
	at org.junit.runners.ParentRunner$4.run(ParentRunner.java:331)
	at org.junit.runners.ParentRunner$1.schedule(ParentRunner.java:79)
	at org.junit.runners.ParentRunner.runChildren(ParentRunner.java:329)
	at org.junit.runners.ParentRunner.access$100(ParentRunner.java:66)
	at org.junit.runners.ParentRunner$2.evaluate(ParentRunner.java:293)
	at org.junit.runners.ParentRunner.run(ParentRunner.java:413)
	at org.junit.runners.Suite.runChild(Suite.java:128)
	at org.junit.runners.Suite.runChild(Suite.java:27)
	at org.junit.runners.ParentRunner$4.run(ParentRunner.java:331)
	at org.junit.runners.ParentRunner$1.schedule(ParentRunner.java:79)
	at org.junit.runners.ParentRunner.runChildren(ParentRunner.java:329)
	at org.junit.runners.ParentRunner.access$100(ParentRunner.java:66)
	at org.junit.runners.ParentRunner$2.evaluate(ParentRunner.java:293)
	at org.junit.runners.ParentRunner$3.evaluate(ParentRunner.java:306)
	at org.junit.runners.ParentRunner.run(ParentRunner.java:413)
	at org.apache.maven.surefire.junit4.JUnit4Provider.execute(JUnit4Provider.java:316)
	at org.apache.maven.surefire.junit4.JUnit4Provider.executeWithRerun(JUnit4Provider.java:240)
	at org.apache.maven.surefire.junit4.JUnit4Provider.executeTestSet(JUnit4Provider.java:214)
	at org.apache.maven.surefire.junit4.JUnit4Provider.invoke(JUnit4Provider.java:155)
	at org.apache.maven.surefire.booter.ForkedBooter.runSuitesInProcess(ForkedBooter.java:385)
	at org.apache.maven.surefire.booter.ForkedBooter.execute(ForkedBooter.java:162)
	at org.apache.maven.surefire.booter.ForkedBooter.run(ForkedBooter.java:507)
	at org.apache.maven.surefire.booter.ForkedBooter.main(ForkedBooter.java:495)

[ERROR] net.zerocloud.pdf.consumer.LargeTableWorkflowTest.cumulativeDeclarationLimitsSurviveFlushAndRejectTheFirstExtraBatchAtomically[IN_PROCESS] -- Time elapsed: 0.017 s <<< ERROR!
net.zerocloud.pdf.DocumentFailure: The text and logical-structure extraction limit was exceeded.
	at net.zerocloud.pdf.PdfBoxWorkflowEngine.failure(PdfBoxWorkflowEngine.java:292)
	at net.zerocloud.pdf.PdfBoxWorkflowEngine.executeWithDocument(PdfBoxWorkflowEngine.java:350)
	at net.zerocloud.pdf.PdfBoxWorkflowEngine.executeChecked(PdfBoxWorkflowEngine.java:238)
	at net.zerocloud.pdf.PdfBoxWorkflowEngine.execute(PdfBoxWorkflowEngine.java:41)
	at net.zerocloud.pdf.DocumentWorkflow.executeOnce(DocumentWorkflow.java:184)
	at net.zerocloud.pdf.DocumentWorkflow.execute(DocumentWorkflow.java:103)
	at net.zerocloud.pdf.DocumentWorkflow.execute(DocumentWorkflow.java:64)
	at net.zerocloud.pdf.consumer.LargeTableWorkflowTest.cumulativeDeclarationLimitsSurviveFlushAndRejectTheFirstExtraBatchAtomically(LargeTableWorkflowTest.java:170)
	at java.base/jdk.internal.reflect.NativeMethodAccessorImpl.invoke0(Native Method)
	at java.base/jdk.internal.reflect.NativeMethodAccessorImpl.invoke(NativeMethodAccessorImpl.java:77)
	at java.base/jdk.internal.reflect.DelegatingMethodAccessorImpl.invoke(DelegatingMethodAccessorImpl.java:43)
	at java.base/java.lang.reflect.Method.invoke(Method.java:568)
	at org.junit.runners.model.FrameworkMethod$1.runReflectiveCall(FrameworkMethod.java:59)
	at org.junit.internal.runners.model.ReflectiveCallable.run(ReflectiveCallable.java:12)
	at org.junit.runners.model.FrameworkMethod.invokeExplosively(FrameworkMethod.java:56)
	at org.junit.internal.runners.statements.InvokeMethod.evaluate(InvokeMethod.java:17)
	at org.junit.rules.ExternalResource$1.evaluate(ExternalResource.java:54)
	at org.junit.runners.ParentRunner$3.evaluate(ParentRunner.java:306)
	at org.junit.runners.BlockJUnit4ClassRunner$1.evaluate(BlockJUnit4ClassRunner.java:100)
	at org.junit.runners.ParentRunner.runLeaf(ParentRunner.java:366)
	at org.junit.runners.BlockJUnit4ClassRunner.runChild(BlockJUnit4ClassRunner.java:103)
	at org.junit.runners.BlockJUnit4ClassRunner.runChild(BlockJUnit4ClassRunner.java:63)
	at org.junit.runners.ParentRunner$4.run(ParentRunner.java:331)
	at org.junit.runners.ParentRunner$1.schedule(ParentRunner.java:79)
	at org.junit.runners.ParentRunner.runChildren(ParentRunner.java:329)
	at org.junit.runners.ParentRunner.access$100(ParentRunner.java:66)
	at org.junit.runners.ParentRunner$2.evaluate(ParentRunner.java:293)
	at org.junit.runners.ParentRunner.run(ParentRunner.java:413)
	at org.junit.runners.Suite.runChild(Suite.java:128)
	at org.junit.runners.Suite.runChild(Suite.java:27)
	at org.junit.runners.ParentRunner$4.run(ParentRunner.java:331)
	at org.junit.runners.ParentRunner$1.schedule(ParentRunner.java:79)
	at org.junit.runners.ParentRunner.runChildren(ParentRunner.java:329)
	at org.junit.runners.ParentRunner.access$100(ParentRunner.java:66)
	at org.junit.runners.ParentRunner$2.evaluate(ParentRunner.java:293)
	at org.junit.runners.ParentRunner$3.evaluate(ParentRunner.java:306)
	at org.junit.runners.ParentRunner.run(ParentRunner.java:413)
	at org.apache.maven.surefire.junit4.JUnit4Provider.execute(JUnit4Provider.java:316)
	at org.apache.maven.surefire.junit4.JUnit4Provider.executeWithRerun(JUnit4Provider.java:240)
	at org.apache.maven.surefire.junit4.JUnit4Provider.executeTestSet(JUnit4Provider.java:214)
	at org.apache.maven.surefire.junit4.JUnit4Provider.invoke(JUnit4Provider.java:155)
	at org.apache.maven.surefire.booter.ForkedBooter.runSuitesInProcess(ForkedBooter.java:385)
	at org.apache.maven.surefire.booter.ForkedBooter.execute(ForkedBooter.java:162)
	at org.apache.maven.surefire.booter.ForkedBooter.run(ForkedBooter.java:507)
	at org.apache.maven.surefire.booter.ForkedBooter.main(ForkedBooter.java:495)

[ERROR] net.zerocloud.pdf.consumer.LargeTableWorkflowTest.chunkedWorkerRowsCannotResetTheCumulativeScalarBudget[IN_PROCESS] -- Time elapsed: 0.095 s <<< ERROR!
net.zerocloud.pdf.DocumentFailure: The text and logical-structure extraction limit was exceeded.
	at net.zerocloud.pdf.PdfBoxWorkflowEngine.failure(PdfBoxWorkflowEngine.java:292)
	at net.zerocloud.pdf.PdfBoxWorkflowEngine.executeWithDocument(PdfBoxWorkflowEngine.java:350)
	at net.zerocloud.pdf.PdfBoxWorkflowEngine.executeChecked(PdfBoxWorkflowEngine.java:238)
	at net.zerocloud.pdf.PdfBoxWorkflowEngine.execute(PdfBoxWorkflowEngine.java:41)
	at net.zerocloud.pdf.DocumentWorkflow.executeOnce(DocumentWorkflow.java:184)
	at net.zerocloud.pdf.DocumentWorkflow.execute(DocumentWorkflow.java:103)
	at net.zerocloud.pdf.DocumentWorkflow.execute(DocumentWorkflow.java:64)
	at net.zerocloud.pdf.consumer.LargeTableWorkflowTest.chunkedWorkerRowsCannotResetTheCumulativeScalarBudget(LargeTableWorkflowTest.java:544)
	at java.base/jdk.internal.reflect.NativeMethodAccessorImpl.invoke0(Native Method)
	at java.base/jdk.internal.reflect.NativeMethodAccessorImpl.invoke(NativeMethodAccessorImpl.java:77)
	at java.base/jdk.internal.reflect.DelegatingMethodAccessorImpl.invoke(DelegatingMethodAccessorImpl.java:43)
	at java.base/java.lang.reflect.Method.invoke(Method.java:568)
	at org.junit.runners.model.FrameworkMethod$1.runReflectiveCall(FrameworkMethod.java:59)
	at org.junit.internal.runners.model.ReflectiveCallable.run(ReflectiveCallable.java:12)
	at org.junit.runners.model.FrameworkMethod.invokeExplosively(FrameworkMethod.java:56)
	at org.junit.internal.runners.statements.InvokeMethod.evaluate(InvokeMethod.java:17)
	at org.junit.rules.ExternalResource$1.evaluate(ExternalResource.java:54)
	at org.junit.runners.ParentRunner$3.evaluate(ParentRunner.java:306)
	at org.junit.runners.BlockJUnit4ClassRunner$1.evaluate(BlockJUnit4ClassRunner.java:100)
	at org.junit.runners.ParentRunner.runLeaf(ParentRunner.java:366)
	at org.junit.runners.BlockJUnit4ClassRunner.runChild(BlockJUnit4ClassRunner.java:103)
	at org.junit.runners.BlockJUnit4ClassRunner.runChild(BlockJUnit4ClassRunner.java:63)
	at org.junit.runners.ParentRunner$4.run(ParentRunner.java:331)
	at org.junit.runners.ParentRunner$1.schedule(ParentRunner.java:79)
	at org.junit.runners.ParentRunner.runChildren(ParentRunner.java:329)
	at org.junit.runners.ParentRunner.access$100(ParentRunner.java:66)
	at org.junit.runners.ParentRunner$2.evaluate(ParentRunner.java:293)
	at org.junit.runners.ParentRunner.run(ParentRunner.java:413)
	at org.junit.runners.Suite.runChild(Suite.java:128)
	at org.junit.runners.Suite.runChild(Suite.java:27)
	at org.junit.runners.ParentRunner$4.run(ParentRunner.java:331)
	at org.junit.runners.ParentRunner$1.schedule(ParentRunner.java:79)
	at org.junit.runners.ParentRunner.runChildren(ParentRunner.java:329)
	at org.junit.runners.ParentRunner.access$100(ParentRunner.java:66)
	at org.junit.runners.ParentRunner$2.evaluate(ParentRunner.java:293)
	at org.junit.runners.ParentRunner$3.evaluate(ParentRunner.java:306)
	at org.junit.runners.ParentRunner.run(ParentRunner.java:413)
	at org.apache.maven.surefire.junit4.JUnit4Provider.execute(JUnit4Provider.java:316)
	at org.apache.maven.surefire.junit4.JUnit4Provider.executeWithRerun(JUnit4Provider.java:240)
	at org.apache.maven.surefire.junit4.JUnit4Provider.executeTestSet(JUnit4Provider.java:214)
	at org.apache.maven.surefire.junit4.JUnit4Provider.invoke(JUnit4Provider.java:155)
	at org.apache.maven.surefire.booter.ForkedBooter.runSuitesInProcess(ForkedBooter.java:385)
	at org.apache.maven.surefire.booter.ForkedBooter.execute(ForkedBooter.java:162)
	at org.apache.maven.surefire.booter.ForkedBooter.run(ForkedBooter.java:507)
	at org.apache.maven.surefire.booter.ForkedBooter.main(ForkedBooter.java:495)

[ERROR] net.zerocloud.pdf.consumer.LargeTableWorkflowTest.incompleteSpanWaitsForLaterRowsAndFlushReleasesTheCompletedSpanGroup[IN_PROCESS] -- Time elapsed: 0.013 s <<< ERROR!
net.zerocloud.pdf.DocumentFailure: The text and logical-structure extraction limit was exceeded.
	at net.zerocloud.pdf.PdfBoxWorkflowEngine.failure(PdfBoxWorkflowEngine.java:292)
	at net.zerocloud.pdf.PdfBoxWorkflowEngine.executeWithDocument(PdfBoxWorkflowEngine.java:350)
	at net.zerocloud.pdf.PdfBoxWorkflowEngine.executeChecked(PdfBoxWorkflowEngine.java:238)
	at net.zerocloud.pdf.PdfBoxWorkflowEngine.execute(PdfBoxWorkflowEngine.java:41)
	at net.zerocloud.pdf.DocumentWorkflow.executeOnce(DocumentWorkflow.java:184)
	at net.zerocloud.pdf.DocumentWorkflow.execute(DocumentWorkflow.java:103)
	at net.zerocloud.pdf.DocumentWorkflow.execute(DocumentWorkflow.java:64)
	at net.zerocloud.pdf.consumer.LargeTableWorkflowTest.incompleteSpanWaitsForLaterRowsAndFlushReleasesTheCompletedSpanGroup(LargeTableWorkflowTest.java:203)
	at java.base/jdk.internal.reflect.NativeMethodAccessorImpl.invoke0(Native Method)
	at java.base/jdk.internal.reflect.NativeMethodAccessorImpl.invoke(NativeMethodAccessorImpl.java:77)
	at java.base/jdk.internal.reflect.DelegatingMethodAccessorImpl.invoke(DelegatingMethodAccessorImpl.java:43)
	at java.base/java.lang.reflect.Method.invoke(Method.java:568)
	at org.junit.runners.model.FrameworkMethod$1.runReflectiveCall(FrameworkMethod.java:59)
	at org.junit.internal.runners.model.ReflectiveCallable.run(ReflectiveCallable.java:12)
	at org.junit.runners.model.FrameworkMethod.invokeExplosively(FrameworkMethod.java:56)
	at org.junit.internal.runners.statements.InvokeMethod.evaluate(InvokeMethod.java:17)
	at org.junit.rules.ExternalResource$1.evaluate(ExternalResource.java:54)
	at org.junit.runners.ParentRunner$3.evaluate(ParentRunner.java:306)
	at org.junit.runners.BlockJUnit4ClassRunner$1.evaluate(BlockJUnit4ClassRunner.java:100)
	at org.junit.runners.ParentRunner.runLeaf(ParentRunner.java:366)
	at org.junit.runners.BlockJUnit4ClassRunner.runChild(BlockJUnit4ClassRunner.java:103)
	at org.junit.runners.BlockJUnit4ClassRunner.runChild(BlockJUnit4ClassRunner.java:63)
	at org.junit.runners.ParentRunner$4.run(ParentRunner.java:331)
	at org.junit.runners.ParentRunner$1.schedule(ParentRunner.java:79)
	at org.junit.runners.ParentRunner.runChildren(ParentRunner.java:329)
	at org.junit.runners.ParentRunner.access$100(ParentRunner.java:66)
	at org.junit.runners.ParentRunner$2.evaluate(ParentRunner.java:293)
	at org.junit.runners.ParentRunner.run(ParentRunner.java:413)
	at org.junit.runners.Suite.runChild(Suite.java:128)
	at org.junit.runners.Suite.runChild(Suite.java:27)
	at org.junit.runners.ParentRunner$4.run(ParentRunner.java:331)
	at org.junit.runners.ParentRunner$1.schedule(ParentRunner.java:79)
	at org.junit.runners.ParentRunner.runChildren(ParentRunner.java:329)
	at org.junit.runners.ParentRunner.access$100(ParentRunner.java:66)
	at org.junit.runners.ParentRunner$2.evaluate(ParentRunner.java:293)
	at org.junit.runners.ParentRunner$3.evaluate(ParentRunner.java:306)
	at org.junit.runners.ParentRunner.run(ParentRunner.java:413)
	at org.apache.maven.surefire.junit4.JUnit4Provider.execute(JUnit4Provider.java:316)
	at org.apache.maven.surefire.junit4.JUnit4Provider.executeWithRerun(JUnit4Provider.java:240)
	at org.apache.maven.surefire.junit4.JUnit4Provider.executeTestSet(JUnit4Provider.java:214)
	at org.apache.maven.surefire.junit4.JUnit4Provider.invoke(JUnit4Provider.java:155)
	at org.apache.maven.surefire.booter.ForkedBooter.runSuitesInProcess(ForkedBooter.java:385)
	at org.apache.maven.surefire.booter.ForkedBooter.execute(ForkedBooter.java:162)
	at org.apache.maven.surefire.booter.ForkedBooter.run(ForkedBooter.java:507)
	at org.apache.maven.surefire.booter.ForkedBooter.main(ForkedBooter.java:495)

[ERROR] net.zerocloud.pdf.consumer.LargeTableWorkflowTest.generatedRowsRemainBoundedAndContinueInLaterAreasOfTheSamePhysicalPage[IN_PROCESS] -- Time elapsed: 0.299 s <<< ERROR!
net.zerocloud.pdf.DocumentFailure: The text and logical-structure extraction limit was exceeded.
	at net.zerocloud.pdf.PdfBoxWorkflowEngine.failure(PdfBoxWorkflowEngine.java:292)
	at net.zerocloud.pdf.PdfBoxWorkflowEngine.executeWithDocument(PdfBoxWorkflowEngine.java:350)
	at net.zerocloud.pdf.PdfBoxWorkflowEngine.executeChecked(PdfBoxWorkflowEngine.java:238)
	at net.zerocloud.pdf.PdfBoxWorkflowEngine.execute(PdfBoxWorkflowEngine.java:41)
	at net.zerocloud.pdf.DocumentWorkflow.executeOnce(DocumentWorkflow.java:184)
	at net.zerocloud.pdf.DocumentWorkflow.execute(DocumentWorkflow.java:103)
	at net.zerocloud.pdf.DocumentWorkflow.execute(DocumentWorkflow.java:64)
	at net.zerocloud.pdf.consumer.LargeTableWorkflowTest.generatedRowsRemainBoundedAndContinueInLaterAreasOfTheSamePhysicalPage(LargeTableWorkflowTest.java:338)
	at java.base/jdk.internal.reflect.NativeMethodAccessorImpl.invoke0(Native Method)
	at java.base/jdk.internal.reflect.NativeMethodAccessorImpl.invoke(NativeMethodAccessorImpl.java:77)
	at java.base/jdk.internal.reflect.DelegatingMethodAccessorImpl.invoke(DelegatingMethodAccessorImpl.java:43)
	at java.base/java.lang.reflect.Method.invoke(Method.java:568)
	at org.junit.runners.model.FrameworkMethod$1.runReflectiveCall(FrameworkMethod.java:59)
	at org.junit.internal.runners.model.ReflectiveCallable.run(ReflectiveCallable.java:12)
	at org.junit.runners.model.FrameworkMethod.invokeExplosively(FrameworkMethod.java:56)
	at org.junit.internal.runners.statements.InvokeMethod.evaluate(InvokeMethod.java:17)
	at org.junit.rules.ExternalResource$1.evaluate(ExternalResource.java:54)
	at org.junit.runners.ParentRunner$3.evaluate(ParentRunner.java:306)
	at org.junit.runners.BlockJUnit4ClassRunner$1.evaluate(BlockJUnit4ClassRunner.java:100)
	at org.junit.runners.ParentRunner.runLeaf(ParentRunner.java:366)
	at org.junit.runners.BlockJUnit4ClassRunner.runChild(BlockJUnit4ClassRunner.java:103)
	at org.junit.runners.BlockJUnit4ClassRunner.runChild(BlockJUnit4ClassRunner.java:63)
	at org.junit.runners.ParentRunner$4.run(ParentRunner.java:331)
	at org.junit.runners.ParentRunner$1.schedule(ParentRunner.java:79)
	at org.junit.runners.ParentRunner.runChildren(ParentRunner.java:329)
	at org.junit.runners.ParentRunner.access$100(ParentRunner.java:66)
	at org.junit.runners.ParentRunner$2.evaluate(ParentRunner.java:293)
	at org.junit.runners.ParentRunner.run(ParentRunner.java:413)
	at org.junit.runners.Suite.runChild(Suite.java:128)
	at org.junit.runners.Suite.runChild(Suite.java:27)
	at org.junit.runners.ParentRunner$4.run(ParentRunner.java:331)
	at org.junit.runners.ParentRunner$1.schedule(ParentRunner.java:79)
	at org.junit.runners.ParentRunner.runChildren(ParentRunner.java:329)
	at org.junit.runners.ParentRunner.access$100(ParentRunner.java:66)
	at org.junit.runners.ParentRunner$2.evaluate(ParentRunner.java:293)
	at org.junit.runners.ParentRunner$3.evaluate(ParentRunner.java:306)
	at org.junit.runners.ParentRunner.run(ParentRunner.java:413)
	at org.apache.maven.surefire.junit4.JUnit4Provider.execute(JUnit4Provider.java:316)
	at org.apache.maven.surefire.junit4.JUnit4Provider.executeWithRerun(JUnit4Provider.java:240)
	at org.apache.maven.surefire.junit4.JUnit4Provider.executeTestSet(JUnit4Provider.java:214)
	at org.apache.maven.surefire.junit4.JUnit4Provider.invoke(JUnit4Provider.java:155)
	at org.apache.maven.surefire.booter.ForkedBooter.runSuitesInProcess(ForkedBooter.java:385)
	at org.apache.maven.surefire.booter.ForkedBooter.execute(ForkedBooter.java:162)
	at org.apache.maven.surefire.booter.ForkedBooter.run(ForkedBooter.java:507)
	at org.apache.maven.surefire.booter.ForkedBooter.main(ForkedBooter.java:495)

[ERROR] net.zerocloud.pdf.consumer.LargeTableWorkflowTest.beginFreezesPathAndBorrowedStreamFontsForLaterFlushes[IN_PROCESS] -- Time elapsed: 0.011 s <<< ERROR!
net.zerocloud.pdf.DocumentFailure: The text and logical-structure extraction limit was exceeded.
	at net.zerocloud.pdf.PdfBoxWorkflowEngine.failure(PdfBoxWorkflowEngine.java:292)
	at net.zerocloud.pdf.PdfBoxWorkflowEngine.executeWithDocument(PdfBoxWorkflowEngine.java:350)
	at net.zerocloud.pdf.PdfBoxWorkflowEngine.executeChecked(PdfBoxWorkflowEngine.java:238)
	at net.zerocloud.pdf.PdfBoxWorkflowEngine.execute(PdfBoxWorkflowEngine.java:41)
	at net.zerocloud.pdf.DocumentWorkflow.executeOnce(DocumentWorkflow.java:184)
	at net.zerocloud.pdf.DocumentWorkflow.execute(DocumentWorkflow.java:103)
	at net.zerocloud.pdf.DocumentWorkflow.execute(DocumentWorkflow.java:64)
	at net.zerocloud.pdf.consumer.LargeTableWorkflowTest.beginFreezesPathAndBorrowedStreamFontsForLaterFlushes(LargeTableWorkflowTest.java:438)
	at java.base/jdk.internal.reflect.NativeMethodAccessorImpl.invoke0(Native Method)
	at java.base/jdk.internal.reflect.NativeMethodAccessorImpl.invoke(NativeMethodAccessorImpl.java:77)
	at java.base/jdk.internal.reflect.DelegatingMethodAccessorImpl.invoke(DelegatingMethodAccessorImpl.java:43)
	at java.base/java.lang.reflect.Method.invoke(Method.java:568)
	at org.junit.runners.model.FrameworkMethod$1.runReflectiveCall(FrameworkMethod.java:59)
	at org.junit.internal.runners.model.ReflectiveCallable.run(ReflectiveCallable.java:12)
	at org.junit.runners.model.FrameworkMethod.invokeExplosively(FrameworkMethod.java:56)
	at org.junit.internal.runners.statements.InvokeMethod.evaluate(InvokeMethod.java:17)
	at org.junit.rules.ExternalResource$1.evaluate(ExternalResource.java:54)
	at org.junit.runners.ParentRunner$3.evaluate(ParentRunner.java:306)
	at org.junit.runners.BlockJUnit4ClassRunner$1.evaluate(BlockJUnit4ClassRunner.java:100)
	at org.junit.runners.ParentRunner.runLeaf(ParentRunner.java:366)
	at org.junit.runners.BlockJUnit4ClassRunner.runChild(BlockJUnit4ClassRunner.java:103)
	at org.junit.runners.BlockJUnit4ClassRunner.runChild(BlockJUnit4ClassRunner.java:63)
	at org.junit.runners.ParentRunner$4.run(ParentRunner.java:331)
	at org.junit.runners.ParentRunner$1.schedule(ParentRunner.java:79)
	at org.junit.runners.ParentRunner.runChildren(ParentRunner.java:329)
	at org.junit.runners.ParentRunner.access$100(ParentRunner.java:66)
	at org.junit.runners.ParentRunner$2.evaluate(ParentRunner.java:293)
	at org.junit.runners.ParentRunner.run(ParentRunner.java:413)
	at org.junit.runners.Suite.runChild(Suite.java:128)
	at org.junit.runners.Suite.runChild(Suite.java:27)
	at org.junit.runners.ParentRunner$4.run(ParentRunner.java:331)
	at org.junit.runners.ParentRunner$1.schedule(ParentRunner.java:79)
	at org.junit.runners.ParentRunner.runChildren(ParentRunner.java:329)
	at org.junit.runners.ParentRunner.access$100(ParentRunner.java:66)
	at org.junit.runners.ParentRunner$2.evaluate(ParentRunner.java:293)
	at org.junit.runners.ParentRunner$3.evaluate(ParentRunner.java:306)
	at org.junit.runners.ParentRunner.run(ParentRunner.java:413)
	at org.apache.maven.surefire.junit4.JUnit4Provider.execute(JUnit4Provider.java:316)
	at org.apache.maven.surefire.junit4.JUnit4Provider.executeWithRerun(JUnit4Provider.java:240)
	at org.apache.maven.surefire.junit4.JUnit4Provider.executeTestSet(JUnit4Provider.java:214)
	at org.apache.maven.surefire.junit4.JUnit4Provider.invoke(JUnit4Provider.java:155)
	at org.apache.maven.surefire.booter.ForkedBooter.runSuitesInProcess(ForkedBooter.java:385)
	at org.apache.maven.surefire.booter.ForkedBooter.execute(ForkedBooter.java:162)
	at org.apache.maven.surefire.booter.ForkedBooter.run(ForkedBooter.java:507)
	at org.apache.maven.surefire.booter.ForkedBooter.main(ForkedBooter.java:495)

[ERROR] net.zerocloud.pdf.consumer.LargeTableWorkflowTest.flushReleasesRowsBeforeAllRowsArriveAndCompleteUsesFinalFooterSpace[IN_PROCESS] -- Time elapsed: 0.007 s <<< ERROR!
net.zerocloud.pdf.DocumentFailure: The text and logical-structure extraction limit was exceeded.
	at net.zerocloud.pdf.PdfBoxWorkflowEngine.failure(PdfBoxWorkflowEngine.java:292)
	at net.zerocloud.pdf.PdfBoxWorkflowEngine.executeWithDocument(PdfBoxWorkflowEngine.java:350)
	at net.zerocloud.pdf.PdfBoxWorkflowEngine.executeChecked(PdfBoxWorkflowEngine.java:238)
	at net.zerocloud.pdf.PdfBoxWorkflowEngine.execute(PdfBoxWorkflowEngine.java:41)
	at net.zerocloud.pdf.DocumentWorkflow.executeOnce(DocumentWorkflow.java:184)
	at net.zerocloud.pdf.DocumentWorkflow.execute(DocumentWorkflow.java:103)
	at net.zerocloud.pdf.DocumentWorkflow.execute(DocumentWorkflow.java:64)
	at net.zerocloud.pdf.consumer.LargeTableWorkflowTest.flushReleasesRowsBeforeAllRowsArriveAndCompleteUsesFinalFooterSpace(LargeTableWorkflowTest.java:105)
	at java.base/jdk.internal.reflect.NativeMethodAccessorImpl.invoke0(Native Method)
	at java.base/jdk.internal.reflect.NativeMethodAccessorImpl.invoke(NativeMethodAccessorImpl.java:77)
	at java.base/jdk.internal.reflect.DelegatingMethodAccessorImpl.invoke(DelegatingMethodAccessorImpl.java:43)
	at java.base/java.lang.reflect.Method.invoke(Method.java:568)
	at org.junit.runners.model.FrameworkMethod$1.runReflectiveCall(FrameworkMethod.java:59)
	at org.junit.internal.runners.model.ReflectiveCallable.run(ReflectiveCallable.java:12)
	at org.junit.runners.model.FrameworkMethod.invokeExplosively(FrameworkMethod.java:56)
	at org.junit.internal.runners.statements.InvokeMethod.evaluate(InvokeMethod.java:17)
	at org.junit.rules.ExternalResource$1.evaluate(ExternalResource.java:54)
	at org.junit.runners.ParentRunner$3.evaluate(ParentRunner.java:306)
	at org.junit.runners.BlockJUnit4ClassRunner$1.evaluate(BlockJUnit4ClassRunner.java:100)
	at org.junit.runners.ParentRunner.runLeaf(ParentRunner.java:366)
	at org.junit.runners.BlockJUnit4ClassRunner.runChild(BlockJUnit4ClassRunner.java:103)
	at org.junit.runners.BlockJUnit4ClassRunner.runChild(BlockJUnit4ClassRunner.java:63)
	at org.junit.runners.ParentRunner$4.run(ParentRunner.java:331)
	at org.junit.runners.ParentRunner$1.schedule(ParentRunner.java:79)
	at org.junit.runners.ParentRunner.runChildren(ParentRunner.java:329)
	at org.junit.runners.ParentRunner.access$100(ParentRunner.java:66)
	at org.junit.runners.ParentRunner$2.evaluate(ParentRunner.java:293)
	at org.junit.runners.ParentRunner.run(ParentRunner.java:413)
	at org.junit.runners.Suite.runChild(Suite.java:128)
	at org.junit.runners.Suite.runChild(Suite.java:27)
	at org.junit.runners.ParentRunner$4.run(ParentRunner.java:331)
	at org.junit.runners.ParentRunner$1.schedule(ParentRunner.java:79)
	at org.junit.runners.ParentRunner.runChildren(ParentRunner.java:329)
	at org.junit.runners.ParentRunner.access$100(ParentRunner.java:66)
	at org.junit.runners.ParentRunner$2.evaluate(ParentRunner.java:293)
	at org.junit.runners.ParentRunner$3.evaluate(ParentRunner.java:306)
	at org.junit.runners.ParentRunner.run(ParentRunner.java:413)
	at org.apache.maven.surefire.junit4.JUnit4Provider.execute(JUnit4Provider.java:316)
	at org.apache.maven.surefire.junit4.JUnit4Provider.executeWithRerun(JUnit4Provider.java:240)
	at org.apache.maven.surefire.junit4.JUnit4Provider.executeTestSet(JUnit4Provider.java:214)
	at org.apache.maven.surefire.junit4.JUnit4Provider.invoke(JUnit4Provider.java:155)
	at org.apache.maven.surefire.booter.ForkedBooter.runSuitesInProcess(ForkedBooter.java:385)
	at org.apache.maven.surefire.booter.ForkedBooter.execute(ForkedBooter.java:162)
	at org.apache.maven.surefire.booter.ForkedBooter.run(ForkedBooter.java:507)
	at org.apache.maven.surefire.booter.ForkedBooter.main(ForkedBooter.java:495)

[ERROR] net.zerocloud.pdf.consumer.LargeTableWorkflowTest.minimumOnlyRowFragmentRemainsRetainedUntilItsCompleteGroupCanBeReleased[HARDENED_WORKER] -- Time elapsed: 1.360 s <<< ERROR!
net.zerocloud.pdf.DocumentFailure: The text and logical-structure extraction limit was exceeded.
	at net.zerocloud.pdf.HardenedWorkerEngine.execute(HardenedWorkerEngine.java:247)
	at net.zerocloud.pdf.DocumentWorkflow.executeOnce(DocumentWorkflow.java:177)
	at net.zerocloud.pdf.DocumentWorkflow.execute(DocumentWorkflow.java:103)
	at net.zerocloud.pdf.DocumentWorkflow.execute(DocumentWorkflow.java:64)
	at net.zerocloud.pdf.consumer.LargeTableWorkflowTest.minimumOnlyRowFragmentRemainsRetainedUntilItsCompleteGroupCanBeReleased(LargeTableWorkflowTest.java:372)
	at java.base/jdk.internal.reflect.NativeMethodAccessorImpl.invoke0(Native Method)
	at java.base/jdk.internal.reflect.NativeMethodAccessorImpl.invoke(NativeMethodAccessorImpl.java:77)
	at java.base/jdk.internal.reflect.DelegatingMethodAccessorImpl.invoke(DelegatingMethodAccessorImpl.java:43)
	at java.base/java.lang.reflect.Method.invoke(Method.java:568)
	at org.junit.runners.model.FrameworkMethod$1.runReflectiveCall(FrameworkMethod.java:59)
	at org.junit.internal.runners.model.ReflectiveCallable.run(ReflectiveCallable.java:12)
	at org.junit.runners.model.FrameworkMethod.invokeExplosively(FrameworkMethod.java:56)
	at org.junit.internal.runners.statements.InvokeMethod.evaluate(InvokeMethod.java:17)
	at org.junit.rules.ExternalResource$1.evaluate(ExternalResource.java:54)
	at org.junit.runners.ParentRunner$3.evaluate(ParentRunner.java:306)
	at org.junit.runners.BlockJUnit4ClassRunner$1.evaluate(BlockJUnit4ClassRunner.java:100)
	at org.junit.runners.ParentRunner.runLeaf(ParentRunner.java:366)
	at org.junit.runners.BlockJUnit4ClassRunner.runChild(BlockJUnit4ClassRunner.java:103)
	at org.junit.runners.BlockJUnit4ClassRunner.runChild(BlockJUnit4ClassRunner.java:63)
	at org.junit.runners.ParentRunner$4.run(ParentRunner.java:331)
	at org.junit.runners.ParentRunner$1.schedule(ParentRunner.java:79)
	at org.junit.runners.ParentRunner.runChildren(ParentRunner.java:329)
	at org.junit.runners.ParentRunner.access$100(ParentRunner.java:66)
	at org.junit.runners.ParentRunner$2.evaluate(ParentRunner.java:293)
	at org.junit.runners.ParentRunner.run(ParentRunner.java:413)
	at org.junit.runners.Suite.runChild(Suite.java:128)
	at org.junit.runners.Suite.runChild(Suite.java:27)
	at org.junit.runners.ParentRunner$4.run(ParentRunner.java:331)
	at org.junit.runners.ParentRunner$1.schedule(ParentRunner.java:79)
	at org.junit.runners.ParentRunner.runChildren(ParentRunner.java:329)
	at org.junit.runners.ParentRunner.access$100(ParentRunner.java:66)
	at org.junit.runners.ParentRunner$2.evaluate(ParentRunner.java:293)
	at org.junit.runners.ParentRunner$3.evaluate(ParentRunner.java:306)
	at org.junit.runners.ParentRunner.run(ParentRunner.java:413)
	at org.apache.maven.surefire.junit4.JUnit4Provider.execute(JUnit4Provider.java:316)
	at org.apache.maven.surefire.junit4.JUnit4Provider.executeWithRerun(JUnit4Provider.java:240)
	at org.apache.maven.surefire.junit4.JUnit4Provider.executeTestSet(JUnit4Provider.java:214)
	at org.apache.maven.surefire.junit4.JUnit4Provider.invoke(JUnit4Provider.java:155)
	at org.apache.maven.surefire.booter.ForkedBooter.runSuitesInProcess(ForkedBooter.java:385)
	at org.apache.maven.surefire.booter.ForkedBooter.execute(ForkedBooter.java:162)
	at org.apache.maven.surefire.booter.ForkedBooter.run(ForkedBooter.java:507)
	at org.apache.maven.surefire.booter.ForkedBooter.main(ForkedBooter.java:495)

[ERROR] net.zerocloud.pdf.consumer.LargeTableWorkflowTest.largeTableFlushParticipatesInIncrementalPublicationWithoutChangingTheSourcePrefix[HARDENED_WORKER] -- Time elapsed: 1.238 s <<< ERROR!
net.zerocloud.pdf.DocumentFailure: The text and logical-structure extraction limit was exceeded.
	at net.zerocloud.pdf.HardenedWorkerEngine.execute(HardenedWorkerEngine.java:247)
	at net.zerocloud.pdf.DocumentWorkflow.executeOnce(DocumentWorkflow.java:177)
	at net.zerocloud.pdf.DocumentWorkflow.execute(DocumentWorkflow.java:103)
	at net.zerocloud.pdf.DocumentWorkflow.execute(DocumentWorkflow.java:64)
	at net.zerocloud.pdf.consumer.LargeTableWorkflowTest.largeTableFlushParticipatesInIncrementalPublicationWithoutChangingTheSourcePrefix(LargeTableWorkflowTest.java:506)
	at java.base/jdk.internal.reflect.NativeMethodAccessorImpl.invoke0(Native Method)
	at java.base/jdk.internal.reflect.NativeMethodAccessorImpl.invoke(NativeMethodAccessorImpl.java:77)
	at java.base/jdk.internal.reflect.DelegatingMethodAccessorImpl.invoke(DelegatingMethodAccessorImpl.java:43)
	at java.base/java.lang.reflect.Method.invoke(Method.java:568)
	at org.junit.runners.model.FrameworkMethod$1.runReflectiveCall(FrameworkMethod.java:59)
	at org.junit.internal.runners.model.ReflectiveCallable.run(ReflectiveCallable.java:12)
	at org.junit.runners.model.FrameworkMethod.invokeExplosively(FrameworkMethod.java:56)
	at org.junit.internal.runners.statements.InvokeMethod.evaluate(InvokeMethod.java:17)
	at org.junit.rules.ExternalResource$1.evaluate(ExternalResource.java:54)
	at org.junit.runners.ParentRunner$3.evaluate(ParentRunner.java:306)
	at org.junit.runners.BlockJUnit4ClassRunner$1.evaluate(BlockJUnit4ClassRunner.java:100)
	at org.junit.runners.ParentRunner.runLeaf(ParentRunner.java:366)
	at org.junit.runners.BlockJUnit4ClassRunner.runChild(BlockJUnit4ClassRunner.java:103)
	at org.junit.runners.BlockJUnit4ClassRunner.runChild(BlockJUnit4ClassRunner.java:63)
	at org.junit.runners.ParentRunner$4.run(ParentRunner.java:331)
	at org.junit.runners.ParentRunner$1.schedule(ParentRunner.java:79)
	at org.junit.runners.ParentRunner.runChildren(ParentRunner.java:329)
	at org.junit.runners.ParentRunner.access$100(ParentRunner.java:66)
	at org.junit.runners.ParentRunner$2.evaluate(ParentRunner.java:293)
	at org.junit.runners.ParentRunner.run(ParentRunner.java:413)
	at org.junit.runners.Suite.runChild(Suite.java:128)
	at org.junit.runners.Suite.runChild(Suite.java:27)
	at org.junit.runners.ParentRunner$4.run(ParentRunner.java:331)
	at org.junit.runners.ParentRunner$1.schedule(ParentRunner.java:79)
	at org.junit.runners.ParentRunner.runChildren(ParentRunner.java:329)
	at org.junit.runners.ParentRunner.access$100(ParentRunner.java:66)
	at org.junit.runners.ParentRunner$2.evaluate(ParentRunner.java:293)
	at org.junit.runners.ParentRunner$3.evaluate(ParentRunner.java:306)
	at org.junit.runners.ParentRunner.run(ParentRunner.java:413)
	at org.apache.maven.surefire.junit4.JUnit4Provider.execute(JUnit4Provider.java:316)
	at org.apache.maven.surefire.junit4.JUnit4Provider.executeWithRerun(JUnit4Provider.java:240)
	at org.apache.maven.surefire.junit4.JUnit4Provider.executeTestSet(JUnit4Provider.java:214)
	at org.apache.maven.surefire.junit4.JUnit4Provider.invoke(JUnit4Provider.java:155)
	at org.apache.maven.surefire.booter.ForkedBooter.runSuitesInProcess(ForkedBooter.java:385)
	at org.apache.maven.surefire.booter.ForkedBooter.execute(ForkedBooter.java:162)
	at org.apache.maven.surefire.booter.ForkedBooter.run(ForkedBooter.java:507)
	at org.apache.maven.surefire.booter.ForkedBooter.main(ForkedBooter.java:495)

[ERROR] net.zerocloud.pdf.consumer.LargeTableWorkflowTest.cumulativeDeclarationLimitsSurviveFlushAndRejectTheFirstExtraBatchAtomically[HARDENED_WORKER] -- Time elapsed: 1.366 s <<< ERROR!
net.zerocloud.pdf.DocumentFailure: The text and logical-structure extraction limit was exceeded.
	at net.zerocloud.pdf.HardenedWorkerEngine.execute(HardenedWorkerEngine.java:247)
	at net.zerocloud.pdf.DocumentWorkflow.executeOnce(DocumentWorkflow.java:177)
	at net.zerocloud.pdf.DocumentWorkflow.execute(DocumentWorkflow.java:103)
	at net.zerocloud.pdf.DocumentWorkflow.execute(DocumentWorkflow.java:64)
	at net.zerocloud.pdf.consumer.LargeTableWorkflowTest.cumulativeDeclarationLimitsSurviveFlushAndRejectTheFirstExtraBatchAtomically(LargeTableWorkflowTest.java:170)
	at java.base/jdk.internal.reflect.NativeMethodAccessorImpl.invoke0(Native Method)
	at java.base/jdk.internal.reflect.NativeMethodAccessorImpl.invoke(NativeMethodAccessorImpl.java:77)
	at java.base/jdk.internal.reflect.DelegatingMethodAccessorImpl.invoke(DelegatingMethodAccessorImpl.java:43)
	at java.base/java.lang.reflect.Method.invoke(Method.java:568)
	at org.junit.runners.model.FrameworkMethod$1.runReflectiveCall(FrameworkMethod.java:59)
	at org.junit.internal.runners.model.ReflectiveCallable.run(ReflectiveCallable.java:12)
	at org.junit.runners.model.FrameworkMethod.invokeExplosively(FrameworkMethod.java:56)
	at org.junit.internal.runners.statements.InvokeMethod.evaluate(InvokeMethod.java:17)
	at org.junit.rules.ExternalResource$1.evaluate(ExternalResource.java:54)
	at org.junit.runners.ParentRunner$3.evaluate(ParentRunner.java:306)
	at org.junit.runners.BlockJUnit4ClassRunner$1.evaluate(BlockJUnit4ClassRunner.java:100)
	at org.junit.runners.ParentRunner.runLeaf(ParentRunner.java:366)
	at org.junit.runners.BlockJUnit4ClassRunner.runChild(BlockJUnit4ClassRunner.java:103)
	at org.junit.runners.BlockJUnit4ClassRunner.runChild(BlockJUnit4ClassRunner.java:63)
	at org.junit.runners.ParentRunner$4.run(ParentRunner.java:331)
	at org.junit.runners.ParentRunner$1.schedule(ParentRunner.java:79)
	at org.junit.runners.ParentRunner.runChildren(ParentRunner.java:329)
	at org.junit.runners.ParentRunner.access$100(ParentRunner.java:66)
	at org.junit.runners.ParentRunner$2.evaluate(ParentRunner.java:293)
	at org.junit.runners.ParentRunner.run(ParentRunner.java:413)
	at org.junit.runners.Suite.runChild(Suite.java:128)
	at org.junit.runners.Suite.runChild(Suite.java:27)
	at org.junit.runners.ParentRunner$4.run(ParentRunner.java:331)
	at org.junit.runners.ParentRunner$1.schedule(ParentRunner.java:79)
	at org.junit.runners.ParentRunner.runChildren(ParentRunner.java:329)
	at org.junit.runners.ParentRunner.access$100(ParentRunner.java:66)
	at org.junit.runners.ParentRunner$2.evaluate(ParentRunner.java:293)
	at org.junit.runners.ParentRunner$3.evaluate(ParentRunner.java:306)
	at org.junit.runners.ParentRunner.run(ParentRunner.java:413)
	at org.apache.maven.surefire.junit4.JUnit4Provider.execute(JUnit4Provider.java:316)
	at org.apache.maven.surefire.junit4.JUnit4Provider.executeWithRerun(JUnit4Provider.java:240)
	at org.apache.maven.surefire.junit4.JUnit4Provider.executeTestSet(JUnit4Provider.java:214)
	at org.apache.maven.surefire.junit4.JUnit4Provider.invoke(JUnit4Provider.java:155)
	at org.apache.maven.surefire.booter.ForkedBooter.runSuitesInProcess(ForkedBooter.java:385)
	at org.apache.maven.surefire.booter.ForkedBooter.execute(ForkedBooter.java:162)
	at org.apache.maven.surefire.booter.ForkedBooter.run(ForkedBooter.java:507)
	at org.apache.maven.surefire.booter.ForkedBooter.main(ForkedBooter.java:495)

[ERROR] net.zerocloud.pdf.consumer.LargeTableWorkflowTest.chunkedWorkerRowsCannotResetTheCumulativeScalarBudget[HARDENED_WORKER] -- Time elapsed: 1.481 s <<< ERROR!
net.zerocloud.pdf.DocumentFailure: The text and logical-structure extraction limit was exceeded.
	at net.zerocloud.pdf.HardenedWorkerEngine.execute(HardenedWorkerEngine.java:247)
	at net.zerocloud.pdf.DocumentWorkflow.executeOnce(DocumentWorkflow.java:177)
	at net.zerocloud.pdf.DocumentWorkflow.execute(DocumentWorkflow.java:103)
	at net.zerocloud.pdf.DocumentWorkflow.execute(DocumentWorkflow.java:64)
	at net.zerocloud.pdf.consumer.LargeTableWorkflowTest.chunkedWorkerRowsCannotResetTheCumulativeScalarBudget(LargeTableWorkflowTest.java:544)
	at java.base/jdk.internal.reflect.NativeMethodAccessorImpl.invoke0(Native Method)
	at java.base/jdk.internal.reflect.NativeMethodAccessorImpl.invoke(NativeMethodAccessorImpl.java:77)
	at java.base/jdk.internal.reflect.DelegatingMethodAccessorImpl.invoke(DelegatingMethodAccessorImpl.java:43)
	at java.base/java.lang.reflect.Method.invoke(Method.java:568)
	at org.junit.runners.model.FrameworkMethod$1.runReflectiveCall(FrameworkMethod.java:59)
	at org.junit.internal.runners.model.ReflectiveCallable.run(ReflectiveCallable.java:12)
	at org.junit.runners.model.FrameworkMethod.invokeExplosively(FrameworkMethod.java:56)
	at org.junit.internal.runners.statements.InvokeMethod.evaluate(InvokeMethod.java:17)
	at org.junit.rules.ExternalResource$1.evaluate(ExternalResource.java:54)
	at org.junit.runners.ParentRunner$3.evaluate(ParentRunner.java:306)
	at org.junit.runners.BlockJUnit4ClassRunner$1.evaluate(BlockJUnit4ClassRunner.java:100)
	at org.junit.runners.ParentRunner.runLeaf(ParentRunner.java:366)
	at org.junit.runners.BlockJUnit4ClassRunner.runChild(BlockJUnit4ClassRunner.java:103)
	at org.junit.runners.BlockJUnit4ClassRunner.runChild(BlockJUnit4ClassRunner.java:63)
	at org.junit.runners.ParentRunner$4.run(ParentRunner.java:331)
	at org.junit.runners.ParentRunner$1.schedule(ParentRunner.java:79)
	at org.junit.runners.ParentRunner.runChildren(ParentRunner.java:329)
	at org.junit.runners.ParentRunner.access$100(ParentRunner.java:66)
	at org.junit.runners.ParentRunner$2.evaluate(ParentRunner.java:293)
	at org.junit.runners.ParentRunner.run(ParentRunner.java:413)
	at org.junit.runners.Suite.runChild(Suite.java:128)
	at org.junit.runners.Suite.runChild(Suite.java:27)
	at org.junit.runners.ParentRunner$4.run(ParentRunner.java:331)
	at org.junit.runners.ParentRunner$1.schedule(ParentRunner.java:79)
	at org.junit.runners.ParentRunner.runChildren(ParentRunner.java:329)
	at org.junit.runners.ParentRunner.access$100(ParentRunner.java:66)
	at org.junit.runners.ParentRunner$2.evaluate(ParentRunner.java:293)
	at org.junit.runners.ParentRunner$3.evaluate(ParentRunner.java:306)
	at org.junit.runners.ParentRunner.run(ParentRunner.java:413)
	at org.apache.maven.surefire.junit4.JUnit4Provider.execute(JUnit4Provider.java:316)
	at org.apache.maven.surefire.junit4.JUnit4Provider.executeWithRerun(JUnit4Provider.java:240)
	at org.apache.maven.surefire.junit4.JUnit4Provider.executeTestSet(JUnit4Provider.java:214)
	at org.apache.maven.surefire.junit4.JUnit4Provider.invoke(JUnit4Provider.java:155)
	at org.apache.maven.surefire.booter.ForkedBooter.runSuitesInProcess(ForkedBooter.java:385)
	at org.apache.maven.surefire.booter.ForkedBooter.execute(ForkedBooter.java:162)
	at org.apache.maven.surefire.booter.ForkedBooter.run(ForkedBooter.java:507)
	at org.apache.maven.surefire.booter.ForkedBooter.main(ForkedBooter.java:495)

[ERROR] net.zerocloud.pdf.consumer.LargeTableWorkflowTest.incompleteSpanWaitsForLaterRowsAndFlushReleasesTheCompletedSpanGroup[HARDENED_WORKER] -- Time elapsed: 1.463 s <<< ERROR!
net.zerocloud.pdf.DocumentFailure: The text and logical-structure extraction limit was exceeded.
	at net.zerocloud.pdf.HardenedWorkerEngine.execute(HardenedWorkerEngine.java:247)
	at net.zerocloud.pdf.DocumentWorkflow.executeOnce(DocumentWorkflow.java:177)
	at net.zerocloud.pdf.DocumentWorkflow.execute(DocumentWorkflow.java:103)
	at net.zerocloud.pdf.DocumentWorkflow.execute(DocumentWorkflow.java:64)
	at net.zerocloud.pdf.consumer.LargeTableWorkflowTest.incompleteSpanWaitsForLaterRowsAndFlushReleasesTheCompletedSpanGroup(LargeTableWorkflowTest.java:203)
	at java.base/jdk.internal.reflect.NativeMethodAccessorImpl.invoke0(Native Method)
	at java.base/jdk.internal.reflect.NativeMethodAccessorImpl.invoke(NativeMethodAccessorImpl.java:77)
	at java.base/jdk.internal.reflect.DelegatingMethodAccessorImpl.invoke(DelegatingMethodAccessorImpl.java:43)
	at java.base/java.lang.reflect.Method.invoke(Method.java:568)
	at org.junit.runners.model.FrameworkMethod$1.runReflectiveCall(FrameworkMethod.java:59)
	at org.junit.internal.runners.model.ReflectiveCallable.run(ReflectiveCallable.java:12)
	at org.junit.runners.model.FrameworkMethod.invokeExplosively(FrameworkMethod.java:56)
	at org.junit.internal.runners.statements.InvokeMethod.evaluate(InvokeMethod.java:17)
	at org.junit.rules.ExternalResource$1.evaluate(ExternalResource.java:54)
	at org.junit.runners.ParentRunner$3.evaluate(ParentRunner.java:306)
	at org.junit.runners.BlockJUnit4ClassRunner$1.evaluate(BlockJUnit4ClassRunner.java:100)
	at org.junit.runners.ParentRunner.runLeaf(ParentRunner.java:366)
	at org.junit.runners.BlockJUnit4ClassRunner.runChild(BlockJUnit4ClassRunner.java:103)
	at org.junit.runners.BlockJUnit4ClassRunner.runChild(BlockJUnit4ClassRunner.java:63)
	at org.junit.runners.ParentRunner$4.run(ParentRunner.java:331)
	at org.junit.runners.ParentRunner$1.schedule(ParentRunner.java:79)
	at org.junit.runners.ParentRunner.runChildren(ParentRunner.java:329)
	at org.junit.runners.ParentRunner.access$100(ParentRunner.java:66)
	at org.junit.runners.ParentRunner$2.evaluate(ParentRunner.java:293)
	at org.junit.runners.ParentRunner.run(ParentRunner.java:413)
	at org.junit.runners.Suite.runChild(Suite.java:128)
	at org.junit.runners.Suite.runChild(Suite.java:27)
	at org.junit.runners.ParentRunner$4.run(ParentRunner.java:331)
	at org.junit.runners.ParentRunner$1.schedule(ParentRunner.java:79)
	at org.junit.runners.ParentRunner.runChildren(ParentRunner.java:329)
	at org.junit.runners.ParentRunner.access$100(ParentRunner.java:66)
	at org.junit.runners.ParentRunner$2.evaluate(ParentRunner.java:293)
	at org.junit.runners.ParentRunner$3.evaluate(ParentRunner.java:306)
	at org.junit.runners.ParentRunner.run(ParentRunner.java:413)
	at org.apache.maven.surefire.junit4.JUnit4Provider.execute(JUnit4Provider.java:316)
	at org.apache.maven.surefire.junit4.JUnit4Provider.executeWithRerun(JUnit4Provider.java:240)
	at org.apache.maven.surefire.junit4.JUnit4Provider.executeTestSet(JUnit4Provider.java:214)
	at org.apache.maven.surefire.junit4.JUnit4Provider.invoke(JUnit4Provider.java:155)
	at org.apache.maven.surefire.booter.ForkedBooter.runSuitesInProcess(ForkedBooter.java:385)
	at org.apache.maven.surefire.booter.ForkedBooter.execute(ForkedBooter.java:162)
	at org.apache.maven.surefire.booter.ForkedBooter.run(ForkedBooter.java:507)
	at org.apache.maven.surefire.booter.ForkedBooter.main(ForkedBooter.java:495)

[ERROR] net.zerocloud.pdf.consumer.LargeTableWorkflowTest.generatedRowsRemainBoundedAndContinueInLaterAreasOfTheSamePhysicalPage[HARDENED_WORKER] -- Time elapsed: 4.368 s <<< ERROR!
net.zerocloud.pdf.DocumentFailure: The text and logical-structure extraction limit was exceeded.
	at net.zerocloud.pdf.HardenedWorkerEngine.execute(HardenedWorkerEngine.java:247)
	at net.zerocloud.pdf.DocumentWorkflow.executeOnce(DocumentWorkflow.java:177)
	at net.zerocloud.pdf.DocumentWorkflow.execute(DocumentWorkflow.java:103)
	at net.zerocloud.pdf.DocumentWorkflow.execute(DocumentWorkflow.java:64)
	at net.zerocloud.pdf.consumer.LargeTableWorkflowTest.generatedRowsRemainBoundedAndContinueInLaterAreasOfTheSamePhysicalPage(LargeTableWorkflowTest.java:338)
	at java.base/jdk.internal.reflect.NativeMethodAccessorImpl.invoke0(Native Method)
	at java.base/jdk.internal.reflect.NativeMethodAccessorImpl.invoke(NativeMethodAccessorImpl.java:77)
	at java.base/jdk.internal.reflect.DelegatingMethodAccessorImpl.invoke(DelegatingMethodAccessorImpl.java:43)
	at java.base/java.lang.reflect.Method.invoke(Method.java:568)
	at org.junit.runners.model.FrameworkMethod$1.runReflectiveCall(FrameworkMethod.java:59)
	at org.junit.internal.runners.model.ReflectiveCallable.run(ReflectiveCallable.java:12)
	at org.junit.runners.model.FrameworkMethod.invokeExplosively(FrameworkMethod.java:56)
	at org.junit.internal.runners.statements.InvokeMethod.evaluate(InvokeMethod.java:17)
	at org.junit.rules.ExternalResource$1.evaluate(ExternalResource.java:54)
	at org.junit.runners.ParentRunner$3.evaluate(ParentRunner.java:306)
	at org.junit.runners.BlockJUnit4ClassRunner$1.evaluate(BlockJUnit4ClassRunner.java:100)
	at org.junit.runners.ParentRunner.runLeaf(ParentRunner.java:366)
	at org.junit.runners.BlockJUnit4ClassRunner.runChild(BlockJUnit4ClassRunner.java:103)
	at org.junit.runners.BlockJUnit4ClassRunner.runChild(BlockJUnit4ClassRunner.java:63)
	at org.junit.runners.ParentRunner$4.run(ParentRunner.java:331)
	at org.junit.runners.ParentRunner$1.schedule(ParentRunner.java:79)
	at org.junit.runners.ParentRunner.runChildren(ParentRunner.java:329)
	at org.junit.runners.ParentRunner.access$100(ParentRunner.java:66)
	at org.junit.runners.ParentRunner$2.evaluate(ParentRunner.java:293)
	at org.junit.runners.ParentRunner.run(ParentRunner.java:413)
	at org.junit.runners.Suite.runChild(Suite.java:128)
	at org.junit.runners.Suite.runChild(Suite.java:27)
	at org.junit.runners.ParentRunner$4.run(ParentRunner.java:331)
	at org.junit.runners.ParentRunner$1.schedule(ParentRunner.java:79)
	at org.junit.runners.ParentRunner.runChildren(ParentRunner.java:329)
	at org.junit.runners.ParentRunner.access$100(ParentRunner.java:66)
	at org.junit.runners.ParentRunner$2.evaluate(ParentRunner.java:293)
	at org.junit.runners.ParentRunner$3.evaluate(ParentRunner.java:306)
	at org.junit.runners.ParentRunner.run(ParentRunner.java:413)
	at org.apache.maven.surefire.junit4.JUnit4Provider.execute(JUnit4Provider.java:316)
	at org.apache.maven.surefire.junit4.JUnit4Provider.executeWithRerun(JUnit4Provider.java:240)
	at org.apache.maven.surefire.junit4.JUnit4Provider.executeTestSet(JUnit4Provider.java:214)
	at org.apache.maven.surefire.junit4.JUnit4Provider.invoke(JUnit4Provider.java:155)
	at org.apache.maven.surefire.booter.ForkedBooter.runSuitesInProcess(ForkedBooter.java:385)
	at org.apache.maven.surefire.booter.ForkedBooter.execute(ForkedBooter.java:162)
	at org.apache.maven.surefire.booter.ForkedBooter.run(ForkedBooter.java:507)
	at org.apache.maven.surefire.booter.ForkedBooter.main(ForkedBooter.java:495)

[ERROR] net.zerocloud.pdf.consumer.LargeTableWorkflowTest.beginFreezesPathAndBorrowedStreamFontsForLaterFlushes[HARDENED_WORKER] -- Time elapsed: 1.341 s <<< ERROR!
net.zerocloud.pdf.DocumentFailure: The text and logical-structure extraction limit was exceeded.
	at net.zerocloud.pdf.HardenedWorkerEngine.execute(HardenedWorkerEngine.java:247)
	at net.zerocloud.pdf.DocumentWorkflow.executeOnce(DocumentWorkflow.java:177)
	at net.zerocloud.pdf.DocumentWorkflow.execute(DocumentWorkflow.java:103)
	at net.zerocloud.pdf.DocumentWorkflow.execute(DocumentWorkflow.java:64)
	at net.zerocloud.pdf.consumer.LargeTableWorkflowTest.beginFreezesPathAndBorrowedStreamFontsForLaterFlushes(LargeTableWorkflowTest.java:438)
	at java.base/jdk.internal.reflect.NativeMethodAccessorImpl.invoke0(Native Method)
	at java.base/jdk.internal.reflect.NativeMethodAccessorImpl.invoke(NativeMethodAccessorImpl.java:77)
	at java.base/jdk.internal.reflect.DelegatingMethodAccessorImpl.invoke(DelegatingMethodAccessorImpl.java:43)
	at java.base/java.lang.reflect.Method.invoke(Method.java:568)
	at org.junit.runners.model.FrameworkMethod$1.runReflectiveCall(FrameworkMethod.java:59)
	at org.junit.internal.runners.model.ReflectiveCallable.run(ReflectiveCallable.java:12)
	at org.junit.runners.model.FrameworkMethod.invokeExplosively(FrameworkMethod.java:56)
	at org.junit.internal.runners.statements.InvokeMethod.evaluate(InvokeMethod.java:17)
	at org.junit.rules.ExternalResource$1.evaluate(ExternalResource.java:54)
	at org.junit.runners.ParentRunner$3.evaluate(ParentRunner.java:306)
	at org.junit.runners.BlockJUnit4ClassRunner$1.evaluate(BlockJUnit4ClassRunner.java:100)
	at org.junit.runners.ParentRunner.runLeaf(ParentRunner.java:366)
	at org.junit.runners.BlockJUnit4ClassRunner.runChild(BlockJUnit4ClassRunner.java:103)
	at org.junit.runners.BlockJUnit4ClassRunner.runChild(BlockJUnit4ClassRunner.java:63)
	at org.junit.runners.ParentRunner$4.run(ParentRunner.java:331)
	at org.junit.runners.ParentRunner$1.schedule(ParentRunner.java:79)
	at org.junit.runners.ParentRunner.runChildren(ParentRunner.java:329)
	at org.junit.runners.ParentRunner.access$100(ParentRunner.java:66)
	at org.junit.runners.ParentRunner$2.evaluate(ParentRunner.java:293)
	at org.junit.runners.ParentRunner.run(ParentRunner.java:413)
	at org.junit.runners.Suite.runChild(Suite.java:128)
	at org.junit.runners.Suite.runChild(Suite.java:27)
	at org.junit.runners.ParentRunner$4.run(ParentRunner.java:331)
	at org.junit.runners.ParentRunner$1.schedule(ParentRunner.java:79)
	at org.junit.runners.ParentRunner.runChildren(ParentRunner.java:329)
	at org.junit.runners.ParentRunner.access$100(ParentRunner.java:66)
	at org.junit.runners.ParentRunner$2.evaluate(ParentRunner.java:293)
	at org.junit.runners.ParentRunner$3.evaluate(ParentRunner.java:306)
	at org.junit.runners.ParentRunner.run(ParentRunner.java:413)
	at org.apache.maven.surefire.junit4.JUnit4Provider.execute(JUnit4Provider.java:316)
	at org.apache.maven.surefire.junit4.JUnit4Provider.executeWithRerun(JUnit4Provider.java:240)
	at org.apache.maven.surefire.junit4.JUnit4Provider.executeTestSet(JUnit4Provider.java:214)
	at org.apache.maven.surefire.junit4.JUnit4Provider.invoke(JUnit4Provider.java:155)
	at org.apache.maven.surefire.booter.ForkedBooter.runSuitesInProcess(ForkedBooter.java:385)
	at org.apache.maven.surefire.booter.ForkedBooter.execute(ForkedBooter.java:162)
	at org.apache.maven.surefire.booter.ForkedBooter.run(ForkedBooter.java:507)
	at org.apache.maven.surefire.booter.ForkedBooter.main(ForkedBooter.java:495)

[ERROR] net.zerocloud.pdf.consumer.LargeTableWorkflowTest.flushReleasesRowsBeforeAllRowsArriveAndCompleteUsesFinalFooterSpace[HARDENED_WORKER] -- Time elapsed: 0.768 s <<< ERROR!
net.zerocloud.pdf.DocumentFailure: The text and logical-structure extraction limit was exceeded.
	at net.zerocloud.pdf.HardenedWorkerEngine.execute(HardenedWorkerEngine.java:247)
	at net.zerocloud.pdf.DocumentWorkflow.executeOnce(DocumentWorkflow.java:177)
	at net.zerocloud.pdf.DocumentWorkflow.execute(DocumentWorkflow.java:103)
	at net.zerocloud.pdf.DocumentWorkflow.execute(DocumentWorkflow.java:64)
	at net.zerocloud.pdf.consumer.LargeTableWorkflowTest.flushReleasesRowsBeforeAllRowsArriveAndCompleteUsesFinalFooterSpace(LargeTableWorkflowTest.java:105)
	at java.base/jdk.internal.reflect.NativeMethodAccessorImpl.invoke0(Native Method)
	at java.base/jdk.internal.reflect.NativeMethodAccessorImpl.invoke(NativeMethodAccessorImpl.java:77)
	at java.base/jdk.internal.reflect.DelegatingMethodAccessorImpl.invoke(DelegatingMethodAccessorImpl.java:43)
	at java.base/java.lang.reflect.Method.invoke(Method.java:568)
	at org.junit.runners.model.FrameworkMethod$1.runReflectiveCall(FrameworkMethod.java:59)
	at org.junit.internal.runners.model.ReflectiveCallable.run(ReflectiveCallable.java:12)
	at org.junit.runners.model.FrameworkMethod.invokeExplosively(FrameworkMethod.java:56)
	at org.junit.internal.runners.statements.InvokeMethod.evaluate(InvokeMethod.java:17)
	at org.junit.rules.ExternalResource$1.evaluate(ExternalResource.java:54)
	at org.junit.runners.ParentRunner$3.evaluate(ParentRunner.java:306)
	at org.junit.runners.BlockJUnit4ClassRunner$1.evaluate(BlockJUnit4ClassRunner.java:100)
	at org.junit.runners.ParentRunner.runLeaf(ParentRunner.java:366)
	at org.junit.runners.BlockJUnit4ClassRunner.runChild(BlockJUnit4ClassRunner.java:103)
	at org.junit.runners.BlockJUnit4ClassRunner.runChild(BlockJUnit4ClassRunner.java:63)
	at org.junit.runners.ParentRunner$4.run(ParentRunner.java:331)
	at org.junit.runners.ParentRunner$1.schedule(ParentRunner.java:79)
	at org.junit.runners.ParentRunner.runChildren(ParentRunner.java:329)
	at org.junit.runners.ParentRunner.access$100(ParentRunner.java:66)
	at org.junit.runners.ParentRunner$2.evaluate(ParentRunner.java:293)
	at org.junit.runners.ParentRunner.run(ParentRunner.java:413)
	at org.junit.runners.Suite.runChild(Suite.java:128)
	at org.junit.runners.Suite.runChild(Suite.java:27)
	at org.junit.runners.ParentRunner$4.run(ParentRunner.java:331)
	at org.junit.runners.ParentRunner$1.schedule(ParentRunner.java:79)
	at org.junit.runners.ParentRunner.runChildren(ParentRunner.java:329)
	at org.junit.runners.ParentRunner.access$100(ParentRunner.java:66)
	at org.junit.runners.ParentRunner$2.evaluate(ParentRunner.java:293)
	at org.junit.runners.ParentRunner$3.evaluate(ParentRunner.java:306)
	at org.junit.runners.ParentRunner.run(ParentRunner.java:413)
	at org.apache.maven.surefire.junit4.JUnit4Provider.execute(JUnit4Provider.java:316)
	at org.apache.maven.surefire.junit4.JUnit4Provider.executeWithRerun(JUnit4Provider.java:240)
	at org.apache.maven.surefire.junit4.JUnit4Provider.executeTestSet(JUnit4Provider.java:214)
	at org.apache.maven.surefire.junit4.JUnit4Provider.invoke(JUnit4Provider.java:155)
	at org.apache.maven.surefire.booter.ForkedBooter.runSuitesInProcess(ForkedBooter.java:385)
	at org.apache.maven.surefire.booter.ForkedBooter.execute(ForkedBooter.java:162)
	at org.apache.maven.surefire.booter.ForkedBooter.run(ForkedBooter.java:507)
	at org.apache.maven.surefire.booter.ForkedBooter.main(ForkedBooter.java:495)

[INFO] Running net.zerocloud.pdf.consumer.PageManipulationWorkflowTest
Sep 13, 2026 6:55:43 AM org.apache.pdfbox.pdmodel.PDDocument importPage
WARNING: inherited resources of source document are not imported to destination page
Sep 13, 2026 6:55:43 AM org.apache.pdfbox.pdmodel.PDDocument importPage
WARNING: call importedPage.setResources(page.getResources()) to do this
Sep 13, 2026 6:55:43 AM org.apache.pdfbox.multipdf.Splitter processPage
INFO: Resources imported in Splitter
Sep 13, 2026 6:55:43 AM org.apache.pdfbox.pdmodel.PDDocument importPage
WARNING: inherited resources of source document are not imported to destination page
Sep 13, 2026 6:55:43 AM org.apache.pdfbox.pdmodel.PDDocument importPage
WARNING: call importedPage.setResources(page.getResources()) to do this
Sep 13, 2026 6:55:43 AM org.apache.pdfbox.multipdf.Splitter processPage
INFO: Resources imported in Splitter
Sep 13, 2026 6:55:43 AM org.apache.pdfbox.pdmodel.PDDocument importPage
WARNING: inherited resources of source document are not imported to destination page
Sep 13, 2026 6:55:43 AM org.apache.pdfbox.pdmodel.PDDocument importPage
WARNING: call importedPage.setResources(page.getResources()) to do this
Sep 13, 2026 6:55:43 AM org.apache.pdfbox.multipdf.Splitter processPage
INFO: Resources imported in Splitter
Sep 13, 2026 6:55:43 AM org.apache.pdfbox.filter.FlateFilterDecoderStream fetch
WARNING: FlateFilter: premature end of stream due to a DataFormatException = invalid distance too far back
Sep 13, 2026 6:55:43 AM org.apache.pdfbox.filter.FlateFilterDecoderStream fetch
WARNING: FlateFilter: premature end of stream due to a DataFormatException = invalid distance too far back
Sep 13, 2026 6:55:43 AM org.apache.pdfbox.filter.FlateFilterDecoderStream fetch
WARNING: FlateFilter: premature end of stream due to a DataFormatException = invalid distance too far back
Sep 13, 2026 6:55:43 AM org.apache.pdfbox.pdmodel.PDDocument importPage
WARNING: inherited resources of source document are not imported to destination page
Sep 13, 2026 6:55:43 AM org.apache.pdfbox.pdmodel.PDDocument importPage
WARNING: call importedPage.setResources(page.getResources()) to do this
Sep 13, 2026 6:55:43 AM org.apache.pdfbox.multipdf.Splitter processPage
INFO: Resources imported in Splitter
Sep 13, 2026 6:55:43 AM org.apache.pdfbox.filter.Filter getDecodeParams
SEVERE: Expected DecodeParams to be an Array or Dictionary but found org.apache.pdfbox.cos.COSName
Sep 13, 2026 6:55:43 AM org.apache.pdfbox.filter.Filter getDecodeParams
SEVERE: Expected DecodeParams to be an Array or Dictionary but found org.apache.pdfbox.cos.COSName
Sep 13, 2026 6:55:43 AM org.apache.pdfbox.filter.Filter getDecodeParams
SEVERE: Expected DecodeParams to be an Array or Dictionary but found org.apache.pdfbox.cos.COSName
[INFO] Tests run: 53, Failures: 0, Errors: 0, Skipped: 0, Time elapsed: 0.321 s -- in net.zerocloud.pdf.consumer.PageManipulationWorkflowTest
[INFO] Running net.zerocloud.pdf.consumer.ParagraphCompositionWorkflowTest
[ERROR] Tests run: 42, Failures: 0, Errors: 26, Skipped: 0, Time elapsed: 39.45 s <<< FAILURE! -- in net.zerocloud.pdf.consumer.ParagraphCompositionWorkflowTest
[ERROR] net.zerocloud.pdf.consumer.ParagraphCompositionWorkflowTest.leadingAndExplicitLineBreaksControlBaselinesAndPagination[IN_PROCESS] -- Time elapsed: 0.006 s <<< ERROR!
net.zerocloud.pdf.DocumentFailure: The text and logical-structure extraction limit was exceeded.
	at net.zerocloud.pdf.PdfBoxWorkflowEngine.failure(PdfBoxWorkflowEngine.java:292)
	at net.zerocloud.pdf.PdfBoxWorkflowEngine.executeWithDocument(PdfBoxWorkflowEngine.java:350)
	at net.zerocloud.pdf.PdfBoxWorkflowEngine.executeChecked(PdfBoxWorkflowEngine.java:238)
	at net.zerocloud.pdf.PdfBoxWorkflowEngine.execute(PdfBoxWorkflowEngine.java:41)
	at net.zerocloud.pdf.DocumentWorkflow.executeOnce(DocumentWorkflow.java:184)
	at net.zerocloud.pdf.DocumentWorkflow.execute(DocumentWorkflow.java:103)
	at net.zerocloud.pdf.DocumentWorkflow.execute(DocumentWorkflow.java:64)
	at net.zerocloud.pdf.consumer.ParagraphCompositionWorkflowTest.read(ParagraphCompositionWorkflowTest.java:582)
	at net.zerocloud.pdf.consumer.ParagraphCompositionWorkflowTest.assertLayout(ParagraphCompositionWorkflowTest.java:530)
	at net.zerocloud.pdf.consumer.ParagraphCompositionWorkflowTest.leadingAndExplicitLineBreaksControlBaselinesAndPagination(ParagraphCompositionWorkflowTest.java:225)
	at java.base/jdk.internal.reflect.NativeMethodAccessorImpl.invoke0(Native Method)
	at java.base/jdk.internal.reflect.NativeMethodAccessorImpl.invoke(NativeMethodAccessorImpl.java:77)
	at java.base/jdk.internal.reflect.DelegatingMethodAccessorImpl.invoke(DelegatingMethodAccessorImpl.java:43)
	at java.base/java.lang.reflect.Method.invoke(Method.java:568)
	at org.junit.runners.model.FrameworkMethod$1.runReflectiveCall(FrameworkMethod.java:59)
	at org.junit.internal.runners.model.ReflectiveCallable.run(ReflectiveCallable.java:12)
	at org.junit.runners.model.FrameworkMethod.invokeExplosively(FrameworkMethod.java:56)
	at org.junit.internal.runners.statements.InvokeMethod.evaluate(InvokeMethod.java:17)
	at org.junit.rules.ExternalResource$1.evaluate(ExternalResource.java:54)
	at org.junit.runners.ParentRunner$3.evaluate(ParentRunner.java:306)
	at org.junit.runners.BlockJUnit4ClassRunner$1.evaluate(BlockJUnit4ClassRunner.java:100)
	at org.junit.runners.ParentRunner.runLeaf(ParentRunner.java:366)
	at org.junit.runners.BlockJUnit4ClassRunner.runChild(BlockJUnit4ClassRunner.java:103)
	at org.junit.runners.BlockJUnit4ClassRunner.runChild(BlockJUnit4ClassRunner.java:63)
	at org.junit.runners.ParentRunner$4.run(ParentRunner.java:331)
	at org.junit.runners.ParentRunner$1.schedule(ParentRunner.java:79)
	at org.junit.runners.ParentRunner.runChildren(ParentRunner.java:329)
	at org.junit.runners.ParentRunner.access$100(ParentRunner.java:66)
	at org.junit.runners.ParentRunner$2.evaluate(ParentRunner.java:293)
	at org.junit.runners.ParentRunner.run(ParentRunner.java:413)
	at org.junit.runners.Suite.runChild(Suite.java:128)
	at org.junit.runners.Suite.runChild(Suite.java:27)
	at org.junit.runners.ParentRunner$4.run(ParentRunner.java:331)
	at org.junit.runners.ParentRunner$1.schedule(ParentRunner.java:79)
	at org.junit.runners.ParentRunner.runChildren(ParentRunner.java:329)
	at org.junit.runners.ParentRunner.access$100(ParentRunner.java:66)
	at org.junit.runners.ParentRunner$2.evaluate(ParentRunner.java:293)
	at org.junit.runners.ParentRunner$3.evaluate(ParentRunner.java:306)
	at org.junit.runners.ParentRunner.run(ParentRunner.java:413)
	at org.apache.maven.surefire.junit4.JUnit4Provider.execute(JUnit4Provider.java:316)
	at org.apache.maven.surefire.junit4.JUnit4Provider.executeWithRerun(JUnit4Provider.java:240)
	at org.apache.maven.surefire.junit4.JUnit4Provider.executeTestSet(JUnit4Provider.java:214)
	at org.apache.maven.surefire.junit4.JUnit4Provider.invoke(JUnit4Provider.java:155)
	at org.apache.maven.surefire.booter.ForkedBooter.runSuitesInProcess(ForkedBooter.java:385)
	at org.apache.maven.surefire.booter.ForkedBooter.execute(ForkedBooter.java:162)
	at org.apache.maven.surefire.booter.ForkedBooter.run(ForkedBooter.java:507)
	at org.apache.maven.surefire.booter.ForkedBooter.main(ForkedBooter.java:495)

[ERROR] net.zerocloud.pdf.consumer.ParagraphCompositionWorkflowTest.batchOrderQueryBarriersAndSessionExpiryArePreserved[IN_PROCESS] -- Time elapsed: 0.004 s <<< ERROR!
net.zerocloud.pdf.DocumentFailure: The text and logical-structure extraction limit was exceeded.
	at net.zerocloud.pdf.PdfBoxWorkflowEngine.failure(PdfBoxWorkflowEngine.java:292)
	at net.zerocloud.pdf.PdfBoxWorkflowEngine.executeWithDocument(PdfBoxWorkflowEngine.java:350)
	at net.zerocloud.pdf.PdfBoxWorkflowEngine.executeChecked(PdfBoxWorkflowEngine.java:238)
	at net.zerocloud.pdf.PdfBoxWorkflowEngine.execute(PdfBoxWorkflowEngine.java:41)
	at net.zerocloud.pdf.DocumentWorkflow.executeOnce(DocumentWorkflow.java:184)
	at net.zerocloud.pdf.DocumentWorkflow.execute(DocumentWorkflow.java:103)
	at net.zerocloud.pdf.DocumentWorkflow.execute(DocumentWorkflow.java:64)
	at net.zerocloud.pdf.consumer.ParagraphCompositionWorkflowTest.batchOrderQueryBarriersAndSessionExpiryArePreserved(ParagraphCompositionWorkflowTest.java:265)
	at java.base/jdk.internal.reflect.NativeMethodAccessorImpl.invoke0(Native Method)
	at java.base/jdk.internal.reflect.NativeMethodAccessorImpl.invoke(NativeMethodAccessorImpl.java:77)
	at java.base/jdk.internal.reflect.DelegatingMethodAccessorImpl.invoke(DelegatingMethodAccessorImpl.java:43)
	at java.base/java.lang.reflect.Method.invoke(Method.java:568)
	at org.junit.runners.model.FrameworkMethod$1.runReflectiveCall(FrameworkMethod.java:59)
	at org.junit.internal.runners.model.ReflectiveCallable.run(ReflectiveCallable.java:12)
	at org.junit.runners.model.FrameworkMethod.invokeExplosively(FrameworkMethod.java:56)
	at org.junit.internal.runners.statements.InvokeMethod.evaluate(InvokeMethod.java:17)
	at org.junit.rules.ExternalResource$1.evaluate(ExternalResource.java:54)
	at org.junit.runners.ParentRunner$3.evaluate(ParentRunner.java:306)
	at org.junit.runners.BlockJUnit4ClassRunner$1.evaluate(BlockJUnit4ClassRunner.java:100)
	at org.junit.runners.ParentRunner.runLeaf(ParentRunner.java:366)
	at org.junit.runners.BlockJUnit4ClassRunner.runChild(BlockJUnit4ClassRunner.java:103)
	at org.junit.runners.BlockJUnit4ClassRunner.runChild(BlockJUnit4ClassRunner.java:63)
	at org.junit.runners.ParentRunner$4.run(ParentRunner.java:331)
	at org.junit.runners.ParentRunner$1.schedule(ParentRunner.java:79)
	at org.junit.runners.ParentRunner.runChildren(ParentRunner.java:329)
	at org.junit.runners.ParentRunner.access$100(ParentRunner.java:66)
	at org.junit.runners.ParentRunner$2.evaluate(ParentRunner.java:293)
	at org.junit.runners.ParentRunner.run(ParentRunner.java:413)
	at org.junit.runners.Suite.runChild(Suite.java:128)
	at org.junit.runners.Suite.runChild(Suite.java:27)
	at org.junit.runners.ParentRunner$4.run(ParentRunner.java:331)
	at org.junit.runners.ParentRunner$1.schedule(ParentRunner.java:79)
	at org.junit.runners.ParentRunner.runChildren(ParentRunner.java:329)
	at org.junit.runners.ParentRunner.access$100(ParentRunner.java:66)
	at org.junit.runners.ParentRunner$2.evaluate(ParentRunner.java:293)
	at org.junit.runners.ParentRunner$3.evaluate(ParentRunner.java:306)
	at org.junit.runners.ParentRunner.run(ParentRunner.java:413)
	at org.apache.maven.surefire.junit4.JUnit4Provider.execute(JUnit4Provider.java:316)
	at org.apache.maven.surefire.junit4.JUnit4Provider.executeWithRerun(JUnit4Provider.java:240)
	at org.apache.maven.surefire.junit4.JUnit4Provider.executeTestSet(JUnit4Provider.java:214)
	at org.apache.maven.surefire.junit4.JUnit4Provider.invoke(JUnit4Provider.java:155)
	at org.apache.maven.surefire.booter.ForkedBooter.runSuitesInProcess(ForkedBooter.java:385)
	at org.apache.maven.surefire.booter.ForkedBooter.execute(ForkedBooter.java:162)
	at org.apache.maven.surefire.booter.ForkedBooter.run(ForkedBooter.java:507)
	at org.apache.maven.surefire.booter.ForkedBooter.main(ForkedBooter.java:495)

[ERROR] net.zerocloud.pdf.consumer.ParagraphCompositionWorkflowTest.pageSizeMarginsAndWidthCapsDetermineIndependentBreakpoints[IN_PROCESS] -- Time elapsed: 0.006 s <<< ERROR!
net.zerocloud.pdf.DocumentFailure: The text and logical-structure extraction limit was exceeded.
	at net.zerocloud.pdf.PdfBoxWorkflowEngine.failure(PdfBoxWorkflowEngine.java:292)
	at net.zerocloud.pdf.PdfBoxWorkflowEngine.executeWithDocument(PdfBoxWorkflowEngine.java:350)
	at net.zerocloud.pdf.PdfBoxWorkflowEngine.executeChecked(PdfBoxWorkflowEngine.java:238)
	at net.zerocloud.pdf.PdfBoxWorkflowEngine.execute(PdfBoxWorkflowEngine.java:41)
	at net.zerocloud.pdf.DocumentWorkflow.executeOnce(DocumentWorkflow.java:184)
	at net.zerocloud.pdf.DocumentWorkflow.execute(DocumentWorkflow.java:103)
	at net.zerocloud.pdf.DocumentWorkflow.execute(DocumentWorkflow.java:64)
	at net.zerocloud.pdf.consumer.ParagraphCompositionWorkflowTest.read(ParagraphCompositionWorkflowTest.java:582)
	at net.zerocloud.pdf.consumer.ParagraphCompositionWorkflowTest.assertLayout(ParagraphCompositionWorkflowTest.java:530)
	at net.zerocloud.pdf.consumer.ParagraphCompositionWorkflowTest.pageSizeMarginsAndWidthCapsDetermineIndependentBreakpoints(ParagraphCompositionWorkflowTest.java:123)
	at java.base/jdk.internal.reflect.NativeMethodAccessorImpl.invoke0(Native Method)
	at java.base/jdk.internal.reflect.NativeMethodAccessorImpl.invoke(NativeMethodAccessorImpl.java:77)
	at java.base/jdk.internal.reflect.DelegatingMethodAccessorImpl.invoke(DelegatingMethodAccessorImpl.java:43)
	at java.base/java.lang.reflect.Method.invoke(Method.java:568)
	at org.junit.runners.model.FrameworkMethod$1.runReflectiveCall(FrameworkMethod.java:59)
	at org.junit.internal.runners.model.ReflectiveCallable.run(ReflectiveCallable.java:12)
	at org.junit.runners.model.FrameworkMethod.invokeExplosively(FrameworkMethod.java:56)
	at org.junit.internal.runners.statements.InvokeMethod.evaluate(InvokeMethod.java:17)
	at org.junit.rules.ExternalResource$1.evaluate(ExternalResource.java:54)
	at org.junit.runners.ParentRunner$3.evaluate(ParentRunner.java:306)
	at org.junit.runners.BlockJUnit4ClassRunner$1.evaluate(BlockJUnit4ClassRunner.java:100)
	at org.junit.runners.ParentRunner.runLeaf(ParentRunner.java:366)
	at org.junit.runners.BlockJUnit4ClassRunner.runChild(BlockJUnit4ClassRunner.java:103)
	at org.junit.runners.BlockJUnit4ClassRunner.runChild(BlockJUnit4ClassRunner.java:63)
	at org.junit.runners.ParentRunner$4.run(ParentRunner.java:331)
	at org.junit.runners.ParentRunner$1.schedule(ParentRunner.java:79)
	at org.junit.runners.ParentRunner.runChildren(ParentRunner.java:329)
	at org.junit.runners.ParentRunner.access$100(ParentRunner.java:66)
	at org.junit.runners.ParentRunner$2.evaluate(ParentRunner.java:293)
	at org.junit.runners.ParentRunner.run(ParentRunner.java:413)
	at org.junit.runners.Suite.runChild(Suite.java:128)
	at org.junit.runners.Suite.runChild(Suite.java:27)
	at org.junit.runners.ParentRunner$4.run(ParentRunner.java:331)
	at org.junit.runners.ParentRunner$1.schedule(ParentRunner.java:79)
	at org.junit.runners.ParentRunner.runChildren(ParentRunner.java:329)
	at org.junit.runners.ParentRunner.access$100(ParentRunner.java:66)
	at org.junit.runners.ParentRunner$2.evaluate(ParentRunner.java:293)
	at org.junit.runners.ParentRunner$3.evaluate(ParentRunner.java:306)
	at org.junit.runners.ParentRunner.run(ParentRunner.java:413)
	at org.apache.maven.surefire.junit4.JUnit4Provider.execute(JUnit4Provider.java:316)
	at org.apache.maven.surefire.junit4.JUnit4Provider.executeWithRerun(JUnit4Provider.java:240)
	at org.apache.maven.surefire.junit4.JUnit4Provider.executeTestSet(JUnit4Provider.java:214)
	at org.apache.maven.surefire.junit4.JUnit4Provider.invoke(JUnit4Provider.java:155)
	at org.apache.maven.surefire.booter.ForkedBooter.runSuitesInProcess(ForkedBooter.java:385)
	at org.apache.maven.surefire.booter.ForkedBooter.execute(ForkedBooter.java:162)
	at org.apache.maven.surefire.booter.ForkedBooter.run(ForkedBooter.java:507)
	at org.apache.maven.surefire.booter.ForkedBooter.main(ForkedBooter.java:495)

[ERROR] net.zerocloud.pdf.consumer.ParagraphCompositionWorkflowTest.explicitAreaBreakSkipsTheRestOfTheCurrentArea[IN_PROCESS] -- Time elapsed: 0.006 s <<< ERROR!
net.zerocloud.pdf.DocumentFailure: The text and logical-structure extraction limit was exceeded.
	at net.zerocloud.pdf.PdfBoxWorkflowEngine.failure(PdfBoxWorkflowEngine.java:292)
	at net.zerocloud.pdf.PdfBoxWorkflowEngine.executeWithDocument(PdfBoxWorkflowEngine.java:350)
	at net.zerocloud.pdf.PdfBoxWorkflowEngine.executeChecked(PdfBoxWorkflowEngine.java:238)
	at net.zerocloud.pdf.PdfBoxWorkflowEngine.execute(PdfBoxWorkflowEngine.java:41)
	at net.zerocloud.pdf.DocumentWorkflow.executeOnce(DocumentWorkflow.java:184)
	at net.zerocloud.pdf.DocumentWorkflow.execute(DocumentWorkflow.java:103)
	at net.zerocloud.pdf.DocumentWorkflow.execute(DocumentWorkflow.java:64)
	at net.zerocloud.pdf.consumer.ParagraphCompositionWorkflowTest.read(ParagraphCompositionWorkflowTest.java:582)
	at net.zerocloud.pdf.consumer.ParagraphCompositionWorkflowTest.explicitAreaBreakSkipsTheRestOfTheCurrentArea(ParagraphCompositionWorkflowTest.java:193)
	at java.base/jdk.internal.reflect.NativeMethodAccessorImpl.invoke0(Native Method)
	at java.base/jdk.internal.reflect.NativeMethodAccessorImpl.invoke(NativeMethodAccessorImpl.java:77)
	at java.base/jdk.internal.reflect.DelegatingMethodAccessorImpl.invoke(DelegatingMethodAccessorImpl.java:43)
	at java.base/java.lang.reflect.Method.invoke(Method.java:568)
	at org.junit.runners.model.FrameworkMethod$1.runReflectiveCall(FrameworkMethod.java:59)
	at org.junit.internal.runners.model.ReflectiveCallable.run(ReflectiveCallable.java:12)
	at org.junit.runners.model.FrameworkMethod.invokeExplosively(FrameworkMethod.java:56)
	at org.junit.internal.runners.statements.InvokeMethod.evaluate(InvokeMethod.java:17)
	at org.junit.rules.ExternalResource$1.evaluate(ExternalResource.java:54)
	at org.junit.runners.ParentRunner$3.evaluate(ParentRunner.java:306)
	at org.junit.runners.BlockJUnit4ClassRunner$1.evaluate(BlockJUnit4ClassRunner.java:100)
	at org.junit.runners.ParentRunner.runLeaf(ParentRunner.java:366)
	at org.junit.runners.BlockJUnit4ClassRunner.runChild(BlockJUnit4ClassRunner.java:103)
	at org.junit.runners.BlockJUnit4ClassRunner.runChild(BlockJUnit4ClassRunner.java:63)
	at org.junit.runners.ParentRunner$4.run(ParentRunner.java:331)
	at org.junit.runners.ParentRunner$1.schedule(ParentRunner.java:79)
	at org.junit.runners.ParentRunner.runChildren(ParentRunner.java:329)
	at org.junit.runners.ParentRunner.access$100(ParentRunner.java:66)
	at org.junit.runners.ParentRunner$2.evaluate(ParentRunner.java:293)
	at org.junit.runners.ParentRunner.run(ParentRunner.java:413)
	at org.junit.runners.Suite.runChild(Suite.java:128)
	at org.junit.runners.Suite.runChild(Suite.java:27)
	at org.junit.runners.ParentRunner$4.run(ParentRunner.java:331)
	at org.junit.runners.ParentRunner$1.schedule(ParentRunner.java:79)
	at org.junit.runners.ParentRunner.runChildren(ParentRunner.java:329)
	at org.junit.runners.ParentRunner.access$100(ParentRunner.java:66)
	at org.junit.runners.ParentRunner$2.evaluate(ParentRunner.java:293)
	at org.junit.runners.ParentRunner$3.evaluate(ParentRunner.java:306)
	at org.junit.runners.ParentRunner.run(ParentRunner.java:413)
	at org.apache.maven.surefire.junit4.JUnit4Provider.execute(JUnit4Provider.java:316)
	at org.apache.maven.surefire.junit4.JUnit4Provider.executeWithRerun(JUnit4Provider.java:240)
	at org.apache.maven.surefire.junit4.JUnit4Provider.executeTestSet(JUnit4Provider.java:214)
	at org.apache.maven.surefire.junit4.JUnit4Provider.invoke(JUnit4Provider.java:155)
	at org.apache.maven.surefire.booter.ForkedBooter.runSuitesInProcess(ForkedBooter.java:385)
	at org.apache.maven.surefire.booter.ForkedBooter.execute(ForkedBooter.java:162)
	at org.apache.maven.surefire.booter.ForkedBooter.run(ForkedBooter.java:507)
	at org.apache.maven.surefire.booter.ForkedBooter.main(ForkedBooter.java:495)

[ERROR] net.zerocloud.pdf.consumer.ParagraphCompositionWorkflowTest.fractionalLeadingFitsAnExactAreaHeight[IN_PROCESS] -- Time elapsed: 0.006 s <<< ERROR!
net.zerocloud.pdf.DocumentFailure: The text and logical-structure extraction limit was exceeded.
	at net.zerocloud.pdf.PdfBoxWorkflowEngine.failure(PdfBoxWorkflowEngine.java:292)
	at net.zerocloud.pdf.PdfBoxWorkflowEngine.executeWithDocument(PdfBoxWorkflowEngine.java:350)
	at net.zerocloud.pdf.PdfBoxWorkflowEngine.executeChecked(PdfBoxWorkflowEngine.java:238)
	at net.zerocloud.pdf.PdfBoxWorkflowEngine.execute(PdfBoxWorkflowEngine.java:41)
	at net.zerocloud.pdf.DocumentWorkflow.executeOnce(DocumentWorkflow.java:184)
	at net.zerocloud.pdf.DocumentWorkflow.execute(DocumentWorkflow.java:103)
	at net.zerocloud.pdf.DocumentWorkflow.execute(DocumentWorkflow.java:64)
	at net.zerocloud.pdf.consumer.ParagraphCompositionWorkflowTest.read(ParagraphCompositionWorkflowTest.java:582)
	at net.zerocloud.pdf.consumer.ParagraphCompositionWorkflowTest.fractionalLeadingFitsAnExactAreaHeight(ParagraphCompositionWorkflowTest.java:155)
	at java.base/jdk.internal.reflect.NativeMethodAccessorImpl.invoke0(Native Method)
	at java.base/jdk.internal.reflect.NativeMethodAccessorImpl.invoke(NativeMethodAccessorImpl.java:77)
	at java.base/jdk.internal.reflect.DelegatingMethodAccessorImpl.invoke(DelegatingMethodAccessorImpl.java:43)
	at java.base/java.lang.reflect.Method.invoke(Method.java:568)
	at org.junit.runners.model.FrameworkMethod$1.runReflectiveCall(FrameworkMethod.java:59)
	at org.junit.internal.runners.model.ReflectiveCallable.run(ReflectiveCallable.java:12)
	at org.junit.runners.model.FrameworkMethod.invokeExplosively(FrameworkMethod.java:56)
	at org.junit.internal.runners.statements.InvokeMethod.evaluate(InvokeMethod.java:17)
	at org.junit.rules.ExternalResource$1.evaluate(ExternalResource.java:54)
	at org.junit.runners.ParentRunner$3.evaluate(ParentRunner.java:306)
	at org.junit.runners.BlockJUnit4ClassRunner$1.evaluate(BlockJUnit4ClassRunner.java:100)
	at org.junit.runners.ParentRunner.runLeaf(ParentRunner.java:366)
	at org.junit.runners.BlockJUnit4ClassRunner.runChild(BlockJUnit4ClassRunner.java:103)
	at org.junit.runners.BlockJUnit4ClassRunner.runChild(BlockJUnit4ClassRunner.java:63)
	at org.junit.runners.ParentRunner$4.run(ParentRunner.java:331)
	at org.junit.runners.ParentRunner$1.schedule(ParentRunner.java:79)
	at org.junit.runners.ParentRunner.runChildren(ParentRunner.java:329)
	at org.junit.runners.ParentRunner.access$100(ParentRunner.java:66)
	at org.junit.runners.ParentRunner$2.evaluate(ParentRunner.java:293)
	at org.junit.runners.ParentRunner.run(ParentRunner.java:413)
	at org.junit.runners.Suite.runChild(Suite.java:128)
	at org.junit.runners.Suite.runChild(Suite.java:27)
	at org.junit.runners.ParentRunner$4.run(ParentRunner.java:331)
	at org.junit.runners.ParentRunner$1.schedule(ParentRunner.java:79)
	at org.junit.runners.ParentRunner.runChildren(ParentRunner.java:329)
	at org.junit.runners.ParentRunner.access$100(ParentRunner.java:66)
	at org.junit.runners.ParentRunner$2.evaluate(ParentRunner.java:293)
	at org.junit.runners.ParentRunner$3.evaluate(ParentRunner.java:306)
	at org.junit.runners.ParentRunner.run(ParentRunner.java:413)
	at org.apache.maven.surefire.junit4.JUnit4Provider.execute(JUnit4Provider.java:316)
	at org.apache.maven.surefire.junit4.JUnit4Provider.executeWithRerun(JUnit4Provider.java:240)
	at org.apache.maven.surefire.junit4.JUnit4Provider.executeTestSet(JUnit4Provider.java:214)
	at org.apache.maven.surefire.junit4.JUnit4Provider.invoke(JUnit4Provider.java:155)
	at org.apache.maven.surefire.booter.ForkedBooter.runSuitesInProcess(ForkedBooter.java:385)
	at org.apache.maven.surefire.booter.ForkedBooter.execute(ForkedBooter.java:162)
	at org.apache.maven.surefire.booter.ForkedBooter.run(ForkedBooter.java:507)
	at org.apache.maven.surefire.booter.ForkedBooter.main(ForkedBooter.java:495)

[ERROR] net.zerocloud.pdf.consumer.ParagraphCompositionWorkflowTest.sameReferenceFontBytesAndDeclarationsRepeatTheEntireLayout[IN_PROCESS] -- Time elapsed: 0.009 s <<< ERROR!
net.zerocloud.pdf.DocumentFailure: The text and logical-structure extraction limit was exceeded.
	at net.zerocloud.pdf.PdfBoxWorkflowEngine.failure(PdfBoxWorkflowEngine.java:292)
	at net.zerocloud.pdf.PdfBoxWorkflowEngine.executeWithDocument(PdfBoxWorkflowEngine.java:350)
	at net.zerocloud.pdf.PdfBoxWorkflowEngine.executeChecked(PdfBoxWorkflowEngine.java:238)
	at net.zerocloud.pdf.PdfBoxWorkflowEngine.execute(PdfBoxWorkflowEngine.java:41)
	at net.zerocloud.pdf.DocumentWorkflow.executeOnce(DocumentWorkflow.java:184)
	at net.zerocloud.pdf.DocumentWorkflow.execute(DocumentWorkflow.java:103)
	at net.zerocloud.pdf.DocumentWorkflow.execute(DocumentWorkflow.java:64)
	at net.zerocloud.pdf.consumer.ParagraphCompositionWorkflowTest.read(ParagraphCompositionWorkflowTest.java:582)
	at net.zerocloud.pdf.consumer.ParagraphCompositionWorkflowTest.sameReferenceFontBytesAndDeclarationsRepeatTheEntireLayout(ParagraphCompositionWorkflowTest.java:243)
	at java.base/jdk.internal.reflect.NativeMethodAccessorImpl.invoke0(Native Method)
	at java.base/jdk.internal.reflect.NativeMethodAccessorImpl.invoke(NativeMethodAccessorImpl.java:77)
	at java.base/jdk.internal.reflect.DelegatingMethodAccessorImpl.invoke(DelegatingMethodAccessorImpl.java:43)
	at java.base/java.lang.reflect.Method.invoke(Method.java:568)
	at org.junit.runners.model.FrameworkMethod$1.runReflectiveCall(FrameworkMethod.java:59)
	at org.junit.internal.runners.model.ReflectiveCallable.run(ReflectiveCallable.java:12)
	at org.junit.runners.model.FrameworkMethod.invokeExplosively(FrameworkMethod.java:56)
	at org.junit.internal.runners.statements.InvokeMethod.evaluate(InvokeMethod.java:17)
	at org.junit.rules.ExternalResource$1.evaluate(ExternalResource.java:54)
	at org.junit.runners.ParentRunner$3.evaluate(ParentRunner.java:306)
	at org.junit.runners.BlockJUnit4ClassRunner$1.evaluate(BlockJUnit4ClassRunner.java:100)
	at org.junit.runners.ParentRunner.runLeaf(ParentRunner.java:366)
	at org.junit.runners.BlockJUnit4ClassRunner.runChild(BlockJUnit4ClassRunner.java:103)
	at org.junit.runners.BlockJUnit4ClassRunner.runChild(BlockJUnit4ClassRunner.java:63)
	at org.junit.runners.ParentRunner$4.run(ParentRunner.java:331)
	at org.junit.runners.ParentRunner$1.schedule(ParentRunner.java:79)
	at org.junit.runners.ParentRunner.runChildren(ParentRunner.java:329)
	at org.junit.runners.ParentRunner.access$100(ParentRunner.java:66)
	at org.junit.runners.ParentRunner$2.evaluate(ParentRunner.java:293)
	at org.junit.runners.ParentRunner.run(ParentRunner.java:413)
	at org.junit.runners.Suite.runChild(Suite.java:128)
	at org.junit.runners.Suite.runChild(Suite.java:27)
	at org.junit.runners.ParentRunner$4.run(ParentRunner.java:331)
	at org.junit.runners.ParentRunner$1.schedule(ParentRunner.java:79)
	at org.junit.runners.ParentRunner.runChildren(ParentRunner.java:329)
	at org.junit.runners.ParentRunner.access$100(ParentRunner.java:66)
	at org.junit.runners.ParentRunner$2.evaluate(ParentRunner.java:293)
	at org.junit.runners.ParentRunner$3.evaluate(ParentRunner.java:306)
	at org.junit.runners.ParentRunner.run(ParentRunner.java:413)
	at org.apache.maven.surefire.junit4.JUnit4Provider.execute(JUnit4Provider.java:316)
	at org.apache.maven.surefire.junit4.JUnit4Provider.executeWithRerun(JUnit4Provider.java:240)
	at org.apache.maven.surefire.junit4.JUnit4Provider.executeTestSet(JUnit4Provider.java:214)
	at org.apache.maven.surefire.junit4.JUnit4Provider.invoke(JUnit4Provider.java:155)
	at org.apache.maven.surefire.booter.ForkedBooter.runSuitesInProcess(ForkedBooter.java:385)
	at org.apache.maven.surefire.booter.ForkedBooter.execute(ForkedBooter.java:162)
	at org.apache.maven.surefire.booter.ForkedBooter.run(ForkedBooter.java:507)
	at org.apache.maven.surefire.booter.ForkedBooter.main(ForkedBooter.java:495)

[ERROR] net.zerocloud.pdf.consumer.ParagraphCompositionWorkflowTest.fractionalAdvancesFitExactlyWithoutCreatingAnExtraLine[IN_PROCESS] -- Time elapsed: 0.005 s <<< ERROR!
net.zerocloud.pdf.DocumentFailure: The text and logical-structure extraction limit was exceeded.
	at net.zerocloud.pdf.PdfBoxWorkflowEngine.failure(PdfBoxWorkflowEngine.java:292)
	at net.zerocloud.pdf.PdfBoxWorkflowEngine.executeWithDocument(PdfBoxWorkflowEngine.java:350)
	at net.zerocloud.pdf.PdfBoxWorkflowEngine.executeChecked(PdfBoxWorkflowEngine.java:238)
	at net.zerocloud.pdf.PdfBoxWorkflowEngine.execute(PdfBoxWorkflowEngine.java:41)
	at net.zerocloud.pdf.DocumentWorkflow.executeOnce(DocumentWorkflow.java:184)
	at net.zerocloud.pdf.DocumentWorkflow.execute(DocumentWorkflow.java:103)
	at net.zerocloud.pdf.DocumentWorkflow.execute(DocumentWorkflow.java:64)
	at net.zerocloud.pdf.consumer.ParagraphCompositionWorkflowTest.read(ParagraphCompositionWorkflowTest.java:582)
	at net.zerocloud.pdf.consumer.ParagraphCompositionWorkflowTest.fractionalAdvancesFitExactlyWithoutCreatingAnExtraLine(ParagraphCompositionWorkflowTest.java:140)
	at java.base/jdk.internal.reflect.NativeMethodAccessorImpl.invoke0(Native Method)
	at java.base/jdk.internal.reflect.NativeMethodAccessorImpl.invoke(NativeMethodAccessorImpl.java:77)
	at java.base/jdk.internal.reflect.DelegatingMethodAccessorImpl.invoke(DelegatingMethodAccessorImpl.java:43)
	at java.base/java.lang.reflect.Method.invoke(Method.java:568)
	at org.junit.runners.model.FrameworkMethod$1.runReflectiveCall(FrameworkMethod.java:59)
	at org.junit.internal.runners.model.ReflectiveCallable.run(ReflectiveCallable.java:12)
	at org.junit.runners.model.FrameworkMethod.invokeExplosively(FrameworkMethod.java:56)
	at org.junit.internal.runners.statements.InvokeMethod.evaluate(InvokeMethod.java:17)
	at org.junit.rules.ExternalResource$1.evaluate(ExternalResource.java:54)
	at org.junit.runners.ParentRunner$3.evaluate(ParentRunner.java:306)
	at org.junit.runners.BlockJUnit4ClassRunner$1.evaluate(BlockJUnit4ClassRunner.java:100)
	at org.junit.runners.ParentRunner.runLeaf(ParentRunner.java:366)
	at org.junit.runners.BlockJUnit4ClassRunner.runChild(BlockJUnit4ClassRunner.java:103)
	at org.junit.runners.BlockJUnit4ClassRunner.runChild(BlockJUnit4ClassRunner.java:63)
	at org.junit.runners.ParentRunner$4.run(ParentRunner.java:331)
	at org.junit.runners.ParentRunner$1.schedule(ParentRunner.java:79)
	at org.junit.runners.ParentRunner.runChildren(ParentRunner.java:329)
	at org.junit.runners.ParentRunner.access$100(ParentRunner.java:66)
	at org.junit.runners.ParentRunner$2.evaluate(ParentRunner.java:293)
	at org.junit.runners.ParentRunner.run(ParentRunner.java:413)
	at org.junit.runners.Suite.runChild(Suite.java:128)
	at org.junit.runners.Suite.runChild(Suite.java:27)
	at org.junit.runners.ParentRunner$4.run(ParentRunner.java:331)
	at org.junit.runners.ParentRunner$1.schedule(ParentRunner.java:79)
	at org.junit.runners.ParentRunner.runChildren(ParentRunner.java:329)
	at org.junit.runners.ParentRunner.access$100(ParentRunner.java:66)
	at org.junit.runners.ParentRunner$2.evaluate(ParentRunner.java:293)
	at org.junit.runners.ParentRunner$3.evaluate(ParentRunner.java:306)
	at org.junit.runners.ParentRunner.run(ParentRunner.java:413)
	at org.apache.maven.surefire.junit4.JUnit4Provider.execute(JUnit4Provider.java:316)
	at org.apache.maven.surefire.junit4.JUnit4Provider.executeWithRerun(JUnit4Provider.java:240)
	at org.apache.maven.surefire.junit4.JUnit4Provider.executeTestSet(JUnit4Provider.java:214)
	at org.apache.maven.surefire.junit4.JUnit4Provider.invoke(JUnit4Provider.java:155)
	at org.apache.maven.surefire.booter.ForkedBooter.runSuitesInProcess(ForkedBooter.java:385)
	at org.apache.maven.surefire.booter.ForkedBooter.execute(ForkedBooter.java:162)
	at org.apache.maven.surefire.booter.ForkedBooter.run(ForkedBooter.java:507)
	at org.apache.maven.surefire.booter.ForkedBooter.main(ForkedBooter.java:495)

[ERROR] net.zerocloud.pdf.consumer.ParagraphCompositionWorkflowTest.callerFontStreamIsStagedOnceAndRemainsOpenAcrossFlows[IN_PROCESS] -- Time elapsed: 0.006 s <<< ERROR!
net.zerocloud.pdf.DocumentFailure: The text and logical-structure extraction limit was exceeded.
	at net.zerocloud.pdf.PdfBoxWorkflowEngine.failure(PdfBoxWorkflowEngine.java:292)
	at net.zerocloud.pdf.PdfBoxWorkflowEngine.executeWithDocument(PdfBoxWorkflowEngine.java:350)
	at net.zerocloud.pdf.PdfBoxWorkflowEngine.executeChecked(PdfBoxWorkflowEngine.java:238)
	at net.zerocloud.pdf.PdfBoxWorkflowEngine.execute(PdfBoxWorkflowEngine.java:41)
	at net.zerocloud.pdf.DocumentWorkflow.executeOnce(DocumentWorkflow.java:184)
	at net.zerocloud.pdf.DocumentWorkflow.execute(DocumentWorkflow.java:103)
	at net.zerocloud.pdf.DocumentWorkflow.execute(DocumentWorkflow.java:64)
	at net.zerocloud.pdf.consumer.ParagraphCompositionWorkflowTest.read(ParagraphCompositionWorkflowTest.java:582)
	at net.zerocloud.pdf.consumer.ParagraphCompositionWorkflowTest.callerFontStreamIsStagedOnceAndRemainsOpenAcrossFlows(ParagraphCompositionWorkflowTest.java:295)
	at java.base/jdk.internal.reflect.NativeMethodAccessorImpl.invoke0(Native Method)
	at java.base/jdk.internal.reflect.NativeMethodAccessorImpl.invoke(NativeMethodAccessorImpl.java:77)
	at java.base/jdk.internal.reflect.DelegatingMethodAccessorImpl.invoke(DelegatingMethodAccessorImpl.java:43)
	at java.base/java.lang.reflect.Method.invoke(Method.java:568)
	at org.junit.runners.model.FrameworkMethod$1.runReflectiveCall(FrameworkMethod.java:59)
	at org.junit.internal.runners.model.ReflectiveCallable.run(ReflectiveCallable.java:12)
	at org.junit.runners.model.FrameworkMethod.invokeExplosively(FrameworkMethod.java:56)
	at org.junit.internal.runners.statements.InvokeMethod.evaluate(InvokeMethod.java:17)
	at org.junit.rules.ExternalResource$1.evaluate(ExternalResource.java:54)
	at org.junit.runners.ParentRunner$3.evaluate(ParentRunner.java:306)
	at org.junit.runners.BlockJUnit4ClassRunner$1.evaluate(BlockJUnit4ClassRunner.java:100)
	at org.junit.runners.ParentRunner.runLeaf(ParentRunner.java:366)
	at org.junit.runners.BlockJUnit4ClassRunner.runChild(BlockJUnit4ClassRunner.java:103)
	at org.junit.runners.BlockJUnit4ClassRunner.runChild(BlockJUnit4ClassRunner.java:63)
	at org.junit.runners.ParentRunner$4.run(ParentRunner.java:331)
	at org.junit.runners.ParentRunner$1.schedule(ParentRunner.java:79)
	at org.junit.runners.ParentRunner.runChildren(ParentRunner.java:329)
	at org.junit.runners.ParentRunner.access$100(ParentRunner.java:66)
	at org.junit.runners.ParentRunner$2.evaluate(ParentRunner.java:293)
	at org.junit.runners.ParentRunner.run(ParentRunner.java:413)
	at org.junit.runners.Suite.runChild(Suite.java:128)
	at org.junit.runners.Suite.runChild(Suite.java:27)
	at org.junit.runners.ParentRunner$4.run(ParentRunner.java:331)
	at org.junit.runners.ParentRunner$1.schedule(ParentRunner.java:79)
	at org.junit.runners.ParentRunner.runChildren(ParentRunner.java:329)
	at org.junit.runners.ParentRunner.access$100(ParentRunner.java:66)
	at org.junit.runners.ParentRunner$2.evaluate(ParentRunner.java:293)
	at org.junit.runners.ParentRunner$3.evaluate(ParentRunner.java:306)
	at org.junit.runners.ParentRunner.run(ParentRunner.java:413)
	at org.apache.maven.surefire.junit4.JUnit4Provider.execute(JUnit4Provider.java:316)
	at org.apache.maven.surefire.junit4.JUnit4Provider.executeWithRerun(JUnit4Provider.java:240)
	at org.apache.maven.surefire.junit4.JUnit4Provider.executeTestSet(JUnit4Provider.java:214)
	at org.apache.maven.surefire.junit4.JUnit4Provider.invoke(JUnit4Provider.java:155)
	at org.apache.maven.surefire.booter.ForkedBooter.runSuitesInProcess(ForkedBooter.java:385)
	at org.apache.maven.surefire.booter.ForkedBooter.execute(ForkedBooter.java:162)
	at org.apache.maven.surefire.booter.ForkedBooter.run(ForkedBooter.java:507)
	at org.apache.maven.surefire.booter.ForkedBooter.main(ForkedBooter.java:495)

[ERROR] net.zerocloud.pdf.consumer.ParagraphCompositionWorkflowTest.tallGraphicsAndDifferentTextSizesDetermineLineBoxes[IN_PROCESS] -- Time elapsed: 0.007 s <<< ERROR!
net.zerocloud.pdf.DocumentFailure: The text and logical-structure extraction limit was exceeded.
	at net.zerocloud.pdf.PdfBoxWorkflowEngine.failure(PdfBoxWorkflowEngine.java:292)
	at net.zerocloud.pdf.PdfBoxWorkflowEngine.executeWithDocument(PdfBoxWorkflowEngine.java:350)
	at net.zerocloud.pdf.PdfBoxWorkflowEngine.executeChecked(PdfBoxWorkflowEngine.java:238)
	at net.zerocloud.pdf.PdfBoxWorkflowEngine.execute(PdfBoxWorkflowEngine.java:41)
	at net.zerocloud.pdf.DocumentWorkflow.executeOnce(DocumentWorkflow.java:184)
	at net.zerocloud.pdf.DocumentWorkflow.execute(DocumentWorkflow.java:103)
	at net.zerocloud.pdf.DocumentWorkflow.execute(DocumentWorkflow.java:64)
	at net.zerocloud.pdf.consumer.ParagraphCompositionWorkflowTest.read(ParagraphCompositionWorkflowTest.java:582)
	at net.zerocloud.pdf.consumer.ParagraphCompositionWorkflowTest.tallGraphicsAndDifferentTextSizesDetermineLineBoxes(ParagraphCompositionWorkflowTest.java:493)
	at java.base/jdk.internal.reflect.NativeMethodAccessorImpl.invoke0(Native Method)
	at java.base/jdk.internal.reflect.NativeMethodAccessorImpl.invoke(NativeMethodAccessorImpl.java:77)
	at java.base/jdk.internal.reflect.DelegatingMethodAccessorImpl.invoke(DelegatingMethodAccessorImpl.java:43)
	at java.base/java.lang.reflect.Method.invoke(Method.java:568)
	at org.junit.runners.model.FrameworkMethod$1.runReflectiveCall(FrameworkMethod.java:59)
	at org.junit.internal.runners.model.ReflectiveCallable.run(ReflectiveCallable.java:12)
	at org.junit.runners.model.FrameworkMethod.invokeExplosively(FrameworkMethod.java:56)
	at org.junit.internal.runners.statements.InvokeMethod.evaluate(InvokeMethod.java:17)
	at org.junit.rules.ExternalResource$1.evaluate(ExternalResource.java:54)
	at org.junit.runners.ParentRunner$3.evaluate(ParentRunner.java:306)
	at org.junit.runners.BlockJUnit4ClassRunner$1.evaluate(BlockJUnit4ClassRunner.java:100)
	at org.junit.runners.ParentRunner.runLeaf(ParentRunner.java:366)
	at org.junit.runners.BlockJUnit4ClassRunner.runChild(BlockJUnit4ClassRunner.java:103)
	at org.junit.runners.BlockJUnit4ClassRunner.runChild(BlockJUnit4ClassRunner.java:63)
	at org.junit.runners.ParentRunner$4.run(ParentRunner.java:331)
	at org.junit.runners.ParentRunner$1.schedule(ParentRunner.java:79)
	at org.junit.runners.ParentRunner.runChildren(ParentRunner.java:329)
	at org.junit.runners.ParentRunner.access$100(ParentRunner.java:66)
	at org.junit.runners.ParentRunner$2.evaluate(ParentRunner.java:293)
	at org.junit.runners.ParentRunner.run(ParentRunner.java:413)
	at org.junit.runners.Suite.runChild(Suite.java:128)
	at org.junit.runners.Suite.runChild(Suite.java:27)
	at org.junit.runners.ParentRunner$4.run(ParentRunner.java:331)
	at org.junit.runners.ParentRunner$1.schedule(ParentRunner.java:79)
	at org.junit.runners.ParentRunner.runChildren(ParentRunner.java:329)
	at org.junit.runners.ParentRunner.access$100(ParentRunner.java:66)
	at org.junit.runners.ParentRunner$2.evaluate(ParentRunner.java:293)
	at org.junit.runners.ParentRunner$3.evaluate(ParentRunner.java:306)
	at org.junit.runners.ParentRunner.run(ParentRunner.java:413)
	at org.apache.maven.surefire.junit4.JUnit4Provider.execute(JUnit4Provider.java:316)
	at org.apache.maven.surefire.junit4.JUnit4Provider.executeWithRerun(JUnit4Provider.java:240)
	at org.apache.maven.surefire.junit4.JUnit4Provider.executeTestSet(JUnit4Provider.java:214)
	at org.apache.maven.surefire.junit4.JUnit4Provider.invoke(JUnit4Provider.java:155)
	at org.apache.maven.surefire.booter.ForkedBooter.runSuitesInProcess(ForkedBooter.java:385)
	at org.apache.maven.surefire.booter.ForkedBooter.execute(ForkedBooter.java:162)
	at org.apache.maven.surefire.booter.ForkedBooter.run(ForkedBooter.java:507)
	at org.apache.maven.surefire.booter.ForkedBooter.main(ForkedBooter.java:495)

[ERROR] net.zerocloud.pdf.consumer.ParagraphCompositionWorkflowTest.mixedParagraphFlowsAcrossTwoColumnsAndANewPage[IN_PROCESS] -- Time elapsed: 0.009 s <<< ERROR!
net.zerocloud.pdf.DocumentFailure: The text and logical-structure extraction limit was exceeded.
	at net.zerocloud.pdf.PdfBoxWorkflowEngine.failure(PdfBoxWorkflowEngine.java:292)
	at net.zerocloud.pdf.PdfBoxWorkflowEngine.executeWithDocument(PdfBoxWorkflowEngine.java:350)
	at net.zerocloud.pdf.PdfBoxWorkflowEngine.executeChecked(PdfBoxWorkflowEngine.java:238)
	at net.zerocloud.pdf.PdfBoxWorkflowEngine.execute(PdfBoxWorkflowEngine.java:41)
	at net.zerocloud.pdf.DocumentWorkflow.executeOnce(DocumentWorkflow.java:184)
	at net.zerocloud.pdf.DocumentWorkflow.execute(DocumentWorkflow.java:103)
	at net.zerocloud.pdf.DocumentWorkflow.execute(DocumentWorkflow.java:64)
	at net.zerocloud.pdf.consumer.ParagraphCompositionWorkflowTest.read(ParagraphCompositionWorkflowTest.java:582)
	at net.zerocloud.pdf.consumer.ParagraphCompositionWorkflowTest.mixedParagraphFlowsAcrossTwoColumnsAndANewPage(ParagraphCompositionWorkflowTest.java:104)
	at java.base/jdk.internal.reflect.NativeMethodAccessorImpl.invoke0(Native Method)
	at java.base/jdk.internal.reflect.NativeMethodAccessorImpl.invoke(NativeMethodAccessorImpl.java:77)
	at java.base/jdk.internal.reflect.DelegatingMethodAccessorImpl.invoke(DelegatingMethodAccessorImpl.java:43)
	at java.base/java.lang.reflect.Method.invoke(Method.java:568)
	at org.junit.runners.model.FrameworkMethod$1.runReflectiveCall(FrameworkMethod.java:59)
	at org.junit.internal.runners.model.ReflectiveCallable.run(ReflectiveCallable.java:12)
	at org.junit.runners.model.FrameworkMethod.invokeExplosively(FrameworkMethod.java:56)
	at org.junit.internal.runners.statements.InvokeMethod.evaluate(InvokeMethod.java:17)
	at org.junit.rules.ExternalResource$1.evaluate(ExternalResource.java:54)
	at org.junit.runners.ParentRunner$3.evaluate(ParentRunner.java:306)
	at org.junit.runners.BlockJUnit4ClassRunner$1.evaluate(BlockJUnit4ClassRunner.java:100)
	at org.junit.runners.ParentRunner.runLeaf(ParentRunner.java:366)
	at org.junit.runners.BlockJUnit4ClassRunner.runChild(BlockJUnit4ClassRunner.java:103)
	at org.junit.runners.BlockJUnit4ClassRunner.runChild(BlockJUnit4ClassRunner.java:63)
	at org.junit.runners.ParentRunner$4.run(ParentRunner.java:331)
	at org.junit.runners.ParentRunner$1.schedule(ParentRunner.java:79)
	at org.junit.runners.ParentRunner.runChildren(ParentRunner.java:329)
	at org.junit.runners.ParentRunner.access$100(ParentRunner.java:66)
	at org.junit.runners.ParentRunner$2.evaluate(ParentRunner.java:293)
	at org.junit.runners.ParentRunner.run(ParentRunner.java:413)
	at org.junit.runners.Suite.runChild(Suite.java:128)
	at org.junit.runners.Suite.runChild(Suite.java:27)
	at org.junit.runners.ParentRunner$4.run(ParentRunner.java:331)
	at org.junit.runners.ParentRunner$1.schedule(ParentRunner.java:79)
	at org.junit.runners.ParentRunner.runChildren(ParentRunner.java:329)
	at org.junit.runners.ParentRunner.access$100(ParentRunner.java:66)
	at org.junit.runners.ParentRunner$2.evaluate(ParentRunner.java:293)
	at org.junit.runners.ParentRunner$3.evaluate(ParentRunner.java:306)
	at org.junit.runners.ParentRunner.run(ParentRunner.java:413)
	at org.apache.maven.surefire.junit4.JUnit4Provider.execute(JUnit4Provider.java:316)
	at org.apache.maven.surefire.junit4.JUnit4Provider.executeWithRerun(JUnit4Provider.java:240)
	at org.apache.maven.surefire.junit4.JUnit4Provider.executeTestSet(JUnit4Provider.java:214)
	at org.apache.maven.surefire.junit4.JUnit4Provider.invoke(JUnit4Provider.java:155)
	at org.apache.maven.surefire.booter.ForkedBooter.runSuitesInProcess(ForkedBooter.java:385)
	at org.apache.maven.surefire.booter.ForkedBooter.execute(ForkedBooter.java:162)
	at org.apache.maven.surefire.booter.ForkedBooter.run(ForkedBooter.java:507)
	at org.apache.maven.surefire.booter.ForkedBooter.main(ForkedBooter.java:495)

[ERROR] net.zerocloud.pdf.consumer.ParagraphCompositionWorkflowTest.unsignedIncrementalAppendPreservesExistingPageContent[IN_PROCESS] -- Time elapsed: 0.009 s <<< ERROR!
net.zerocloud.pdf.DocumentFailure: The text and logical-structure extraction limit was exceeded.
	at net.zerocloud.pdf.PdfBoxWorkflowEngine.failure(PdfBoxWorkflowEngine.java:292)
	at net.zerocloud.pdf.PdfBoxWorkflowEngine.executeWithDocument(PdfBoxWorkflowEngine.java:350)
	at net.zerocloud.pdf.PdfBoxWorkflowEngine.executeChecked(PdfBoxWorkflowEngine.java:238)
	at net.zerocloud.pdf.PdfBoxWorkflowEngine.execute(PdfBoxWorkflowEngine.java:41)
	at net.zerocloud.pdf.DocumentWorkflow.executeOnce(DocumentWorkflow.java:184)
	at net.zerocloud.pdf.DocumentWorkflow.execute(DocumentWorkflow.java:103)
	at net.zerocloud.pdf.DocumentWorkflow.execute(DocumentWorkflow.java:64)
	at net.zerocloud.pdf.consumer.ParagraphCompositionWorkflowTest.read(ParagraphCompositionWorkflowTest.java:582)
	at net.zerocloud.pdf.consumer.ParagraphCompositionWorkflowTest.unsignedIncrementalAppendPreservesExistingPageContent(ParagraphCompositionWorkflowTest.java:378)
	at java.base/jdk.internal.reflect.NativeMethodAccessorImpl.invoke0(Native Method)
	at java.base/jdk.internal.reflect.NativeMethodAccessorImpl.invoke(NativeMethodAccessorImpl.java:77)
	at java.base/jdk.internal.reflect.DelegatingMethodAccessorImpl.invoke(DelegatingMethodAccessorImpl.java:43)
	at java.base/java.lang.reflect.Method.invoke(Method.java:568)
	at org.junit.runners.model.FrameworkMethod$1.runReflectiveCall(FrameworkMethod.java:59)
	at org.junit.internal.runners.model.ReflectiveCallable.run(ReflectiveCallable.java:12)
	at org.junit.runners.model.FrameworkMethod.invokeExplosively(FrameworkMethod.java:56)
	at org.junit.internal.runners.statements.InvokeMethod.evaluate(InvokeMethod.java:17)
	at org.junit.rules.ExternalResource$1.evaluate(ExternalResource.java:54)
	at org.junit.runners.ParentRunner$3.evaluate(ParentRunner.java:306)
	at org.junit.runners.BlockJUnit4ClassRunner$1.evaluate(BlockJUnit4ClassRunner.java:100)
	at org.junit.runners.ParentRunner.runLeaf(ParentRunner.java:366)
	at org.junit.runners.BlockJUnit4ClassRunner.runChild(BlockJUnit4ClassRunner.java:103)
	at org.junit.runners.BlockJUnit4ClassRunner.runChild(BlockJUnit4ClassRunner.java:63)
	at org.junit.runners.ParentRunner$4.run(ParentRunner.java:331)
	at org.junit.runners.ParentRunner$1.schedule(ParentRunner.java:79)
	at org.junit.runners.ParentRunner.runChildren(ParentRunner.java:329)
	at org.junit.runners.ParentRunner.access$100(ParentRunner.java:66)
	at org.junit.runners.ParentRunner$2.evaluate(ParentRunner.java:293)
	at org.junit.runners.ParentRunner.run(ParentRunner.java:413)
	at org.junit.runners.Suite.runChild(Suite.java:128)
	at org.junit.runners.Suite.runChild(Suite.java:27)
	at org.junit.runners.ParentRunner$4.run(ParentRunner.java:331)
	at org.junit.runners.ParentRunner$1.schedule(ParentRunner.java:79)
	at org.junit.runners.ParentRunner.runChildren(ParentRunner.java:329)
	at org.junit.runners.ParentRunner.access$100(ParentRunner.java:66)
	at org.junit.runners.ParentRunner$2.evaluate(ParentRunner.java:293)
	at org.junit.runners.ParentRunner$3.evaluate(ParentRunner.java:306)
	at org.junit.runners.ParentRunner.run(ParentRunner.java:413)
	at org.apache.maven.surefire.junit4.JUnit4Provider.execute(JUnit4Provider.java:316)
	at org.apache.maven.surefire.junit4.JUnit4Provider.executeWithRerun(JUnit4Provider.java:240)
	at org.apache.maven.surefire.junit4.JUnit4Provider.executeTestSet(JUnit4Provider.java:214)
	at org.apache.maven.surefire.junit4.JUnit4Provider.invoke(JUnit4Provider.java:155)
	at org.apache.maven.surefire.booter.ForkedBooter.runSuitesInProcess(ForkedBooter.java:385)
	at org.apache.maven.surefire.booter.ForkedBooter.execute(ForkedBooter.java:162)
	at org.apache.maven.surefire.booter.ForkedBooter.run(ForkedBooter.java:507)
	at org.apache.maven.surefire.booter.ForkedBooter.main(ForkedBooter.java:495)

[ERROR] net.zerocloud.pdf.consumer.ParagraphCompositionWorkflowTest.alignmentPositionsTextWithinTheDeclaredWidth[IN_PROCESS] -- Time elapsed: 0.006 s <<< ERROR!
net.zerocloud.pdf.DocumentFailure: The text and logical-structure extraction limit was exceeded.
	at net.zerocloud.pdf.PdfBoxWorkflowEngine.failure(PdfBoxWorkflowEngine.java:292)
	at net.zerocloud.pdf.PdfBoxWorkflowEngine.executeWithDocument(PdfBoxWorkflowEngine.java:350)
	at net.zerocloud.pdf.PdfBoxWorkflowEngine.executeChecked(PdfBoxWorkflowEngine.java:238)
	at net.zerocloud.pdf.PdfBoxWorkflowEngine.execute(PdfBoxWorkflowEngine.java:41)
	at net.zerocloud.pdf.DocumentWorkflow.executeOnce(DocumentWorkflow.java:184)
	at net.zerocloud.pdf.DocumentWorkflow.execute(DocumentWorkflow.java:103)
	at net.zerocloud.pdf.DocumentWorkflow.execute(DocumentWorkflow.java:64)
	at net.zerocloud.pdf.consumer.ParagraphCompositionWorkflowTest.read(ParagraphCompositionWorkflowTest.java:582)
	at net.zerocloud.pdf.consumer.ParagraphCompositionWorkflowTest.alignmentPositionsTextWithinTheDeclaredWidth(ParagraphCompositionWorkflowTest.java:209)
	at java.base/jdk.internal.reflect.NativeMethodAccessorImpl.invoke0(Native Method)
	at java.base/jdk.internal.reflect.NativeMethodAccessorImpl.invoke(NativeMethodAccessorImpl.java:77)
	at java.base/jdk.internal.reflect.DelegatingMethodAccessorImpl.invoke(DelegatingMethodAccessorImpl.java:43)
	at java.base/java.lang.reflect.Method.invoke(Method.java:568)
	at org.junit.runners.model.FrameworkMethod$1.runReflectiveCall(FrameworkMethod.java:59)
	at org.junit.internal.runners.model.ReflectiveCallable.run(ReflectiveCallable.java:12)
	at org.junit.runners.model.FrameworkMethod.invokeExplosively(FrameworkMethod.java:56)
	at org.junit.internal.runners.statements.InvokeMethod.evaluate(InvokeMethod.java:17)
	at org.junit.rules.ExternalResource$1.evaluate(ExternalResource.java:54)
	at org.junit.runners.ParentRunner$3.evaluate(ParentRunner.java:306)
	at org.junit.runners.BlockJUnit4ClassRunner$1.evaluate(BlockJUnit4ClassRunner.java:100)
	at org.junit.runners.ParentRunner.runLeaf(ParentRunner.java:366)
	at org.junit.runners.BlockJUnit4ClassRunner.runChild(BlockJUnit4ClassRunner.java:103)
	at org.junit.runners.BlockJUnit4ClassRunner.runChild(BlockJUnit4ClassRunner.java:63)
	at org.junit.runners.ParentRunner$4.run(ParentRunner.java:331)
	at org.junit.runners.ParentRunner$1.schedule(ParentRunner.java:79)
	at org.junit.runners.ParentRunner.runChildren(ParentRunner.java:329)
	at org.junit.runners.ParentRunner.access$100(ParentRunner.java:66)
	at org.junit.runners.ParentRunner$2.evaluate(ParentRunner.java:293)
	at org.junit.runners.ParentRunner.run(ParentRunner.java:413)
	at org.junit.runners.Suite.runChild(Suite.java:128)
	at org.junit.runners.Suite.runChild(Suite.java:27)
	at org.junit.runners.ParentRunner$4.run(ParentRunner.java:331)
	at org.junit.runners.ParentRunner$1.schedule(ParentRunner.java:79)
	at org.junit.runners.ParentRunner.runChildren(ParentRunner.java:329)
	at org.junit.runners.ParentRunner.access$100(ParentRunner.java:66)
	at org.junit.runners.ParentRunner$2.evaluate(ParentRunner.java:293)
	at org.junit.runners.ParentRunner$3.evaluate(ParentRunner.java:306)
	at org.junit.runners.ParentRunner.run(ParentRunner.java:413)
	at org.apache.maven.surefire.junit4.JUnit4Provider.execute(JUnit4Provider.java:316)
	at org.apache.maven.surefire.junit4.JUnit4Provider.executeWithRerun(JUnit4Provider.java:240)
	at org.apache.maven.surefire.junit4.JUnit4Provider.executeTestSet(JUnit4Provider.java:214)
	at org.apache.maven.surefire.junit4.JUnit4Provider.invoke(JUnit4Provider.java:155)
	at org.apache.maven.surefire.booter.ForkedBooter.runSuitesInProcess(ForkedBooter.java:385)
	at org.apache.maven.surefire.booter.ForkedBooter.execute(ForkedBooter.java:162)
	at org.apache.maven.surefire.booter.ForkedBooter.run(ForkedBooter.java:507)
	at org.apache.maven.surefire.booter.ForkedBooter.main(ForkedBooter.java:495)

[ERROR] net.zerocloud.pdf.consumer.ParagraphCompositionWorkflowTest.fractionalMarginsAdmitAnExactAreaAndRejectAnExcess[IN_PROCESS] -- Time elapsed: 0.005 s <<< ERROR!
net.zerocloud.pdf.DocumentFailure: The text and logical-structure extraction limit was exceeded.
	at net.zerocloud.pdf.PdfBoxWorkflowEngine.failure(PdfBoxWorkflowEngine.java:292)
	at net.zerocloud.pdf.PdfBoxWorkflowEngine.executeWithDocument(PdfBoxWorkflowEngine.java:350)
	at net.zerocloud.pdf.PdfBoxWorkflowEngine.executeChecked(PdfBoxWorkflowEngine.java:238)
	at net.zerocloud.pdf.PdfBoxWorkflowEngine.execute(PdfBoxWorkflowEngine.java:41)
	at net.zerocloud.pdf.DocumentWorkflow.executeOnce(DocumentWorkflow.java:184)
	at net.zerocloud.pdf.DocumentWorkflow.execute(DocumentWorkflow.java:103)
	at net.zerocloud.pdf.DocumentWorkflow.execute(DocumentWorkflow.java:64)
	at net.zerocloud.pdf.consumer.ParagraphCompositionWorkflowTest.read(ParagraphCompositionWorkflowTest.java:582)
	at net.zerocloud.pdf.consumer.ParagraphCompositionWorkflowTest.fractionalMarginsAdmitAnExactAreaAndRejectAnExcess(ParagraphCompositionWorkflowTest.java:176)
	at java.base/jdk.internal.reflect.NativeMethodAccessorImpl.invoke0(Native Method)
	at java.base/jdk.internal.reflect.NativeMethodAccessorImpl.invoke(NativeMethodAccessorImpl.java:77)
	at java.base/jdk.internal.reflect.DelegatingMethodAccessorImpl.invoke(DelegatingMethodAccessorImpl.java:43)
	at java.base/java.lang.reflect.Method.invoke(Method.java:568)
	at org.junit.runners.model.FrameworkMethod$1.runReflectiveCall(FrameworkMethod.java:59)
	at org.junit.internal.runners.model.ReflectiveCallable.run(ReflectiveCallable.java:12)
	at org.junit.runners.model.FrameworkMethod.invokeExplosively(FrameworkMethod.java:56)
	at org.junit.internal.runners.statements.InvokeMethod.evaluate(InvokeMethod.java:17)
	at org.junit.rules.ExternalResource$1.evaluate(ExternalResource.java:54)
	at org.junit.runners.ParentRunner$3.evaluate(ParentRunner.java:306)
	at org.junit.runners.BlockJUnit4ClassRunner$1.evaluate(BlockJUnit4ClassRunner.java:100)
	at org.junit.runners.ParentRunner.runLeaf(ParentRunner.java:366)
	at org.junit.runners.BlockJUnit4ClassRunner.runChild(BlockJUnit4ClassRunner.java:103)
	at org.junit.runners.BlockJUnit4ClassRunner.runChild(BlockJUnit4ClassRunner.java:63)
	at org.junit.runners.ParentRunner$4.run(ParentRunner.java:331)
	at org.junit.runners.ParentRunner$1.schedule(ParentRunner.java:79)
	at org.junit.runners.ParentRunner.runChildren(ParentRunner.java:329)
	at org.junit.runners.ParentRunner.access$100(ParentRunner.java:66)
	at org.junit.runners.ParentRunner$2.evaluate(ParentRunner.java:293)
	at org.junit.runners.ParentRunner.run(ParentRunner.java:413)
	at org.junit.runners.Suite.runChild(Suite.java:128)
	at org.junit.runners.Suite.runChild(Suite.java:27)
	at org.junit.runners.ParentRunner$4.run(ParentRunner.java:331)
	at org.junit.runners.ParentRunner$1.schedule(ParentRunner.java:79)
	at org.junit.runners.ParentRunner.runChildren(ParentRunner.java:329)
	at org.junit.runners.ParentRunner.access$100(ParentRunner.java:66)
	at org.junit.runners.ParentRunner$2.evaluate(ParentRunner.java:293)
	at org.junit.runners.ParentRunner$3.evaluate(ParentRunner.java:306)
	at org.junit.runners.ParentRunner.run(ParentRunner.java:413)
	at org.apache.maven.surefire.junit4.JUnit4Provider.execute(JUnit4Provider.java:316)
	at org.apache.maven.surefire.junit4.JUnit4Provider.executeWithRerun(JUnit4Provider.java:240)
	at org.apache.maven.surefire.junit4.JUnit4Provider.executeTestSet(JUnit4Provider.java:214)
	at org.apache.maven.surefire.junit4.JUnit4Provider.invoke(JUnit4Provider.java:155)
	at org.apache.maven.surefire.booter.ForkedBooter.runSuitesInProcess(ForkedBooter.java:385)
	at org.apache.maven.surefire.booter.ForkedBooter.execute(ForkedBooter.java:162)
	at org.apache.maven.surefire.booter.ForkedBooter.run(ForkedBooter.java:507)
	at org.apache.maven.surefire.booter.ForkedBooter.main(ForkedBooter.java:495)

[ERROR] net.zerocloud.pdf.consumer.ParagraphCompositionWorkflowTest.leadingAndExplicitLineBreaksControlBaselinesAndPagination[HARDENED_WORKER] -- Time elapsed: 1.236 s <<< ERROR!
net.zerocloud.pdf.DocumentFailure: The text and logical-structure extraction limit was exceeded.
	at net.zerocloud.pdf.HardenedWorkerEngine.execute(HardenedWorkerEngine.java:247)
	at net.zerocloud.pdf.DocumentWorkflow.executeOnce(DocumentWorkflow.java:177)
	at net.zerocloud.pdf.DocumentWorkflow.execute(DocumentWorkflow.java:103)
	at net.zerocloud.pdf.DocumentWorkflow.execute(DocumentWorkflow.java:64)
	at net.zerocloud.pdf.consumer.ParagraphCompositionWorkflowTest.read(ParagraphCompositionWorkflowTest.java:582)
	at net.zerocloud.pdf.consumer.ParagraphCompositionWorkflowTest.assertLayout(ParagraphCompositionWorkflowTest.java:530)
	at net.zerocloud.pdf.consumer.ParagraphCompositionWorkflowTest.leadingAndExplicitLineBreaksControlBaselinesAndPagination(ParagraphCompositionWorkflowTest.java:225)
	at java.base/jdk.internal.reflect.NativeMethodAccessorImpl.invoke0(Native Method)
	at java.base/jdk.internal.reflect.NativeMethodAccessorImpl.invoke(NativeMethodAccessorImpl.java:77)
	at java.base/jdk.internal.reflect.DelegatingMethodAccessorImpl.invoke(DelegatingMethodAccessorImpl.java:43)
	at java.base/java.lang.reflect.Method.invoke(Method.java:568)
	at org.junit.runners.model.FrameworkMethod$1.runReflectiveCall(FrameworkMethod.java:59)
	at org.junit.internal.runners.model.ReflectiveCallable.run(ReflectiveCallable.java:12)
	at org.junit.runners.model.FrameworkMethod.invokeExplosively(FrameworkMethod.java:56)
	at org.junit.internal.runners.statements.InvokeMethod.evaluate(InvokeMethod.java:17)
	at org.junit.rules.ExternalResource$1.evaluate(ExternalResource.java:54)
	at org.junit.runners.ParentRunner$3.evaluate(ParentRunner.java:306)
	at org.junit.runners.BlockJUnit4ClassRunner$1.evaluate(BlockJUnit4ClassRunner.java:100)
	at org.junit.runners.ParentRunner.runLeaf(ParentRunner.java:366)
	at org.junit.runners.BlockJUnit4ClassRunner.runChild(BlockJUnit4ClassRunner.java:103)
	at org.junit.runners.BlockJUnit4ClassRunner.runChild(BlockJUnit4ClassRunner.java:63)
	at org.junit.runners.ParentRunner$4.run(ParentRunner.java:331)
	at org.junit.runners.ParentRunner$1.schedule(ParentRunner.java:79)
	at org.junit.runners.ParentRunner.runChildren(ParentRunner.java:329)
	at org.junit.runners.ParentRunner.access$100(ParentRunner.java:66)
	at org.junit.runners.ParentRunner$2.evaluate(ParentRunner.java:293)
	at org.junit.runners.ParentRunner.run(ParentRunner.java:413)
	at org.junit.runners.Suite.runChild(Suite.java:128)
	at org.junit.runners.Suite.runChild(Suite.java:27)
	at org.junit.runners.ParentRunner$4.run(ParentRunner.java:331)
	at org.junit.runners.ParentRunner$1.schedule(ParentRunner.java:79)
	at org.junit.runners.ParentRunner.runChildren(ParentRunner.java:329)
	at org.junit.runners.ParentRunner.access$100(ParentRunner.java:66)
	at org.junit.runners.ParentRunner$2.evaluate(ParentRunner.java:293)
	at org.junit.runners.ParentRunner$3.evaluate(ParentRunner.java:306)
	at org.junit.runners.ParentRunner.run(ParentRunner.java:413)
	at org.apache.maven.surefire.junit4.JUnit4Provider.execute(JUnit4Provider.java:316)
	at org.apache.maven.surefire.junit4.JUnit4Provider.executeWithRerun(JUnit4Provider.java:240)
	at org.apache.maven.surefire.junit4.JUnit4Provider.executeTestSet(JUnit4Provider.java:214)
	at org.apache.maven.surefire.junit4.JUnit4Provider.invoke(JUnit4Provider.java:155)
	at org.apache.maven.surefire.booter.ForkedBooter.runSuitesInProcess(ForkedBooter.java:385)
	at org.apache.maven.surefire.booter.ForkedBooter.execute(ForkedBooter.java:162)
	at org.apache.maven.surefire.booter.ForkedBooter.run(ForkedBooter.java:507)
	at org.apache.maven.surefire.booter.ForkedBooter.main(ForkedBooter.java:495)

[ERROR] net.zerocloud.pdf.consumer.ParagraphCompositionWorkflowTest.batchOrderQueryBarriersAndSessionExpiryArePreserved[HARDENED_WORKER] -- Time elapsed: 0.671 s <<< ERROR!
net.zerocloud.pdf.DocumentFailure: The text and logical-structure extraction limit was exceeded.
	at net.zerocloud.pdf.HardenedWorkerEngine.execute(HardenedWorkerEngine.java:247)
	at net.zerocloud.pdf.DocumentWorkflow.executeOnce(DocumentWorkflow.java:177)
	at net.zerocloud.pdf.DocumentWorkflow.execute(DocumentWorkflow.java:103)
	at net.zerocloud.pdf.DocumentWorkflow.execute(DocumentWorkflow.java:64)
	at net.zerocloud.pdf.consumer.ParagraphCompositionWorkflowTest.batchOrderQueryBarriersAndSessionExpiryArePreserved(ParagraphCompositionWorkflowTest.java:265)
	at java.base/jdk.internal.reflect.NativeMethodAccessorImpl.invoke0(Native Method)
	at java.base/jdk.internal.reflect.NativeMethodAccessorImpl.invoke(NativeMethodAccessorImpl.java:77)
	at java.base/jdk.internal.reflect.DelegatingMethodAccessorImpl.invoke(DelegatingMethodAccessorImpl.java:43)
	at java.base/java.lang.reflect.Method.invoke(Method.java:568)
	at org.junit.runners.model.FrameworkMethod$1.runReflectiveCall(FrameworkMethod.java:59)
	at org.junit.internal.runners.model.ReflectiveCallable.run(ReflectiveCallable.java:12)
	at org.junit.runners.model.FrameworkMethod.invokeExplosively(FrameworkMethod.java:56)
	at org.junit.internal.runners.statements.InvokeMethod.evaluate(InvokeMethod.java:17)
	at org.junit.rules.ExternalResource$1.evaluate(ExternalResource.java:54)
	at org.junit.runners.ParentRunner$3.evaluate(ParentRunner.java:306)
	at org.junit.runners.BlockJUnit4ClassRunner$1.evaluate(BlockJUnit4ClassRunner.java:100)
	at org.junit.runners.ParentRunner.runLeaf(ParentRunner.java:366)
	at org.junit.runners.BlockJUnit4ClassRunner.runChild(BlockJUnit4ClassRunner.java:103)
	at org.junit.runners.BlockJUnit4ClassRunner.runChild(BlockJUnit4ClassRunner.java:63)
	at org.junit.runners.ParentRunner$4.run(ParentRunner.java:331)
	at org.junit.runners.ParentRunner$1.schedule(ParentRunner.java:79)
	at org.junit.runners.ParentRunner.runChildren(ParentRunner.java:329)
	at org.junit.runners.ParentRunner.access$100(ParentRunner.java:66)
	at org.junit.runners.ParentRunner$2.evaluate(ParentRunner.java:293)
	at org.junit.runners.ParentRunner.run(ParentRunner.java:413)
	at org.junit.runners.Suite.runChild(Suite.java:128)
	at org.junit.runners.Suite.runChild(Suite.java:27)
	at org.junit.runners.ParentRunner$4.run(ParentRunner.java:331)
	at org.junit.runners.ParentRunner$1.schedule(ParentRunner.java:79)
	at org.junit.runners.ParentRunner.runChildren(ParentRunner.java:329)
	at org.junit.runners.ParentRunner.access$100(ParentRunner.java:66)
	at org.junit.runners.ParentRunner$2.evaluate(ParentRunner.java:293)
	at org.junit.runners.ParentRunner$3.evaluate(ParentRunner.java:306)
	at org.junit.runners.ParentRunner.run(ParentRunner.java:413)
	at org.apache.maven.surefire.junit4.JUnit4Provider.execute(JUnit4Provider.java:316)
	at org.apache.maven.surefire.junit4.JUnit4Provider.executeWithRerun(JUnit4Provider.java:240)
	at org.apache.maven.surefire.junit4.JUnit4Provider.executeTestSet(JUnit4Provider.java:214)
	at org.apache.maven.surefire.junit4.JUnit4Provider.invoke(JUnit4Provider.java:155)
	at org.apache.maven.surefire.booter.ForkedBooter.runSuitesInProcess(ForkedBooter.java:385)
	at org.apache.maven.surefire.booter.ForkedBooter.execute(ForkedBooter.java:162)
	at org.apache.maven.surefire.booter.ForkedBooter.run(ForkedBooter.java:507)
	at org.apache.maven.surefire.booter.ForkedBooter.main(ForkedBooter.java:495)

[ERROR] net.zerocloud.pdf.consumer.ParagraphCompositionWorkflowTest.pageSizeMarginsAndWidthCapsDetermineIndependentBreakpoints[HARDENED_WORKER] -- Time elapsed: 1.309 s <<< ERROR!
net.zerocloud.pdf.DocumentFailure: The text and logical-structure extraction limit was exceeded.
	at net.zerocloud.pdf.HardenedWorkerEngine.execute(HardenedWorkerEngine.java:247)
	at net.zerocloud.pdf.DocumentWorkflow.executeOnce(DocumentWorkflow.java:177)
	at net.zerocloud.pdf.DocumentWorkflow.execute(DocumentWorkflow.java:103)
	at net.zerocloud.pdf.DocumentWorkflow.execute(DocumentWorkflow.java:64)
	at net.zerocloud.pdf.consumer.ParagraphCompositionWorkflowTest.read(ParagraphCompositionWorkflowTest.java:582)
	at net.zerocloud.pdf.consumer.ParagraphCompositionWorkflowTest.assertLayout(ParagraphCompositionWorkflowTest.java:530)
	at net.zerocloud.pdf.consumer.ParagraphCompositionWorkflowTest.pageSizeMarginsAndWidthCapsDetermineIndependentBreakpoints(ParagraphCompositionWorkflowTest.java:123)
	at java.base/jdk.internal.reflect.NativeMethodAccessorImpl.invoke0(Native Method)
	at java.base/jdk.internal.reflect.NativeMethodAccessorImpl.invoke(NativeMethodAccessorImpl.java:77)
	at java.base/jdk.internal.reflect.DelegatingMethodAccessorImpl.invoke(DelegatingMethodAccessorImpl.java:43)
	at java.base/java.lang.reflect.Method.invoke(Method.java:568)
	at org.junit.runners.model.FrameworkMethod$1.runReflectiveCall(FrameworkMethod.java:59)
	at org.junit.internal.runners.model.ReflectiveCallable.run(ReflectiveCallable.java:12)
	at org.junit.runners.model.FrameworkMethod.invokeExplosively(FrameworkMethod.java:56)
	at org.junit.internal.runners.statements.InvokeMethod.evaluate(InvokeMethod.java:17)
	at org.junit.rules.ExternalResource$1.evaluate(ExternalResource.java:54)
	at org.junit.runners.ParentRunner$3.evaluate(ParentRunner.java:306)
	at org.junit.runners.BlockJUnit4ClassRunner$1.evaluate(BlockJUnit4ClassRunner.java:100)
	at org.junit.runners.ParentRunner.runLeaf(ParentRunner.java:366)
	at org.junit.runners.BlockJUnit4ClassRunner.runChild(BlockJUnit4ClassRunner.java:103)
	at org.junit.runners.BlockJUnit4ClassRunner.runChild(BlockJUnit4ClassRunner.java:63)
	at org.junit.runners.ParentRunner$4.run(ParentRunner.java:331)
	at org.junit.runners.ParentRunner$1.schedule(ParentRunner.java:79)
	at org.junit.runners.ParentRunner.runChildren(ParentRunner.java:329)
	at org.junit.runners.ParentRunner.access$100(ParentRunner.java:66)
	at org.junit.runners.ParentRunner$2.evaluate(ParentRunner.java:293)
	at org.junit.runners.ParentRunner.run(ParentRunner.java:413)
	at org.junit.runners.Suite.runChild(Suite.java:128)
	at org.junit.runners.Suite.runChild(Suite.java:27)
	at org.junit.runners.ParentRunner$4.run(ParentRunner.java:331)
	at org.junit.runners.ParentRunner$1.schedule(ParentRunner.java:79)
	at org.junit.runners.ParentRunner.runChildren(ParentRunner.java:329)
	at org.junit.runners.ParentRunner.access$100(ParentRunner.java:66)
	at org.junit.runners.ParentRunner$2.evaluate(ParentRunner.java:293)
	at org.junit.runners.ParentRunner$3.evaluate(ParentRunner.java:306)
	at org.junit.runners.ParentRunner.run(ParentRunner.java:413)
	at org.apache.maven.surefire.junit4.JUnit4Provider.execute(JUnit4Provider.java:316)
	at org.apache.maven.surefire.junit4.JUnit4Provider.executeWithRerun(JUnit4Provider.java:240)
	at org.apache.maven.surefire.junit4.JUnit4Provider.executeTestSet(JUnit4Provider.java:214)
	at org.apache.maven.surefire.junit4.JUnit4Provider.invoke(JUnit4Provider.java:155)
	at org.apache.maven.surefire.booter.ForkedBooter.runSuitesInProcess(ForkedBooter.java:385)
	at org.apache.maven.surefire.booter.ForkedBooter.execute(ForkedBooter.java:162)
	at org.apache.maven.surefire.booter.ForkedBooter.run(ForkedBooter.java:507)
	at org.apache.maven.surefire.booter.ForkedBooter.main(ForkedBooter.java:495)

[ERROR] net.zerocloud.pdf.consumer.ParagraphCompositionWorkflowTest.explicitAreaBreakSkipsTheRestOfTheCurrentArea[HARDENED_WORKER] -- Time elapsed: 1.322 s <<< ERROR!
net.zerocloud.pdf.DocumentFailure: The text and logical-structure extraction limit was exceeded.
	at net.zerocloud.pdf.HardenedWorkerEngine.execute(HardenedWorkerEngine.java:247)
	at net.zerocloud.pdf.DocumentWorkflow.executeOnce(DocumentWorkflow.java:177)
	at net.zerocloud.pdf.DocumentWorkflow.execute(DocumentWorkflow.java:103)
	at net.zerocloud.pdf.DocumentWorkflow.execute(DocumentWorkflow.java:64)
	at net.zerocloud.pdf.consumer.ParagraphCompositionWorkflowTest.read(ParagraphCompositionWorkflowTest.java:582)
	at net.zerocloud.pdf.consumer.ParagraphCompositionWorkflowTest.explicitAreaBreakSkipsTheRestOfTheCurrentArea(ParagraphCompositionWorkflowTest.java:193)
	at java.base/jdk.internal.reflect.NativeMethodAccessorImpl.invoke0(Native Method)
	at java.base/jdk.internal.reflect.NativeMethodAccessorImpl.invoke(NativeMethodAccessorImpl.java:77)
	at java.base/jdk.internal.reflect.DelegatingMethodAccessorImpl.invoke(DelegatingMethodAccessorImpl.java:43)
	at java.base/java.lang.reflect.Method.invoke(Method.java:568)
	at org.junit.runners.model.FrameworkMethod$1.runReflectiveCall(FrameworkMethod.java:59)
	at org.junit.internal.runners.model.ReflectiveCallable.run(ReflectiveCallable.java:12)
	at org.junit.runners.model.FrameworkMethod.invokeExplosively(FrameworkMethod.java:56)
	at org.junit.internal.runners.statements.InvokeMethod.evaluate(InvokeMethod.java:17)
	at org.junit.rules.ExternalResource$1.evaluate(ExternalResource.java:54)
	at org.junit.runners.ParentRunner$3.evaluate(ParentRunner.java:306)
	at org.junit.runners.BlockJUnit4ClassRunner$1.evaluate(BlockJUnit4ClassRunner.java:100)
	at org.junit.runners.ParentRunner.runLeaf(ParentRunner.java:366)
	at org.junit.runners.BlockJUnit4ClassRunner.runChild(BlockJUnit4ClassRunner.java:103)
	at org.junit.runners.BlockJUnit4ClassRunner.runChild(BlockJUnit4ClassRunner.java:63)
	at org.junit.runners.ParentRunner$4.run(ParentRunner.java:331)
	at org.junit.runners.ParentRunner$1.schedule(ParentRunner.java:79)
	at org.junit.runners.ParentRunner.runChildren(ParentRunner.java:329)
	at org.junit.runners.ParentRunner.access$100(ParentRunner.java:66)
	at org.junit.runners.ParentRunner$2.evaluate(ParentRunner.java:293)
	at org.junit.runners.ParentRunner.run(ParentRunner.java:413)
	at org.junit.runners.Suite.runChild(Suite.java:128)
	at org.junit.runners.Suite.runChild(Suite.java:27)
	at org.junit.runners.ParentRunner$4.run(ParentRunner.java:331)
	at org.junit.runners.ParentRunner$1.schedule(ParentRunner.java:79)
	at org.junit.runners.ParentRunner.runChildren(ParentRunner.java:329)
	at org.junit.runners.ParentRunner.access$100(ParentRunner.java:66)
	at org.junit.runners.ParentRunner$2.evaluate(ParentRunner.java:293)
	at org.junit.runners.ParentRunner$3.evaluate(ParentRunner.java:306)
	at org.junit.runners.ParentRunner.run(ParentRunner.java:413)
	at org.apache.maven.surefire.junit4.JUnit4Provider.execute(JUnit4Provider.java:316)
	at org.apache.maven.surefire.junit4.JUnit4Provider.executeWithRerun(JUnit4Provider.java:240)
	at org.apache.maven.surefire.junit4.JUnit4Provider.executeTestSet(JUnit4Provider.java:214)
	at org.apache.maven.surefire.junit4.JUnit4Provider.invoke(JUnit4Provider.java:155)
	at org.apache.maven.surefire.booter.ForkedBooter.runSuitesInProcess(ForkedBooter.java:385)
	at org.apache.maven.surefire.booter.ForkedBooter.execute(ForkedBooter.java:162)
	at org.apache.maven.surefire.booter.ForkedBooter.run(ForkedBooter.java:507)
	at org.apache.maven.surefire.booter.ForkedBooter.main(ForkedBooter.java:495)

[ERROR] net.zerocloud.pdf.consumer.ParagraphCompositionWorkflowTest.fractionalLeadingFitsAnExactAreaHeight[HARDENED_WORKER] -- Time elapsed: 1.251 s <<< ERROR!
net.zerocloud.pdf.DocumentFailure: The text and logical-structure extraction limit was exceeded.
	at net.zerocloud.pdf.HardenedWorkerEngine.execute(HardenedWorkerEngine.java:247)
	at net.zerocloud.pdf.DocumentWorkflow.executeOnce(DocumentWorkflow.java:177)
	at net.zerocloud.pdf.DocumentWorkflow.execute(DocumentWorkflow.java:103)
	at net.zerocloud.pdf.DocumentWorkflow.execute(DocumentWorkflow.java:64)
	at net.zerocloud.pdf.consumer.ParagraphCompositionWorkflowTest.read(ParagraphCompositionWorkflowTest.java:582)
	at net.zerocloud.pdf.consumer.ParagraphCompositionWorkflowTest.fractionalLeadingFitsAnExactAreaHeight(ParagraphCompositionWorkflowTest.java:155)
	at java.base/jdk.internal.reflect.NativeMethodAccessorImpl.invoke0(Native Method)
	at java.base/jdk.internal.reflect.NativeMethodAccessorImpl.invoke(NativeMethodAccessorImpl.java:77)
	at java.base/jdk.internal.reflect.DelegatingMethodAccessorImpl.invoke(DelegatingMethodAccessorImpl.java:43)
	at java.base/java.lang.reflect.Method.invoke(Method.java:568)
	at org.junit.runners.model.FrameworkMethod$1.runReflectiveCall(FrameworkMethod.java:59)
	at org.junit.internal.runners.model.ReflectiveCallable.run(ReflectiveCallable.java:12)
	at org.junit.runners.model.FrameworkMethod.invokeExplosively(FrameworkMethod.java:56)
	at org.junit.internal.runners.statements.InvokeMethod.evaluate(InvokeMethod.java:17)
	at org.junit.rules.ExternalResource$1.evaluate(ExternalResource.java:54)
	at org.junit.runners.ParentRunner$3.evaluate(ParentRunner.java:306)
	at org.junit.runners.BlockJUnit4ClassRunner$1.evaluate(BlockJUnit4ClassRunner.java:100)
	at org.junit.runners.ParentRunner.runLeaf(ParentRunner.java:366)
	at org.junit.runners.BlockJUnit4ClassRunner.runChild(BlockJUnit4ClassRunner.java:103)
	at org.junit.runners.BlockJUnit4ClassRunner.runChild(BlockJUnit4ClassRunner.java:63)
	at org.junit.runners.ParentRunner$4.run(ParentRunner.java:331)
	at org.junit.runners.ParentRunner$1.schedule(ParentRunner.java:79)
	at org.junit.runners.ParentRunner.runChildren(ParentRunner.java:329)
	at org.junit.runners.ParentRunner.access$100(ParentRunner.java:66)
	at org.junit.runners.ParentRunner$2.evaluate(ParentRunner.java:293)
	at org.junit.runners.ParentRunner.run(ParentRunner.java:413)
	at org.junit.runners.Suite.runChild(Suite.java:128)
	at org.junit.runners.Suite.runChild(Suite.java:27)
	at org.junit.runners.ParentRunner$4.run(ParentRunner.java:331)
	at org.junit.runners.ParentRunner$1.schedule(ParentRunner.java:79)
	at org.junit.runners.ParentRunner.runChildren(ParentRunner.java:329)
	at org.junit.runners.ParentRunner.access$100(ParentRunner.java:66)
	at org.junit.runners.ParentRunner$2.evaluate(ParentRunner.java:293)
	at org.junit.runners.ParentRunner$3.evaluate(ParentRunner.java:306)
	at org.junit.runners.ParentRunner.run(ParentRunner.java:413)
	at org.apache.maven.surefire.junit4.JUnit4Provider.execute(JUnit4Provider.java:316)
	at org.apache.maven.surefire.junit4.JUnit4Provider.executeWithRerun(JUnit4Provider.java:240)
	at org.apache.maven.surefire.junit4.JUnit4Provider.executeTestSet(JUnit4Provider.java:214)
	at org.apache.maven.surefire.junit4.JUnit4Provider.invoke(JUnit4Provider.java:155)
	at org.apache.maven.surefire.booter.ForkedBooter.runSuitesInProcess(ForkedBooter.java:385)
	at org.apache.maven.surefire.booter.ForkedBooter.execute(ForkedBooter.java:162)
	at org.apache.maven.surefire.booter.ForkedBooter.run(ForkedBooter.java:507)
	at org.apache.maven.surefire.booter.ForkedBooter.main(ForkedBooter.java:495)

[ERROR] net.zerocloud.pdf.consumer.ParagraphCompositionWorkflowTest.sameReferenceFontBytesAndDeclarationsRepeatTheEntireLayout[HARDENED_WORKER] -- Time elapsed: 1.359 s <<< ERROR!
net.zerocloud.pdf.DocumentFailure: The text and logical-structure extraction limit was exceeded.
	at net.zerocloud.pdf.HardenedWorkerEngine.execute(HardenedWorkerEngine.java:247)
	at net.zerocloud.pdf.DocumentWorkflow.executeOnce(DocumentWorkflow.java:177)
	at net.zerocloud.pdf.DocumentWorkflow.execute(DocumentWorkflow.java:103)
	at net.zerocloud.pdf.DocumentWorkflow.execute(DocumentWorkflow.java:64)
	at net.zerocloud.pdf.consumer.ParagraphCompositionWorkflowTest.read(ParagraphCompositionWorkflowTest.java:582)
	at net.zerocloud.pdf.consumer.ParagraphCompositionWorkflowTest.sameReferenceFontBytesAndDeclarationsRepeatTheEntireLayout(ParagraphCompositionWorkflowTest.java:243)
	at java.base/jdk.internal.reflect.NativeMethodAccessorImpl.invoke0(Native Method)
	at java.base/jdk.internal.reflect.NativeMethodAccessorImpl.invoke(NativeMethodAccessorImpl.java:77)
	at java.base/jdk.internal.reflect.DelegatingMethodAccessorImpl.invoke(DelegatingMethodAccessorImpl.java:43)
	at java.base/java.lang.reflect.Method.invoke(Method.java:568)
	at org.junit.runners.model.FrameworkMethod$1.runReflectiveCall(FrameworkMethod.java:59)
	at org.junit.internal.runners.model.ReflectiveCallable.run(ReflectiveCallable.java:12)
	at org.junit.runners.model.FrameworkMethod.invokeExplosively(FrameworkMethod.java:56)
	at org.junit.internal.runners.statements.InvokeMethod.evaluate(InvokeMethod.java:17)
	at org.junit.rules.ExternalResource$1.evaluate(ExternalResource.java:54)
	at org.junit.runners.ParentRunner$3.evaluate(ParentRunner.java:306)
	at org.junit.runners.BlockJUnit4ClassRunner$1.evaluate(BlockJUnit4ClassRunner.java:100)
	at org.junit.runners.ParentRunner.runLeaf(ParentRunner.java:366)
	at org.junit.runners.BlockJUnit4ClassRunner.runChild(BlockJUnit4ClassRunner.java:103)
	at org.junit.runners.BlockJUnit4ClassRunner.runChild(BlockJUnit4ClassRunner.java:63)
	at org.junit.runners.ParentRunner$4.run(ParentRunner.java:331)
	at org.junit.runners.ParentRunner$1.schedule(ParentRunner.java:79)
	at org.junit.runners.ParentRunner.runChildren(ParentRunner.java:329)
	at org.junit.runners.ParentRunner.access$100(ParentRunner.java:66)
	at org.junit.runners.ParentRunner$2.evaluate(ParentRunner.java:293)
	at org.junit.runners.ParentRunner.run(ParentRunner.java:413)
	at org.junit.runners.Suite.runChild(Suite.java:128)
	at org.junit.runners.Suite.runChild(Suite.java:27)
	at org.junit.runners.ParentRunner$4.run(ParentRunner.java:331)
	at org.junit.runners.ParentRunner$1.schedule(ParentRunner.java:79)
	at org.junit.runners.ParentRunner.runChildren(ParentRunner.java:329)
	at org.junit.runners.ParentRunner.access$100(ParentRunner.java:66)
	at org.junit.runners.ParentRunner$2.evaluate(ParentRunner.java:293)
	at org.junit.runners.ParentRunner$3.evaluate(ParentRunner.java:306)
	at org.junit.runners.ParentRunner.run(ParentRunner.java:413)
	at org.apache.maven.surefire.junit4.JUnit4Provider.execute(JUnit4Provider.java:316)
	at org.apache.maven.surefire.junit4.JUnit4Provider.executeWithRerun(JUnit4Provider.java:240)
	at org.apache.maven.surefire.junit4.JUnit4Provider.executeTestSet(JUnit4Provider.java:214)
	at org.apache.maven.surefire.junit4.JUnit4Provider.invoke(JUnit4Provider.java:155)
	at org.apache.maven.surefire.booter.ForkedBooter.runSuitesInProcess(ForkedBooter.java:385)
	at org.apache.maven.surefire.booter.ForkedBooter.execute(ForkedBooter.java:162)
	at org.apache.maven.surefire.booter.ForkedBooter.run(ForkedBooter.java:507)
	at org.apache.maven.surefire.booter.ForkedBooter.main(ForkedBooter.java:495)

[ERROR] net.zerocloud.pdf.consumer.ParagraphCompositionWorkflowTest.fractionalAdvancesFitExactlyWithoutCreatingAnExtraLine[HARDENED_WORKER] -- Time elapsed: 1.270 s <<< ERROR!
net.zerocloud.pdf.DocumentFailure: The text and logical-structure extraction limit was exceeded.
	at net.zerocloud.pdf.HardenedWorkerEngine.execute(HardenedWorkerEngine.java:247)
	at net.zerocloud.pdf.DocumentWorkflow.executeOnce(DocumentWorkflow.java:177)
	at net.zerocloud.pdf.DocumentWorkflow.execute(DocumentWorkflow.java:103)
	at net.zerocloud.pdf.DocumentWorkflow.execute(DocumentWorkflow.java:64)
	at net.zerocloud.pdf.consumer.ParagraphCompositionWorkflowTest.read(ParagraphCompositionWorkflowTest.java:582)
	at net.zerocloud.pdf.consumer.ParagraphCompositionWorkflowTest.fractionalAdvancesFitExactlyWithoutCreatingAnExtraLine(ParagraphCompositionWorkflowTest.java:140)
	at java.base/jdk.internal.reflect.NativeMethodAccessorImpl.invoke0(Native Method)
	at java.base/jdk.internal.reflect.NativeMethodAccessorImpl.invoke(NativeMethodAccessorImpl.java:77)
	at java.base/jdk.internal.reflect.DelegatingMethodAccessorImpl.invoke(DelegatingMethodAccessorImpl.java:43)
	at java.base/java.lang.reflect.Method.invoke(Method.java:568)
	at org.junit.runners.model.FrameworkMethod$1.runReflectiveCall(FrameworkMethod.java:59)
	at org.junit.internal.runners.model.ReflectiveCallable.run(ReflectiveCallable.java:12)
	at org.junit.runners.model.FrameworkMethod.invokeExplosively(FrameworkMethod.java:56)
	at org.junit.internal.runners.statements.InvokeMethod.evaluate(InvokeMethod.java:17)
	at org.junit.rules.ExternalResource$1.evaluate(ExternalResource.java:54)
	at org.junit.runners.ParentRunner$3.evaluate(ParentRunner.java:306)
	at org.junit.runners.BlockJUnit4ClassRunner$1.evaluate(BlockJUnit4ClassRunner.java:100)
	at org.junit.runners.ParentRunner.runLeaf(ParentRunner.java:366)
	at org.junit.runners.BlockJUnit4ClassRunner.runChild(BlockJUnit4ClassRunner.java:103)
	at org.junit.runners.BlockJUnit4ClassRunner.runChild(BlockJUnit4ClassRunner.java:63)
	at org.junit.runners.ParentRunner$4.run(ParentRunner.java:331)
	at org.junit.runners.ParentRunner$1.schedule(ParentRunner.java:79)
	at org.junit.runners.ParentRunner.runChildren(ParentRunner.java:329)
	at org.junit.runners.ParentRunner.access$100(ParentRunner.java:66)
	at org.junit.runners.ParentRunner$2.evaluate(ParentRunner.java:293)
	at org.junit.runners.ParentRunner.run(ParentRunner.java:413)
	at org.junit.runners.Suite.runChild(Suite.java:128)
	at org.junit.runners.Suite.runChild(Suite.java:27)
	at org.junit.runners.ParentRunner$4.run(ParentRunner.java:331)
	at org.junit.runners.ParentRunner$1.schedule(ParentRunner.java:79)
	at org.junit.runners.ParentRunner.runChildren(ParentRunner.java:329)
	at org.junit.runners.ParentRunner.access$100(ParentRunner.java:66)
	at org.junit.runners.ParentRunner$2.evaluate(ParentRunner.java:293)
	at org.junit.runners.ParentRunner$3.evaluate(ParentRunner.java:306)
	at org.junit.runners.ParentRunner.run(ParentRunner.java:413)
	at org.apache.maven.surefire.junit4.JUnit4Provider.execute(JUnit4Provider.java:316)
	at org.apache.maven.surefire.junit4.JUnit4Provider.executeWithRerun(JUnit4Provider.java:240)
	at org.apache.maven.surefire.junit4.JUnit4Provider.executeTestSet(JUnit4Provider.java:214)
	at org.apache.maven.surefire.junit4.JUnit4Provider.invoke(JUnit4Provider.java:155)
	at org.apache.maven.surefire.booter.ForkedBooter.runSuitesInProcess(ForkedBooter.java:385)
	at org.apache.maven.surefire.booter.ForkedBooter.execute(ForkedBooter.java:162)
	at org.apache.maven.surefire.booter.ForkedBooter.run(ForkedBooter.java:507)
	at org.apache.maven.surefire.booter.ForkedBooter.main(ForkedBooter.java:495)

[ERROR] net.zerocloud.pdf.consumer.ParagraphCompositionWorkflowTest.callerFontStreamIsStagedOnceAndRemainsOpenAcrossFlows[HARDENED_WORKER] -- Time elapsed: 1.362 s <<< ERROR!
net.zerocloud.pdf.DocumentFailure: The text and logical-structure extraction limit was exceeded.
	at net.zerocloud.pdf.HardenedWorkerEngine.execute(HardenedWorkerEngine.java:247)
	at net.zerocloud.pdf.DocumentWorkflow.executeOnce(DocumentWorkflow.java:177)
	at net.zerocloud.pdf.DocumentWorkflow.execute(DocumentWorkflow.java:103)
	at net.zerocloud.pdf.DocumentWorkflow.execute(DocumentWorkflow.java:64)
	at net.zerocloud.pdf.consumer.ParagraphCompositionWorkflowTest.read(ParagraphCompositionWorkflowTest.java:582)
	at net.zerocloud.pdf.consumer.ParagraphCompositionWorkflowTest.callerFontStreamIsStagedOnceAndRemainsOpenAcrossFlows(ParagraphCompositionWorkflowTest.java:295)
	at java.base/jdk.internal.reflect.NativeMethodAccessorImpl.invoke0(Native Method)
	at java.base/jdk.internal.reflect.NativeMethodAccessorImpl.invoke(NativeMethodAccessorImpl.java:77)
	at java.base/jdk.internal.reflect.DelegatingMethodAccessorImpl.invoke(DelegatingMethodAccessorImpl.java:43)
	at java.base/java.lang.reflect.Method.invoke(Method.java:568)
	at org.junit.runners.model.FrameworkMethod$1.runReflectiveCall(FrameworkMethod.java:59)
	at org.junit.internal.runners.model.ReflectiveCallable.run(ReflectiveCallable.java:12)
	at org.junit.runners.model.FrameworkMethod.invokeExplosively(FrameworkMethod.java:56)
	at org.junit.internal.runners.statements.InvokeMethod.evaluate(InvokeMethod.java:17)
	at org.junit.rules.ExternalResource$1.evaluate(ExternalResource.java:54)
	at org.junit.runners.ParentRunner$3.evaluate(ParentRunner.java:306)
	at org.junit.runners.BlockJUnit4ClassRunner$1.evaluate(BlockJUnit4ClassRunner.java:100)
	at org.junit.runners.ParentRunner.runLeaf(ParentRunner.java:366)
	at org.junit.runners.BlockJUnit4ClassRunner.runChild(BlockJUnit4ClassRunner.java:103)
	at org.junit.runners.BlockJUnit4ClassRunner.runChild(BlockJUnit4ClassRunner.java:63)
	at org.junit.runners.ParentRunner$4.run(ParentRunner.java:331)
	at org.junit.runners.ParentRunner$1.schedule(ParentRunner.java:79)
	at org.junit.runners.ParentRunner.runChildren(ParentRunner.java:329)
	at org.junit.runners.ParentRunner.access$100(ParentRunner.java:66)
	at org.junit.runners.ParentRunner$2.evaluate(ParentRunner.java:293)
	at org.junit.runners.ParentRunner.run(ParentRunner.java:413)
	at org.junit.runners.Suite.runChild(Suite.java:128)
	at org.junit.runners.Suite.runChild(Suite.java:27)
	at org.junit.runners.ParentRunner$4.run(ParentRunner.java:331)
	at org.junit.runners.ParentRunner$1.schedule(ParentRunner.java:79)
	at org.junit.runners.ParentRunner.runChildren(ParentRunner.java:329)
	at org.junit.runners.ParentRunner.access$100(ParentRunner.java:66)
	at org.junit.runners.ParentRunner$2.evaluate(ParentRunner.java:293)
	at org.junit.runners.ParentRunner$3.evaluate(ParentRunner.java:306)
	at org.junit.runners.ParentRunner.run(ParentRunner.java:413)
	at org.apache.maven.surefire.junit4.JUnit4Provider.execute(JUnit4Provider.java:316)
	at org.apache.maven.surefire.junit4.JUnit4Provider.executeWithRerun(JUnit4Provider.java:240)
	at org.apache.maven.surefire.junit4.JUnit4Provider.executeTestSet(JUnit4Provider.java:214)
	at org.apache.maven.surefire.junit4.JUnit4Provider.invoke(JUnit4Provider.java:155)
	at org.apache.maven.surefire.booter.ForkedBooter.runSuitesInProcess(ForkedBooter.java:385)
	at org.apache.maven.surefire.booter.ForkedBooter.execute(ForkedBooter.java:162)
	at org.apache.maven.surefire.booter.ForkedBooter.run(ForkedBooter.java:507)
	at org.apache.maven.surefire.booter.ForkedBooter.main(ForkedBooter.java:495)

[ERROR] net.zerocloud.pdf.consumer.ParagraphCompositionWorkflowTest.tallGraphicsAndDifferentTextSizesDetermineLineBoxes[HARDENED_WORKER] -- Time elapsed: 1.354 s <<< ERROR!
net.zerocloud.pdf.DocumentFailure: The text and logical-structure extraction limit was exceeded.
	at net.zerocloud.pdf.HardenedWorkerEngine.execute(HardenedWorkerEngine.java:247)
	at net.zerocloud.pdf.DocumentWorkflow.executeOnce(DocumentWorkflow.java:177)
	at net.zerocloud.pdf.DocumentWorkflow.execute(DocumentWorkflow.java:103)
	at net.zerocloud.pdf.DocumentWorkflow.execute(DocumentWorkflow.java:64)
	at net.zerocloud.pdf.consumer.ParagraphCompositionWorkflowTest.read(ParagraphCompositionWorkflowTest.java:582)
	at net.zerocloud.pdf.consumer.ParagraphCompositionWorkflowTest.tallGraphicsAndDifferentTextSizesDetermineLineBoxes(ParagraphCompositionWorkflowTest.java:493)
	at java.base/jdk.internal.reflect.NativeMethodAccessorImpl.invoke0(Native Method)
	at java.base/jdk.internal.reflect.NativeMethodAccessorImpl.invoke(NativeMethodAccessorImpl.java:77)
	at java.base/jdk.internal.reflect.DelegatingMethodAccessorImpl.invoke(DelegatingMethodAccessorImpl.java:43)
	at java.base/java.lang.reflect.Method.invoke(Method.java:568)
	at org.junit.runners.model.FrameworkMethod$1.runReflectiveCall(FrameworkMethod.java:59)
	at org.junit.internal.runners.model.ReflectiveCallable.run(ReflectiveCallable.java:12)
	at org.junit.runners.model.FrameworkMethod.invokeExplosively(FrameworkMethod.java:56)
	at org.junit.internal.runners.statements.InvokeMethod.evaluate(InvokeMethod.java:17)
	at org.junit.rules.ExternalResource$1.evaluate(ExternalResource.java:54)
	at org.junit.runners.ParentRunner$3.evaluate(ParentRunner.java:306)
	at org.junit.runners.BlockJUnit4ClassRunner$1.evaluate(BlockJUnit4ClassRunner.java:100)
	at org.junit.runners.ParentRunner.runLeaf(ParentRunner.java:366)
	at org.junit.runners.BlockJUnit4ClassRunner.runChild(BlockJUnit4ClassRunner.java:103)
	at org.junit.runners.BlockJUnit4ClassRunner.runChild(BlockJUnit4ClassRunner.java:63)
	at org.junit.runners.ParentRunner$4.run(ParentRunner.java:331)
	at org.junit.runners.ParentRunner$1.schedule(ParentRunner.java:79)
	at org.junit.runners.ParentRunner.runChildren(ParentRunner.java:329)
	at org.junit.runners.ParentRunner.access$100(ParentRunner.java:66)
	at org.junit.runners.ParentRunner$2.evaluate(ParentRunner.java:293)
	at org.junit.runners.ParentRunner.run(ParentRunner.java:413)
	at org.junit.runners.Suite.runChild(Suite.java:128)
	at org.junit.runners.Suite.runChild(Suite.java:27)
	at org.junit.runners.ParentRunner$4.run(ParentRunner.java:331)
	at org.junit.runners.ParentRunner$1.schedule(ParentRunner.java:79)
	at org.junit.runners.ParentRunner.runChildren(ParentRunner.java:329)
	at org.junit.runners.ParentRunner.access$100(ParentRunner.java:66)
	at org.junit.runners.ParentRunner$2.evaluate(ParentRunner.java:293)
	at org.junit.runners.ParentRunner$3.evaluate(ParentRunner.java:306)
	at org.junit.runners.ParentRunner.run(ParentRunner.java:413)
	at org.apache.maven.surefire.junit4.JUnit4Provider.execute(JUnit4Provider.java:316)
	at org.apache.maven.surefire.junit4.JUnit4Provider.executeWithRerun(JUnit4Provider.java:240)
	at org.apache.maven.surefire.junit4.JUnit4Provider.executeTestSet(JUnit4Provider.java:214)
	at org.apache.maven.surefire.junit4.JUnit4Provider.invoke(JUnit4Provider.java:155)
	at org.apache.maven.surefire.booter.ForkedBooter.runSuitesInProcess(ForkedBooter.java:385)
	at org.apache.maven.surefire.booter.ForkedBooter.execute(ForkedBooter.java:162)
	at org.apache.maven.surefire.booter.ForkedBooter.run(ForkedBooter.java:507)
	at org.apache.maven.surefire.booter.ForkedBooter.main(ForkedBooter.java:495)

[ERROR] net.zerocloud.pdf.consumer.ParagraphCompositionWorkflowTest.mixedParagraphFlowsAcrossTwoColumnsAndANewPage[HARDENED_WORKER] -- Time elapsed: 1.353 s <<< ERROR!
net.zerocloud.pdf.DocumentFailure: The text and logical-structure extraction limit was exceeded.
	at net.zerocloud.pdf.HardenedWorkerEngine.execute(HardenedWorkerEngine.java:247)
	at net.zerocloud.pdf.DocumentWorkflow.executeOnce(DocumentWorkflow.java:177)
	at net.zerocloud.pdf.DocumentWorkflow.execute(DocumentWorkflow.java:103)
	at net.zerocloud.pdf.DocumentWorkflow.execute(DocumentWorkflow.java:64)
	at net.zerocloud.pdf.consumer.ParagraphCompositionWorkflowTest.read(ParagraphCompositionWorkflowTest.java:582)
	at net.zerocloud.pdf.consumer.ParagraphCompositionWorkflowTest.mixedParagraphFlowsAcrossTwoColumnsAndANewPage(ParagraphCompositionWorkflowTest.java:104)
	at java.base/jdk.internal.reflect.NativeMethodAccessorImpl.invoke0(Native Method)
	at java.base/jdk.internal.reflect.NativeMethodAccessorImpl.invoke(NativeMethodAccessorImpl.java:77)
	at java.base/jdk.internal.reflect.DelegatingMethodAccessorImpl.invoke(DelegatingMethodAccessorImpl.java:43)
	at java.base/java.lang.reflect.Method.invoke(Method.java:568)
	at org.junit.runners.model.FrameworkMethod$1.runReflectiveCall(FrameworkMethod.java:59)
	at org.junit.internal.runners.model.ReflectiveCallable.run(ReflectiveCallable.java:12)
	at org.junit.runners.model.FrameworkMethod.invokeExplosively(FrameworkMethod.java:56)
	at org.junit.internal.runners.statements.InvokeMethod.evaluate(InvokeMethod.java:17)
	at org.junit.rules.ExternalResource$1.evaluate(ExternalResource.java:54)
	at org.junit.runners.ParentRunner$3.evaluate(ParentRunner.java:306)
	at org.junit.runners.BlockJUnit4ClassRunner$1.evaluate(BlockJUnit4ClassRunner.java:100)
	at org.junit.runners.ParentRunner.runLeaf(ParentRunner.java:366)
	at org.junit.runners.BlockJUnit4ClassRunner.runChild(BlockJUnit4ClassRunner.java:103)
	at org.junit.runners.BlockJUnit4ClassRunner.runChild(BlockJUnit4ClassRunner.java:63)
	at org.junit.runners.ParentRunner$4.run(ParentRunner.java:331)
	at org.junit.runners.ParentRunner$1.schedule(ParentRunner.java:79)
	at org.junit.runners.ParentRunner.runChildren(ParentRunner.java:329)
	at org.junit.runners.ParentRunner.access$100(ParentRunner.java:66)
	at org.junit.runners.ParentRunner$2.evaluate(ParentRunner.java:293)
	at org.junit.runners.ParentRunner.run(ParentRunner.java:413)
	at org.junit.runners.Suite.runChild(Suite.java:128)
	at org.junit.runners.Suite.runChild(Suite.java:27)
	at org.junit.runners.ParentRunner$4.run(ParentRunner.java:331)
	at org.junit.runners.ParentRunner$1.schedule(ParentRunner.java:79)
	at org.junit.runners.ParentRunner.runChildren(ParentRunner.java:329)
	at org.junit.runners.ParentRunner.access$100(ParentRunner.java:66)
	at org.junit.runners.ParentRunner$2.evaluate(ParentRunner.java:293)
	at org.junit.runners.ParentRunner$3.evaluate(ParentRunner.java:306)
	at org.junit.runners.ParentRunner.run(ParentRunner.java:413)
	at org.apache.maven.surefire.junit4.JUnit4Provider.execute(JUnit4Provider.java:316)
	at org.apache.maven.surefire.junit4.JUnit4Provider.executeWithRerun(JUnit4Provider.java:240)
	at org.apache.maven.surefire.junit4.JUnit4Provider.executeTestSet(JUnit4Provider.java:214)
	at org.apache.maven.surefire.junit4.JUnit4Provider.invoke(JUnit4Provider.java:155)
	at org.apache.maven.surefire.booter.ForkedBooter.runSuitesInProcess(ForkedBooter.java:385)
	at org.apache.maven.surefire.booter.ForkedBooter.execute(ForkedBooter.java:162)
	at org.apache.maven.surefire.booter.ForkedBooter.run(ForkedBooter.java:507)
	at org.apache.maven.surefire.booter.ForkedBooter.main(ForkedBooter.java:495)

[ERROR] net.zerocloud.pdf.consumer.ParagraphCompositionWorkflowTest.unsignedIncrementalAppendPreservesExistingPageContent[HARDENED_WORKER] -- Time elapsed: 1.886 s <<< ERROR!
net.zerocloud.pdf.DocumentFailure: The text and logical-structure extraction limit was exceeded.
	at net.zerocloud.pdf.HardenedWorkerEngine.execute(HardenedWorkerEngine.java:247)
	at net.zerocloud.pdf.DocumentWorkflow.executeOnce(DocumentWorkflow.java:177)
	at net.zerocloud.pdf.DocumentWorkflow.execute(DocumentWorkflow.java:103)
	at net.zerocloud.pdf.DocumentWorkflow.execute(DocumentWorkflow.java:64)
	at net.zerocloud.pdf.consumer.ParagraphCompositionWorkflowTest.read(ParagraphCompositionWorkflowTest.java:582)
	at net.zerocloud.pdf.consumer.ParagraphCompositionWorkflowTest.unsignedIncrementalAppendPreservesExistingPageContent(ParagraphCompositionWorkflowTest.java:378)
	at java.base/jdk.internal.reflect.NativeMethodAccessorImpl.invoke0(Native Method)
	at java.base/jdk.internal.reflect.NativeMethodAccessorImpl.invoke(NativeMethodAccessorImpl.java:77)
	at java.base/jdk.internal.reflect.DelegatingMethodAccessorImpl.invoke(DelegatingMethodAccessorImpl.java:43)
	at java.base/java.lang.reflect.Method.invoke(Method.java:568)
	at org.junit.runners.model.FrameworkMethod$1.runReflectiveCall(FrameworkMethod.java:59)
	at org.junit.internal.runners.model.ReflectiveCallable.run(ReflectiveCallable.java:12)
	at org.junit.runners.model.FrameworkMethod.invokeExplosively(FrameworkMethod.java:56)
	at org.junit.internal.runners.statements.InvokeMethod.evaluate(InvokeMethod.java:17)
	at org.junit.rules.ExternalResource$1.evaluate(ExternalResource.java:54)
	at org.junit.runners.ParentRunner$3.evaluate(ParentRunner.java:306)
	at org.junit.runners.BlockJUnit4ClassRunner$1.evaluate(BlockJUnit4ClassRunner.java:100)
	at org.junit.runners.ParentRunner.runLeaf(ParentRunner.java:366)
	at org.junit.runners.BlockJUnit4ClassRunner.runChild(BlockJUnit4ClassRunner.java:103)
	at org.junit.runners.BlockJUnit4ClassRunner.runChild(BlockJUnit4ClassRunner.java:63)
	at org.junit.runners.ParentRunner$4.run(ParentRunner.java:331)
	at org.junit.runners.ParentRunner$1.schedule(ParentRunner.java:79)
	at org.junit.runners.ParentRunner.runChildren(ParentRunner.java:329)
	at org.junit.runners.ParentRunner.access$100(ParentRunner.java:66)
	at org.junit.runners.ParentRunner$2.evaluate(ParentRunner.java:293)
	at org.junit.runners.ParentRunner.run(ParentRunner.java:413)
	at org.junit.runners.Suite.runChild(Suite.java:128)
	at org.junit.runners.Suite.runChild(Suite.java:27)
	at org.junit.runners.ParentRunner$4.run(ParentRunner.java:331)
	at org.junit.runners.ParentRunner$1.schedule(ParentRunner.java:79)
	at org.junit.runners.ParentRunner.runChildren(ParentRunner.java:329)
	at org.junit.runners.ParentRunner.access$100(ParentRunner.java:66)
	at org.junit.runners.ParentRunner$2.evaluate(ParentRunner.java:293)
	at org.junit.runners.ParentRunner$3.evaluate(ParentRunner.java:306)
	at org.junit.runners.ParentRunner.run(ParentRunner.java:413)
	at org.apache.maven.surefire.junit4.JUnit4Provider.execute(JUnit4Provider.java:316)
	at org.apache.maven.surefire.junit4.JUnit4Provider.executeWithRerun(JUnit4Provider.java:240)
	at org.apache.maven.surefire.junit4.JUnit4Provider.executeTestSet(JUnit4Provider.java:214)
	at org.apache.maven.surefire.junit4.JUnit4Provider.invoke(JUnit4Provider.java:155)
	at org.apache.maven.surefire.booter.ForkedBooter.runSuitesInProcess(ForkedBooter.java:385)
	at org.apache.maven.surefire.booter.ForkedBooter.execute(ForkedBooter.java:162)
	at org.apache.maven.surefire.booter.ForkedBooter.run(ForkedBooter.java:507)
	at org.apache.maven.surefire.booter.ForkedBooter.main(ForkedBooter.java:495)

[ERROR] net.zerocloud.pdf.consumer.ParagraphCompositionWorkflowTest.alignmentPositionsTextWithinTheDeclaredWidth[HARDENED_WORKER] -- Time elapsed: 1.249 s <<< ERROR!
net.zerocloud.pdf.DocumentFailure: The text and logical-structure extraction limit was exceeded.
	at net.zerocloud.pdf.HardenedWorkerEngine.execute(HardenedWorkerEngine.java:247)
	at net.zerocloud.pdf.DocumentWorkflow.executeOnce(DocumentWorkflow.java:177)
	at net.zerocloud.pdf.DocumentWorkflow.execute(DocumentWorkflow.java:103)
	at net.zerocloud.pdf.DocumentWorkflow.execute(DocumentWorkflow.java:64)
	at net.zerocloud.pdf.consumer.ParagraphCompositionWorkflowTest.read(ParagraphCompositionWorkflowTest.java:582)
	at net.zerocloud.pdf.consumer.ParagraphCompositionWorkflowTest.alignmentPositionsTextWithinTheDeclaredWidth(ParagraphCompositionWorkflowTest.java:209)
	at java.base/jdk.internal.reflect.NativeMethodAccessorImpl.invoke0(Native Method)
	at java.base/jdk.internal.reflect.NativeMethodAccessorImpl.invoke(NativeMethodAccessorImpl.java:77)
	at java.base/jdk.internal.reflect.DelegatingMethodAccessorImpl.invoke(DelegatingMethodAccessorImpl.java:43)
	at java.base/java.lang.reflect.Method.invoke(Method.java:568)
	at org.junit.runners.model.FrameworkMethod$1.runReflectiveCall(FrameworkMethod.java:59)
	at org.junit.internal.runners.model.ReflectiveCallable.run(ReflectiveCallable.java:12)
	at org.junit.runners.model.FrameworkMethod.invokeExplosively(FrameworkMethod.java:56)
	at org.junit.internal.runners.statements.InvokeMethod.evaluate(InvokeMethod.java:17)
	at org.junit.rules.ExternalResource$1.evaluate(ExternalResource.java:54)
	at org.junit.runners.ParentRunner$3.evaluate(ParentRunner.java:306)
	at org.junit.runners.BlockJUnit4ClassRunner$1.evaluate(BlockJUnit4ClassRunner.java:100)
	at org.junit.runners.ParentRunner.runLeaf(ParentRunner.java:366)
	at org.junit.runners.BlockJUnit4ClassRunner.runChild(BlockJUnit4ClassRunner.java:103)
	at org.junit.runners.BlockJUnit4ClassRunner.runChild(BlockJUnit4ClassRunner.java:63)
	at org.junit.runners.ParentRunner$4.run(ParentRunner.java:331)
	at org.junit.runners.ParentRunner$1.schedule(ParentRunner.java:79)
	at org.junit.runners.ParentRunner.runChildren(ParentRunner.java:329)
	at org.junit.runners.ParentRunner.access$100(ParentRunner.java:66)
	at org.junit.runners.ParentRunner$2.evaluate(ParentRunner.java:293)
	at org.junit.runners.ParentRunner.run(ParentRunner.java:413)
	at org.junit.runners.Suite.runChild(Suite.java:128)
	at org.junit.runners.Suite.runChild(Suite.java:27)
	at org.junit.runners.ParentRunner$4.run(ParentRunner.java:331)
	at org.junit.runners.ParentRunner$1.schedule(ParentRunner.java:79)
	at org.junit.runners.ParentRunner.runChildren(ParentRunner.java:329)
	at org.junit.runners.ParentRunner.access$100(ParentRunner.java:66)
	at org.junit.runners.ParentRunner$2.evaluate(ParentRunner.java:293)
	at org.junit.runners.ParentRunner$3.evaluate(ParentRunner.java:306)
	at org.junit.runners.ParentRunner.run(ParentRunner.java:413)
	at org.apache.maven.surefire.junit4.JUnit4Provider.execute(JUnit4Provider.java:316)
	at org.apache.maven.surefire.junit4.JUnit4Provider.executeWithRerun(JUnit4Provider.java:240)
	at org.apache.maven.surefire.junit4.JUnit4Provider.executeTestSet(JUnit4Provider.java:214)
	at org.apache.maven.surefire.junit4.JUnit4Provider.invoke(JUnit4Provider.java:155)
	at org.apache.maven.surefire.booter.ForkedBooter.runSuitesInProcess(ForkedBooter.java:385)
	at org.apache.maven.surefire.booter.ForkedBooter.execute(ForkedBooter.java:162)
	at org.apache.maven.surefire.booter.ForkedBooter.run(ForkedBooter.java:507)
	at org.apache.maven.surefire.booter.ForkedBooter.main(ForkedBooter.java:495)

[ERROR] net.zerocloud.pdf.consumer.ParagraphCompositionWorkflowTest.fractionalMarginsAdmitAnExactAreaAndRejectAnExcess[HARDENED_WORKER] -- Time elapsed: 1.282 s <<< ERROR!
net.zerocloud.pdf.DocumentFailure: The text and logical-structure extraction limit was exceeded.
	at net.zerocloud.pdf.HardenedWorkerEngine.execute(HardenedWorkerEngine.java:247)
	at net.zerocloud.pdf.DocumentWorkflow.executeOnce(DocumentWorkflow.java:177)
	at net.zerocloud.pdf.DocumentWorkflow.execute(DocumentWorkflow.java:103)
	at net.zerocloud.pdf.DocumentWorkflow.execute(DocumentWorkflow.java:64)
	at net.zerocloud.pdf.consumer.ParagraphCompositionWorkflowTest.read(ParagraphCompositionWorkflowTest.java:582)
	at net.zerocloud.pdf.consumer.ParagraphCompositionWorkflowTest.fractionalMarginsAdmitAnExactAreaAndRejectAnExcess(ParagraphCompositionWorkflowTest.java:176)
	at java.base/jdk.internal.reflect.NativeMethodAccessorImpl.invoke0(Native Method)
	at java.base/jdk.internal.reflect.NativeMethodAccessorImpl.invoke(NativeMethodAccessorImpl.java:77)
	at java.base/jdk.internal.reflect.DelegatingMethodAccessorImpl.invoke(DelegatingMethodAccessorImpl.java:43)
	at java.base/java.lang.reflect.Method.invoke(Method.java:568)
	at org.junit.runners.model.FrameworkMethod$1.runReflectiveCall(FrameworkMethod.java:59)
	at org.junit.internal.runners.model.ReflectiveCallable.run(ReflectiveCallable.java:12)
	at org.junit.runners.model.FrameworkMethod.invokeExplosively(FrameworkMethod.java:56)
	at org.junit.internal.runners.statements.InvokeMethod.evaluate(InvokeMethod.java:17)
	at org.junit.rules.ExternalResource$1.evaluate(ExternalResource.java:54)
	at org.junit.runners.ParentRunner$3.evaluate(ParentRunner.java:306)
	at org.junit.runners.BlockJUnit4ClassRunner$1.evaluate(BlockJUnit4ClassRunner.java:100)
	at org.junit.runners.ParentRunner.runLeaf(ParentRunner.java:366)
	at org.junit.runners.BlockJUnit4ClassRunner.runChild(BlockJUnit4ClassRunner.java:103)
	at org.junit.runners.BlockJUnit4ClassRunner.runChild(BlockJUnit4ClassRunner.java:63)
	at org.junit.runners.ParentRunner$4.run(ParentRunner.java:331)
	at org.junit.runners.ParentRunner$1.schedule(ParentRunner.java:79)
	at org.junit.runners.ParentRunner.runChildren(ParentRunner.java:329)
	at org.junit.runners.ParentRunner.access$100(ParentRunner.java:66)
	at org.junit.runners.ParentRunner$2.evaluate(ParentRunner.java:293)
	at org.junit.runners.ParentRunner.run(ParentRunner.java:413)
	at org.junit.runners.Suite.runChild(Suite.java:128)
	at org.junit.runners.Suite.runChild(Suite.java:27)
	at org.junit.runners.ParentRunner$4.run(ParentRunner.java:331)
	at org.junit.runners.ParentRunner$1.schedule(ParentRunner.java:79)
	at org.junit.runners.ParentRunner.runChildren(ParentRunner.java:329)
	at org.junit.runners.ParentRunner.access$100(ParentRunner.java:66)
	at org.junit.runners.ParentRunner$2.evaluate(ParentRunner.java:293)
	at org.junit.runners.ParentRunner$3.evaluate(ParentRunner.java:306)
	at org.junit.runners.ParentRunner.run(ParentRunner.java:413)
	at org.apache.maven.surefire.junit4.JUnit4Provider.execute(JUnit4Provider.java:316)
	at org.apache.maven.surefire.junit4.JUnit4Provider.executeWithRerun(JUnit4Provider.java:240)
	at org.apache.maven.surefire.junit4.JUnit4Provider.executeTestSet(JUnit4Provider.java:214)
	at org.apache.maven.surefire.junit4.JUnit4Provider.invoke(JUnit4Provider.java:155)
	at org.apache.maven.surefire.booter.ForkedBooter.runSuitesInProcess(ForkedBooter.java:385)
	at org.apache.maven.surefire.booter.ForkedBooter.execute(ForkedBooter.java:162)
	at org.apache.maven.surefire.booter.ForkedBooter.run(ForkedBooter.java:507)
	at org.apache.maven.surefire.booter.ForkedBooter.main(ForkedBooter.java:495)

[INFO] Running net.zerocloud.pdf.consumer.ParagraphPaginationWorkflowTest
[ERROR] Tests run: 64, Failures: 0, Errors: 56, Skipped: 0, Time elapsed: 46.60 s <<< FAILURE! -- in net.zerocloud.pdf.consumer.ParagraphPaginationWorkflowTest
[ERROR] net.zerocloud.pdf.consumer.ParagraphPaginationWorkflowTest.wrapAndVisibleOverflowPreserveEveryCharacterAcrossPages[IN_PROCESS] -- Time elapsed: 0.006 s <<< ERROR!
net.zerocloud.pdf.DocumentFailure: The text and logical-structure extraction limit was exceeded.
	at net.zerocloud.pdf.PdfBoxWorkflowEngine.failure(PdfBoxWorkflowEngine.java:292)
	at net.zerocloud.pdf.PdfBoxWorkflowEngine.executeWithDocument(PdfBoxWorkflowEngine.java:350)
	at net.zerocloud.pdf.PdfBoxWorkflowEngine.executeChecked(PdfBoxWorkflowEngine.java:238)
	at net.zerocloud.pdf.PdfBoxWorkflowEngine.execute(PdfBoxWorkflowEngine.java:41)
	at net.zerocloud.pdf.DocumentWorkflow.executeOnce(DocumentWorkflow.java:184)
	at net.zerocloud.pdf.DocumentWorkflow.execute(DocumentWorkflow.java:103)
	at net.zerocloud.pdf.DocumentWorkflow.execute(DocumentWorkflow.java:64)
	at net.zerocloud.pdf.consumer.ParagraphPaginationWorkflowTest.read(ParagraphPaginationWorkflowTest.java:553)
	at net.zerocloud.pdf.consumer.ParagraphPaginationWorkflowTest.wrapAndVisibleOverflowPreserveEveryCharacterAcrossPages(ParagraphPaginationWorkflowTest.java:225)
	at java.base/jdk.internal.reflect.NativeMethodAccessorImpl.invoke0(Native Method)
	at java.base/jdk.internal.reflect.NativeMethodAccessorImpl.invoke(NativeMethodAccessorImpl.java:77)
	at java.base/jdk.internal.reflect.DelegatingMethodAccessorImpl.invoke(DelegatingMethodAccessorImpl.java:43)
	at java.base/java.lang.reflect.Method.invoke(Method.java:568)
	at org.junit.runners.model.FrameworkMethod$1.runReflectiveCall(FrameworkMethod.java:59)
	at org.junit.internal.runners.model.ReflectiveCallable.run(ReflectiveCallable.java:12)
	at org.junit.runners.model.FrameworkMethod.invokeExplosively(FrameworkMethod.java:56)
	at org.junit.internal.runners.statements.InvokeMethod.evaluate(InvokeMethod.java:17)
	at org.junit.rules.ExternalResource$1.evaluate(ExternalResource.java:54)
	at org.junit.runners.ParentRunner$3.evaluate(ParentRunner.java:306)
	at org.junit.runners.BlockJUnit4ClassRunner$1.evaluate(BlockJUnit4ClassRunner.java:100)
	at org.junit.runners.ParentRunner.runLeaf(ParentRunner.java:366)
	at org.junit.runners.BlockJUnit4ClassRunner.runChild(BlockJUnit4ClassRunner.java:103)
	at org.junit.runners.BlockJUnit4ClassRunner.runChild(BlockJUnit4ClassRunner.java:63)
	at org.junit.runners.ParentRunner$4.run(ParentRunner.java:331)
	at org.junit.runners.ParentRunner$1.schedule(ParentRunner.java:79)
	at org.junit.runners.ParentRunner.runChildren(ParentRunner.java:329)
	at org.junit.runners.ParentRunner.access$100(ParentRunner.java:66)
	at org.junit.runners.ParentRunner$2.evaluate(ParentRunner.java:293)
	at org.junit.runners.ParentRunner.run(ParentRunner.java:413)
	at org.junit.runners.Suite.runChild(Suite.java:128)
	at org.junit.runners.Suite.runChild(Suite.java:27)
	at org.junit.runners.ParentRunner$4.run(ParentRunner.java:331)
	at org.junit.runners.ParentRunner$1.schedule(ParentRunner.java:79)
	at org.junit.runners.ParentRunner.runChildren(ParentRunner.java:329)
	at org.junit.runners.ParentRunner.access$100(ParentRunner.java:66)
	at org.junit.runners.ParentRunner$2.evaluate(ParentRunner.java:293)
	at org.junit.runners.ParentRunner$3.evaluate(ParentRunner.java:306)
	at org.junit.runners.ParentRunner.run(ParentRunner.java:413)
	at org.apache.maven.surefire.junit4.JUnit4Provider.execute(JUnit4Provider.java:316)
	at org.apache.maven.surefire.junit4.JUnit4Provider.executeWithRerun(JUnit4Provider.java:240)
	at org.apache.maven.surefire.junit4.JUnit4Provider.executeTestSet(JUnit4Provider.java:214)
	at org.apache.maven.surefire.junit4.JUnit4Provider.invoke(JUnit4Provider.java:155)
	at org.apache.maven.surefire.booter.ForkedBooter.runSuitesInProcess(ForkedBooter.java:385)
	at org.apache.maven.surefire.booter.ForkedBooter.execute(ForkedBooter.java:162)
	at org.apache.maven.surefire.booter.ForkedBooter.run(ForkedBooter.java:507)
	at org.apache.maven.surefire.booter.ForkedBooter.main(ForkedBooter.java:495)

[ERROR] net.zerocloud.pdf.consumer.ParagraphPaginationWorkflowTest.indentsAndWidthCapContinueAcrossColumnsAndPages[IN_PROCESS] -- Time elapsed: 0.005 s <<< ERROR!
net.zerocloud.pdf.DocumentFailure: The text and logical-structure extraction limit was exceeded.
	at net.zerocloud.pdf.PdfBoxWorkflowEngine.failure(PdfBoxWorkflowEngine.java:292)
	at net.zerocloud.pdf.PdfBoxWorkflowEngine.executeWithDocument(PdfBoxWorkflowEngine.java:350)
	at net.zerocloud.pdf.PdfBoxWorkflowEngine.executeChecked(PdfBoxWorkflowEngine.java:238)
	at net.zerocloud.pdf.PdfBoxWorkflowEngine.execute(PdfBoxWorkflowEngine.java:41)
	at net.zerocloud.pdf.DocumentWorkflow.executeOnce(DocumentWorkflow.java:184)
	at net.zerocloud.pdf.DocumentWorkflow.execute(DocumentWorkflow.java:103)
	at net.zerocloud.pdf.DocumentWorkflow.execute(DocumentWorkflow.java:64)
	at net.zerocloud.pdf.consumer.ParagraphPaginationWorkflowTest.read(ParagraphPaginationWorkflowTest.java:553)
	at net.zerocloud.pdf.consumer.ParagraphPaginationWorkflowTest.indentsAndWidthCapContinueAcrossColumnsAndPages(ParagraphPaginationWorkflowTest.java:89)
	at java.base/jdk.internal.reflect.NativeMethodAccessorImpl.invoke0(Native Method)
	at java.base/jdk.internal.reflect.NativeMethodAccessorImpl.invoke(NativeMethodAccessorImpl.java:77)
	at java.base/jdk.internal.reflect.DelegatingMethodAccessorImpl.invoke(DelegatingMethodAccessorImpl.java:43)
	at java.base/java.lang.reflect.Method.invoke(Method.java:568)
	at org.junit.runners.model.FrameworkMethod$1.runReflectiveCall(FrameworkMethod.java:59)
	at org.junit.internal.runners.model.ReflectiveCallable.run(ReflectiveCallable.java:12)
	at org.junit.runners.model.FrameworkMethod.invokeExplosively(FrameworkMethod.java:56)
	at org.junit.internal.runners.statements.InvokeMethod.evaluate(InvokeMethod.java:17)
	at org.junit.rules.ExternalResource$1.evaluate(ExternalResource.java:54)
	at org.junit.runners.ParentRunner$3.evaluate(ParentRunner.java:306)
	at org.junit.runners.BlockJUnit4ClassRunner$1.evaluate(BlockJUnit4ClassRunner.java:100)
	at org.junit.runners.ParentRunner.runLeaf(ParentRunner.java:366)
	at org.junit.runners.BlockJUnit4ClassRunner.runChild(BlockJUnit4ClassRunner.java:103)
	at org.junit.runners.BlockJUnit4ClassRunner.runChild(BlockJUnit4ClassRunner.java:63)
	at org.junit.runners.ParentRunner$4.run(ParentRunner.java:331)
	at org.junit.runners.ParentRunner$1.schedule(ParentRunner.java:79)
	at org.junit.runners.ParentRunner.runChildren(ParentRunner.java:329)
	at org.junit.runners.ParentRunner.access$100(ParentRunner.java:66)
	at org.junit.runners.ParentRunner$2.evaluate(ParentRunner.java:293)
	at org.junit.runners.ParentRunner.run(ParentRunner.java:413)
	at org.junit.runners.Suite.runChild(Suite.java:128)
	at org.junit.runners.Suite.runChild(Suite.java:27)
	at org.junit.runners.ParentRunner$4.run(ParentRunner.java:331)
	at org.junit.runners.ParentRunner$1.schedule(ParentRunner.java:79)
	at org.junit.runners.ParentRunner.runChildren(ParentRunner.java:329)
	at org.junit.runners.ParentRunner.access$100(ParentRunner.java:66)
	at org.junit.runners.ParentRunner$2.evaluate(ParentRunner.java:293)
	at org.junit.runners.ParentRunner$3.evaluate(ParentRunner.java:306)
	at org.junit.runners.ParentRunner.run(ParentRunner.java:413)
	at org.apache.maven.surefire.junit4.JUnit4Provider.execute(JUnit4Provider.java:316)
	at org.apache.maven.surefire.junit4.JUnit4Provider.executeWithRerun(JUnit4Provider.java:240)
	at org.apache.maven.surefire.junit4.JUnit4Provider.executeTestSet(JUnit4Provider.java:214)
	at org.apache.maven.surefire.junit4.JUnit4Provider.invoke(JUnit4Provider.java:155)
	at org.apache.maven.surefire.booter.ForkedBooter.runSuitesInProcess(ForkedBooter.java:385)
	at org.apache.maven.surefire.booter.ForkedBooter.execute(ForkedBooter.java:162)
	at org.apache.maven.surefire.booter.ForkedBooter.run(ForkedBooter.java:507)
	at org.apache.maven.surefire.booter.ForkedBooter.main(ForkedBooter.java:495)

[ERROR] net.zerocloud.pdf.consumer.ParagraphPaginationWorkflowTest.keepTogetherMovesAnEntireParagraphToTheNextPage[IN_PROCESS] -- Time elapsed: 0.007 s <<< ERROR!
net.zerocloud.pdf.DocumentFailure: The text and logical-structure extraction limit was exceeded.
	at net.zerocloud.pdf.PdfBoxWorkflowEngine.failure(PdfBoxWorkflowEngine.java:292)
	at net.zerocloud.pdf.PdfBoxWorkflowEngine.executeWithDocument(PdfBoxWorkflowEngine.java:350)
	at net.zerocloud.pdf.PdfBoxWorkflowEngine.executeChecked(PdfBoxWorkflowEngine.java:238)
	at net.zerocloud.pdf.PdfBoxWorkflowEngine.execute(PdfBoxWorkflowEngine.java:41)
	at net.zerocloud.pdf.DocumentWorkflow.executeOnce(DocumentWorkflow.java:184)
	at net.zerocloud.pdf.DocumentWorkflow.execute(DocumentWorkflow.java:103)
	at net.zerocloud.pdf.DocumentWorkflow.execute(DocumentWorkflow.java:64)
	at net.zerocloud.pdf.consumer.ParagraphPaginationWorkflowTest.read(ParagraphPaginationWorkflowTest.java:553)
	at net.zerocloud.pdf.consumer.ParagraphPaginationWorkflowTest.keepTogetherMovesAnEntireParagraphToTheNextPage(ParagraphPaginationWorkflowTest.java:154)
	at java.base/jdk.internal.reflect.NativeMethodAccessorImpl.invoke0(Native Method)
	at java.base/jdk.internal.reflect.NativeMethodAccessorImpl.invoke(NativeMethodAccessorImpl.java:77)
	at java.base/jdk.internal.reflect.DelegatingMethodAccessorImpl.invoke(DelegatingMethodAccessorImpl.java:43)
	at java.base/java.lang.reflect.Method.invoke(Method.java:568)
	at org.junit.runners.model.FrameworkMethod$1.runReflectiveCall(FrameworkMethod.java:59)
	at org.junit.internal.runners.model.ReflectiveCallable.run(ReflectiveCallable.java:12)
	at org.junit.runners.model.FrameworkMethod.invokeExplosively(FrameworkMethod.java:56)
	at org.junit.internal.runners.statements.InvokeMethod.evaluate(InvokeMethod.java:17)
	at org.junit.rules.ExternalResource$1.evaluate(ExternalResource.java:54)
	at org.junit.runners.ParentRunner$3.evaluate(ParentRunner.java:306)
	at org.junit.runners.BlockJUnit4ClassRunner$1.evaluate(BlockJUnit4ClassRunner.java:100)
	at org.junit.runners.ParentRunner.runLeaf(ParentRunner.java:366)
	at org.junit.runners.BlockJUnit4ClassRunner.runChild(BlockJUnit4ClassRunner.java:103)
	at org.junit.runners.BlockJUnit4ClassRunner.runChild(BlockJUnit4ClassRunner.java:63)
	at org.junit.runners.ParentRunner$4.run(ParentRunner.java:331)
	at org.junit.runners.ParentRunner$1.schedule(ParentRunner.java:79)
	at org.junit.runners.ParentRunner.runChildren(ParentRunner.java:329)
	at org.junit.runners.ParentRunner.access$100(ParentRunner.java:66)
	at org.junit.runners.ParentRunner$2.evaluate(ParentRunner.java:293)
	at org.junit.runners.ParentRunner.run(ParentRunner.java:413)
	at org.junit.runners.Suite.runChild(Suite.java:128)
	at org.junit.runners.Suite.runChild(Suite.java:27)
	at org.junit.runners.ParentRunner$4.run(ParentRunner.java:331)
	at org.junit.runners.ParentRunner$1.schedule(ParentRunner.java:79)
	at org.junit.runners.ParentRunner.runChildren(ParentRunner.java:329)
	at org.junit.runners.ParentRunner.access$100(ParentRunner.java:66)
	at org.junit.runners.ParentRunner$2.evaluate(ParentRunner.java:293)
	at org.junit.runners.ParentRunner$3.evaluate(ParentRunner.java:306)
	at org.junit.runners.ParentRunner.run(ParentRunner.java:413)
	at org.apache.maven.surefire.junit4.JUnit4Provider.execute(JUnit4Provider.java:316)
	at org.apache.maven.surefire.junit4.JUnit4Provider.executeWithRerun(JUnit4Provider.java:240)
	at org.apache.maven.surefire.junit4.JUnit4Provider.executeTestSet(JUnit4Provider.java:214)
	at org.apache.maven.surefire.junit4.JUnit4Provider.invoke(JUnit4Provider.java:155)
	at org.apache.maven.surefire.booter.ForkedBooter.runSuitesInProcess(ForkedBooter.java:385)
	at org.apache.maven.surefire.booter.ForkedBooter.execute(ForkedBooter.java:162)
	at org.apache.maven.surefire.booter.ForkedBooter.run(ForkedBooter.java:507)
	at org.apache.maven.surefire.booter.ForkedBooter.main(ForkedBooter.java:495)

[ERROR] net.zerocloud.pdf.consumer.ParagraphPaginationWorkflowTest.failedRelayoutStopsBatchBeforeReadingLaterCallerFonts[IN_PROCESS] -- Time elapsed: 0.006 s <<< ERROR!
net.zerocloud.pdf.DocumentFailure: The text and logical-structure extraction limit was exceeded.
	at net.zerocloud.pdf.PdfBoxWorkflowEngine.failure(PdfBoxWorkflowEngine.java:292)
	at net.zerocloud.pdf.PdfBoxWorkflowEngine.executeWithDocument(PdfBoxWorkflowEngine.java:350)
	at net.zerocloud.pdf.PdfBoxWorkflowEngine.executeChecked(PdfBoxWorkflowEngine.java:238)
	at net.zerocloud.pdf.PdfBoxWorkflowEngine.execute(PdfBoxWorkflowEngine.java:41)
	at net.zerocloud.pdf.DocumentWorkflow.executeOnce(DocumentWorkflow.java:184)
	at net.zerocloud.pdf.DocumentWorkflow.execute(DocumentWorkflow.java:103)
	at net.zerocloud.pdf.DocumentWorkflow.execute(DocumentWorkflow.java:64)
	at net.zerocloud.pdf.consumer.ParagraphPaginationWorkflowTest.read(ParagraphPaginationWorkflowTest.java:553)
	at net.zerocloud.pdf.consumer.ParagraphPaginationWorkflowTest.failedRelayoutStopsBatchBeforeReadingLaterCallerFonts(ParagraphPaginationWorkflowTest.java:412)
	at java.base/jdk.internal.reflect.NativeMethodAccessorImpl.invoke0(Native Method)
	at java.base/jdk.internal.reflect.NativeMethodAccessorImpl.invoke(NativeMethodAccessorImpl.java:77)
	at java.base/jdk.internal.reflect.DelegatingMethodAccessorImpl.invoke(DelegatingMethodAccessorImpl.java:43)
	at java.base/java.lang.reflect.Method.invoke(Method.java:568)
	at org.junit.runners.model.FrameworkMethod$1.runReflectiveCall(FrameworkMethod.java:59)
	at org.junit.internal.runners.model.ReflectiveCallable.run(ReflectiveCallable.java:12)
	at org.junit.runners.model.FrameworkMethod.invokeExplosively(FrameworkMethod.java:56)
	at org.junit.internal.runners.statements.InvokeMethod.evaluate(InvokeMethod.java:17)
	at org.junit.rules.ExternalResource$1.evaluate(ExternalResource.java:54)
	at org.junit.runners.ParentRunner$3.evaluate(ParentRunner.java:306)
	at org.junit.runners.BlockJUnit4ClassRunner$1.evaluate(BlockJUnit4ClassRunner.java:100)
	at org.junit.runners.ParentRunner.runLeaf(ParentRunner.java:366)
	at org.junit.runners.BlockJUnit4ClassRunner.runChild(BlockJUnit4ClassRunner.java:103)
	at org.junit.runners.BlockJUnit4ClassRunner.runChild(BlockJUnit4ClassRunner.java:63)
	at org.junit.runners.ParentRunner$4.run(ParentRunner.java:331)
	at org.junit.runners.ParentRunner$1.schedule(ParentRunner.java:79)
	at org.junit.runners.ParentRunner.runChildren(ParentRunner.java:329)
	at org.junit.runners.ParentRunner.access$100(ParentRunner.java:66)
	at org.junit.runners.ParentRunner$2.evaluate(ParentRunner.java:293)
	at org.junit.runners.ParentRunner.run(ParentRunner.java:413)
	at org.junit.runners.Suite.runChild(Suite.java:128)
	at org.junit.runners.Suite.runChild(Suite.java:27)
	at org.junit.runners.ParentRunner$4.run(ParentRunner.java:331)
	at org.junit.runners.ParentRunner$1.schedule(ParentRunner.java:79)
	at org.junit.runners.ParentRunner.runChildren(ParentRunner.java:329)
	at org.junit.runners.ParentRunner.access$100(ParentRunner.java:66)
	at org.junit.runners.ParentRunner$2.evaluate(ParentRunner.java:293)
	at org.junit.runners.ParentRunner$3.evaluate(ParentRunner.java:306)
	at org.junit.runners.ParentRunner.run(ParentRunner.java:413)
	at org.apache.maven.surefire.junit4.JUnit4Provider.execute(JUnit4Provider.java:316)
	at org.apache.maven.surefire.junit4.JUnit4Provider.executeWithRerun(JUnit4Provider.java:240)
	at org.apache.maven.surefire.junit4.JUnit4Provider.executeTestSet(JUnit4Provider.java:214)
	at org.apache.maven.surefire.junit4.JUnit4Provider.invoke(JUnit4Provider.java:155)
	at org.apache.maven.surefire.booter.ForkedBooter.runSuitesInProcess(ForkedBooter.java:385)
	at org.apache.maven.surefire.booter.ForkedBooter.execute(ForkedBooter.java:162)
	at org.apache.maven.surefire.booter.ForkedBooter.run(ForkedBooter.java:507)
	at org.apache.maven.surefire.booter.ForkedBooter.main(ForkedBooter.java:495)

[ERROR] net.zerocloud.pdf.consumer.ParagraphPaginationWorkflowTest.explicitTabsRemainFixedAcrossColumnsAndPages[IN_PROCESS] -- Time elapsed: 0.008 s <<< ERROR!
net.zerocloud.pdf.DocumentFailure: The text and logical-structure extraction limit was exceeded.
	at net.zerocloud.pdf.PdfBoxWorkflowEngine.failure(PdfBoxWorkflowEngine.java:292)
	at net.zerocloud.pdf.PdfBoxWorkflowEngine.executeWithDocument(PdfBoxWorkflowEngine.java:350)
	at net.zerocloud.pdf.PdfBoxWorkflowEngine.executeChecked(PdfBoxWorkflowEngine.java:238)
	at net.zerocloud.pdf.PdfBoxWorkflowEngine.execute(PdfBoxWorkflowEngine.java:41)
	at net.zerocloud.pdf.DocumentWorkflow.executeOnce(DocumentWorkflow.java:184)
	at net.zerocloud.pdf.DocumentWorkflow.execute(DocumentWorkflow.java:103)
	at net.zerocloud.pdf.DocumentWorkflow.execute(DocumentWorkflow.java:64)
	at net.zerocloud.pdf.consumer.ParagraphPaginationWorkflowTest.read(ParagraphPaginationWorkflowTest.java:553)
	at net.zerocloud.pdf.consumer.ParagraphPaginationWorkflowTest.explicitTabsRemainFixedAcrossColumnsAndPages(ParagraphPaginationWorkflowTest.java:113)
	at java.base/jdk.internal.reflect.NativeMethodAccessorImpl.invoke0(Native Method)
	at java.base/jdk.internal.reflect.NativeMethodAccessorImpl.invoke(NativeMethodAccessorImpl.java:77)
	at java.base/jdk.internal.reflect.DelegatingMethodAccessorImpl.invoke(DelegatingMethodAccessorImpl.java:43)
	at java.base/java.lang.reflect.Method.invoke(Method.java:568)
	at org.junit.runners.model.FrameworkMethod$1.runReflectiveCall(FrameworkMethod.java:59)
	at org.junit.internal.runners.model.ReflectiveCallable.run(ReflectiveCallable.java:12)
	at org.junit.runners.model.FrameworkMethod.invokeExplosively(FrameworkMethod.java:56)
	at org.junit.internal.runners.statements.InvokeMethod.evaluate(InvokeMethod.java:17)
	at org.junit.rules.ExternalResource$1.evaluate(ExternalResource.java:54)
	at org.junit.runners.ParentRunner$3.evaluate(ParentRunner.java:306)
	at org.junit.runners.BlockJUnit4ClassRunner$1.evaluate(BlockJUnit4ClassRunner.java:100)
	at org.junit.runners.ParentRunner.runLeaf(ParentRunner.java:366)
	at org.junit.runners.BlockJUnit4ClassRunner.runChild(BlockJUnit4ClassRunner.java:103)
	at org.junit.runners.BlockJUnit4ClassRunner.runChild(BlockJUnit4ClassRunner.java:63)
	at org.junit.runners.ParentRunner$4.run(ParentRunner.java:331)
	at org.junit.runners.ParentRunner$1.schedule(ParentRunner.java:79)
	at org.junit.runners.ParentRunner.runChildren(ParentRunner.java:329)
	at org.junit.runners.ParentRunner.access$100(ParentRunner.java:66)
	at org.junit.runners.ParentRunner$2.evaluate(ParentRunner.java:293)
	at org.junit.runners.ParentRunner.run(ParentRunner.java:413)
	at org.junit.runners.Suite.runChild(Suite.java:128)
	at org.junit.runners.Suite.runChild(Suite.java:27)
	at org.junit.runners.ParentRunner$4.run(ParentRunner.java:331)
	at org.junit.runners.ParentRunner$1.schedule(ParentRunner.java:79)
	at org.junit.runners.ParentRunner.runChildren(ParentRunner.java:329)
	at org.junit.runners.ParentRunner.access$100(ParentRunner.java:66)
	at org.junit.runners.ParentRunner$2.evaluate(ParentRunner.java:293)
	at org.junit.runners.ParentRunner$3.evaluate(ParentRunner.java:306)
	at org.junit.runners.ParentRunner.run(ParentRunner.java:413)
	at org.apache.maven.surefire.junit4.JUnit4Provider.execute(JUnit4Provider.java:316)
	at org.apache.maven.surefire.junit4.JUnit4Provider.executeWithRerun(JUnit4Provider.java:240)
	at org.apache.maven.surefire.junit4.JUnit4Provider.executeTestSet(JUnit4Provider.java:214)
	at org.apache.maven.surefire.junit4.JUnit4Provider.invoke(JUnit4Provider.java:155)
	at org.apache.maven.surefire.booter.ForkedBooter.runSuitesInProcess(ForkedBooter.java:385)
	at org.apache.maven.surefire.booter.ForkedBooter.execute(ForkedBooter.java:162)
	at org.apache.maven.surefire.booter.ForkedBooter.run(ForkedBooter.java:507)
	at org.apache.maven.surefire.booter.ForkedBooter.main(ForkedBooter.java:495)

[ERROR] net.zerocloud.pdf.consumer.ParagraphPaginationWorkflowTest.laterMutationSealsRelayoutAndNewCompositionEstablishesANewBuffer[IN_PROCESS] -- Time elapsed: 0.007 s <<< ERROR!
net.zerocloud.pdf.DocumentFailure: The text and logical-structure extraction limit was exceeded.
	at net.zerocloud.pdf.PdfBoxWorkflowEngine.failure(PdfBoxWorkflowEngine.java:292)
	at net.zerocloud.pdf.PdfBoxWorkflowEngine.executeWithDocument(PdfBoxWorkflowEngine.java:350)
	at net.zerocloud.pdf.PdfBoxWorkflowEngine.executeChecked(PdfBoxWorkflowEngine.java:238)
	at net.zerocloud.pdf.PdfBoxWorkflowEngine.execute(PdfBoxWorkflowEngine.java:41)
	at net.zerocloud.pdf.DocumentWorkflow.executeOnce(DocumentWorkflow.java:184)
	at net.zerocloud.pdf.DocumentWorkflow.execute(DocumentWorkflow.java:103)
	at net.zerocloud.pdf.DocumentWorkflow.execute(DocumentWorkflow.java:64)
	at net.zerocloud.pdf.consumer.ParagraphPaginationWorkflowTest.read(ParagraphPaginationWorkflowTest.java:553)
	at net.zerocloud.pdf.consumer.ParagraphPaginationWorkflowTest.laterMutationSealsRelayoutAndNewCompositionEstablishesANewBuffer(ParagraphPaginationWorkflowTest.java:338)
	at java.base/jdk.internal.reflect.NativeMethodAccessorImpl.invoke0(Native Method)
	at java.base/jdk.internal.reflect.NativeMethodAccessorImpl.invoke(NativeMethodAccessorImpl.java:77)
	at java.base/jdk.internal.reflect.DelegatingMethodAccessorImpl.invoke(DelegatingMethodAccessorImpl.java:43)
	at java.base/java.lang.reflect.Method.invoke(Method.java:568)
	at org.junit.runners.model.FrameworkMethod$1.runReflectiveCall(FrameworkMethod.java:59)
	at org.junit.internal.runners.model.ReflectiveCallable.run(ReflectiveCallable.java:12)
	at org.junit.runners.model.FrameworkMethod.invokeExplosively(FrameworkMethod.java:56)
	at org.junit.internal.runners.statements.InvokeMethod.evaluate(InvokeMethod.java:17)
	at org.junit.rules.ExternalResource$1.evaluate(ExternalResource.java:54)
	at org.junit.runners.ParentRunner$3.evaluate(ParentRunner.java:306)
	at org.junit.runners.BlockJUnit4ClassRunner$1.evaluate(BlockJUnit4ClassRunner.java:100)
	at org.junit.runners.ParentRunner.runLeaf(ParentRunner.java:366)
	at org.junit.runners.BlockJUnit4ClassRunner.runChild(BlockJUnit4ClassRunner.java:103)
	at org.junit.runners.BlockJUnit4ClassRunner.runChild(BlockJUnit4ClassRunner.java:63)
	at org.junit.runners.ParentRunner$4.run(ParentRunner.java:331)
	at org.junit.runners.ParentRunner$1.schedule(ParentRunner.java:79)
	at org.junit.runners.ParentRunner.runChildren(ParentRunner.java:329)
	at org.junit.runners.ParentRunner.access$100(ParentRunner.java:66)
	at org.junit.runners.ParentRunner$2.evaluate(ParentRunner.java:293)
	at org.junit.runners.ParentRunner.run(ParentRunner.java:413)
	at org.junit.runners.Suite.runChild(Suite.java:128)
	at org.junit.runners.Suite.runChild(Suite.java:27)
	at org.junit.runners.ParentRunner$4.run(ParentRunner.java:331)
	at org.junit.runners.ParentRunner$1.schedule(ParentRunner.java:79)
	at org.junit.runners.ParentRunner.runChildren(ParentRunner.java:329)
	at org.junit.runners.ParentRunner.access$100(ParentRunner.java:66)
	at org.junit.runners.ParentRunner$2.evaluate(ParentRunner.java:293)
	at org.junit.runners.ParentRunner$3.evaluate(ParentRunner.java:306)
	at org.junit.runners.ParentRunner.run(ParentRunner.java:413)
	at org.apache.maven.surefire.junit4.JUnit4Provider.execute(JUnit4Provider.java:316)
	at org.apache.maven.surefire.junit4.JUnit4Provider.executeWithRerun(JUnit4Provider.java:240)
	at org.apache.maven.surefire.junit4.JUnit4Provider.executeTestSet(JUnit4Provider.java:214)
	at org.apache.maven.surefire.junit4.JUnit4Provider.invoke(JUnit4Provider.java:155)
	at org.apache.maven.surefire.booter.ForkedBooter.runSuitesInProcess(ForkedBooter.java:385)
	at org.apache.maven.surefire.booter.ForkedBooter.execute(ForkedBooter.java:162)
	at org.apache.maven.surefire.booter.ForkedBooter.run(ForkedBooter.java:507)
	at org.apache.maven.surefire.booter.ForkedBooter.main(ForkedBooter.java:495)

[ERROR] net.zerocloud.pdf.consumer.ParagraphPaginationWorkflowTest.relayoutCanShrinkAndGrowTheTailWithoutChangingEarlierPages[IN_PROCESS] -- Time elapsed: 0.003 s <<< ERROR!
net.zerocloud.pdf.DocumentFailure: The text and logical-structure extraction limit was exceeded.
	at net.zerocloud.pdf.PdfBoxWorkflowEngine.failure(PdfBoxWorkflowEngine.java:292)
	at net.zerocloud.pdf.PdfBoxWorkflowEngine.executeWithDocument(PdfBoxWorkflowEngine.java:350)
	at net.zerocloud.pdf.PdfBoxWorkflowEngine.executeChecked(PdfBoxWorkflowEngine.java:238)
	at net.zerocloud.pdf.PdfBoxWorkflowEngine.execute(PdfBoxWorkflowEngine.java:41)
	at net.zerocloud.pdf.DocumentWorkflow.executeOnce(DocumentWorkflow.java:184)
	at net.zerocloud.pdf.DocumentWorkflow.execute(DocumentWorkflow.java:103)
	at net.zerocloud.pdf.DocumentWorkflow.execute(DocumentWorkflow.java:64)
	at net.zerocloud.pdf.consumer.ParagraphPaginationWorkflowTest.relayoutCanShrinkAndGrowTheTailWithoutChangingEarlierPages(ParagraphPaginationWorkflowTest.java:247)
	at java.base/jdk.internal.reflect.NativeMethodAccessorImpl.invoke0(Native Method)
	at java.base/jdk.internal.reflect.NativeMethodAccessorImpl.invoke(NativeMethodAccessorImpl.java:77)
	at java.base/jdk.internal.reflect.DelegatingMethodAccessorImpl.invoke(DelegatingMethodAccessorImpl.java:43)
	at java.base/java.lang.reflect.Method.invoke(Method.java:568)
	at org.junit.runners.model.FrameworkMethod$1.runReflectiveCall(FrameworkMethod.java:59)
	at org.junit.internal.runners.model.ReflectiveCallable.run(ReflectiveCallable.java:12)
	at org.junit.runners.model.FrameworkMethod.invokeExplosively(FrameworkMethod.java:56)
	at org.junit.internal.runners.statements.InvokeMethod.evaluate(InvokeMethod.java:17)
	at org.junit.rules.ExternalResource$1.evaluate(ExternalResource.java:54)
	at org.junit.runners.ParentRunner$3.evaluate(ParentRunner.java:306)
	at org.junit.runners.BlockJUnit4ClassRunner$1.evaluate(BlockJUnit4ClassRunner.java:100)
	at org.junit.runners.ParentRunner.runLeaf(ParentRunner.java:366)
	at org.junit.runners.BlockJUnit4ClassRunner.runChild(BlockJUnit4ClassRunner.java:103)
	at org.junit.runners.BlockJUnit4ClassRunner.runChild(BlockJUnit4ClassRunner.java:63)
	at org.junit.runners.ParentRunner$4.run(ParentRunner.java:331)
	at org.junit.runners.ParentRunner$1.schedule(ParentRunner.java:79)
	at org.junit.runners.ParentRunner.runChildren(ParentRunner.java:329)
	at org.junit.runners.ParentRunner.access$100(ParentRunner.java:66)
	at org.junit.runners.ParentRunner$2.evaluate(ParentRunner.java:293)
	at org.junit.runners.ParentRunner.run(ParentRunner.java:413)
	at org.junit.runners.Suite.runChild(Suite.java:128)
	at org.junit.runners.Suite.runChild(Suite.java:27)
	at org.junit.runners.ParentRunner$4.run(ParentRunner.java:331)
	at org.junit.runners.ParentRunner$1.schedule(ParentRunner.java:79)
	at org.junit.runners.ParentRunner.runChildren(ParentRunner.java:329)
	at org.junit.runners.ParentRunner.access$100(ParentRunner.java:66)
	at org.junit.runners.ParentRunner$2.evaluate(ParentRunner.java:293)
	at org.junit.runners.ParentRunner$3.evaluate(ParentRunner.java:306)
	at org.junit.runners.ParentRunner.run(ParentRunner.java:413)
	at org.apache.maven.surefire.junit4.JUnit4Provider.execute(JUnit4Provider.java:316)
	at org.apache.maven.surefire.junit4.JUnit4Provider.executeWithRerun(JUnit4Provider.java:240)
	at org.apache.maven.surefire.junit4.JUnit4Provider.executeTestSet(JUnit4Provider.java:214)
	at org.apache.maven.surefire.junit4.JUnit4Provider.invoke(JUnit4Provider.java:155)
	at org.apache.maven.surefire.booter.ForkedBooter.runSuitesInProcess(ForkedBooter.java:385)
	at org.apache.maven.surefire.booter.ForkedBooter.execute(ForkedBooter.java:162)
	at org.apache.maven.surefire.booter.ForkedBooter.run(ForkedBooter.java:507)
	at org.apache.maven.surefire.booter.ForkedBooter.main(ForkedBooter.java:495)

[ERROR] net.zerocloud.pdf.consumer.ParagraphPaginationWorkflowTest.unsignedIncrementalRelayoutPreservesTheOriginalRevisionAndEarlierPages[IN_PROCESS] -- Time elapsed: 0.010 s <<< ERROR!
net.zerocloud.pdf.DocumentFailure: The text and logical-structure extraction limit was exceeded.
	at net.zerocloud.pdf.PdfBoxWorkflowEngine.failure(PdfBoxWorkflowEngine.java:292)
	at net.zerocloud.pdf.PdfBoxWorkflowEngine.executeWithDocument(PdfBoxWorkflowEngine.java:350)
	at net.zerocloud.pdf.PdfBoxWorkflowEngine.executeChecked(PdfBoxWorkflowEngine.java:238)
	at net.zerocloud.pdf.PdfBoxWorkflowEngine.execute(PdfBoxWorkflowEngine.java:41)
	at net.zerocloud.pdf.DocumentWorkflow.executeOnce(DocumentWorkflow.java:184)
	at net.zerocloud.pdf.DocumentWorkflow.execute(DocumentWorkflow.java:103)
	at net.zerocloud.pdf.DocumentWorkflow.execute(DocumentWorkflow.java:64)
	at net.zerocloud.pdf.consumer.ParagraphPaginationWorkflowTest.read(ParagraphPaginationWorkflowTest.java:553)
	at net.zerocloud.pdf.consumer.ParagraphPaginationWorkflowTest.unsignedIncrementalRelayoutPreservesTheOriginalRevisionAndEarlierPages(ParagraphPaginationWorkflowTest.java:392)
	at java.base/jdk.internal.reflect.NativeMethodAccessorImpl.invoke0(Native Method)
	at java.base/jdk.internal.reflect.NativeMethodAccessorImpl.invoke(NativeMethodAccessorImpl.java:77)
	at java.base/jdk.internal.reflect.DelegatingMethodAccessorImpl.invoke(DelegatingMethodAccessorImpl.java:43)
	at java.base/java.lang.reflect.Method.invoke(Method.java:568)
	at org.junit.runners.model.FrameworkMethod$1.runReflectiveCall(FrameworkMethod.java:59)
	at org.junit.internal.runners.model.ReflectiveCallable.run(ReflectiveCallable.java:12)
	at org.junit.runners.model.FrameworkMethod.invokeExplosively(FrameworkMethod.java:56)
	at org.junit.internal.runners.statements.InvokeMethod.evaluate(InvokeMethod.java:17)
	at org.junit.rules.ExternalResource$1.evaluate(ExternalResource.java:54)
	at org.junit.runners.ParentRunner$3.evaluate(ParentRunner.java:306)
	at org.junit.runners.BlockJUnit4ClassRunner$1.evaluate(BlockJUnit4ClassRunner.java:100)
	at org.junit.runners.ParentRunner.runLeaf(ParentRunner.java:366)
	at org.junit.runners.BlockJUnit4ClassRunner.runChild(BlockJUnit4ClassRunner.java:103)
	at org.junit.runners.BlockJUnit4ClassRunner.runChild(BlockJUnit4ClassRunner.java:63)
	at org.junit.runners.ParentRunner$4.run(ParentRunner.java:331)
	at org.junit.runners.ParentRunner$1.schedule(ParentRunner.java:79)
	at org.junit.runners.ParentRunner.runChildren(ParentRunner.java:329)
	at org.junit.runners.ParentRunner.access$100(ParentRunner.java:66)
	at org.junit.runners.ParentRunner$2.evaluate(ParentRunner.java:293)
	at org.junit.runners.ParentRunner.run(ParentRunner.java:413)
	at org.junit.runners.Suite.runChild(Suite.java:128)
	at org.junit.runners.Suite.runChild(Suite.java:27)
	at org.junit.runners.ParentRunner$4.run(ParentRunner.java:331)
	at org.junit.runners.ParentRunner$1.schedule(ParentRunner.java:79)
	at org.junit.runners.ParentRunner.runChildren(ParentRunner.java:329)
	at org.junit.runners.ParentRunner.access$100(ParentRunner.java:66)
	at org.junit.runners.ParentRunner$2.evaluate(ParentRunner.java:293)
	at org.junit.runners.ParentRunner$3.evaluate(ParentRunner.java:306)
	at org.junit.runners.ParentRunner.run(ParentRunner.java:413)
	at org.apache.maven.surefire.junit4.JUnit4Provider.execute(JUnit4Provider.java:316)
	at org.apache.maven.surefire.junit4.JUnit4Provider.executeWithRerun(JUnit4Provider.java:240)
	at org.apache.maven.surefire.junit4.JUnit4Provider.executeTestSet(JUnit4Provider.java:214)
	at org.apache.maven.surefire.junit4.JUnit4Provider.invoke(JUnit4Provider.java:155)
	at org.apache.maven.surefire.booter.ForkedBooter.runSuitesInProcess(ForkedBooter.java:385)
	at org.apache.maven.surefire.booter.ForkedBooter.execute(ForkedBooter.java:162)
	at org.apache.maven.surefire.booter.ForkedBooter.run(ForkedBooter.java:507)
	at org.apache.maven.surefire.booter.ForkedBooter.main(ForkedBooter.java:495)

[ERROR] net.zerocloud.pdf.consumer.ParagraphPaginationWorkflowTest.publicationExpiresSessionAndReopenedPdfHasNoRelayoutState[IN_PROCESS] -- Time elapsed: 0.007 s <<< ERROR!
net.zerocloud.pdf.DocumentFailure: The text and logical-structure extraction limit was exceeded.
	at net.zerocloud.pdf.PdfBoxWorkflowEngine.failure(PdfBoxWorkflowEngine.java:292)
	at net.zerocloud.pdf.PdfBoxWorkflowEngine.executeWithDocument(PdfBoxWorkflowEngine.java:350)
	at net.zerocloud.pdf.PdfBoxWorkflowEngine.executeChecked(PdfBoxWorkflowEngine.java:238)
	at net.zerocloud.pdf.PdfBoxWorkflowEngine.execute(PdfBoxWorkflowEngine.java:41)
	at net.zerocloud.pdf.DocumentWorkflow.executeOnce(DocumentWorkflow.java:184)
	at net.zerocloud.pdf.DocumentWorkflow.execute(DocumentWorkflow.java:103)
	at net.zerocloud.pdf.DocumentWorkflow.execute(DocumentWorkflow.java:64)
	at net.zerocloud.pdf.consumer.ParagraphPaginationWorkflowTest.read(ParagraphPaginationWorkflowTest.java:553)
	at net.zerocloud.pdf.consumer.ParagraphPaginationWorkflowTest.publicationExpiresSessionAndReopenedPdfHasNoRelayoutState(ParagraphPaginationWorkflowTest.java:354)
	at java.base/jdk.internal.reflect.NativeMethodAccessorImpl.invoke0(Native Method)
	at java.base/jdk.internal.reflect.NativeMethodAccessorImpl.invoke(NativeMethodAccessorImpl.java:77)
	at java.base/jdk.internal.reflect.DelegatingMethodAccessorImpl.invoke(DelegatingMethodAccessorImpl.java:43)
	at java.base/java.lang.reflect.Method.invoke(Method.java:568)
	at org.junit.runners.model.FrameworkMethod$1.runReflectiveCall(FrameworkMethod.java:59)
	at org.junit.internal.runners.model.ReflectiveCallable.run(ReflectiveCallable.java:12)
	at org.junit.runners.model.FrameworkMethod.invokeExplosively(FrameworkMethod.java:56)
	at org.junit.internal.runners.statements.InvokeMethod.evaluate(InvokeMethod.java:17)
	at org.junit.rules.ExternalResource$1.evaluate(ExternalResource.java:54)
	at org.junit.runners.ParentRunner$3.evaluate(ParentRunner.java:306)
	at org.junit.runners.BlockJUnit4ClassRunner$1.evaluate(BlockJUnit4ClassRunner.java:100)
	at org.junit.runners.ParentRunner.runLeaf(ParentRunner.java:366)
	at org.junit.runners.BlockJUnit4ClassRunner.runChild(BlockJUnit4ClassRunner.java:103)
	at org.junit.runners.BlockJUnit4ClassRunner.runChild(BlockJUnit4ClassRunner.java:63)
	at org.junit.runners.ParentRunner$4.run(ParentRunner.java:331)
	at org.junit.runners.ParentRunner$1.schedule(ParentRunner.java:79)
	at org.junit.runners.ParentRunner.runChildren(ParentRunner.java:329)
	at org.junit.runners.ParentRunner.access$100(ParentRunner.java:66)
	at org.junit.runners.ParentRunner$2.evaluate(ParentRunner.java:293)
	at org.junit.runners.ParentRunner.run(ParentRunner.java:413)
	at org.junit.runners.Suite.runChild(Suite.java:128)
	at org.junit.runners.Suite.runChild(Suite.java:27)
	at org.junit.runners.ParentRunner$4.run(ParentRunner.java:331)
	at org.junit.runners.ParentRunner$1.schedule(ParentRunner.java:79)
	at org.junit.runners.ParentRunner.runChildren(ParentRunner.java:329)
	at org.junit.runners.ParentRunner.access$100(ParentRunner.java:66)
	at org.junit.runners.ParentRunner$2.evaluate(ParentRunner.java:293)
	at org.junit.runners.ParentRunner$3.evaluate(ParentRunner.java:306)
	at org.junit.runners.ParentRunner.run(ParentRunner.java:413)
	at org.apache.maven.surefire.junit4.JUnit4Provider.execute(JUnit4Provider.java:316)
	at org.apache.maven.surefire.junit4.JUnit4Provider.executeWithRerun(JUnit4Provider.java:240)
	at org.apache.maven.surefire.junit4.JUnit4Provider.executeTestSet(JUnit4Provider.java:214)
	at org.apache.maven.surefire.junit4.JUnit4Provider.invoke(JUnit4Provider.java:155)
	at org.apache.maven.surefire.booter.ForkedBooter.runSuitesInProcess(ForkedBooter.java:385)
	at org.apache.maven.surefire.booter.ForkedBooter.execute(ForkedBooter.java:162)
	at org.apache.maven.surefire.booter.ForkedBooter.run(ForkedBooter.java:507)
	at org.apache.maven.surefire.booter.ForkedBooter.main(ForkedBooter.java:495)

[ERROR] net.zerocloud.pdf.consumer.ParagraphPaginationWorkflowTest.keepWithNextMovesTheHeadingWithTheFollowingFragment[IN_PROCESS] -- Time elapsed: 0.007 s <<< ERROR!
net.zerocloud.pdf.DocumentFailure: The text and logical-structure extraction limit was exceeded.
	at net.zerocloud.pdf.PdfBoxWorkflowEngine.failure(PdfBoxWorkflowEngine.java:292)
	at net.zerocloud.pdf.PdfBoxWorkflowEngine.executeWithDocument(PdfBoxWorkflowEngine.java:350)
	at net.zerocloud.pdf.PdfBoxWorkflowEngine.executeChecked(PdfBoxWorkflowEngine.java:238)
	at net.zerocloud.pdf.PdfBoxWorkflowEngine.execute(PdfBoxWorkflowEngine.java:41)
	at net.zerocloud.pdf.DocumentWorkflow.executeOnce(DocumentWorkflow.java:184)
	at net.zerocloud.pdf.DocumentWorkflow.execute(DocumentWorkflow.java:103)
	at net.zerocloud.pdf.DocumentWorkflow.execute(DocumentWorkflow.java:64)
	at net.zerocloud.pdf.consumer.ParagraphPaginationWorkflowTest.read(ParagraphPaginationWorkflowTest.java:553)
	at net.zerocloud.pdf.consumer.ParagraphPaginationWorkflowTest.keepWithNextMovesTheHeadingWithTheFollowingFragment(ParagraphPaginationWorkflowTest.java:163)
	at java.base/jdk.internal.reflect.NativeMethodAccessorImpl.invoke0(Native Method)
	at java.base/jdk.internal.reflect.NativeMethodAccessorImpl.invoke(NativeMethodAccessorImpl.java:77)
	at java.base/jdk.internal.reflect.DelegatingMethodAccessorImpl.invoke(DelegatingMethodAccessorImpl.java:43)
	at java.base/java.lang.reflect.Method.invoke(Method.java:568)
	at org.junit.runners.model.FrameworkMethod$1.runReflectiveCall(FrameworkMethod.java:59)
	at org.junit.internal.runners.model.ReflectiveCallable.run(ReflectiveCallable.java:12)
	at org.junit.runners.model.FrameworkMethod.invokeExplosively(FrameworkMethod.java:56)
	at org.junit.internal.runners.statements.InvokeMethod.evaluate(InvokeMethod.java:17)
	at org.junit.rules.ExternalResource$1.evaluate(ExternalResource.java:54)
	at org.junit.runners.ParentRunner$3.evaluate(ParentRunner.java:306)
	at org.junit.runners.BlockJUnit4ClassRunner$1.evaluate(BlockJUnit4ClassRunner.java:100)
	at org.junit.runners.ParentRunner.runLeaf(ParentRunner.java:366)
	at org.junit.runners.BlockJUnit4ClassRunner.runChild(BlockJUnit4ClassRunner.java:103)
	at org.junit.runners.BlockJUnit4ClassRunner.runChild(BlockJUnit4ClassRunner.java:63)
	at org.junit.runners.ParentRunner$4.run(ParentRunner.java:331)
	at org.junit.runners.ParentRunner$1.schedule(ParentRunner.java:79)
	at org.junit.runners.ParentRunner.runChildren(ParentRunner.java:329)
	at org.junit.runners.ParentRunner.access$100(ParentRunner.java:66)
	at org.junit.runners.ParentRunner$2.evaluate(ParentRunner.java:293)
	at org.junit.runners.ParentRunner.run(ParentRunner.java:413)
	at org.junit.runners.Suite.runChild(Suite.java:128)
	at org.junit.runners.Suite.runChild(Suite.java:27)
	at org.junit.runners.ParentRunner$4.run(ParentRunner.java:331)
	at org.junit.runners.ParentRunner$1.schedule(ParentRunner.java:79)
	at org.junit.runners.ParentRunner.runChildren(ParentRunner.java:329)
	at org.junit.runners.ParentRunner.access$100(ParentRunner.java:66)
	at org.junit.runners.ParentRunner$2.evaluate(ParentRunner.java:293)
	at org.junit.runners.ParentRunner$3.evaluate(ParentRunner.java:306)
	at org.junit.runners.ParentRunner.run(ParentRunner.java:413)
	at org.apache.maven.surefire.junit4.JUnit4Provider.execute(JUnit4Provider.java:316)
	at org.apache.maven.surefire.junit4.JUnit4Provider.executeWithRerun(JUnit4Provider.java:240)
	at org.apache.maven.surefire.junit4.JUnit4Provider.executeTestSet(JUnit4Provider.java:214)
	at org.apache.maven.surefire.junit4.JUnit4Provider.invoke(JUnit4Provider.java:155)
	at org.apache.maven.surefire.booter.ForkedBooter.runSuitesInProcess(ForkedBooter.java:385)
	at org.apache.maven.surefire.booter.ForkedBooter.execute(ForkedBooter.java:162)
	at org.apache.maven.surefire.booter.ForkedBooter.run(ForkedBooter.java:507)
	at org.apache.maven.surefire.booter.ForkedBooter.main(ForkedBooter.java:495)

[ERROR] net.zerocloud.pdf.consumer.ParagraphPaginationWorkflowTest.hangingFirstLineDoesNotRepeatOnTheNextPage[IN_PROCESS] -- Time elapsed: 0.006 s <<< ERROR!
net.zerocloud.pdf.DocumentFailure: The text and logical-structure extraction limit was exceeded.
	at net.zerocloud.pdf.PdfBoxWorkflowEngine.failure(PdfBoxWorkflowEngine.java:292)
	at net.zerocloud.pdf.PdfBoxWorkflowEngine.executeWithDocument(PdfBoxWorkflowEngine.java:350)
	at net.zerocloud.pdf.PdfBoxWorkflowEngine.executeChecked(PdfBoxWorkflowEngine.java:238)
	at net.zerocloud.pdf.PdfBoxWorkflowEngine.execute(PdfBoxWorkflowEngine.java:41)
	at net.zerocloud.pdf.DocumentWorkflow.executeOnce(DocumentWorkflow.java:184)
	at net.zerocloud.pdf.DocumentWorkflow.execute(DocumentWorkflow.java:103)
	at net.zerocloud.pdf.DocumentWorkflow.execute(DocumentWorkflow.java:64)
	at net.zerocloud.pdf.consumer.ParagraphPaginationWorkflowTest.read(ParagraphPaginationWorkflowTest.java:553)
	at net.zerocloud.pdf.consumer.ParagraphPaginationWorkflowTest.hangingFirstLineDoesNotRepeatOnTheNextPage(ParagraphPaginationWorkflowTest.java:103)
	at java.base/jdk.internal.reflect.NativeMethodAccessorImpl.invoke0(Native Method)
	at java.base/jdk.internal.reflect.NativeMethodAccessorImpl.invoke(NativeMethodAccessorImpl.java:77)
	at java.base/jdk.internal.reflect.DelegatingMethodAccessorImpl.invoke(DelegatingMethodAccessorImpl.java:43)
	at java.base/java.lang.reflect.Method.invoke(Method.java:568)
	at org.junit.runners.model.FrameworkMethod$1.runReflectiveCall(FrameworkMethod.java:59)
	at org.junit.internal.runners.model.ReflectiveCallable.run(ReflectiveCallable.java:12)
	at org.junit.runners.model.FrameworkMethod.invokeExplosively(FrameworkMethod.java:56)
	at org.junit.internal.runners.statements.InvokeMethod.evaluate(InvokeMethod.java:17)
	at org.junit.rules.ExternalResource$1.evaluate(ExternalResource.java:54)
	at org.junit.runners.ParentRunner$3.evaluate(ParentRunner.java:306)
	at org.junit.runners.BlockJUnit4ClassRunner$1.evaluate(BlockJUnit4ClassRunner.java:100)
	at org.junit.runners.ParentRunner.runLeaf(ParentRunner.java:366)
	at org.junit.runners.BlockJUnit4ClassRunner.runChild(BlockJUnit4ClassRunner.java:103)
	at org.junit.runners.BlockJUnit4ClassRunner.runChild(BlockJUnit4ClassRunner.java:63)
	at org.junit.runners.ParentRunner$4.run(ParentRunner.java:331)
	at org.junit.runners.ParentRunner$1.schedule(ParentRunner.java:79)
	at org.junit.runners.ParentRunner.runChildren(ParentRunner.java:329)
	at org.junit.runners.ParentRunner.access$100(ParentRunner.java:66)
	at org.junit.runners.ParentRunner$2.evaluate(ParentRunner.java:293)
	at org.junit.runners.ParentRunner.run(ParentRunner.java:413)
	at org.junit.runners.Suite.runChild(Suite.java:128)
	at org.junit.runners.Suite.runChild(Suite.java:27)
	at org.junit.runners.ParentRunner$4.run(ParentRunner.java:331)
	at org.junit.runners.ParentRunner$1.schedule(ParentRunner.java:79)
	at org.junit.runners.ParentRunner.runChildren(ParentRunner.java:329)
	at org.junit.runners.ParentRunner.access$100(ParentRunner.java:66)
	at org.junit.runners.ParentRunner$2.evaluate(ParentRunner.java:293)
	at org.junit.runners.ParentRunner$3.evaluate(ParentRunner.java:306)
	at org.junit.runners.ParentRunner.run(ParentRunner.java:413)
	at org.apache.maven.surefire.junit4.JUnit4Provider.execute(JUnit4Provider.java:316)
	at org.apache.maven.surefire.junit4.JUnit4Provider.executeWithRerun(JUnit4Provider.java:240)
	at org.apache.maven.surefire.junit4.JUnit4Provider.executeTestSet(JUnit4Provider.java:214)
	at org.apache.maven.surefire.junit4.JUnit4Provider.invoke(JUnit4Provider.java:155)
	at org.apache.maven.surefire.booter.ForkedBooter.runSuitesInProcess(ForkedBooter.java:385)
	at org.apache.maven.surefire.booter.ForkedBooter.execute(ForkedBooter.java:162)
	at org.apache.maven.surefire.booter.ForkedBooter.run(ForkedBooter.java:507)
	at org.apache.maven.surefire.booter.ForkedBooter.main(ForkedBooter.java:495)

[ERROR] net.zerocloud.pdf.consumer.ParagraphPaginationWorkflowTest.immediateAndExplicitFlushSealTheFlowWithoutEarlyPublication[IN_PROCESS] -- Time elapsed: 0.006 s <<< ERROR!
net.zerocloud.pdf.DocumentFailure: The text and logical-structure extraction limit was exceeded.
	at net.zerocloud.pdf.PdfBoxWorkflowEngine.failure(PdfBoxWorkflowEngine.java:292)
	at net.zerocloud.pdf.PdfBoxWorkflowEngine.executeWithDocument(PdfBoxWorkflowEngine.java:350)
	at net.zerocloud.pdf.PdfBoxWorkflowEngine.executeChecked(PdfBoxWorkflowEngine.java:238)
	at net.zerocloud.pdf.PdfBoxWorkflowEngine.execute(PdfBoxWorkflowEngine.java:41)
	at net.zerocloud.pdf.DocumentWorkflow.executeOnce(DocumentWorkflow.java:184)
	at net.zerocloud.pdf.DocumentWorkflow.execute(DocumentWorkflow.java:103)
	at net.zerocloud.pdf.DocumentWorkflow.execute(DocumentWorkflow.java:64)
	at net.zerocloud.pdf.consumer.ParagraphPaginationWorkflowTest.read(ParagraphPaginationWorkflowTest.java:553)
	at net.zerocloud.pdf.consumer.ParagraphPaginationWorkflowTest.immediateAndExplicitFlushSealTheFlowWithoutEarlyPublication(ParagraphPaginationWorkflowTest.java:323)
	at java.base/jdk.internal.reflect.NativeMethodAccessorImpl.invoke0(Native Method)
	at java.base/jdk.internal.reflect.NativeMethodAccessorImpl.invoke(NativeMethodAccessorImpl.java:77)
	at java.base/jdk.internal.reflect.DelegatingMethodAccessorImpl.invoke(DelegatingMethodAccessorImpl.java:43)
	at java.base/java.lang.reflect.Method.invoke(Method.java:568)
	at org.junit.runners.model.FrameworkMethod$1.runReflectiveCall(FrameworkMethod.java:59)
	at org.junit.internal.runners.model.ReflectiveCallable.run(ReflectiveCallable.java:12)
	at org.junit.runners.model.FrameworkMethod.invokeExplosively(FrameworkMethod.java:56)
	at org.junit.internal.runners.statements.InvokeMethod.evaluate(InvokeMethod.java:17)
	at org.junit.rules.ExternalResource$1.evaluate(ExternalResource.java:54)
	at org.junit.runners.ParentRunner$3.evaluate(ParentRunner.java:306)
	at org.junit.runners.BlockJUnit4ClassRunner$1.evaluate(BlockJUnit4ClassRunner.java:100)
	at org.junit.runners.ParentRunner.runLeaf(ParentRunner.java:366)
	at org.junit.runners.BlockJUnit4ClassRunner.runChild(BlockJUnit4ClassRunner.java:103)
	at org.junit.runners.BlockJUnit4ClassRunner.runChild(BlockJUnit4ClassRunner.java:63)
	at org.junit.runners.ParentRunner$4.run(ParentRunner.java:331)
	at org.junit.runners.ParentRunner$1.schedule(ParentRunner.java:79)
	at org.junit.runners.ParentRunner.runChildren(ParentRunner.java:329)
	at org.junit.runners.ParentRunner.access$100(ParentRunner.java:66)
	at org.junit.runners.ParentRunner$2.evaluate(ParentRunner.java:293)
	at org.junit.runners.ParentRunner.run(ParentRunner.java:413)
	at org.junit.runners.Suite.runChild(Suite.java:128)
	at org.junit.runners.Suite.runChild(Suite.java:27)
	at org.junit.runners.ParentRunner$4.run(ParentRunner.java:331)
	at org.junit.runners.ParentRunner$1.schedule(ParentRunner.java:79)
	at org.junit.runners.ParentRunner.runChildren(ParentRunner.java:329)
	at org.junit.runners.ParentRunner.access$100(ParentRunner.java:66)
	at org.junit.runners.ParentRunner$2.evaluate(ParentRunner.java:293)
	at org.junit.runners.ParentRunner$3.evaluate(ParentRunner.java:306)
	at org.junit.runners.ParentRunner.run(ParentRunner.java:413)
	at org.apache.maven.surefire.junit4.JUnit4Provider.execute(JUnit4Provider.java:316)
	at org.apache.maven.surefire.junit4.JUnit4Provider.executeWithRerun(JUnit4Provider.java:240)
	at org.apache.maven.surefire.junit4.JUnit4Provider.executeTestSet(JUnit4Provider.java:214)
	at org.apache.maven.surefire.junit4.JUnit4Provider.invoke(JUnit4Provider.java:155)
	at org.apache.maven.surefire.booter.ForkedBooter.runSuitesInProcess(ForkedBooter.java:385)
	at org.apache.maven.surefire.booter.ForkedBooter.execute(ForkedBooter.java:162)
	at org.apache.maven.surefire.booter.ForkedBooter.run(ForkedBooter.java:507)
	at org.apache.maven.surefire.booter.ForkedBooter.main(ForkedBooter.java:495)

[ERROR] net.zerocloud.pdf.consumer.ParagraphPaginationWorkflowTest.consecutiveTabsSkipStopsThatWouldMoveThePenBackwards[IN_PROCESS] -- Time elapsed: 0.006 s <<< ERROR!
net.zerocloud.pdf.DocumentFailure: The text and logical-structure extraction limit was exceeded.
	at net.zerocloud.pdf.PdfBoxWorkflowEngine.failure(PdfBoxWorkflowEngine.java:292)
	at net.zerocloud.pdf.PdfBoxWorkflowEngine.executeWithDocument(PdfBoxWorkflowEngine.java:350)
	at net.zerocloud.pdf.PdfBoxWorkflowEngine.executeChecked(PdfBoxWorkflowEngine.java:238)
	at net.zerocloud.pdf.PdfBoxWorkflowEngine.execute(PdfBoxWorkflowEngine.java:41)
	at net.zerocloud.pdf.DocumentWorkflow.executeOnce(DocumentWorkflow.java:184)
	at net.zerocloud.pdf.DocumentWorkflow.execute(DocumentWorkflow.java:103)
	at net.zerocloud.pdf.DocumentWorkflow.execute(DocumentWorkflow.java:64)
	at net.zerocloud.pdf.consumer.ParagraphPaginationWorkflowTest.read(ParagraphPaginationWorkflowTest.java:553)
	at net.zerocloud.pdf.consumer.ParagraphPaginationWorkflowTest.consecutiveTabsSkipStopsThatWouldMoveThePenBackwards(ParagraphPaginationWorkflowTest.java:137)
	at java.base/jdk.internal.reflect.NativeMethodAccessorImpl.invoke0(Native Method)
	at java.base/jdk.internal.reflect.NativeMethodAccessorImpl.invoke(NativeMethodAccessorImpl.java:77)
	at java.base/jdk.internal.reflect.DelegatingMethodAccessorImpl.invoke(DelegatingMethodAccessorImpl.java:43)
	at java.base/java.lang.reflect.Method.invoke(Method.java:568)
	at org.junit.runners.model.FrameworkMethod$1.runReflectiveCall(FrameworkMethod.java:59)
	at org.junit.internal.runners.model.ReflectiveCallable.run(ReflectiveCallable.java:12)
	at org.junit.runners.model.FrameworkMethod.invokeExplosively(FrameworkMethod.java:56)
	at org.junit.internal.runners.statements.InvokeMethod.evaluate(InvokeMethod.java:17)
	at org.junit.rules.ExternalResource$1.evaluate(ExternalResource.java:54)
	at org.junit.runners.ParentRunner$3.evaluate(ParentRunner.java:306)
	at org.junit.runners.BlockJUnit4ClassRunner$1.evaluate(BlockJUnit4ClassRunner.java:100)
	at org.junit.runners.ParentRunner.runLeaf(ParentRunner.java:366)
	at org.junit.runners.BlockJUnit4ClassRunner.runChild(BlockJUnit4ClassRunner.java:103)
	at org.junit.runners.BlockJUnit4ClassRunner.runChild(BlockJUnit4ClassRunner.java:63)
	at org.junit.runners.ParentRunner$4.run(ParentRunner.java:331)
	at org.junit.runners.ParentRunner$1.schedule(ParentRunner.java:79)
	at org.junit.runners.ParentRunner.runChildren(ParentRunner.java:329)
	at org.junit.runners.ParentRunner.access$100(ParentRunner.java:66)
	at org.junit.runners.ParentRunner$2.evaluate(ParentRunner.java:293)
	at org.junit.runners.ParentRunner.run(ParentRunner.java:413)
	at org.junit.runners.Suite.runChild(Suite.java:128)
	at org.junit.runners.Suite.runChild(Suite.java:27)
	at org.junit.runners.ParentRunner$4.run(ParentRunner.java:331)
	at org.junit.runners.ParentRunner$1.schedule(ParentRunner.java:79)
	at org.junit.runners.ParentRunner.runChildren(ParentRunner.java:329)
	at org.junit.runners.ParentRunner.access$100(ParentRunner.java:66)
	at org.junit.runners.ParentRunner$2.evaluate(ParentRunner.java:293)
	at org.junit.runners.ParentRunner$3.evaluate(ParentRunner.java:306)
	at org.junit.runners.ParentRunner.run(ParentRunner.java:413)
	at org.apache.maven.surefire.junit4.JUnit4Provider.execute(JUnit4Provider.java:316)
	at org.apache.maven.surefire.junit4.JUnit4Provider.executeWithRerun(JUnit4Provider.java:240)
	at org.apache.maven.surefire.junit4.JUnit4Provider.executeTestSet(JUnit4Provider.java:214)
	at org.apache.maven.surefire.junit4.JUnit4Provider.invoke(JUnit4Provider.java:155)
	at org.apache.maven.surefire.booter.ForkedBooter.runSuitesInProcess(ForkedBooter.java:385)
	at org.apache.maven.surefire.booter.ForkedBooter.execute(ForkedBooter.java:162)
	at org.apache.maven.surefire.booter.ForkedBooter.run(ForkedBooter.java:507)
	at org.apache.maven.surefire.booter.ForkedBooter.main(ForkedBooter.java:495)

[ERROR] net.zerocloud.pdf.consumer.ParagraphPaginationWorkflowTest.rejectOverflowUsesAWiderPageAndExhaustionNeverTruncates[IN_PROCESS] -- Time elapsed: 0.005 s <<< ERROR!
net.zerocloud.pdf.DocumentFailure: The text and logical-structure extraction limit was exceeded.
	at net.zerocloud.pdf.PdfBoxWorkflowEngine.failure(PdfBoxWorkflowEngine.java:292)
	at net.zerocloud.pdf.PdfBoxWorkflowEngine.executeWithDocument(PdfBoxWorkflowEngine.java:350)
	at net.zerocloud.pdf.PdfBoxWorkflowEngine.executeChecked(PdfBoxWorkflowEngine.java:238)
	at net.zerocloud.pdf.PdfBoxWorkflowEngine.execute(PdfBoxWorkflowEngine.java:41)
	at net.zerocloud.pdf.DocumentWorkflow.executeOnce(DocumentWorkflow.java:184)
	at net.zerocloud.pdf.DocumentWorkflow.execute(DocumentWorkflow.java:103)
	at net.zerocloud.pdf.DocumentWorkflow.execute(DocumentWorkflow.java:64)
	at net.zerocloud.pdf.consumer.ParagraphPaginationWorkflowTest.read(ParagraphPaginationWorkflowTest.java:553)
	at net.zerocloud.pdf.consumer.ParagraphPaginationWorkflowTest.rejectOverflowUsesAWiderPageAndExhaustionNeverTruncates(ParagraphPaginationWorkflowTest.java:235)
	at java.base/jdk.internal.reflect.NativeMethodAccessorImpl.invoke0(Native Method)
	at java.base/jdk.internal.reflect.NativeMethodAccessorImpl.invoke(NativeMethodAccessorImpl.java:77)
	at java.base/jdk.internal.reflect.DelegatingMethodAccessorImpl.invoke(DelegatingMethodAccessorImpl.java:43)
	at java.base/java.lang.reflect.Method.invoke(Method.java:568)
	at org.junit.runners.model.FrameworkMethod$1.runReflectiveCall(FrameworkMethod.java:59)
	at org.junit.internal.runners.model.ReflectiveCallable.run(ReflectiveCallable.java:12)
	at org.junit.runners.model.FrameworkMethod.invokeExplosively(FrameworkMethod.java:56)
	at org.junit.internal.runners.statements.InvokeMethod.evaluate(InvokeMethod.java:17)
	at org.junit.rules.ExternalResource$1.evaluate(ExternalResource.java:54)
	at org.junit.runners.ParentRunner$3.evaluate(ParentRunner.java:306)
	at org.junit.runners.BlockJUnit4ClassRunner$1.evaluate(BlockJUnit4ClassRunner.java:100)
	at org.junit.runners.ParentRunner.runLeaf(ParentRunner.java:366)
	at org.junit.runners.BlockJUnit4ClassRunner.runChild(BlockJUnit4ClassRunner.java:103)
	at org.junit.runners.BlockJUnit4ClassRunner.runChild(BlockJUnit4ClassRunner.java:63)
	at org.junit.runners.ParentRunner$4.run(ParentRunner.java:331)
	at org.junit.runners.ParentRunner$1.schedule(ParentRunner.java:79)
	at org.junit.runners.ParentRunner.runChildren(ParentRunner.java:329)
	at org.junit.runners.ParentRunner.access$100(ParentRunner.java:66)
	at org.junit.runners.ParentRunner$2.evaluate(ParentRunner.java:293)
	at org.junit.runners.ParentRunner.run(ParentRunner.java:413)
	at org.junit.runners.Suite.runChild(Suite.java:128)
	at org.junit.runners.Suite.runChild(Suite.java:27)
	at org.junit.runners.ParentRunner$4.run(ParentRunner.java:331)
	at org.junit.runners.ParentRunner$1.schedule(ParentRunner.java:79)
	at org.junit.runners.ParentRunner.runChildren(ParentRunner.java:329)
	at org.junit.runners.ParentRunner.access$100(ParentRunner.java:66)
	at org.junit.runners.ParentRunner$2.evaluate(ParentRunner.java:293)
	at org.junit.runners.ParentRunner$3.evaluate(ParentRunner.java:306)
	at org.junit.runners.ParentRunner.run(ParentRunner.java:413)
	at org.apache.maven.surefire.junit4.JUnit4Provider.execute(JUnit4Provider.java:316)
	at org.apache.maven.surefire.junit4.JUnit4Provider.executeWithRerun(JUnit4Provider.java:240)
	at org.apache.maven.surefire.junit4.JUnit4Provider.executeTestSet(JUnit4Provider.java:214)
	at org.apache.maven.surefire.junit4.JUnit4Provider.invoke(JUnit4Provider.java:155)
	at org.apache.maven.surefire.booter.ForkedBooter.runSuitesInProcess(ForkedBooter.java:385)
	at org.apache.maven.surefire.booter.ForkedBooter.execute(ForkedBooter.java:162)
	at org.apache.maven.surefire.booter.ForkedBooter.run(ForkedBooter.java:507)
	at org.apache.maven.surefire.booter.ForkedBooter.main(ForkedBooter.java:495)

[ERROR] net.zerocloud.pdf.consumer.ParagraphPaginationWorkflowTest.tabFieldMovesIntactToAWiderArea[IN_PROCESS] -- Time elapsed: 0.005 s <<< ERROR!
net.zerocloud.pdf.DocumentFailure: The text and logical-structure extraction limit was exceeded.
	at net.zerocloud.pdf.PdfBoxWorkflowEngine.failure(PdfBoxWorkflowEngine.java:292)
	at net.zerocloud.pdf.PdfBoxWorkflowEngine.executeWithDocument(PdfBoxWorkflowEngine.java:350)
	at net.zerocloud.pdf.PdfBoxWorkflowEngine.executeChecked(PdfBoxWorkflowEngine.java:238)
	at net.zerocloud.pdf.PdfBoxWorkflowEngine.execute(PdfBoxWorkflowEngine.java:41)
	at net.zerocloud.pdf.DocumentWorkflow.executeOnce(DocumentWorkflow.java:184)
	at net.zerocloud.pdf.DocumentWorkflow.execute(DocumentWorkflow.java:103)
	at net.zerocloud.pdf.DocumentWorkflow.execute(DocumentWorkflow.java:64)
	at net.zerocloud.pdf.consumer.ParagraphPaginationWorkflowTest.read(ParagraphPaginationWorkflowTest.java:553)
	at net.zerocloud.pdf.consumer.ParagraphPaginationWorkflowTest.tabFieldMovesIntactToAWiderArea(ParagraphPaginationWorkflowTest.java:147)
	at java.base/jdk.internal.reflect.NativeMethodAccessorImpl.invoke0(Native Method)
	at java.base/jdk.internal.reflect.NativeMethodAccessorImpl.invoke(NativeMethodAccessorImpl.java:77)
	at java.base/jdk.internal.reflect.DelegatingMethodAccessorImpl.invoke(DelegatingMethodAccessorImpl.java:43)
	at java.base/java.lang.reflect.Method.invoke(Method.java:568)
	at org.junit.runners.model.FrameworkMethod$1.runReflectiveCall(FrameworkMethod.java:59)
	at org.junit.internal.runners.model.ReflectiveCallable.run(ReflectiveCallable.java:12)
	at org.junit.runners.model.FrameworkMethod.invokeExplosively(FrameworkMethod.java:56)
	at org.junit.internal.runners.statements.InvokeMethod.evaluate(InvokeMethod.java:17)
	at org.junit.rules.ExternalResource$1.evaluate(ExternalResource.java:54)
	at org.junit.runners.ParentRunner$3.evaluate(ParentRunner.java:306)
	at org.junit.runners.BlockJUnit4ClassRunner$1.evaluate(BlockJUnit4ClassRunner.java:100)
	at org.junit.runners.ParentRunner.runLeaf(ParentRunner.java:366)
	at org.junit.runners.BlockJUnit4ClassRunner.runChild(BlockJUnit4ClassRunner.java:103)
	at org.junit.runners.BlockJUnit4ClassRunner.runChild(BlockJUnit4ClassRunner.java:63)
	at org.junit.runners.ParentRunner$4.run(ParentRunner.java:331)
	at org.junit.runners.ParentRunner$1.schedule(ParentRunner.java:79)
	at org.junit.runners.ParentRunner.runChildren(ParentRunner.java:329)
	at org.junit.runners.ParentRunner.access$100(ParentRunner.java:66)
	at org.junit.runners.ParentRunner$2.evaluate(ParentRunner.java:293)
	at org.junit.runners.ParentRunner.run(ParentRunner.java:413)
	at org.junit.runners.Suite.runChild(Suite.java:128)
	at org.junit.runners.Suite.runChild(Suite.java:27)
	at org.junit.runners.ParentRunner$4.run(ParentRunner.java:331)
	at org.junit.runners.ParentRunner$1.schedule(ParentRunner.java:79)
	at org.junit.runners.ParentRunner.runChildren(ParentRunner.java:329)
	at org.junit.runners.ParentRunner.access$100(ParentRunner.java:66)
	at org.junit.runners.ParentRunner$2.evaluate(ParentRunner.java:293)
	at org.junit.runners.ParentRunner$3.evaluate(ParentRunner.java:306)
	at org.junit.runners.ParentRunner.run(ParentRunner.java:413)
	at org.apache.maven.surefire.junit4.JUnit4Provider.execute(JUnit4Provider.java:316)
	at org.apache.maven.surefire.junit4.JUnit4Provider.executeWithRerun(JUnit4Provider.java:240)
	at org.apache.maven.surefire.junit4.JUnit4Provider.executeTestSet(JUnit4Provider.java:214)
	at org.apache.maven.surefire.junit4.JUnit4Provider.invoke(JUnit4Provider.java:155)
	at org.apache.maven.surefire.booter.ForkedBooter.runSuitesInProcess(ForkedBooter.java:385)
	at org.apache.maven.surefire.booter.ForkedBooter.execute(ForkedBooter.java:162)
	at org.apache.maven.surefire.booter.ForkedBooter.run(ForkedBooter.java:507)
	at org.apache.maven.surefire.booter.ForkedBooter.main(ForkedBooter.java:495)

[ERROR] net.zerocloud.pdf.consumer.ParagraphPaginationWorkflowTest.finiteSearchAndLineBoundsReportStableFailures[IN_PROCESS] -- Time elapsed: 0.005 s <<< ERROR!
net.zerocloud.pdf.DocumentFailure: The text and logical-structure extraction limit was exceeded.
	at net.zerocloud.pdf.PdfBoxWorkflowEngine.failure(PdfBoxWorkflowEngine.java:292)
	at net.zerocloud.pdf.PdfBoxWorkflowEngine.executeWithDocument(PdfBoxWorkflowEngine.java:350)
	at net.zerocloud.pdf.PdfBoxWorkflowEngine.executeChecked(PdfBoxWorkflowEngine.java:238)
	at net.zerocloud.pdf.PdfBoxWorkflowEngine.execute(PdfBoxWorkflowEngine.java:41)
	at net.zerocloud.pdf.DocumentWorkflow.executeOnce(DocumentWorkflow.java:184)
	at net.zerocloud.pdf.DocumentWorkflow.execute(DocumentWorkflow.java:103)
	at net.zerocloud.pdf.DocumentWorkflow.execute(DocumentWorkflow.java:64)
	at net.zerocloud.pdf.consumer.ParagraphPaginationWorkflowTest.read(ParagraphPaginationWorkflowTest.java:553)
	at net.zerocloud.pdf.consumer.ParagraphPaginationWorkflowTest.finiteSearchAndLineBoundsReportStableFailures(ParagraphPaginationWorkflowTest.java:429)
	at java.base/jdk.internal.reflect.NativeMethodAccessorImpl.invoke0(Native Method)
	at java.base/jdk.internal.reflect.NativeMethodAccessorImpl.invoke(NativeMethodAccessorImpl.java:77)
	at java.base/jdk.internal.reflect.DelegatingMethodAccessorImpl.invoke(DelegatingMethodAccessorImpl.java:43)
	at java.base/java.lang.reflect.Method.invoke(Method.java:568)
	at org.junit.runners.model.FrameworkMethod$1.runReflectiveCall(FrameworkMethod.java:59)
	at org.junit.internal.runners.model.ReflectiveCallable.run(ReflectiveCallable.java:12)
	at org.junit.runners.model.FrameworkMethod.invokeExplosively(FrameworkMethod.java:56)
	at org.junit.internal.runners.statements.InvokeMethod.evaluate(InvokeMethod.java:17)
	at org.junit.rules.ExternalResource$1.evaluate(ExternalResource.java:54)
	at org.junit.runners.ParentRunner$3.evaluate(ParentRunner.java:306)
	at org.junit.runners.BlockJUnit4ClassRunner$1.evaluate(BlockJUnit4ClassRunner.java:100)
	at org.junit.runners.ParentRunner.runLeaf(ParentRunner.java:366)
	at org.junit.runners.BlockJUnit4ClassRunner.runChild(BlockJUnit4ClassRunner.java:103)
	at org.junit.runners.BlockJUnit4ClassRunner.runChild(BlockJUnit4ClassRunner.java:63)
	at org.junit.runners.ParentRunner$4.run(ParentRunner.java:331)
	at org.junit.runners.ParentRunner$1.schedule(ParentRunner.java:79)
	at org.junit.runners.ParentRunner.runChildren(ParentRunner.java:329)
	at org.junit.runners.ParentRunner.access$100(ParentRunner.java:66)
	at org.junit.runners.ParentRunner$2.evaluate(ParentRunner.java:293)
	at org.junit.runners.ParentRunner.run(ParentRunner.java:413)
	at org.junit.runners.Suite.runChild(Suite.java:128)
	at org.junit.runners.Suite.runChild(Suite.java:27)
	at org.junit.runners.ParentRunner$4.run(ParentRunner.java:331)
	at org.junit.runners.ParentRunner$1.schedule(ParentRunner.java:79)
	at org.junit.runners.ParentRunner.runChildren(ParentRunner.java:329)
	at org.junit.runners.ParentRunner.access$100(ParentRunner.java:66)
	at org.junit.runners.ParentRunner$2.evaluate(ParentRunner.java:293)
	at org.junit.runners.ParentRunner$3.evaluate(ParentRunner.java:306)
	at org.junit.runners.ParentRunner.run(ParentRunner.java:413)
	at org.apache.maven.surefire.junit4.JUnit4Provider.execute(JUnit4Provider.java:316)
	at org.apache.maven.surefire.junit4.JUnit4Provider.executeWithRerun(JUnit4Provider.java:240)
	at org.apache.maven.surefire.junit4.JUnit4Provider.executeTestSet(JUnit4Provider.java:214)
	at org.apache.maven.surefire.junit4.JUnit4Provider.invoke(JUnit4Provider.java:155)
	at org.apache.maven.surefire.booter.ForkedBooter.runSuitesInProcess(ForkedBooter.java:385)
	at org.apache.maven.surefire.booter.ForkedBooter.execute(ForkedBooter.java:162)
	at org.apache.maven.surefire.booter.ForkedBooter.run(ForkedBooter.java:507)
	at org.apache.maven.surefire.booter.ForkedBooter.main(ForkedBooter.java:495)

[ERROR] net.zerocloud.pdf.consumer.ParagraphPaginationWorkflowTest.exactAttemptBoundSucceedsAndTheFirstExcessFails[IN_PROCESS] -- Time elapsed: 0.006 s <<< ERROR!
net.zerocloud.pdf.DocumentFailure: The text and logical-structure extraction limit was exceeded.
	at net.zerocloud.pdf.PdfBoxWorkflowEngine.failure(PdfBoxWorkflowEngine.java:292)
	at net.zerocloud.pdf.PdfBoxWorkflowEngine.executeWithDocument(PdfBoxWorkflowEngine.java:350)
	at net.zerocloud.pdf.PdfBoxWorkflowEngine.executeChecked(PdfBoxWorkflowEngine.java:238)
	at net.zerocloud.pdf.PdfBoxWorkflowEngine.execute(PdfBoxWorkflowEngine.java:41)
	at net.zerocloud.pdf.DocumentWorkflow.executeOnce(DocumentWorkflow.java:184)
	at net.zerocloud.pdf.DocumentWorkflow.execute(DocumentWorkflow.java:103)
	at net.zerocloud.pdf.DocumentWorkflow.execute(DocumentWorkflow.java:64)
	at net.zerocloud.pdf.consumer.ParagraphPaginationWorkflowTest.read(ParagraphPaginationWorkflowTest.java:553)
	at net.zerocloud.pdf.consumer.ParagraphPaginationWorkflowTest.exactAttemptBoundSucceedsAndTheFirstExcessFails(ParagraphPaginationWorkflowTest.java:423)
	at java.base/jdk.internal.reflect.NativeMethodAccessorImpl.invoke0(Native Method)
	at java.base/jdk.internal.reflect.NativeMethodAccessorImpl.invoke(NativeMethodAccessorImpl.java:77)
	at java.base/jdk.internal.reflect.DelegatingMethodAccessorImpl.invoke(DelegatingMethodAccessorImpl.java:43)
	at java.base/java.lang.reflect.Method.invoke(Method.java:568)
	at org.junit.runners.model.FrameworkMethod$1.runReflectiveCall(FrameworkMethod.java:59)
	at org.junit.internal.runners.model.ReflectiveCallable.run(ReflectiveCallable.java:12)
	at org.junit.runners.model.FrameworkMethod.invokeExplosively(FrameworkMethod.java:56)
	at org.junit.internal.runners.statements.InvokeMethod.evaluate(InvokeMethod.java:17)
	at org.junit.rules.ExternalResource$1.evaluate(ExternalResource.java:54)
	at org.junit.runners.ParentRunner$3.evaluate(ParentRunner.java:306)
	at org.junit.runners.BlockJUnit4ClassRunner$1.evaluate(BlockJUnit4ClassRunner.java:100)
	at org.junit.runners.ParentRunner.runLeaf(ParentRunner.java:366)
	at org.junit.runners.BlockJUnit4ClassRunner.runChild(BlockJUnit4ClassRunner.java:103)
	at org.junit.runners.BlockJUnit4ClassRunner.runChild(BlockJUnit4ClassRunner.java:63)
	at org.junit.runners.ParentRunner$4.run(ParentRunner.java:331)
	at org.junit.runners.ParentRunner$1.schedule(ParentRunner.java:79)
	at org.junit.runners.ParentRunner.runChildren(ParentRunner.java:329)
	at org.junit.runners.ParentRunner.access$100(ParentRunner.java:66)
	at org.junit.runners.ParentRunner$2.evaluate(ParentRunner.java:293)
	at org.junit.runners.ParentRunner.run(ParentRunner.java:413)
	at org.junit.runners.Suite.runChild(Suite.java:128)
	at org.junit.runners.Suite.runChild(Suite.java:27)
	at org.junit.runners.ParentRunner$4.run(ParentRunner.java:331)
	at org.junit.runners.ParentRunner$1.schedule(ParentRunner.java:79)
	at org.junit.runners.ParentRunner.runChildren(ParentRunner.java:329)
	at org.junit.runners.ParentRunner.access$100(ParentRunner.java:66)
	at org.junit.runners.ParentRunner$2.evaluate(ParentRunner.java:293)
	at org.junit.runners.ParentRunner$3.evaluate(ParentRunner.java:306)
	at org.junit.runners.ParentRunner.run(ParentRunner.java:413)
	at org.apache.maven.surefire.junit4.JUnit4Provider.execute(JUnit4Provider.java:316)
	at org.apache.maven.surefire.junit4.JUnit4Provider.executeWithRerun(JUnit4Provider.java:240)
	at org.apache.maven.surefire.junit4.JUnit4Provider.executeTestSet(JUnit4Provider.java:214)
	at org.apache.maven.surefire.junit4.JUnit4Provider.invoke(JUnit4Provider.java:155)
	at org.apache.maven.surefire.booter.ForkedBooter.runSuitesInProcess(ForkedBooter.java:385)
	at org.apache.maven.surefire.booter.ForkedBooter.execute(ForkedBooter.java:162)
	at org.apache.maven.surefire.booter.ForkedBooter.run(ForkedBooter.java:507)
	at org.apache.maven.surefire.booter.ForkedBooter.main(ForkedBooter.java:495)

[ERROR] net.zerocloud.pdf.consumer.ParagraphPaginationWorkflowTest.incomingAndOutgoingFragmentMinimaApplyToEveryPage[IN_PROCESS] -- Time elapsed: 0.006 s <<< ERROR!
net.zerocloud.pdf.DocumentFailure: The text and logical-structure extraction limit was exceeded.
	at net.zerocloud.pdf.PdfBoxWorkflowEngine.failure(PdfBoxWorkflowEngine.java:292)
	at net.zerocloud.pdf.PdfBoxWorkflowEngine.executeWithDocument(PdfBoxWorkflowEngine.java:350)
	at net.zerocloud.pdf.PdfBoxWorkflowEngine.executeChecked(PdfBoxWorkflowEngine.java:238)
	at net.zerocloud.pdf.PdfBoxWorkflowEngine.execute(PdfBoxWorkflowEngine.java:41)
	at net.zerocloud.pdf.DocumentWorkflow.executeOnce(DocumentWorkflow.java:184)
	at net.zerocloud.pdf.DocumentWorkflow.execute(DocumentWorkflow.java:103)
	at net.zerocloud.pdf.DocumentWorkflow.execute(DocumentWorkflow.java:64)
	at net.zerocloud.pdf.consumer.ParagraphPaginationWorkflowTest.read(ParagraphPaginationWorkflowTest.java:553)
	at net.zerocloud.pdf.consumer.ParagraphPaginationWorkflowTest.incomingAndOutgoingFragmentMinimaApplyToEveryPage(ParagraphPaginationWorkflowTest.java:416)
	at java.base/jdk.internal.reflect.NativeMethodAccessorImpl.invoke0(Native Method)
	at java.base/jdk.internal.reflect.NativeMethodAccessorImpl.invoke(NativeMethodAccessorImpl.java:77)
	at java.base/jdk.internal.reflect.DelegatingMethodAccessorImpl.invoke(DelegatingMethodAccessorImpl.java:43)
	at java.base/java.lang.reflect.Method.invoke(Method.java:568)
	at org.junit.runners.model.FrameworkMethod$1.runReflectiveCall(FrameworkMethod.java:59)
	at org.junit.internal.runners.model.ReflectiveCallable.run(ReflectiveCallable.java:12)
	at org.junit.runners.model.FrameworkMethod.invokeExplosively(FrameworkMethod.java:56)
	at org.junit.internal.runners.statements.InvokeMethod.evaluate(InvokeMethod.java:17)
	at org.junit.rules.ExternalResource$1.evaluate(ExternalResource.java:54)
	at org.junit.runners.ParentRunner$3.evaluate(ParentRunner.java:306)
	at org.junit.runners.BlockJUnit4ClassRunner$1.evaluate(BlockJUnit4ClassRunner.java:100)
	at org.junit.runners.ParentRunner.runLeaf(ParentRunner.java:366)
	at org.junit.runners.BlockJUnit4ClassRunner.runChild(BlockJUnit4ClassRunner.java:103)
	at org.junit.runners.BlockJUnit4ClassRunner.runChild(BlockJUnit4ClassRunner.java:63)
	at org.junit.runners.ParentRunner$4.run(ParentRunner.java:331)
	at org.junit.runners.ParentRunner$1.schedule(ParentRunner.java:79)
	at org.junit.runners.ParentRunner.runChildren(ParentRunner.java:329)
	at org.junit.runners.ParentRunner.access$100(ParentRunner.java:66)
	at org.junit.runners.ParentRunner$2.evaluate(ParentRunner.java:293)
	at org.junit.runners.ParentRunner.run(ParentRunner.java:413)
	at org.junit.runners.Suite.runChild(Suite.java:128)
	at org.junit.runners.Suite.runChild(Suite.java:27)
	at org.junit.runners.ParentRunner$4.run(ParentRunner.java:331)
	at org.junit.runners.ParentRunner$1.schedule(ParentRunner.java:79)
	at org.junit.runners.ParentRunner.runChildren(ParentRunner.java:329)
	at org.junit.runners.ParentRunner.access$100(ParentRunner.java:66)
	at org.junit.runners.ParentRunner$2.evaluate(ParentRunner.java:293)
	at org.junit.runners.ParentRunner$3.evaluate(ParentRunner.java:306)
	at org.junit.runners.ParentRunner.run(ParentRunner.java:413)
	at org.apache.maven.surefire.junit4.JUnit4Provider.execute(JUnit4Provider.java:316)
	at org.apache.maven.surefire.junit4.JUnit4Provider.executeWithRerun(JUnit4Provider.java:240)
	at org.apache.maven.surefire.junit4.JUnit4Provider.executeTestSet(JUnit4Provider.java:214)
	at org.apache.maven.surefire.junit4.JUnit4Provider.invoke(JUnit4Provider.java:155)
	at org.apache.maven.surefire.booter.ForkedBooter.runSuitesInProcess(ForkedBooter.java:385)
	at org.apache.maven.surefire.booter.ForkedBooter.execute(ForkedBooter.java:162)
	at org.apache.maven.surefire.booter.ForkedBooter.run(ForkedBooter.java:507)
	at org.apache.maven.surefire.booter.ForkedBooter.main(ForkedBooter.java:495)

[ERROR] net.zerocloud.pdf.consumer.ParagraphPaginationWorkflowTest.relayoutUsesTheOriginalFontSnapshotAndKeepsCallerStreamOpen[IN_PROCESS] -- Time elapsed: 0.010 s <<< ERROR!
net.zerocloud.pdf.DocumentFailure: The text and logical-structure extraction limit was exceeded.
	at net.zerocloud.pdf.PdfBoxWorkflowEngine.failure(PdfBoxWorkflowEngine.java:292)
	at net.zerocloud.pdf.PdfBoxWorkflowEngine.executeWithDocument(PdfBoxWorkflowEngine.java:350)
	at net.zerocloud.pdf.PdfBoxWorkflowEngine.executeChecked(PdfBoxWorkflowEngine.java:238)
	at net.zerocloud.pdf.PdfBoxWorkflowEngine.execute(PdfBoxWorkflowEngine.java:41)
	at net.zerocloud.pdf.DocumentWorkflow.executeOnce(DocumentWorkflow.java:184)
	at net.zerocloud.pdf.DocumentWorkflow.execute(DocumentWorkflow.java:103)
	at net.zerocloud.pdf.DocumentWorkflow.execute(DocumentWorkflow.java:64)
	at net.zerocloud.pdf.consumer.ParagraphPaginationWorkflowTest.read(ParagraphPaginationWorkflowTest.java:553)
	at net.zerocloud.pdf.consumer.ParagraphPaginationWorkflowTest.relayoutUsesTheOriginalFontSnapshotAndKeepsCallerStreamOpen(ParagraphPaginationWorkflowTest.java:307)
	at java.base/jdk.internal.reflect.NativeMethodAccessorImpl.invoke0(Native Method)
	at java.base/jdk.internal.reflect.NativeMethodAccessorImpl.invoke(NativeMethodAccessorImpl.java:77)
	at java.base/jdk.internal.reflect.DelegatingMethodAccessorImpl.invoke(DelegatingMethodAccessorImpl.java:43)
	at java.base/java.lang.reflect.Method.invoke(Method.java:568)
	at org.junit.runners.model.FrameworkMethod$1.runReflectiveCall(FrameworkMethod.java:59)
	at org.junit.internal.runners.model.ReflectiveCallable.run(ReflectiveCallable.java:12)
	at org.junit.runners.model.FrameworkMethod.invokeExplosively(FrameworkMethod.java:56)
	at org.junit.internal.runners.statements.InvokeMethod.evaluate(InvokeMethod.java:17)
	at org.junit.rules.ExternalResource$1.evaluate(ExternalResource.java:54)
	at org.junit.runners.ParentRunner$3.evaluate(ParentRunner.java:306)
	at org.junit.runners.BlockJUnit4ClassRunner$1.evaluate(BlockJUnit4ClassRunner.java:100)
	at org.junit.runners.ParentRunner.runLeaf(ParentRunner.java:366)
	at org.junit.runners.BlockJUnit4ClassRunner.runChild(BlockJUnit4ClassRunner.java:103)
	at org.junit.runners.BlockJUnit4ClassRunner.runChild(BlockJUnit4ClassRunner.java:63)
	at org.junit.runners.ParentRunner$4.run(ParentRunner.java:331)
	at org.junit.runners.ParentRunner$1.schedule(ParentRunner.java:79)
	at org.junit.runners.ParentRunner.runChildren(ParentRunner.java:329)
	at org.junit.runners.ParentRunner.access$100(ParentRunner.java:66)
	at org.junit.runners.ParentRunner$2.evaluate(ParentRunner.java:293)
	at org.junit.runners.ParentRunner.run(ParentRunner.java:413)
	at org.junit.runners.Suite.runChild(Suite.java:128)
	at org.junit.runners.Suite.runChild(Suite.java:27)
	at org.junit.runners.ParentRunner$4.run(ParentRunner.java:331)
	at org.junit.runners.ParentRunner$1.schedule(ParentRunner.java:79)
	at org.junit.runners.ParentRunner.runChildren(ParentRunner.java:329)
	at org.junit.runners.ParentRunner.access$100(ParentRunner.java:66)
	at org.junit.runners.ParentRunner$2.evaluate(ParentRunner.java:293)
	at org.junit.runners.ParentRunner$3.evaluate(ParentRunner.java:306)
	at org.junit.runners.ParentRunner.run(ParentRunner.java:413)
	at org.apache.maven.surefire.junit4.JUnit4Provider.execute(JUnit4Provider.java:316)
	at org.apache.maven.surefire.junit4.JUnit4Provider.executeWithRerun(JUnit4Provider.java:240)
	at org.apache.maven.surefire.junit4.JUnit4Provider.executeTestSet(JUnit4Provider.java:214)
	at org.apache.maven.surefire.junit4.JUnit4Provider.invoke(JUnit4Provider.java:155)
	at org.apache.maven.surefire.booter.ForkedBooter.runSuitesInProcess(ForkedBooter.java:385)
	at org.apache.maven.surefire.booter.ForkedBooter.execute(ForkedBooter.java:162)
	at org.apache.maven.surefire.booter.ForkedBooter.run(ForkedBooter.java:507)
	at org.apache.maven.surefire.booter.ForkedBooter.main(ForkedBooter.java:495)

[ERROR] net.zerocloud.pdf.consumer.ParagraphPaginationWorkflowTest.eachTabAlignmentAndDefaultGridCrossesPages[IN_PROCESS] -- Time elapsed: 0.006 s <<< ERROR!
net.zerocloud.pdf.DocumentFailure: The text and logical-structure extraction limit was exceeded.
	at net.zerocloud.pdf.PdfBoxWorkflowEngine.failure(PdfBoxWorkflowEngine.java:292)
	at net.zerocloud.pdf.PdfBoxWorkflowEngine.executeWithDocument(PdfBoxWorkflowEngine.java:350)
	at net.zerocloud.pdf.PdfBoxWorkflowEngine.executeChecked(PdfBoxWorkflowEngine.java:238)
	at net.zerocloud.pdf.PdfBoxWorkflowEngine.execute(PdfBoxWorkflowEngine.java:41)
	at net.zerocloud.pdf.DocumentWorkflow.executeOnce(DocumentWorkflow.java:184)
	at net.zerocloud.pdf.DocumentWorkflow.execute(DocumentWorkflow.java:103)
	at net.zerocloud.pdf.DocumentWorkflow.execute(DocumentWorkflow.java:64)
	at net.zerocloud.pdf.consumer.ParagraphPaginationWorkflowTest.read(ParagraphPaginationWorkflowTest.java:553)
	at net.zerocloud.pdf.consumer.ParagraphPaginationWorkflowTest.eachTabAlignmentAndDefaultGridCrossesPages(ParagraphPaginationWorkflowTest.java:129)
	at java.base/jdk.internal.reflect.NativeMethodAccessorImpl.invoke0(Native Method)
	at java.base/jdk.internal.reflect.NativeMethodAccessorImpl.invoke(NativeMethodAccessorImpl.java:77)
	at java.base/jdk.internal.reflect.DelegatingMethodAccessorImpl.invoke(DelegatingMethodAccessorImpl.java:43)
	at java.base/java.lang.reflect.Method.invoke(Method.java:568)
	at org.junit.runners.model.FrameworkMethod$1.runReflectiveCall(FrameworkMethod.java:59)
	at org.junit.internal.runners.model.ReflectiveCallable.run(ReflectiveCallable.java:12)
	at org.junit.runners.model.FrameworkMethod.invokeExplosively(FrameworkMethod.java:56)
	at org.junit.internal.runners.statements.InvokeMethod.evaluate(InvokeMethod.java:17)
	at org.junit.rules.ExternalResource$1.evaluate(ExternalResource.java:54)
	at org.junit.runners.ParentRunner$3.evaluate(ParentRunner.java:306)
	at org.junit.runners.BlockJUnit4ClassRunner$1.evaluate(BlockJUnit4ClassRunner.java:100)
	at org.junit.runners.ParentRunner.runLeaf(ParentRunner.java:366)
	at org.junit.runners.BlockJUnit4ClassRunner.runChild(BlockJUnit4ClassRunner.java:103)
	at org.junit.runners.BlockJUnit4ClassRunner.runChild(BlockJUnit4ClassRunner.java:63)
	at org.junit.runners.ParentRunner$4.run(ParentRunner.java:331)
	at org.junit.runners.ParentRunner$1.schedule(ParentRunner.java:79)
	at org.junit.runners.ParentRunner.runChildren(ParentRunner.java:329)
	at org.junit.runners.ParentRunner.access$100(ParentRunner.java:66)
	at org.junit.runners.ParentRunner$2.evaluate(ParentRunner.java:293)
	at org.junit.runners.ParentRunner.run(ParentRunner.java:413)
	at org.junit.runners.Suite.runChild(Suite.java:128)
	at org.junit.runners.Suite.runChild(Suite.java:27)
	at org.junit.runners.ParentRunner$4.run(ParentRunner.java:331)
	at org.junit.runners.ParentRunner$1.schedule(ParentRunner.java:79)
	at org.junit.runners.ParentRunner.runChildren(ParentRunner.java:329)
	at org.junit.runners.ParentRunner.access$100(ParentRunner.java:66)
	at org.junit.runners.ParentRunner$2.evaluate(ParentRunner.java:293)
	at org.junit.runners.ParentRunner$3.evaluate(ParentRunner.java:306)
	at org.junit.runners.ParentRunner.run(ParentRunner.java:413)
	at org.apache.maven.surefire.junit4.JUnit4Provider.execute(JUnit4Provider.java:316)
	at org.apache.maven.surefire.junit4.JUnit4Provider.executeWithRerun(JUnit4Provider.java:240)
	at org.apache.maven.surefire.junit4.JUnit4Provider.executeTestSet(JUnit4Provider.java:214)
	at org.apache.maven.surefire.junit4.JUnit4Provider.invoke(JUnit4Provider.java:155)
	at org.apache.maven.surefire.booter.ForkedBooter.runSuitesInProcess(ForkedBooter.java:385)
	at org.apache.maven.surefire.booter.ForkedBooter.execute(ForkedBooter.java:162)
	at org.apache.maven.surefire.booter.ForkedBooter.run(ForkedBooter.java:507)
	at org.apache.maven.surefire.booter.ForkedBooter.main(ForkedBooter.java:495)

[ERROR] net.zerocloud.pdf.consumer.ParagraphPaginationWorkflowTest.failedRelayoutPreservesLayoutAndConsumesItsAttempt[IN_PROCESS] -- Time elapsed: 0.003 s <<< ERROR!
net.zerocloud.pdf.DocumentFailure: The text and logical-structure extraction limit was exceeded.
	at net.zerocloud.pdf.PdfBoxWorkflowEngine.failure(PdfBoxWorkflowEngine.java:292)
	at net.zerocloud.pdf.PdfBoxWorkflowEngine.executeWithDocument(PdfBoxWorkflowEngine.java:350)
	at net.zerocloud.pdf.PdfBoxWorkflowEngine.executeChecked(PdfBoxWorkflowEngine.java:238)
	at net.zerocloud.pdf.PdfBoxWorkflowEngine.execute(PdfBoxWorkflowEngine.java:41)
	at net.zerocloud.pdf.DocumentWorkflow.executeOnce(DocumentWorkflow.java:184)
	at net.zerocloud.pdf.DocumentWorkflow.execute(DocumentWorkflow.java:103)
	at net.zerocloud.pdf.DocumentWorkflow.execute(DocumentWorkflow.java:64)
	at net.zerocloud.pdf.consumer.ParagraphPaginationWorkflowTest.failedRelayoutPreservesLayoutAndConsumesItsAttempt(ParagraphPaginationWorkflowTest.java:267)
	at java.base/jdk.internal.reflect.NativeMethodAccessorImpl.invoke0(Native Method)
	at java.base/jdk.internal.reflect.NativeMethodAccessorImpl.invoke(NativeMethodAccessorImpl.java:77)
	at java.base/jdk.internal.reflect.DelegatingMethodAccessorImpl.invoke(DelegatingMethodAccessorImpl.java:43)
	at java.base/java.lang.reflect.Method.invoke(Method.java:568)
	at org.junit.runners.model.FrameworkMethod$1.runReflectiveCall(FrameworkMethod.java:59)
	at org.junit.internal.runners.model.ReflectiveCallable.run(ReflectiveCallable.java:12)
	at org.junit.runners.model.FrameworkMethod.invokeExplosively(FrameworkMethod.java:56)
	at org.junit.internal.runners.statements.InvokeMethod.evaluate(InvokeMethod.java:17)
	at org.junit.rules.ExternalResource$1.evaluate(ExternalResource.java:54)
	at org.junit.runners.ParentRunner$3.evaluate(ParentRunner.java:306)
	at org.junit.runners.BlockJUnit4ClassRunner$1.evaluate(BlockJUnit4ClassRunner.java:100)
	at org.junit.runners.ParentRunner.runLeaf(ParentRunner.java:366)
	at org.junit.runners.BlockJUnit4ClassRunner.runChild(BlockJUnit4ClassRunner.java:103)
	at org.junit.runners.BlockJUnit4ClassRunner.runChild(BlockJUnit4ClassRunner.java:63)
	at org.junit.runners.ParentRunner$4.run(ParentRunner.java:331)
	at org.junit.runners.ParentRunner$1.schedule(ParentRunner.java:79)
	at org.junit.runners.ParentRunner.runChildren(ParentRunner.java:329)
	at org.junit.runners.ParentRunner.access$100(ParentRunner.java:66)
	at org.junit.runners.ParentRunner$2.evaluate(ParentRunner.java:293)
	at org.junit.runners.ParentRunner.run(ParentRunner.java:413)
	at org.junit.runners.Suite.runChild(Suite.java:128)
	at org.junit.runners.Suite.runChild(Suite.java:27)
	at org.junit.runners.ParentRunner$4.run(ParentRunner.java:331)
	at org.junit.runners.ParentRunner$1.schedule(ParentRunner.java:79)
	at org.junit.runners.ParentRunner.runChildren(ParentRunner.java:329)
	at org.junit.runners.ParentRunner.access$100(ParentRunner.java:66)
	at org.junit.runners.ParentRunner$2.evaluate(ParentRunner.java:293)
	at org.junit.runners.ParentRunner$3.evaluate(ParentRunner.java:306)
	at org.junit.runners.ParentRunner.run(ParentRunner.java:413)
	at org.apache.maven.surefire.junit4.JUnit4Provider.execute(JUnit4Provider.java:316)
	at org.apache.maven.surefire.junit4.JUnit4Provider.executeWithRerun(JUnit4Provider.java:240)
	at org.apache.maven.surefire.junit4.JUnit4Provider.executeTestSet(JUnit4Provider.java:214)
	at org.apache.maven.surefire.junit4.JUnit4Provider.invoke(JUnit4Provider.java:155)
	at org.apache.maven.surefire.booter.ForkedBooter.runSuitesInProcess(ForkedBooter.java:385)
	at org.apache.maven.surefire.booter.ForkedBooter.execute(ForkedBooter.java:162)
	at org.apache.maven.surefire.booter.ForkedBooter.run(ForkedBooter.java:507)
	at org.apache.maven.surefire.booter.ForkedBooter.main(ForkedBooter.java:495)

[ERROR] net.zerocloud.pdf.consumer.ParagraphPaginationWorkflowTest.keepChainAndFollowingKeepTogetherAreSolvedJointly[IN_PROCESS] -- Time elapsed: 0.007 s <<< ERROR!
net.zerocloud.pdf.DocumentFailure: The text and logical-structure extraction limit was exceeded.
	at net.zerocloud.pdf.PdfBoxWorkflowEngine.failure(PdfBoxWorkflowEngine.java:292)
	at net.zerocloud.pdf.PdfBoxWorkflowEngine.executeWithDocument(PdfBoxWorkflowEngine.java:350)
	at net.zerocloud.pdf.PdfBoxWorkflowEngine.executeChecked(PdfBoxWorkflowEngine.java:238)
	at net.zerocloud.pdf.PdfBoxWorkflowEngine.execute(PdfBoxWorkflowEngine.java:41)
	at net.zerocloud.pdf.DocumentWorkflow.executeOnce(DocumentWorkflow.java:184)
	at net.zerocloud.pdf.DocumentWorkflow.execute(DocumentWorkflow.java:103)
	at net.zerocloud.pdf.DocumentWorkflow.execute(DocumentWorkflow.java:64)
	at net.zerocloud.pdf.consumer.ParagraphPaginationWorkflowTest.read(ParagraphPaginationWorkflowTest.java:553)
	at net.zerocloud.pdf.consumer.ParagraphPaginationWorkflowTest.keepChainAndFollowingKeepTogetherAreSolvedJointly(ParagraphPaginationWorkflowTest.java:172)
	at java.base/jdk.internal.reflect.NativeMethodAccessorImpl.invoke0(Native Method)
	at java.base/jdk.internal.reflect.NativeMethodAccessorImpl.invoke(NativeMethodAccessorImpl.java:77)
	at java.base/jdk.internal.reflect.DelegatingMethodAccessorImpl.invoke(DelegatingMethodAccessorImpl.java:43)
	at java.base/java.lang.reflect.Method.invoke(Method.java:568)
	at org.junit.runners.model.FrameworkMethod$1.runReflectiveCall(FrameworkMethod.java:59)
	at org.junit.internal.runners.model.ReflectiveCallable.run(ReflectiveCallable.java:12)
	at org.junit.runners.model.FrameworkMethod.invokeExplosively(FrameworkMethod.java:56)
	at org.junit.internal.runners.statements.InvokeMethod.evaluate(InvokeMethod.java:17)
	at org.junit.rules.ExternalResource$1.evaluate(ExternalResource.java:54)
	at org.junit.runners.ParentRunner$3.evaluate(ParentRunner.java:306)
	at org.junit.runners.BlockJUnit4ClassRunner$1.evaluate(BlockJUnit4ClassRunner.java:100)
	at org.junit.runners.ParentRunner.runLeaf(ParentRunner.java:366)
	at org.junit.runners.BlockJUnit4ClassRunner.runChild(BlockJUnit4ClassRunner.java:103)
	at org.junit.runners.BlockJUnit4ClassRunner.runChild(BlockJUnit4ClassRunner.java:63)
	at org.junit.runners.ParentRunner$4.run(ParentRunner.java:331)
	at org.junit.runners.ParentRunner$1.schedule(ParentRunner.java:79)
	at org.junit.runners.ParentRunner.runChildren(ParentRunner.java:329)
	at org.junit.runners.ParentRunner.access$100(ParentRunner.java:66)
	at org.junit.runners.ParentRunner$2.evaluate(ParentRunner.java:293)
	at org.junit.runners.ParentRunner.run(ParentRunner.java:413)
	at org.junit.runners.Suite.runChild(Suite.java:128)
	at org.junit.runners.Suite.runChild(Suite.java:27)
	at org.junit.runners.ParentRunner$4.run(ParentRunner.java:331)
	at org.junit.runners.ParentRunner$1.schedule(ParentRunner.java:79)
	at org.junit.runners.ParentRunner.runChildren(ParentRunner.java:329)
	at org.junit.runners.ParentRunner.access$100(ParentRunner.java:66)
	at org.junit.runners.ParentRunner$2.evaluate(ParentRunner.java:293)
	at org.junit.runners.ParentRunner$3.evaluate(ParentRunner.java:306)
	at org.junit.runners.ParentRunner.run(ParentRunner.java:413)
	at org.apache.maven.surefire.junit4.JUnit4Provider.execute(JUnit4Provider.java:316)
	at org.apache.maven.surefire.junit4.JUnit4Provider.executeWithRerun(JUnit4Provider.java:240)
	at org.apache.maven.surefire.junit4.JUnit4Provider.executeTestSet(JUnit4Provider.java:214)
	at org.apache.maven.surefire.junit4.JUnit4Provider.invoke(JUnit4Provider.java:155)
	at org.apache.maven.surefire.booter.ForkedBooter.runSuitesInProcess(ForkedBooter.java:385)
	at org.apache.maven.surefire.booter.ForkedBooter.execute(ForkedBooter.java:162)
	at org.apache.maven.surefire.booter.ForkedBooter.run(ForkedBooter.java:507)
	at org.apache.maven.surefire.booter.ForkedBooter.main(ForkedBooter.java:495)

[ERROR] net.zerocloud.pdf.consumer.ParagraphPaginationWorkflowTest.keepTogetherIncludesGraphicHeightAndRelayoutRetainsTheGraphic[IN_PROCESS] -- Time elapsed: 0.003 s <<< ERROR!
net.zerocloud.pdf.DocumentFailure: The text and logical-structure extraction limit was exceeded.
	at net.zerocloud.pdf.PdfBoxWorkflowEngine.failure(PdfBoxWorkflowEngine.java:292)
	at net.zerocloud.pdf.PdfBoxWorkflowEngine.executeWithDocument(PdfBoxWorkflowEngine.java:350)
	at net.zerocloud.pdf.PdfBoxWorkflowEngine.executeChecked(PdfBoxWorkflowEngine.java:238)
	at net.zerocloud.pdf.PdfBoxWorkflowEngine.execute(PdfBoxWorkflowEngine.java:41)
	at net.zerocloud.pdf.DocumentWorkflow.executeOnce(DocumentWorkflow.java:184)
	at net.zerocloud.pdf.DocumentWorkflow.execute(DocumentWorkflow.java:103)
	at net.zerocloud.pdf.DocumentWorkflow.execute(DocumentWorkflow.java:64)
	at net.zerocloud.pdf.consumer.ParagraphPaginationWorkflowTest.keepTogetherIncludesGraphicHeightAndRelayoutRetainsTheGraphic(ParagraphPaginationWorkflowTest.java:363)
	at java.base/jdk.internal.reflect.NativeMethodAccessorImpl.invoke0(Native Method)
	at java.base/jdk.internal.reflect.NativeMethodAccessorImpl.invoke(NativeMethodAccessorImpl.java:77)
	at java.base/jdk.internal.reflect.DelegatingMethodAccessorImpl.invoke(DelegatingMethodAccessorImpl.java:43)
	at java.base/java.lang.reflect.Method.invoke(Method.java:568)
	at org.junit.runners.model.FrameworkMethod$1.runReflectiveCall(FrameworkMethod.java:59)
	at org.junit.internal.runners.model.ReflectiveCallable.run(ReflectiveCallable.java:12)
	at org.junit.runners.model.FrameworkMethod.invokeExplosively(FrameworkMethod.java:56)
	at org.junit.internal.runners.statements.InvokeMethod.evaluate(InvokeMethod.java:17)
	at org.junit.rules.ExternalResource$1.evaluate(ExternalResource.java:54)
	at org.junit.runners.ParentRunner$3.evaluate(ParentRunner.java:306)
	at org.junit.runners.BlockJUnit4ClassRunner$1.evaluate(BlockJUnit4ClassRunner.java:100)
	at org.junit.runners.ParentRunner.runLeaf(ParentRunner.java:366)
	at org.junit.runners.BlockJUnit4ClassRunner.runChild(BlockJUnit4ClassRunner.java:103)
	at org.junit.runners.BlockJUnit4ClassRunner.runChild(BlockJUnit4ClassRunner.java:63)
	at org.junit.runners.ParentRunner$4.run(ParentRunner.java:331)
	at org.junit.runners.ParentRunner$1.schedule(ParentRunner.java:79)
	at org.junit.runners.ParentRunner.runChildren(ParentRunner.java:329)
	at org.junit.runners.ParentRunner.access$100(ParentRunner.java:66)
	at org.junit.runners.ParentRunner$2.evaluate(ParentRunner.java:293)
	at org.junit.runners.ParentRunner.run(ParentRunner.java:413)
	at org.junit.runners.Suite.runChild(Suite.java:128)
	at org.junit.runners.Suite.runChild(Suite.java:27)
	at org.junit.runners.ParentRunner$4.run(ParentRunner.java:331)
	at org.junit.runners.ParentRunner$1.schedule(ParentRunner.java:79)
	at org.junit.runners.ParentRunner.runChildren(ParentRunner.java:329)
	at org.junit.runners.ParentRunner.access$100(ParentRunner.java:66)
	at org.junit.runners.ParentRunner$2.evaluate(ParentRunner.java:293)
	at org.junit.runners.ParentRunner$3.evaluate(ParentRunner.java:306)
	at org.junit.runners.ParentRunner.run(ParentRunner.java:413)
	at org.apache.maven.surefire.junit4.JUnit4Provider.execute(JUnit4Provider.java:316)
	at org.apache.maven.surefire.junit4.JUnit4Provider.executeWithRerun(JUnit4Provider.java:240)
	at org.apache.maven.surefire.junit4.JUnit4Provider.executeTestSet(JUnit4Provider.java:214)
	at org.apache.maven.surefire.junit4.JUnit4Provider.invoke(JUnit4Provider.java:155)
	at org.apache.maven.surefire.booter.ForkedBooter.runSuitesInProcess(ForkedBooter.java:385)
	at org.apache.maven.surefire.booter.ForkedBooter.execute(ForkedBooter.java:162)
	at org.apache.maven.surefire.booter.ForkedBooter.run(ForkedBooter.java:507)
	at org.apache.maven.surefire.booter.ForkedBooter.main(ForkedBooter.java:495)

[ERROR] net.zerocloud.pdf.consumer.ParagraphPaginationWorkflowTest.widowMinimumMovesOneEarlierLineAcrossThePageBoundary[IN_PROCESS] -- Time elapsed: 0.006 s <<< ERROR!
net.zerocloud.pdf.DocumentFailure: The text and logical-structure extraction limit was exceeded.
	at net.zerocloud.pdf.PdfBoxWorkflowEngine.failure(PdfBoxWorkflowEngine.java:292)
	at net.zerocloud.pdf.PdfBoxWorkflowEngine.executeWithDocument(PdfBoxWorkflowEngine.java:350)
	at net.zerocloud.pdf.PdfBoxWorkflowEngine.executeChecked(PdfBoxWorkflowEngine.java:238)
	at net.zerocloud.pdf.PdfBoxWorkflowEngine.execute(PdfBoxWorkflowEngine.java:41)
	at net.zerocloud.pdf.DocumentWorkflow.executeOnce(DocumentWorkflow.java:184)
	at net.zerocloud.pdf.DocumentWorkflow.execute(DocumentWorkflow.java:103)
	at net.zerocloud.pdf.DocumentWorkflow.execute(DocumentWorkflow.java:64)
	at net.zerocloud.pdf.consumer.ParagraphPaginationWorkflowTest.read(ParagraphPaginationWorkflowTest.java:553)
	at net.zerocloud.pdf.consumer.ParagraphPaginationWorkflowTest.widowMinimumMovesOneEarlierLineAcrossThePageBoundary(ParagraphPaginationWorkflowTest.java:181)
	at java.base/jdk.internal.reflect.NativeMethodAccessorImpl.invoke0(Native Method)
	at java.base/jdk.internal.reflect.NativeMethodAccessorImpl.invoke(NativeMethodAccessorImpl.java:77)
	at java.base/jdk.internal.reflect.DelegatingMethodAccessorImpl.invoke(DelegatingMethodAccessorImpl.java:43)
	at java.base/java.lang.reflect.Method.invoke(Method.java:568)
	at org.junit.runners.model.FrameworkMethod$1.runReflectiveCall(FrameworkMethod.java:59)
	at org.junit.internal.runners.model.ReflectiveCallable.run(ReflectiveCallable.java:12)
	at org.junit.runners.model.FrameworkMethod.invokeExplosively(FrameworkMethod.java:56)
	at org.junit.internal.runners.statements.InvokeMethod.evaluate(InvokeMethod.java:17)
	at org.junit.rules.ExternalResource$1.evaluate(ExternalResource.java:54)
	at org.junit.runners.ParentRunner$3.evaluate(ParentRunner.java:306)
	at org.junit.runners.BlockJUnit4ClassRunner$1.evaluate(BlockJUnit4ClassRunner.java:100)
	at org.junit.runners.ParentRunner.runLeaf(ParentRunner.java:366)
	at org.junit.runners.BlockJUnit4ClassRunner.runChild(BlockJUnit4ClassRunner.java:103)
	at org.junit.runners.BlockJUnit4ClassRunner.runChild(BlockJUnit4ClassRunner.java:63)
	at org.junit.runners.ParentRunner$4.run(ParentRunner.java:331)
	at org.junit.runners.ParentRunner$1.schedule(ParentRunner.java:79)
	at org.junit.runners.ParentRunner.runChildren(ParentRunner.java:329)
	at org.junit.runners.ParentRunner.access$100(ParentRunner.java:66)
	at org.junit.runners.ParentRunner$2.evaluate(ParentRunner.java:293)
	at org.junit.runners.ParentRunner.run(ParentRunner.java:413)
	at org.junit.runners.Suite.runChild(Suite.java:128)
	at org.junit.runners.Suite.runChild(Suite.java:27)
	at org.junit.runners.ParentRunner$4.run(ParentRunner.java:331)
	at org.junit.runners.ParentRunner$1.schedule(ParentRunner.java:79)
	at org.junit.runners.ParentRunner.runChildren(ParentRunner.java:329)
	at org.junit.runners.ParentRunner.access$100(ParentRunner.java:66)
	at org.junit.runners.ParentRunner$2.evaluate(ParentRunner.java:293)
	at org.junit.runners.ParentRunner$3.evaluate(ParentRunner.java:306)
	at org.junit.runners.ParentRunner.run(ParentRunner.java:413)
	at org.apache.maven.surefire.junit4.JUnit4Provider.execute(JUnit4Provider.java:316)
	at org.apache.maven.surefire.junit4.JUnit4Provider.executeWithRerun(JUnit4Provider.java:240)
	at org.apache.maven.surefire.junit4.JUnit4Provider.executeTestSet(JUnit4Provider.java:214)
	at org.apache.maven.surefire.junit4.JUnit4Provider.invoke(JUnit4Provider.java:155)
	at org.apache.maven.surefire.booter.ForkedBooter.runSuitesInProcess(ForkedBooter.java:385)
	at org.apache.maven.surefire.booter.ForkedBooter.execute(ForkedBooter.java:162)
	at org.apache.maven.surefire.booter.ForkedBooter.run(ForkedBooter.java:507)
	at org.apache.maven.surefire.booter.ForkedBooter.main(ForkedBooter.java:495)

[ERROR] net.zerocloud.pdf.consumer.ParagraphPaginationWorkflowTest.widowAndOrphanCountsRecomputeForDifferentPageWidths[IN_PROCESS] -- Time elapsed: 0.005 s <<< ERROR!
net.zerocloud.pdf.DocumentFailure: The text and logical-structure extraction limit was exceeded.
	at net.zerocloud.pdf.PdfBoxWorkflowEngine.failure(PdfBoxWorkflowEngine.java:292)
	at net.zerocloud.pdf.PdfBoxWorkflowEngine.executeWithDocument(PdfBoxWorkflowEngine.java:350)
	at net.zerocloud.pdf.PdfBoxWorkflowEngine.executeChecked(PdfBoxWorkflowEngine.java:238)
	at net.zerocloud.pdf.PdfBoxWorkflowEngine.execute(PdfBoxWorkflowEngine.java:41)
	at net.zerocloud.pdf.DocumentWorkflow.executeOnce(DocumentWorkflow.java:184)
	at net.zerocloud.pdf.DocumentWorkflow.execute(DocumentWorkflow.java:103)
	at net.zerocloud.pdf.DocumentWorkflow.execute(DocumentWorkflow.java:64)
	at net.zerocloud.pdf.consumer.ParagraphPaginationWorkflowTest.read(ParagraphPaginationWorkflowTest.java:553)
	at net.zerocloud.pdf.consumer.ParagraphPaginationWorkflowTest.widowAndOrphanCountsRecomputeForDifferentPageWidths(ParagraphPaginationWorkflowTest.java:199)
	at java.base/jdk.internal.reflect.NativeMethodAccessorImpl.invoke0(Native Method)
	at java.base/jdk.internal.reflect.NativeMethodAccessorImpl.invoke(NativeMethodAccessorImpl.java:77)
	at java.base/jdk.internal.reflect.DelegatingMethodAccessorImpl.invoke(DelegatingMethodAccessorImpl.java:43)
	at java.base/java.lang.reflect.Method.invoke(Method.java:568)
	at org.junit.runners.model.FrameworkMethod$1.runReflectiveCall(FrameworkMethod.java:59)
	at org.junit.internal.runners.model.ReflectiveCallable.run(ReflectiveCallable.java:12)
	at org.junit.runners.model.FrameworkMethod.invokeExplosively(FrameworkMethod.java:56)
	at org.junit.internal.runners.statements.InvokeMethod.evaluate(InvokeMethod.java:17)
	at org.junit.rules.ExternalResource$1.evaluate(ExternalResource.java:54)
	at org.junit.runners.ParentRunner$3.evaluate(ParentRunner.java:306)
	at org.junit.runners.BlockJUnit4ClassRunner$1.evaluate(BlockJUnit4ClassRunner.java:100)
	at org.junit.runners.ParentRunner.runLeaf(ParentRunner.java:366)
	at org.junit.runners.BlockJUnit4ClassRunner.runChild(BlockJUnit4ClassRunner.java:103)
	at org.junit.runners.BlockJUnit4ClassRunner.runChild(BlockJUnit4ClassRunner.java:63)
	at org.junit.runners.ParentRunner$4.run(ParentRunner.java:331)
	at org.junit.runners.ParentRunner$1.schedule(ParentRunner.java:79)
	at org.junit.runners.ParentRunner.runChildren(ParentRunner.java:329)
	at org.junit.runners.ParentRunner.access$100(ParentRunner.java:66)
	at org.junit.runners.ParentRunner$2.evaluate(ParentRunner.java:293)
	at org.junit.runners.ParentRunner.run(ParentRunner.java:413)
	at org.junit.runners.Suite.runChild(Suite.java:128)
	at org.junit.runners.Suite.runChild(Suite.java:27)
	at org.junit.runners.ParentRunner$4.run(ParentRunner.java:331)
	at org.junit.runners.ParentRunner$1.schedule(ParentRunner.java:79)
	at org.junit.runners.ParentRunner.runChildren(ParentRunner.java:329)
	at org.junit.runners.ParentRunner.access$100(ParentRunner.java:66)
	at org.junit.runners.ParentRunner$2.evaluate(ParentRunner.java:293)
	at org.junit.runners.ParentRunner$3.evaluate(ParentRunner.java:306)
	at org.junit.runners.ParentRunner.run(ParentRunner.java:413)
	at org.apache.maven.surefire.junit4.JUnit4Provider.execute(JUnit4Provider.java:316)
	at org.apache.maven.surefire.junit4.JUnit4Provider.executeWithRerun(JUnit4Provider.java:240)
	at org.apache.maven.surefire.junit4.JUnit4Provider.executeTestSet(JUnit4Provider.java:214)
	at org.apache.maven.surefire.junit4.JUnit4Provider.invoke(JUnit4Provider.java:155)
	at org.apache.maven.surefire.booter.ForkedBooter.runSuitesInProcess(ForkedBooter.java:385)
	at org.apache.maven.surefire.booter.ForkedBooter.execute(ForkedBooter.java:162)
	at org.apache.maven.surefire.booter.ForkedBooter.run(ForkedBooter.java:507)
	at org.apache.maven.surefire.booter.ForkedBooter.main(ForkedBooter.java:495)

[ERROR] net.zerocloud.pdf.consumer.ParagraphPaginationWorkflowTest.orphanMinimumMovesAParagraphPastAnInsufficientRemainder[IN_PROCESS] -- Time elapsed: 0.008 s <<< ERROR!
net.zerocloud.pdf.DocumentFailure: The text and logical-structure extraction limit was exceeded.
	at net.zerocloud.pdf.PdfBoxWorkflowEngine.failure(PdfBoxWorkflowEngine.java:292)
	at net.zerocloud.pdf.PdfBoxWorkflowEngine.executeWithDocument(PdfBoxWorkflowEngine.java:350)
	at net.zerocloud.pdf.PdfBoxWorkflowEngine.executeChecked(PdfBoxWorkflowEngine.java:238)
	at net.zerocloud.pdf.PdfBoxWorkflowEngine.execute(PdfBoxWorkflowEngine.java:41)
	at net.zerocloud.pdf.DocumentWorkflow.executeOnce(DocumentWorkflow.java:184)
	at net.zerocloud.pdf.DocumentWorkflow.execute(DocumentWorkflow.java:103)
	at net.zerocloud.pdf.DocumentWorkflow.execute(DocumentWorkflow.java:64)
	at net.zerocloud.pdf.consumer.ParagraphPaginationWorkflowTest.read(ParagraphPaginationWorkflowTest.java:553)
	at net.zerocloud.pdf.consumer.ParagraphPaginationWorkflowTest.orphanMinimumMovesAParagraphPastAnInsufficientRemainder(ParagraphPaginationWorkflowTest.java:190)
	at java.base/jdk.internal.reflect.NativeMethodAccessorImpl.invoke0(Native Method)
	at java.base/jdk.internal.reflect.NativeMethodAccessorImpl.invoke(NativeMethodAccessorImpl.java:77)
	at java.base/jdk.internal.reflect.DelegatingMethodAccessorImpl.invoke(DelegatingMethodAccessorImpl.java:43)
	at java.base/java.lang.reflect.Method.invoke(Method.java:568)
	at org.junit.runners.model.FrameworkMethod$1.runReflectiveCall(FrameworkMethod.java:59)
	at org.junit.internal.runners.model.ReflectiveCallable.run(ReflectiveCallable.java:12)
	at org.junit.runners.model.FrameworkMethod.invokeExplosively(FrameworkMethod.java:56)
	at org.junit.internal.runners.statements.InvokeMethod.evaluate(InvokeMethod.java:17)
	at org.junit.rules.ExternalResource$1.evaluate(ExternalResource.java:54)
	at org.junit.runners.ParentRunner$3.evaluate(ParentRunner.java:306)
	at org.junit.runners.BlockJUnit4ClassRunner$1.evaluate(BlockJUnit4ClassRunner.java:100)
	at org.junit.runners.ParentRunner.runLeaf(ParentRunner.java:366)
	at org.junit.runners.BlockJUnit4ClassRunner.runChild(BlockJUnit4ClassRunner.java:103)
	at org.junit.runners.BlockJUnit4ClassRunner.runChild(BlockJUnit4ClassRunner.java:63)
	at org.junit.runners.ParentRunner$4.run(ParentRunner.java:331)
	at org.junit.runners.ParentRunner$1.schedule(ParentRunner.java:79)
	at org.junit.runners.ParentRunner.runChildren(ParentRunner.java:329)
	at org.junit.runners.ParentRunner.access$100(ParentRunner.java:66)
	at org.junit.runners.ParentRunner$2.evaluate(ParentRunner.java:293)
	at org.junit.runners.ParentRunner.run(ParentRunner.java:413)
	at org.junit.runners.Suite.runChild(Suite.java:128)
	at org.junit.runners.Suite.runChild(Suite.java:27)
	at org.junit.runners.ParentRunner$4.run(ParentRunner.java:331)
	at org.junit.runners.ParentRunner$1.schedule(ParentRunner.java:79)
	at org.junit.runners.ParentRunner.runChildren(ParentRunner.java:329)
	at org.junit.runners.ParentRunner.access$100(ParentRunner.java:66)
	at org.junit.runners.ParentRunner$2.evaluate(ParentRunner.java:293)
	at org.junit.runners.ParentRunner$3.evaluate(ParentRunner.java:306)
	at org.junit.runners.ParentRunner.run(ParentRunner.java:413)
	at org.apache.maven.surefire.junit4.JUnit4Provider.execute(JUnit4Provider.java:316)
	at org.apache.maven.surefire.junit4.JUnit4Provider.executeWithRerun(JUnit4Provider.java:240)
	at org.apache.maven.surefire.junit4.JUnit4Provider.executeTestSet(JUnit4Provider.java:214)
	at org.apache.maven.surefire.junit4.JUnit4Provider.invoke(JUnit4Provider.java:155)
	at org.apache.maven.surefire.booter.ForkedBooter.runSuitesInProcess(ForkedBooter.java:385)
	at org.apache.maven.surefire.booter.ForkedBooter.execute(ForkedBooter.java:162)
	at org.apache.maven.surefire.booter.ForkedBooter.run(ForkedBooter.java:507)
	at org.apache.maven.surefire.booter.ForkedBooter.main(ForkedBooter.java:495)

[ERROR] net.zerocloud.pdf.consumer.ParagraphPaginationWorkflowTest.shortUnsplitParagraphIgnoresFragmentMinimaAndFinalKeepIsVacuous[IN_PROCESS] -- Time elapsed: 0.006 s <<< ERROR!
net.zerocloud.pdf.DocumentFailure: The text and logical-structure extraction limit was exceeded.
	at net.zerocloud.pdf.PdfBoxWorkflowEngine.failure(PdfBoxWorkflowEngine.java:292)
	at net.zerocloud.pdf.PdfBoxWorkflowEngine.executeWithDocument(PdfBoxWorkflowEngine.java:350)
	at net.zerocloud.pdf.PdfBoxWorkflowEngine.executeChecked(PdfBoxWorkflowEngine.java:238)
	at net.zerocloud.pdf.PdfBoxWorkflowEngine.execute(PdfBoxWorkflowEngine.java:41)
	at net.zerocloud.pdf.DocumentWorkflow.executeOnce(DocumentWorkflow.java:184)
	at net.zerocloud.pdf.DocumentWorkflow.execute(DocumentWorkflow.java:103)
	at net.zerocloud.pdf.DocumentWorkflow.execute(DocumentWorkflow.java:64)
	at net.zerocloud.pdf.consumer.ParagraphPaginationWorkflowTest.read(ParagraphPaginationWorkflowTest.java:553)
	at net.zerocloud.pdf.consumer.ParagraphPaginationWorkflowTest.shortUnsplitParagraphIgnoresFragmentMinimaAndFinalKeepIsVacuous(ParagraphPaginationWorkflowTest.java:207)
	at java.base/jdk.internal.reflect.NativeMethodAccessorImpl.invoke0(Native Method)
	at java.base/jdk.internal.reflect.NativeMethodAccessorImpl.invoke(NativeMethodAccessorImpl.java:77)
	at java.base/jdk.internal.reflect.DelegatingMethodAccessorImpl.invoke(DelegatingMethodAccessorImpl.java:43)
	at java.base/java.lang.reflect.Method.invoke(Method.java:568)
	at org.junit.runners.model.FrameworkMethod$1.runReflectiveCall(FrameworkMethod.java:59)
	at org.junit.internal.runners.model.ReflectiveCallable.run(ReflectiveCallable.java:12)
	at org.junit.runners.model.FrameworkMethod.invokeExplosively(FrameworkMethod.java:56)
	at org.junit.internal.runners.statements.InvokeMethod.evaluate(InvokeMethod.java:17)
	at org.junit.rules.ExternalResource$1.evaluate(ExternalResource.java:54)
	at org.junit.runners.ParentRunner$3.evaluate(ParentRunner.java:306)
	at org.junit.runners.BlockJUnit4ClassRunner$1.evaluate(BlockJUnit4ClassRunner.java:100)
	at org.junit.runners.ParentRunner.runLeaf(ParentRunner.java:366)
	at org.junit.runners.BlockJUnit4ClassRunner.runChild(BlockJUnit4ClassRunner.java:103)
	at org.junit.runners.BlockJUnit4ClassRunner.runChild(BlockJUnit4ClassRunner.java:63)
	at org.junit.runners.ParentRunner$4.run(ParentRunner.java:331)
	at org.junit.runners.ParentRunner$1.schedule(ParentRunner.java:79)
	at org.junit.runners.ParentRunner.runChildren(ParentRunner.java:329)
	at org.junit.runners.ParentRunner.access$100(ParentRunner.java:66)
	at org.junit.runners.ParentRunner$2.evaluate(ParentRunner.java:293)
	at org.junit.runners.ParentRunner.run(ParentRunner.java:413)
	at org.junit.runners.Suite.runChild(Suite.java:128)
	at org.junit.runners.Suite.runChild(Suite.java:27)
	at org.junit.runners.ParentRunner$4.run(ParentRunner.java:331)
	at org.junit.runners.ParentRunner$1.schedule(ParentRunner.java:79)
	at org.junit.runners.ParentRunner.runChildren(ParentRunner.java:329)
	at org.junit.runners.ParentRunner.access$100(ParentRunner.java:66)
	at org.junit.runners.ParentRunner$2.evaluate(ParentRunner.java:293)
	at org.junit.runners.ParentRunner$3.evaluate(ParentRunner.java:306)
	at org.junit.runners.ParentRunner.run(ParentRunner.java:413)
	at org.apache.maven.surefire.junit4.JUnit4Provider.execute(JUnit4Provider.java:316)
	at org.apache.maven.surefire.junit4.JUnit4Provider.executeWithRerun(JUnit4Provider.java:240)
	at org.apache.maven.surefire.junit4.JUnit4Provider.executeTestSet(JUnit4Provider.java:214)
	at org.apache.maven.surefire.junit4.JUnit4Provider.invoke(JUnit4Provider.java:155)
	at org.apache.maven.surefire.booter.ForkedBooter.runSuitesInProcess(ForkedBooter.java:385)
	at org.apache.maven.surefire.booter.ForkedBooter.execute(ForkedBooter.java:162)
	at org.apache.maven.surefire.booter.ForkedBooter.run(ForkedBooter.java:507)
	at org.apache.maven.surefire.booter.ForkedBooter.main(ForkedBooter.java:495)

[ERROR] net.zerocloud.pdf.consumer.ParagraphPaginationWorkflowTest.excessiveRelayoutDeclarationsPreserveContentAndConsumeTheAttempt[IN_PROCESS] -- Time elapsed: 0.003 s <<< ERROR!
net.zerocloud.pdf.DocumentFailure: The text and logical-structure extraction limit was exceeded.
	at net.zerocloud.pdf.PdfBoxWorkflowEngine.failure(PdfBoxWorkflowEngine.java:292)
	at net.zerocloud.pdf.PdfBoxWorkflowEngine.executeWithDocument(PdfBoxWorkflowEngine.java:350)
	at net.zerocloud.pdf.PdfBoxWorkflowEngine.executeChecked(PdfBoxWorkflowEngine.java:238)
	at net.zerocloud.pdf.PdfBoxWorkflowEngine.execute(PdfBoxWorkflowEngine.java:41)
	at net.zerocloud.pdf.DocumentWorkflow.executeOnce(DocumentWorkflow.java:184)
	at net.zerocloud.pdf.DocumentWorkflow.execute(DocumentWorkflow.java:103)
	at net.zerocloud.pdf.DocumentWorkflow.execute(DocumentWorkflow.java:64)
	at net.zerocloud.pdf.consumer.ParagraphPaginationWorkflowTest.excessiveRelayoutDeclarationsPreserveContentAndConsumeTheAttempt(ParagraphPaginationWorkflowTest.java:280)
	at java.base/jdk.internal.reflect.NativeMethodAccessorImpl.invoke0(Native Method)
	at java.base/jdk.internal.reflect.NativeMethodAccessorImpl.invoke(NativeMethodAccessorImpl.java:77)
	at java.base/jdk.internal.reflect.DelegatingMethodAccessorImpl.invoke(DelegatingMethodAccessorImpl.java:43)
	at java.base/java.lang.reflect.Method.invoke(Method.java:568)
	at org.junit.runners.model.FrameworkMethod$1.runReflectiveCall(FrameworkMethod.java:59)
	at org.junit.internal.runners.model.ReflectiveCallable.run(ReflectiveCallable.java:12)
	at org.junit.runners.model.FrameworkMethod.invokeExplosively(FrameworkMethod.java:56)
	at org.junit.internal.runners.statements.InvokeMethod.evaluate(InvokeMethod.java:17)
	at org.junit.rules.ExternalResource$1.evaluate(ExternalResource.java:54)
	at org.junit.runners.ParentRunner$3.evaluate(ParentRunner.java:306)
	at org.junit.runners.BlockJUnit4ClassRunner$1.evaluate(BlockJUnit4ClassRunner.java:100)
	at org.junit.runners.ParentRunner.runLeaf(ParentRunner.java:366)
	at org.junit.runners.BlockJUnit4ClassRunner.runChild(BlockJUnit4ClassRunner.java:103)
	at org.junit.runners.BlockJUnit4ClassRunner.runChild(BlockJUnit4ClassRunner.java:63)
	at org.junit.runners.ParentRunner$4.run(ParentRunner.java:331)
	at org.junit.runners.ParentRunner$1.schedule(ParentRunner.java:79)
	at org.junit.runners.ParentRunner.runChildren(ParentRunner.java:329)
	at org.junit.runners.ParentRunner.access$100(ParentRunner.java:66)
	at org.junit.runners.ParentRunner$2.evaluate(ParentRunner.java:293)
	at org.junit.runners.ParentRunner.run(ParentRunner.java:413)
	at org.junit.runners.Suite.runChild(Suite.java:128)
	at org.junit.runners.Suite.runChild(Suite.java:27)
	at org.junit.runners.ParentRunner$4.run(ParentRunner.java:331)
	at org.junit.runners.ParentRunner$1.schedule(ParentRunner.java:79)
	at org.junit.runners.ParentRunner.runChildren(ParentRunner.java:329)
	at org.junit.runners.ParentRunner.access$100(ParentRunner.java:66)
	at org.junit.runners.ParentRunner$2.evaluate(ParentRunner.java:293)
	at org.junit.runners.ParentRunner$3.evaluate(ParentRunner.java:306)
	at org.junit.runners.ParentRunner.run(ParentRunner.java:413)
	at org.apache.maven.surefire.junit4.JUnit4Provider.execute(JUnit4Provider.java:316)
	at org.apache.maven.surefire.junit4.JUnit4Provider.executeWithRerun(JUnit4Provider.java:240)
	at org.apache.maven.surefire.junit4.JUnit4Provider.executeTestSet(JUnit4Provider.java:214)
	at org.apache.maven.surefire.junit4.JUnit4Provider.invoke(JUnit4Provider.java:155)
	at org.apache.maven.surefire.booter.ForkedBooter.runSuitesInProcess(ForkedBooter.java:385)
	at org.apache.maven.surefire.booter.ForkedBooter.execute(ForkedBooter.java:162)
	at org.apache.maven.surefire.booter.ForkedBooter.run(ForkedBooter.java:507)
	at org.apache.maven.surefire.booter.ForkedBooter.main(ForkedBooter.java:495)

[ERROR] net.zerocloud.pdf.consumer.ParagraphPaginationWorkflowTest.wrapAndVisibleOverflowPreserveEveryCharacterAcrossPages[HARDENED_WORKER] -- Time elapsed: 1.280 s <<< ERROR!
net.zerocloud.pdf.DocumentFailure: The text and logical-structure extraction limit was exceeded.
	at net.zerocloud.pdf.HardenedWorkerEngine.execute(HardenedWorkerEngine.java:247)
	at net.zerocloud.pdf.DocumentWorkflow.executeOnce(DocumentWorkflow.java:177)
	at net.zerocloud.pdf.DocumentWorkflow.execute(DocumentWorkflow.java:103)
	at net.zerocloud.pdf.DocumentWorkflow.execute(DocumentWorkflow.java:64)
	at net.zerocloud.pdf.consumer.ParagraphPaginationWorkflowTest.read(ParagraphPaginationWorkflowTest.java:553)
	at net.zerocloud.pdf.consumer.ParagraphPaginationWorkflowTest.wrapAndVisibleOverflowPreserveEveryCharacterAcrossPages(ParagraphPaginationWorkflowTest.java:225)
	at java.base/jdk.internal.reflect.NativeMethodAccessorImpl.invoke0(Native Method)
	at java.base/jdk.internal.reflect.NativeMethodAccessorImpl.invoke(NativeMethodAccessorImpl.java:77)
	at java.base/jdk.internal.reflect.DelegatingMethodAccessorImpl.invoke(DelegatingMethodAccessorImpl.java:43)
	at java.base/java.lang.reflect.Method.invoke(Method.java:568)
	at org.junit.runners.model.FrameworkMethod$1.runReflectiveCall(FrameworkMethod.java:59)
	at org.junit.internal.runners.model.ReflectiveCallable.run(ReflectiveCallable.java:12)
	at org.junit.runners.model.FrameworkMethod.invokeExplosively(FrameworkMethod.java:56)
	at org.junit.internal.runners.statements.InvokeMethod.evaluate(InvokeMethod.java:17)
	at org.junit.rules.ExternalResource$1.evaluate(ExternalResource.java:54)
	at org.junit.runners.ParentRunner$3.evaluate(ParentRunner.java:306)
	at org.junit.runners.BlockJUnit4ClassRunner$1.evaluate(BlockJUnit4ClassRunner.java:100)
	at org.junit.runners.ParentRunner.runLeaf(ParentRunner.java:366)
	at org.junit.runners.BlockJUnit4ClassRunner.runChild(BlockJUnit4ClassRunner.java:103)
	at org.junit.runners.BlockJUnit4ClassRunner.runChild(BlockJUnit4ClassRunner.java:63)
	at org.junit.runners.ParentRunner$4.run(ParentRunner.java:331)
	at org.junit.runners.ParentRunner$1.schedule(ParentRunner.java:79)
	at org.junit.runners.ParentRunner.runChildren(ParentRunner.java:329)
	at org.junit.runners.ParentRunner.access$100(ParentRunner.java:66)
	at org.junit.runners.ParentRunner$2.evaluate(ParentRunner.java:293)
	at org.junit.runners.ParentRunner.run(ParentRunner.java:413)
	at org.junit.runners.Suite.runChild(Suite.java:128)
	at org.junit.runners.Suite.runChild(Suite.java:27)
	at org.junit.runners.ParentRunner$4.run(ParentRunner.java:331)
	at org.junit.runners.ParentRunner$1.schedule(ParentRunner.java:79)
	at org.junit.runners.ParentRunner.runChildren(ParentRunner.java:329)
	at org.junit.runners.ParentRunner.access$100(ParentRunner.java:66)
	at org.junit.runners.ParentRunner$2.evaluate(ParentRunner.java:293)
	at org.junit.runners.ParentRunner$3.evaluate(ParentRunner.java:306)
	at org.junit.runners.ParentRunner.run(ParentRunner.java:413)
	at org.apache.maven.surefire.junit4.JUnit4Provider.execute(JUnit4Provider.java:316)
	at org.apache.maven.surefire.junit4.JUnit4Provider.executeWithRerun(JUnit4Provider.java:240)
	at org.apache.maven.surefire.junit4.JUnit4Provider.executeTestSet(JUnit4Provider.java:214)
	at org.apache.maven.surefire.junit4.JUnit4Provider.invoke(JUnit4Provider.java:155)
	at org.apache.maven.surefire.booter.ForkedBooter.runSuitesInProcess(ForkedBooter.java:385)
	at org.apache.maven.surefire.booter.ForkedBooter.execute(ForkedBooter.java:162)
	at org.apache.maven.surefire.booter.ForkedBooter.run(ForkedBooter.java:507)
	at org.apache.maven.surefire.booter.ForkedBooter.main(ForkedBooter.java:495)

[ERROR] net.zerocloud.pdf.consumer.ParagraphPaginationWorkflowTest.indentsAndWidthCapContinueAcrossColumnsAndPages[HARDENED_WORKER] -- Time elapsed: 1.250 s <<< ERROR!
net.zerocloud.pdf.DocumentFailure: The text and logical-structure extraction limit was exceeded.
	at net.zerocloud.pdf.HardenedWorkerEngine.execute(HardenedWorkerEngine.java:247)
	at net.zerocloud.pdf.DocumentWorkflow.executeOnce(DocumentWorkflow.java:177)
	at net.zerocloud.pdf.DocumentWorkflow.execute(DocumentWorkflow.java:103)
	at net.zerocloud.pdf.DocumentWorkflow.execute(DocumentWorkflow.java:64)
	at net.zerocloud.pdf.consumer.ParagraphPaginationWorkflowTest.read(ParagraphPaginationWorkflowTest.java:553)
	at net.zerocloud.pdf.consumer.ParagraphPaginationWorkflowTest.indentsAndWidthCapContinueAcrossColumnsAndPages(ParagraphPaginationWorkflowTest.java:89)
	at java.base/jdk.internal.reflect.NativeMethodAccessorImpl.invoke0(Native Method)
	at java.base/jdk.internal.reflect.NativeMethodAccessorImpl.invoke(NativeMethodAccessorImpl.java:77)
	at java.base/jdk.internal.reflect.DelegatingMethodAccessorImpl.invoke(DelegatingMethodAccessorImpl.java:43)
	at java.base/java.lang.reflect.Method.invoke(Method.java:568)
	at org.junit.runners.model.FrameworkMethod$1.runReflectiveCall(FrameworkMethod.java:59)
	at org.junit.internal.runners.model.ReflectiveCallable.run(ReflectiveCallable.java:12)
	at org.junit.runners.model.FrameworkMethod.invokeExplosively(FrameworkMethod.java:56)
	at org.junit.internal.runners.statements.InvokeMethod.evaluate(InvokeMethod.java:17)
	at org.junit.rules.ExternalResource$1.evaluate(ExternalResource.java:54)
	at org.junit.runners.ParentRunner$3.evaluate(ParentRunner.java:306)
	at org.junit.runners.BlockJUnit4ClassRunner$1.evaluate(BlockJUnit4ClassRunner.java:100)
	at org.junit.runners.ParentRunner.runLeaf(ParentRunner.java:366)
	at org.junit.runners.BlockJUnit4ClassRunner.runChild(BlockJUnit4ClassRunner.java:103)
	at org.junit.runners.BlockJUnit4ClassRunner.runChild(BlockJUnit4ClassRunner.java:63)
	at org.junit.runners.ParentRunner$4.run(ParentRunner.java:331)
	at org.junit.runners.ParentRunner$1.schedule(ParentRunner.java:79)
	at org.junit.runners.ParentRunner.runChildren(ParentRunner.java:329)
	at org.junit.runners.ParentRunner.access$100(ParentRunner.java:66)
	at org.junit.runners.ParentRunner$2.evaluate(ParentRunner.java:293)
	at org.junit.runners.ParentRunner.run(ParentRunner.java:413)
	at org.junit.runners.Suite.runChild(Suite.java:128)
	at org.junit.runners.Suite.runChild(Suite.java:27)
	at org.junit.runners.ParentRunner$4.run(ParentRunner.java:331)
	at org.junit.runners.ParentRunner$1.schedule(ParentRunner.java:79)
	at org.junit.runners.ParentRunner.runChildren(ParentRunner.java:329)
	at org.junit.runners.ParentRunner.access$100(ParentRunner.java:66)
	at org.junit.runners.ParentRunner$2.evaluate(ParentRunner.java:293)
	at org.junit.runners.ParentRunner$3.evaluate(ParentRunner.java:306)
	at org.junit.runners.ParentRunner.run(ParentRunner.java:413)
	at org.apache.maven.surefire.junit4.JUnit4Provider.execute(JUnit4Provider.java:316)
	at org.apache.maven.surefire.junit4.JUnit4Provider.executeWithRerun(JUnit4Provider.java:240)
	at org.apache.maven.surefire.junit4.JUnit4Provider.executeTestSet(JUnit4Provider.java:214)
	at org.apache.maven.surefire.junit4.JUnit4Provider.invoke(JUnit4Provider.java:155)
	at org.apache.maven.surefire.booter.ForkedBooter.runSuitesInProcess(ForkedBooter.java:385)
	at org.apache.maven.surefire.booter.ForkedBooter.execute(ForkedBooter.java:162)
	at org.apache.maven.surefire.booter.ForkedBooter.run(ForkedBooter.java:507)
	at org.apache.maven.surefire.booter.ForkedBooter.main(ForkedBooter.java:495)

[ERROR] net.zerocloud.pdf.consumer.ParagraphPaginationWorkflowTest.keepTogetherMovesAnEntireParagraphToTheNextPage[HARDENED_WORKER] -- Time elapsed: 1.275 s <<< ERROR!
net.zerocloud.pdf.DocumentFailure: The text and logical-structure extraction limit was exceeded.
	at net.zerocloud.pdf.HardenedWorkerEngine.execute(HardenedWorkerEngine.java:247)
	at net.zerocloud.pdf.DocumentWorkflow.executeOnce(DocumentWorkflow.java:177)
	at net.zerocloud.pdf.DocumentWorkflow.execute(DocumentWorkflow.java:103)
	at net.zerocloud.pdf.DocumentWorkflow.execute(DocumentWorkflow.java:64)
	at net.zerocloud.pdf.consumer.ParagraphPaginationWorkflowTest.read(ParagraphPaginationWorkflowTest.java:553)
	at net.zerocloud.pdf.consumer.ParagraphPaginationWorkflowTest.keepTogetherMovesAnEntireParagraphToTheNextPage(ParagraphPaginationWorkflowTest.java:154)
	at java.base/jdk.internal.reflect.NativeMethodAccessorImpl.invoke0(Native Method)
	at java.base/jdk.internal.reflect.NativeMethodAccessorImpl.invoke(NativeMethodAccessorImpl.java:77)
	at java.base/jdk.internal.reflect.DelegatingMethodAccessorImpl.invoke(DelegatingMethodAccessorImpl.java:43)
	at java.base/java.lang.reflect.Method.invoke(Method.java:568)
	at org.junit.runners.model.FrameworkMethod$1.runReflectiveCall(FrameworkMethod.java:59)
	at org.junit.internal.runners.model.ReflectiveCallable.run(ReflectiveCallable.java:12)
	at org.junit.runners.model.FrameworkMethod.invokeExplosively(FrameworkMethod.java:56)
	at org.junit.internal.runners.statements.InvokeMethod.evaluate(InvokeMethod.java:17)
	at org.junit.rules.ExternalResource$1.evaluate(ExternalResource.java:54)
	at org.junit.runners.ParentRunner$3.evaluate(ParentRunner.java:306)
	at org.junit.runners.BlockJUnit4ClassRunner$1.evaluate(BlockJUnit4ClassRunner.java:100)
	at org.junit.runners.ParentRunner.runLeaf(ParentRunner.java:366)
	at org.junit.runners.BlockJUnit4ClassRunner.runChild(BlockJUnit4ClassRunner.java:103)
	at org.junit.runners.BlockJUnit4ClassRunner.runChild(BlockJUnit4ClassRunner.java:63)
	at org.junit.runners.ParentRunner$4.run(ParentRunner.java:331)
	at org.junit.runners.ParentRunner$1.schedule(ParentRunner.java:79)
	at org.junit.runners.ParentRunner.runChildren(ParentRunner.java:329)
	at org.junit.runners.ParentRunner.access$100(ParentRunner.java:66)
	at org.junit.runners.ParentRunner$2.evaluate(ParentRunner.java:293)
	at org.junit.runners.ParentRunner.run(ParentRunner.java:413)
	at org.junit.runners.Suite.runChild(Suite.java:128)
	at org.junit.runners.Suite.runChild(Suite.java:27)
	at org.junit.runners.ParentRunner$4.run(ParentRunner.java:331)
	at org.junit.runners.ParentRunner$1.schedule(ParentRunner.java:79)
	at org.junit.runners.ParentRunner.runChildren(ParentRunner.java:329)
	at org.junit.runners.ParentRunner.access$100(ParentRunner.java:66)
	at org.junit.runners.ParentRunner$2.evaluate(ParentRunner.java:293)
	at org.junit.runners.ParentRunner$3.evaluate(ParentRunner.java:306)
	at org.junit.runners.ParentRunner.run(ParentRunner.java:413)
	at org.apache.maven.surefire.junit4.JUnit4Provider.execute(JUnit4Provider.java:316)
	at org.apache.maven.surefire.junit4.JUnit4Provider.executeWithRerun(JUnit4Provider.java:240)
	at org.apache.maven.surefire.junit4.JUnit4Provider.executeTestSet(JUnit4Provider.java:214)
	at org.apache.maven.surefire.junit4.JUnit4Provider.invoke(JUnit4Provider.java:155)
	at org.apache.maven.surefire.booter.ForkedBooter.runSuitesInProcess(ForkedBooter.java:385)
	at org.apache.maven.surefire.booter.ForkedBooter.execute(ForkedBooter.java:162)
	at org.apache.maven.surefire.booter.ForkedBooter.run(ForkedBooter.java:507)
	at org.apache.maven.surefire.booter.ForkedBooter.main(ForkedBooter.java:495)

[ERROR] net.zerocloud.pdf.consumer.ParagraphPaginationWorkflowTest.failedRelayoutStopsBatchBeforeReadingLaterCallerFonts[HARDENED_WORKER] -- Time elapsed: 1.291 s <<< ERROR!
net.zerocloud.pdf.DocumentFailure: The text and logical-structure extraction limit was exceeded.
	at net.zerocloud.pdf.HardenedWorkerEngine.execute(HardenedWorkerEngine.java:247)
	at net.zerocloud.pdf.DocumentWorkflow.executeOnce(DocumentWorkflow.java:177)
	at net.zerocloud.pdf.DocumentWorkflow.execute(DocumentWorkflow.java:103)
	at net.zerocloud.pdf.DocumentWorkflow.execute(DocumentWorkflow.java:64)
	at net.zerocloud.pdf.consumer.ParagraphPaginationWorkflowTest.read(ParagraphPaginationWorkflowTest.java:553)
	at net.zerocloud.pdf.consumer.ParagraphPaginationWorkflowTest.failedRelayoutStopsBatchBeforeReadingLaterCallerFonts(ParagraphPaginationWorkflowTest.java:412)
	at java.base/jdk.internal.reflect.NativeMethodAccessorImpl.invoke0(Native Method)
	at java.base/jdk.internal.reflect.NativeMethodAccessorImpl.invoke(NativeMethodAccessorImpl.java:77)
	at java.base/jdk.internal.reflect.DelegatingMethodAccessorImpl.invoke(DelegatingMethodAccessorImpl.java:43)
	at java.base/java.lang.reflect.Method.invoke(Method.java:568)
	at org.junit.runners.model.FrameworkMethod$1.runReflectiveCall(FrameworkMethod.java:59)
	at org.junit.internal.runners.model.ReflectiveCallable.run(ReflectiveCallable.java:12)
	at org.junit.runners.model.FrameworkMethod.invokeExplosively(FrameworkMethod.java:56)
	at org.junit.internal.runners.statements.InvokeMethod.evaluate(InvokeMethod.java:17)
	at org.junit.rules.ExternalResource$1.evaluate(ExternalResource.java:54)
	at org.junit.runners.ParentRunner$3.evaluate(ParentRunner.java:306)
	at org.junit.runners.BlockJUnit4ClassRunner$1.evaluate(BlockJUnit4ClassRunner.java:100)
	at org.junit.runners.ParentRunner.runLeaf(ParentRunner.java:366)
	at org.junit.runners.BlockJUnit4ClassRunner.runChild(BlockJUnit4ClassRunner.java:103)
	at org.junit.runners.BlockJUnit4ClassRunner.runChild(BlockJUnit4ClassRunner.java:63)
	at org.junit.runners.ParentRunner$4.run(ParentRunner.java:331)
	at org.junit.runners.ParentRunner$1.schedule(ParentRunner.java:79)
	at org.junit.runners.ParentRunner.runChildren(ParentRunner.java:329)
	at org.junit.runners.ParentRunner.access$100(ParentRunner.java:66)
	at org.junit.runners.ParentRunner$2.evaluate(ParentRunner.java:293)
	at org.junit.runners.ParentRunner.run(ParentRunner.java:413)
	at org.junit.runners.Suite.runChild(Suite.java:128)
	at org.junit.runners.Suite.runChild(Suite.java:27)
	at org.junit.runners.ParentRunner$4.run(ParentRunner.java:331)
	at org.junit.runners.ParentRunner$1.schedule(ParentRunner.java:79)
	at org.junit.runners.ParentRunner.runChildren(ParentRunner.java:329)
	at org.junit.runners.ParentRunner.access$100(ParentRunner.java:66)
	at org.junit.runners.ParentRunner$2.evaluate(ParentRunner.java:293)
	at org.junit.runners.ParentRunner$3.evaluate(ParentRunner.java:306)
	at org.junit.runners.ParentRunner.run(ParentRunner.java:413)
	at org.apache.maven.surefire.junit4.JUnit4Provider.execute(JUnit4Provider.java:316)
	at org.apache.maven.surefire.junit4.JUnit4Provider.executeWithRerun(JUnit4Provider.java:240)
	at org.apache.maven.surefire.junit4.JUnit4Provider.executeTestSet(JUnit4Provider.java:214)
	at org.apache.maven.surefire.junit4.JUnit4Provider.invoke(JUnit4Provider.java:155)
	at org.apache.maven.surefire.booter.ForkedBooter.runSuitesInProcess(ForkedBooter.java:385)
	at org.apache.maven.surefire.booter.ForkedBooter.execute(ForkedBooter.java:162)
	at org.apache.maven.surefire.booter.ForkedBooter.run(ForkedBooter.java:507)
	at org.apache.maven.surefire.booter.ForkedBooter.main(ForkedBooter.java:495)

[ERROR] net.zerocloud.pdf.consumer.ParagraphPaginationWorkflowTest.explicitTabsRemainFixedAcrossColumnsAndPages[HARDENED_WORKER] -- Time elapsed: 1.280 s <<< ERROR!
net.zerocloud.pdf.DocumentFailure: The text and logical-structure extraction limit was exceeded.
	at net.zerocloud.pdf.HardenedWorkerEngine.execute(HardenedWorkerEngine.java:247)
	at net.zerocloud.pdf.DocumentWorkflow.executeOnce(DocumentWorkflow.java:177)
	at net.zerocloud.pdf.DocumentWorkflow.execute(DocumentWorkflow.java:103)
	at net.zerocloud.pdf.DocumentWorkflow.execute(DocumentWorkflow.java:64)
	at net.zerocloud.pdf.consumer.ParagraphPaginationWorkflowTest.read(ParagraphPaginationWorkflowTest.java:553)
	at net.zerocloud.pdf.consumer.ParagraphPaginationWorkflowTest.explicitTabsRemainFixedAcrossColumnsAndPages(ParagraphPaginationWorkflowTest.java:113)
	at java.base/jdk.internal.reflect.NativeMethodAccessorImpl.invoke0(Native Method)
	at java.base/jdk.internal.reflect.NativeMethodAccessorImpl.invoke(NativeMethodAccessorImpl.java:77)
	at java.base/jdk.internal.reflect.DelegatingMethodAccessorImpl.invoke(DelegatingMethodAccessorImpl.java:43)
	at java.base/java.lang.reflect.Method.invoke(Method.java:568)
	at org.junit.runners.model.FrameworkMethod$1.runReflectiveCall(FrameworkMethod.java:59)
	at org.junit.internal.runners.model.ReflectiveCallable.run(ReflectiveCallable.java:12)
	at org.junit.runners.model.FrameworkMethod.invokeExplosively(FrameworkMethod.java:56)
	at org.junit.internal.runners.statements.InvokeMethod.evaluate(InvokeMethod.java:17)
	at org.junit.rules.ExternalResource$1.evaluate(ExternalResource.java:54)
	at org.junit.runners.ParentRunner$3.evaluate(ParentRunner.java:306)
	at org.junit.runners.BlockJUnit4ClassRunner$1.evaluate(BlockJUnit4ClassRunner.java:100)
	at org.junit.runners.ParentRunner.runLeaf(ParentRunner.java:366)
	at org.junit.runners.BlockJUnit4ClassRunner.runChild(BlockJUnit4ClassRunner.java:103)
	at org.junit.runners.BlockJUnit4ClassRunner.runChild(BlockJUnit4ClassRunner.java:63)
	at org.junit.runners.ParentRunner$4.run(ParentRunner.java:331)
	at org.junit.runners.ParentRunner$1.schedule(ParentRunner.java:79)
	at org.junit.runners.ParentRunner.runChildren(ParentRunner.java:329)
	at org.junit.runners.ParentRunner.access$100(ParentRunner.java:66)
	at org.junit.runners.ParentRunner$2.evaluate(ParentRunner.java:293)
	at org.junit.runners.ParentRunner.run(ParentRunner.java:413)
	at org.junit.runners.Suite.runChild(Suite.java:128)
	at org.junit.runners.Suite.runChild(Suite.java:27)
	at org.junit.runners.ParentRunner$4.run(ParentRunner.java:331)
	at org.junit.runners.ParentRunner$1.schedule(ParentRunner.java:79)
	at org.junit.runners.ParentRunner.runChildren(ParentRunner.java:329)
	at org.junit.runners.ParentRunner.access$100(ParentRunner.java:66)
	at org.junit.runners.ParentRunner$2.evaluate(ParentRunner.java:293)
	at org.junit.runners.ParentRunner$3.evaluate(ParentRunner.java:306)
	at org.junit.runners.ParentRunner.run(ParentRunner.java:413)
	at org.apache.maven.surefire.junit4.JUnit4Provider.execute(JUnit4Provider.java:316)
	at org.apache.maven.surefire.junit4.JUnit4Provider.executeWithRerun(JUnit4Provider.java:240)
	at org.apache.maven.surefire.junit4.JUnit4Provider.executeTestSet(JUnit4Provider.java:214)
	at org.apache.maven.surefire.junit4.JUnit4Provider.invoke(JUnit4Provider.java:155)
	at org.apache.maven.surefire.booter.ForkedBooter.runSuitesInProcess(ForkedBooter.java:385)
	at org.apache.maven.surefire.booter.ForkedBooter.execute(ForkedBooter.java:162)
	at org.apache.maven.surefire.booter.ForkedBooter.run(ForkedBooter.java:507)
	at org.apache.maven.surefire.booter.ForkedBooter.main(ForkedBooter.java:495)

[ERROR] net.zerocloud.pdf.consumer.ParagraphPaginationWorkflowTest.laterMutationSealsRelayoutAndNewCompositionEstablishesANewBuffer[HARDENED_WORKER] -- Time elapsed: 1.267 s <<< ERROR!
net.zerocloud.pdf.DocumentFailure: The text and logical-structure extraction limit was exceeded.
	at net.zerocloud.pdf.HardenedWorkerEngine.execute(HardenedWorkerEngine.java:247)
	at net.zerocloud.pdf.DocumentWorkflow.executeOnce(DocumentWorkflow.java:177)
	at net.zerocloud.pdf.DocumentWorkflow.execute(DocumentWorkflow.java:103)
	at net.zerocloud.pdf.DocumentWorkflow.execute(DocumentWorkflow.java:64)
	at net.zerocloud.pdf.consumer.ParagraphPaginationWorkflowTest.read(ParagraphPaginationWorkflowTest.java:553)
	at net.zerocloud.pdf.consumer.ParagraphPaginationWorkflowTest.laterMutationSealsRelayoutAndNewCompositionEstablishesANewBuffer(ParagraphPaginationWorkflowTest.java:338)
	at java.base/jdk.internal.reflect.NativeMethodAccessorImpl.invoke0(Native Method)
	at java.base/jdk.internal.reflect.NativeMethodAccessorImpl.invoke(NativeMethodAccessorImpl.java:77)
	at java.base/jdk.internal.reflect.DelegatingMethodAccessorImpl.invoke(DelegatingMethodAccessorImpl.java:43)
	at java.base/java.lang.reflect.Method.invoke(Method.java:568)
	at org.junit.runners.model.FrameworkMethod$1.runReflectiveCall(FrameworkMethod.java:59)
	at org.junit.internal.runners.model.ReflectiveCallable.run(ReflectiveCallable.java:12)
	at org.junit.runners.model.FrameworkMethod.invokeExplosively(FrameworkMethod.java:56)
	at org.junit.internal.runners.statements.InvokeMethod.evaluate(InvokeMethod.java:17)
	at org.junit.rules.ExternalResource$1.evaluate(ExternalResource.java:54)
	at org.junit.runners.ParentRunner$3.evaluate(ParentRunner.java:306)
	at org.junit.runners.BlockJUnit4ClassRunner$1.evaluate(BlockJUnit4ClassRunner.java:100)
	at org.junit.runners.ParentRunner.runLeaf(ParentRunner.java:366)
	at org.junit.runners.BlockJUnit4ClassRunner.runChild(BlockJUnit4ClassRunner.java:103)
	at org.junit.runners.BlockJUnit4ClassRunner.runChild(BlockJUnit4ClassRunner.java:63)
	at org.junit.runners.ParentRunner$4.run(ParentRunner.java:331)
	at org.junit.runners.ParentRunner$1.schedule(ParentRunner.java:79)
	at org.junit.runners.ParentRunner.runChildren(ParentRunner.java:329)
	at org.junit.runners.ParentRunner.access$100(ParentRunner.java:66)
	at org.junit.runners.ParentRunner$2.evaluate(ParentRunner.java:293)
	at org.junit.runners.ParentRunner.run(ParentRunner.java:413)
	at org.junit.runners.Suite.runChild(Suite.java:128)
	at org.junit.runners.Suite.runChild(Suite.java:27)
	at org.junit.runners.ParentRunner$4.run(ParentRunner.java:331)
	at org.junit.runners.ParentRunner$1.schedule(ParentRunner.java:79)
	at org.junit.runners.ParentRunner.runChildren(ParentRunner.java:329)
	at org.junit.runners.ParentRunner.access$100(ParentRunner.java:66)
	at org.junit.runners.ParentRunner$2.evaluate(ParentRunner.java:293)
	at org.junit.runners.ParentRunner$3.evaluate(ParentRunner.java:306)
	at org.junit.runners.ParentRunner.run(ParentRunner.java:413)
	at org.apache.maven.surefire.junit4.JUnit4Provider.execute(JUnit4Provider.java:316)
	at org.apache.maven.surefire.junit4.JUnit4Provider.executeWithRerun(JUnit4Provider.java:240)
	at org.apache.maven.surefire.junit4.JUnit4Provider.executeTestSet(JUnit4Provider.java:214)
	at org.apache.maven.surefire.junit4.JUnit4Provider.invoke(JUnit4Provider.java:155)
	at org.apache.maven.surefire.booter.ForkedBooter.runSuitesInProcess(ForkedBooter.java:385)
	at org.apache.maven.surefire.booter.ForkedBooter.execute(ForkedBooter.java:162)
	at org.apache.maven.surefire.booter.ForkedBooter.run(ForkedBooter.java:507)
	at org.apache.maven.surefire.booter.ForkedBooter.main(ForkedBooter.java:495)

[ERROR] net.zerocloud.pdf.consumer.ParagraphPaginationWorkflowTest.relayoutCanShrinkAndGrowTheTailWithoutChangingEarlierPages[HARDENED_WORKER] -- Time elapsed: 0.692 s <<< ERROR!
net.zerocloud.pdf.DocumentFailure: The text and logical-structure extraction limit was exceeded.
	at net.zerocloud.pdf.HardenedWorkerEngine.execute(HardenedWorkerEngine.java:247)
	at net.zerocloud.pdf.DocumentWorkflow.executeOnce(DocumentWorkflow.java:177)
	at net.zerocloud.pdf.DocumentWorkflow.execute(DocumentWorkflow.java:103)
	at net.zerocloud.pdf.DocumentWorkflow.execute(DocumentWorkflow.java:64)
	at net.zerocloud.pdf.consumer.ParagraphPaginationWorkflowTest.relayoutCanShrinkAndGrowTheTailWithoutChangingEarlierPages(ParagraphPaginationWorkflowTest.java:247)
	at java.base/jdk.internal.reflect.NativeMethodAccessorImpl.invoke0(Native Method)
	at java.base/jdk.internal.reflect.NativeMethodAccessorImpl.invoke(NativeMethodAccessorImpl.java:77)
	at java.base/jdk.internal.reflect.DelegatingMethodAccessorImpl.invoke(DelegatingMethodAccessorImpl.java:43)
	at java.base/java.lang.reflect.Method.invoke(Method.java:568)
	at org.junit.runners.model.FrameworkMethod$1.runReflectiveCall(FrameworkMethod.java:59)
	at org.junit.internal.runners.model.ReflectiveCallable.run(ReflectiveCallable.java:12)
	at org.junit.runners.model.FrameworkMethod.invokeExplosively(FrameworkMethod.java:56)
	at org.junit.internal.runners.statements.InvokeMethod.evaluate(InvokeMethod.java:17)
	at org.junit.rules.ExternalResource$1.evaluate(ExternalResource.java:54)
	at org.junit.runners.ParentRunner$3.evaluate(ParentRunner.java:306)
	at org.junit.runners.BlockJUnit4ClassRunner$1.evaluate(BlockJUnit4ClassRunner.java:100)
	at org.junit.runners.ParentRunner.runLeaf(ParentRunner.java:366)
	at org.junit.runners.BlockJUnit4ClassRunner.runChild(BlockJUnit4ClassRunner.java:103)
	at org.junit.runners.BlockJUnit4ClassRunner.runChild(BlockJUnit4ClassRunner.java:63)
	at org.junit.runners.ParentRunner$4.run(ParentRunner.java:331)
	at org.junit.runners.ParentRunner$1.schedule(ParentRunner.java:79)
	at org.junit.runners.ParentRunner.runChildren(ParentRunner.java:329)
	at org.junit.runners.ParentRunner.access$100(ParentRunner.java:66)
	at org.junit.runners.ParentRunner$2.evaluate(ParentRunner.java:293)
	at org.junit.runners.ParentRunner.run(ParentRunner.java:413)
	at org.junit.runners.Suite.runChild(Suite.java:128)
	at org.junit.runners.Suite.runChild(Suite.java:27)
	at org.junit.runners.ParentRunner$4.run(ParentRunner.java:331)
	at org.junit.runners.ParentRunner$1.schedule(ParentRunner.java:79)
	at org.junit.runners.ParentRunner.runChildren(ParentRunner.java:329)
	at org.junit.runners.ParentRunner.access$100(ParentRunner.java:66)
	at org.junit.runners.ParentRunner$2.evaluate(ParentRunner.java:293)
	at org.junit.runners.ParentRunner$3.evaluate(ParentRunner.java:306)
	at org.junit.runners.ParentRunner.run(ParentRunner.java:413)
	at org.apache.maven.surefire.junit4.JUnit4Provider.execute(JUnit4Provider.java:316)
	at org.apache.maven.surefire.junit4.JUnit4Provider.executeWithRerun(JUnit4Provider.java:240)
	at org.apache.maven.surefire.junit4.JUnit4Provider.executeTestSet(JUnit4Provider.java:214)
	at org.apache.maven.surefire.junit4.JUnit4Provider.invoke(JUnit4Provider.java:155)
	at org.apache.maven.surefire.booter.ForkedBooter.runSuitesInProcess(ForkedBooter.java:385)
	at org.apache.maven.surefire.booter.ForkedBooter.execute(ForkedBooter.java:162)
	at org.apache.maven.surefire.booter.ForkedBooter.run(ForkedBooter.java:507)
	at org.apache.maven.surefire.booter.ForkedBooter.main(ForkedBooter.java:495)

[ERROR] net.zerocloud.pdf.consumer.ParagraphPaginationWorkflowTest.unsignedIncrementalRelayoutPreservesTheOriginalRevisionAndEarlierPages[HARDENED_WORKER] -- Time elapsed: 1.907 s <<< ERROR!
net.zerocloud.pdf.DocumentFailure: The text and logical-structure extraction limit was exceeded.
	at net.zerocloud.pdf.HardenedWorkerEngine.execute(HardenedWorkerEngine.java:247)
	at net.zerocloud.pdf.DocumentWorkflow.executeOnce(DocumentWorkflow.java:177)
	at net.zerocloud.pdf.DocumentWorkflow.execute(DocumentWorkflow.java:103)
	at net.zerocloud.pdf.DocumentWorkflow.execute(DocumentWorkflow.java:64)
	at net.zerocloud.pdf.consumer.ParagraphPaginationWorkflowTest.read(ParagraphPaginationWorkflowTest.java:553)
	at net.zerocloud.pdf.consumer.ParagraphPaginationWorkflowTest.unsignedIncrementalRelayoutPreservesTheOriginalRevisionAndEarlierPages(ParagraphPaginationWorkflowTest.java:392)
	at java.base/jdk.internal.reflect.NativeMethodAccessorImpl.invoke0(Native Method)
	at java.base/jdk.internal.reflect.NativeMethodAccessorImpl.invoke(NativeMethodAccessorImpl.java:77)
	at java.base/jdk.internal.reflect.DelegatingMethodAccessorImpl.invoke(DelegatingMethodAccessorImpl.java:43)
	at java.base/java.lang.reflect.Method.invoke(Method.java:568)
	at org.junit.runners.model.FrameworkMethod$1.runReflectiveCall(FrameworkMethod.java:59)
	at org.junit.internal.runners.model.ReflectiveCallable.run(ReflectiveCallable.java:12)
	at org.junit.runners.model.FrameworkMethod.invokeExplosively(FrameworkMethod.java:56)
	at org.junit.internal.runners.statements.InvokeMethod.evaluate(InvokeMethod.java:17)
	at org.junit.rules.ExternalResource$1.evaluate(ExternalResource.java:54)
	at org.junit.runners.ParentRunner$3.evaluate(ParentRunner.java:306)
	at org.junit.runners.BlockJUnit4ClassRunner$1.evaluate(BlockJUnit4ClassRunner.java:100)
	at org.junit.runners.ParentRunner.runLeaf(ParentRunner.java:366)
	at org.junit.runners.BlockJUnit4ClassRunner.runChild(BlockJUnit4ClassRunner.java:103)
	at org.junit.runners.BlockJUnit4ClassRunner.runChild(BlockJUnit4ClassRunner.java:63)
	at org.junit.runners.ParentRunner$4.run(ParentRunner.java:331)
	at org.junit.runners.ParentRunner$1.schedule(ParentRunner.java:79)
	at org.junit.runners.ParentRunner.runChildren(ParentRunner.java:329)
	at org.junit.runners.ParentRunner.access$100(ParentRunner.java:66)
	at org.junit.runners.ParentRunner$2.evaluate(ParentRunner.java:293)
	at org.junit.runners.ParentRunner.run(ParentRunner.java:413)
	at org.junit.runners.Suite.runChild(Suite.java:128)
	at org.junit.runners.Suite.runChild(Suite.java:27)
	at org.junit.runners.ParentRunner$4.run(ParentRunner.java:331)
	at org.junit.runners.ParentRunner$1.schedule(ParentRunner.java:79)
	at org.junit.runners.ParentRunner.runChildren(ParentRunner.java:329)
	at org.junit.runners.ParentRunner.access$100(ParentRunner.java:66)
	at org.junit.runners.ParentRunner$2.evaluate(ParentRunner.java:293)
	at org.junit.runners.ParentRunner$3.evaluate(ParentRunner.java:306)
	at org.junit.runners.ParentRunner.run(ParentRunner.java:413)
	at org.apache.maven.surefire.junit4.JUnit4Provider.execute(JUnit4Provider.java:316)
	at org.apache.maven.surefire.junit4.JUnit4Provider.executeWithRerun(JUnit4Provider.java:240)
	at org.apache.maven.surefire.junit4.JUnit4Provider.executeTestSet(JUnit4Provider.java:214)
	at org.apache.maven.surefire.junit4.JUnit4Provider.invoke(JUnit4Provider.java:155)
	at org.apache.maven.surefire.booter.ForkedBooter.runSuitesInProcess(ForkedBooter.java:385)
	at org.apache.maven.surefire.booter.ForkedBooter.execute(ForkedBooter.java:162)
	at org.apache.maven.surefire.booter.ForkedBooter.run(ForkedBooter.java:507)
	at org.apache.maven.surefire.booter.ForkedBooter.main(ForkedBooter.java:495)

[ERROR] net.zerocloud.pdf.consumer.ParagraphPaginationWorkflowTest.publicationExpiresSessionAndReopenedPdfHasNoRelayoutState[HARDENED_WORKER] -- Time elapsed: 1.727 s <<< ERROR!
net.zerocloud.pdf.DocumentFailure: The text and logical-structure extraction limit was exceeded.
	at net.zerocloud.pdf.HardenedWorkerEngine.execute(HardenedWorkerEngine.java:247)
	at net.zerocloud.pdf.DocumentWorkflow.executeOnce(DocumentWorkflow.java:177)
	at net.zerocloud.pdf.DocumentWorkflow.execute(DocumentWorkflow.java:103)
	at net.zerocloud.pdf.DocumentWorkflow.execute(DocumentWorkflow.java:64)
	at net.zerocloud.pdf.consumer.ParagraphPaginationWorkflowTest.read(ParagraphPaginationWorkflowTest.java:553)
	at net.zerocloud.pdf.consumer.ParagraphPaginationWorkflowTest.publicationExpiresSessionAndReopenedPdfHasNoRelayoutState(ParagraphPaginationWorkflowTest.java:354)
	at java.base/jdk.internal.reflect.NativeMethodAccessorImpl.invoke0(Native Method)
	at java.base/jdk.internal.reflect.NativeMethodAccessorImpl.invoke(NativeMethodAccessorImpl.java:77)
	at java.base/jdk.internal.reflect.DelegatingMethodAccessorImpl.invoke(DelegatingMethodAccessorImpl.java:43)
	at java.base/java.lang.reflect.Method.invoke(Method.java:568)
	at org.junit.runners.model.FrameworkMethod$1.runReflectiveCall(FrameworkMethod.java:59)
	at org.junit.internal.runners.model.ReflectiveCallable.run(ReflectiveCallable.java:12)
	at org.junit.runners.model.FrameworkMethod.invokeExplosively(FrameworkMethod.java:56)
	at org.junit.internal.runners.statements.InvokeMethod.evaluate(InvokeMethod.java:17)
	at org.junit.rules.ExternalResource$1.evaluate(ExternalResource.java:54)
	at org.junit.runners.ParentRunner$3.evaluate(ParentRunner.java:306)
	at org.junit.runners.BlockJUnit4ClassRunner$1.evaluate(BlockJUnit4ClassRunner.java:100)
	at org.junit.runners.ParentRunner.runLeaf(ParentRunner.java:366)
	at org.junit.runners.BlockJUnit4ClassRunner.runChild(BlockJUnit4ClassRunner.java:103)
	at org.junit.runners.BlockJUnit4ClassRunner.runChild(BlockJUnit4ClassRunner.java:63)
	at org.junit.runners.ParentRunner$4.run(ParentRunner.java:331)
	at org.junit.runners.ParentRunner$1.schedule(ParentRunner.java:79)
	at org.junit.runners.ParentRunner.runChildren(ParentRunner.java:329)
	at org.junit.runners.ParentRunner.access$100(ParentRunner.java:66)
	at org.junit.runners.ParentRunner$2.evaluate(ParentRunner.java:293)
	at org.junit.runners.ParentRunner.run(ParentRunner.java:413)
	at org.junit.runners.Suite.runChild(Suite.java:128)
	at org.junit.runners.Suite.runChild(Suite.java:27)
	at org.junit.runners.ParentRunner$4.run(ParentRunner.java:331)
	at org.junit.runners.ParentRunner$1.schedule(ParentRunner.java:79)
	at org.junit.runners.ParentRunner.runChildren(ParentRunner.java:329)
	at org.junit.runners.ParentRunner.access$100(ParentRunner.java:66)
	at org.junit.runners.ParentRunner$2.evaluate(ParentRunner.java:293)
	at org.junit.runners.ParentRunner$3.evaluate(ParentRunner.java:306)
	at org.junit.runners.ParentRunner.run(ParentRunner.java:413)
	at org.apache.maven.surefire.junit4.JUnit4Provider.execute(JUnit4Provider.java:316)
	at org.apache.maven.surefire.junit4.JUnit4Provider.executeWithRerun(JUnit4Provider.java:240)
	at org.apache.maven.surefire.junit4.JUnit4Provider.executeTestSet(JUnit4Provider.java:214)
	at org.apache.maven.surefire.junit4.JUnit4Provider.invoke(JUnit4Provider.java:155)
	at org.apache.maven.surefire.booter.ForkedBooter.runSuitesInProcess(ForkedBooter.java:385)
	at org.apache.maven.surefire.booter.ForkedBooter.execute(ForkedBooter.java:162)
	at org.apache.maven.surefire.booter.ForkedBooter.run(ForkedBooter.java:507)
	at org.apache.maven.surefire.booter.ForkedBooter.main(ForkedBooter.java:495)

[ERROR] net.zerocloud.pdf.consumer.ParagraphPaginationWorkflowTest.keepWithNextMovesTheHeadingWithTheFollowingFragment[HARDENED_WORKER] -- Time elapsed: 1.327 s <<< ERROR!
net.zerocloud.pdf.DocumentFailure: The text and logical-structure extraction limit was exceeded.
	at net.zerocloud.pdf.HardenedWorkerEngine.execute(HardenedWorkerEngine.java:247)
	at net.zerocloud.pdf.DocumentWorkflow.executeOnce(DocumentWorkflow.java:177)
	at net.zerocloud.pdf.DocumentWorkflow.execute(DocumentWorkflow.java:103)
	at net.zerocloud.pdf.DocumentWorkflow.execute(DocumentWorkflow.java:64)
	at net.zerocloud.pdf.consumer.ParagraphPaginationWorkflowTest.read(ParagraphPaginationWorkflowTest.java:553)
	at net.zerocloud.pdf.consumer.ParagraphPaginationWorkflowTest.keepWithNextMovesTheHeadingWithTheFollowingFragment(ParagraphPaginationWorkflowTest.java:163)
	at java.base/jdk.internal.reflect.NativeMethodAccessorImpl.invoke0(Native Method)
	at java.base/jdk.internal.reflect.NativeMethodAccessorImpl.invoke(NativeMethodAccessorImpl.java:77)
	at java.base/jdk.internal.reflect.DelegatingMethodAccessorImpl.invoke(DelegatingMethodAccessorImpl.java:43)
	at java.base/java.lang.reflect.Method.invoke(Method.java:568)
	at org.junit.runners.model.FrameworkMethod$1.runReflectiveCall(FrameworkMethod.java:59)
	at org.junit.internal.runners.model.ReflectiveCallable.run(ReflectiveCallable.java:12)
	at org.junit.runners.model.FrameworkMethod.invokeExplosively(FrameworkMethod.java:56)
	at org.junit.internal.runners.statements.InvokeMethod.evaluate(InvokeMethod.java:17)
	at org.junit.rules.ExternalResource$1.evaluate(ExternalResource.java:54)
	at org.junit.runners.ParentRunner$3.evaluate(ParentRunner.java:306)
	at org.junit.runners.BlockJUnit4ClassRunner$1.evaluate(BlockJUnit4ClassRunner.java:100)
	at org.junit.runners.ParentRunner.runLeaf(ParentRunner.java:366)
	at org.junit.runners.BlockJUnit4ClassRunner.runChild(BlockJUnit4ClassRunner.java:103)
	at org.junit.runners.BlockJUnit4ClassRunner.runChild(BlockJUnit4ClassRunner.java:63)
	at org.junit.runners.ParentRunner$4.run(ParentRunner.java:331)
	at org.junit.runners.ParentRunner$1.schedule(ParentRunner.java:79)
	at org.junit.runners.ParentRunner.runChildren(ParentRunner.java:329)
	at org.junit.runners.ParentRunner.access$100(ParentRunner.java:66)
	at org.junit.runners.ParentRunner$2.evaluate(ParentRunner.java:293)
	at org.junit.runners.ParentRunner.run(ParentRunner.java:413)
	at org.junit.runners.Suite.runChild(Suite.java:128)
	at org.junit.runners.Suite.runChild(Suite.java:27)
	at org.junit.runners.ParentRunner$4.run(ParentRunner.java:331)
	at org.junit.runners.ParentRunner$1.schedule(ParentRunner.java:79)
	at org.junit.runners.ParentRunner.runChildren(ParentRunner.java:329)
	at org.junit.runners.ParentRunner.access$100(ParentRunner.java:66)
	at org.junit.runners.ParentRunner$2.evaluate(ParentRunner.java:293)
	at org.junit.runners.ParentRunner$3.evaluate(ParentRunner.java:306)
	at org.junit.runners.ParentRunner.run(ParentRunner.java:413)
	at org.apache.maven.surefire.junit4.JUnit4Provider.execute(JUnit4Provider.java:316)
	at org.apache.maven.surefire.junit4.JUnit4Provider.executeWithRerun(JUnit4Provider.java:240)
	at org.apache.maven.surefire.junit4.JUnit4Provider.executeTestSet(JUnit4Provider.java:214)
	at org.apache.maven.surefire.junit4.JUnit4Provider.invoke(JUnit4Provider.java:155)
	at org.apache.maven.surefire.booter.ForkedBooter.runSuitesInProcess(ForkedBooter.java:385)
	at org.apache.maven.surefire.booter.ForkedBooter.execute(ForkedBooter.java:162)
	at org.apache.maven.surefire.booter.ForkedBooter.run(ForkedBooter.java:507)
	at org.apache.maven.surefire.booter.ForkedBooter.main(ForkedBooter.java:495)

[ERROR] net.zerocloud.pdf.consumer.ParagraphPaginationWorkflowTest.hangingFirstLineDoesNotRepeatOnTheNextPage[HARDENED_WORKER] -- Time elapsed: 1.302 s <<< ERROR!
net.zerocloud.pdf.DocumentFailure: The text and logical-structure extraction limit was exceeded.
	at net.zerocloud.pdf.HardenedWorkerEngine.execute(HardenedWorkerEngine.java:247)
	at net.zerocloud.pdf.DocumentWorkflow.executeOnce(DocumentWorkflow.java:177)
	at net.zerocloud.pdf.DocumentWorkflow.execute(DocumentWorkflow.java:103)
	at net.zerocloud.pdf.DocumentWorkflow.execute(DocumentWorkflow.java:64)
	at net.zerocloud.pdf.consumer.ParagraphPaginationWorkflowTest.read(ParagraphPaginationWorkflowTest.java:553)
	at net.zerocloud.pdf.consumer.ParagraphPaginationWorkflowTest.hangingFirstLineDoesNotRepeatOnTheNextPage(ParagraphPaginationWorkflowTest.java:103)
	at java.base/jdk.internal.reflect.NativeMethodAccessorImpl.invoke0(Native Method)
	at java.base/jdk.internal.reflect.NativeMethodAccessorImpl.invoke(NativeMethodAccessorImpl.java:77)
	at java.base/jdk.internal.reflect.DelegatingMethodAccessorImpl.invoke(DelegatingMethodAccessorImpl.java:43)
	at java.base/java.lang.reflect.Method.invoke(Method.java:568)
	at org.junit.runners.model.FrameworkMethod$1.runReflectiveCall(FrameworkMethod.java:59)
	at org.junit.internal.runners.model.ReflectiveCallable.run(ReflectiveCallable.java:12)
	at org.junit.runners.model.FrameworkMethod.invokeExplosively(FrameworkMethod.java:56)
	at org.junit.internal.runners.statements.InvokeMethod.evaluate(InvokeMethod.java:17)
	at org.junit.rules.ExternalResource$1.evaluate(ExternalResource.java:54)
	at org.junit.runners.ParentRunner$3.evaluate(ParentRunner.java:306)
	at org.junit.runners.BlockJUnit4ClassRunner$1.evaluate(BlockJUnit4ClassRunner.java:100)
	at org.junit.runners.ParentRunner.runLeaf(ParentRunner.java:366)
	at org.junit.runners.BlockJUnit4ClassRunner.runChild(BlockJUnit4ClassRunner.java:103)
	at org.junit.runners.BlockJUnit4ClassRunner.runChild(BlockJUnit4ClassRunner.java:63)
	at org.junit.runners.ParentRunner$4.run(ParentRunner.java:331)
	at org.junit.runners.ParentRunner$1.schedule(ParentRunner.java:79)
	at org.junit.runners.ParentRunner.runChildren(ParentRunner.java:329)
	at org.junit.runners.ParentRunner.access$100(ParentRunner.java:66)
	at org.junit.runners.ParentRunner$2.evaluate(ParentRunner.java:293)
	at org.junit.runners.ParentRunner.run(ParentRunner.java:413)
	at org.junit.runners.Suite.runChild(Suite.java:128)
	at org.junit.runners.Suite.runChild(Suite.java:27)
	at org.junit.runners.ParentRunner$4.run(ParentRunner.java:331)
	at org.junit.runners.ParentRunner$1.schedule(ParentRunner.java:79)
	at org.junit.runners.ParentRunner.runChildren(ParentRunner.java:329)
	at org.junit.runners.ParentRunner.access$100(ParentRunner.java:66)
	at org.junit.runners.ParentRunner$2.evaluate(ParentRunner.java:293)
	at org.junit.runners.ParentRunner$3.evaluate(ParentRunner.java:306)
	at org.junit.runners.ParentRunner.run(ParentRunner.java:413)
	at org.apache.maven.surefire.junit4.JUnit4Provider.execute(JUnit4Provider.java:316)
	at org.apache.maven.surefire.junit4.JUnit4Provider.executeWithRerun(JUnit4Provider.java:240)
	at org.apache.maven.surefire.junit4.JUnit4Provider.executeTestSet(JUnit4Provider.java:214)
	at org.apache.maven.surefire.junit4.JUnit4Provider.invoke(JUnit4Provider.java:155)
	at org.apache.maven.surefire.booter.ForkedBooter.runSuitesInProcess(ForkedBooter.java:385)
	at org.apache.maven.surefire.booter.ForkedBooter.execute(ForkedBooter.java:162)
	at org.apache.maven.surefire.booter.ForkedBooter.run(ForkedBooter.java:507)
	at org.apache.maven.surefire.booter.ForkedBooter.main(ForkedBooter.java:495)

[ERROR] net.zerocloud.pdf.consumer.ParagraphPaginationWorkflowTest.immediateAndExplicitFlushSealTheFlowWithoutEarlyPublication[HARDENED_WORKER] -- Time elapsed: 1.272 s <<< ERROR!
net.zerocloud.pdf.DocumentFailure: The text and logical-structure extraction limit was exceeded.
	at net.zerocloud.pdf.HardenedWorkerEngine.execute(HardenedWorkerEngine.java:247)
	at net.zerocloud.pdf.DocumentWorkflow.executeOnce(DocumentWorkflow.java:177)
	at net.zerocloud.pdf.DocumentWorkflow.execute(DocumentWorkflow.java:103)
	at net.zerocloud.pdf.DocumentWorkflow.execute(DocumentWorkflow.java:64)
	at net.zerocloud.pdf.consumer.ParagraphPaginationWorkflowTest.read(ParagraphPaginationWorkflowTest.java:553)
	at net.zerocloud.pdf.consumer.ParagraphPaginationWorkflowTest.immediateAndExplicitFlushSealTheFlowWithoutEarlyPublication(ParagraphPaginationWorkflowTest.java:323)
	at java.base/jdk.internal.reflect.NativeMethodAccessorImpl.invoke0(Native Method)
	at java.base/jdk.internal.reflect.NativeMethodAccessorImpl.invoke(NativeMethodAccessorImpl.java:77)
	at java.base/jdk.internal.reflect.DelegatingMethodAccessorImpl.invoke(DelegatingMethodAccessorImpl.java:43)
	at java.base/java.lang.reflect.Method.invoke(Method.java:568)
	at org.junit.runners.model.FrameworkMethod$1.runReflectiveCall(FrameworkMethod.java:59)
	at org.junit.internal.runners.model.ReflectiveCallable.run(ReflectiveCallable.java:12)
	at org.junit.runners.model.FrameworkMethod.invokeExplosively(FrameworkMethod.java:56)
	at org.junit.internal.runners.statements.InvokeMethod.evaluate(InvokeMethod.java:17)
	at org.junit.rules.ExternalResource$1.evaluate(ExternalResource.java:54)
	at org.junit.runners.ParentRunner$3.evaluate(ParentRunner.java:306)
	at org.junit.runners.BlockJUnit4ClassRunner$1.evaluate(BlockJUnit4ClassRunner.java:100)
	at org.junit.runners.ParentRunner.runLeaf(ParentRunner.java:366)
	at org.junit.runners.BlockJUnit4ClassRunner.runChild(BlockJUnit4ClassRunner.java:103)
	at org.junit.runners.BlockJUnit4ClassRunner.runChild(BlockJUnit4ClassRunner.java:63)
	at org.junit.runners.ParentRunner$4.run(ParentRunner.java:331)
	at org.junit.runners.ParentRunner$1.schedule(ParentRunner.java:79)
	at org.junit.runners.ParentRunner.runChildren(ParentRunner.java:329)
	at org.junit.runners.ParentRunner.access$100(ParentRunner.java:66)
	at org.junit.runners.ParentRunner$2.evaluate(ParentRunner.java:293)
	at org.junit.runners.ParentRunner.run(ParentRunner.java:413)
	at org.junit.runners.Suite.runChild(Suite.java:128)
	at org.junit.runners.Suite.runChild(Suite.java:27)
	at org.junit.runners.ParentRunner$4.run(ParentRunner.java:331)
	at org.junit.runners.ParentRunner$1.schedule(ParentRunner.java:79)
	at org.junit.runners.ParentRunner.runChildren(ParentRunner.java:329)
	at org.junit.runners.ParentRunner.access$100(ParentRunner.java:66)
	at org.junit.runners.ParentRunner$2.evaluate(ParentRunner.java:293)
	at org.junit.runners.ParentRunner$3.evaluate(ParentRunner.java:306)
	at org.junit.runners.ParentRunner.run(ParentRunner.java:413)
	at org.apache.maven.surefire.junit4.JUnit4Provider.execute(JUnit4Provider.java:316)
	at org.apache.maven.surefire.junit4.JUnit4Provider.executeWithRerun(JUnit4Provider.java:240)
	at org.apache.maven.surefire.junit4.JUnit4Provider.executeTestSet(JUnit4Provider.java:214)
	at org.apache.maven.surefire.junit4.JUnit4Provider.invoke(JUnit4Provider.java:155)
	at org.apache.maven.surefire.booter.ForkedBooter.runSuitesInProcess(ForkedBooter.java:385)
	at org.apache.maven.surefire.booter.ForkedBooter.execute(ForkedBooter.java:162)
	at org.apache.maven.surefire.booter.ForkedBooter.run(ForkedBooter.java:507)
	at org.apache.maven.surefire.booter.ForkedBooter.main(ForkedBooter.java:495)

[ERROR] net.zerocloud.pdf.consumer.ParagraphPaginationWorkflowTest.consecutiveTabsSkipStopsThatWouldMoveThePenBackwards[HARDENED_WORKER] -- Time elapsed: 1.281 s <<< ERROR!
net.zerocloud.pdf.DocumentFailure: The text and logical-structure extraction limit was exceeded.
	at net.zerocloud.pdf.HardenedWorkerEngine.execute(HardenedWorkerEngine.java:247)
	at net.zerocloud.pdf.DocumentWorkflow.executeOnce(DocumentWorkflow.java:177)
	at net.zerocloud.pdf.DocumentWorkflow.execute(DocumentWorkflow.java:103)
	at net.zerocloud.pdf.DocumentWorkflow.execute(DocumentWorkflow.java:64)
	at net.zerocloud.pdf.consumer.ParagraphPaginationWorkflowTest.read(ParagraphPaginationWorkflowTest.java:553)
	at net.zerocloud.pdf.consumer.ParagraphPaginationWorkflowTest.consecutiveTabsSkipStopsThatWouldMoveThePenBackwards(ParagraphPaginationWorkflowTest.java:137)
	at java.base/jdk.internal.reflect.NativeMethodAccessorImpl.invoke0(Native Method)
	at java.base/jdk.internal.reflect.NativeMethodAccessorImpl.invoke(NativeMethodAccessorImpl.java:77)
	at java.base/jdk.internal.reflect.DelegatingMethodAccessorImpl.invoke(DelegatingMethodAccessorImpl.java:43)
	at java.base/java.lang.reflect.Method.invoke(Method.java:568)
	at org.junit.runners.model.FrameworkMethod$1.runReflectiveCall(FrameworkMethod.java:59)
	at org.junit.internal.runners.model.ReflectiveCallable.run(ReflectiveCallable.java:12)
	at org.junit.runners.model.FrameworkMethod.invokeExplosively(FrameworkMethod.java:56)
	at org.junit.internal.runners.statements.InvokeMethod.evaluate(InvokeMethod.java:17)
	at org.junit.rules.ExternalResource$1.evaluate(ExternalResource.java:54)
	at org.junit.runners.ParentRunner$3.evaluate(ParentRunner.java:306)
	at org.junit.runners.BlockJUnit4ClassRunner$1.evaluate(BlockJUnit4ClassRunner.java:100)
	at org.junit.runners.ParentRunner.runLeaf(ParentRunner.java:366)
	at org.junit.runners.BlockJUnit4ClassRunner.runChild(BlockJUnit4ClassRunner.java:103)
	at org.junit.runners.BlockJUnit4ClassRunner.runChild(BlockJUnit4ClassRunner.java:63)
	at org.junit.runners.ParentRunner$4.run(ParentRunner.java:331)
	at org.junit.runners.ParentRunner$1.schedule(ParentRunner.java:79)
	at org.junit.runners.ParentRunner.runChildren(ParentRunner.java:329)
	at org.junit.runners.ParentRunner.access$100(ParentRunner.java:66)
	at org.junit.runners.ParentRunner$2.evaluate(ParentRunner.java:293)
	at org.junit.runners.ParentRunner.run(ParentRunner.java:413)
	at org.junit.runners.Suite.runChild(Suite.java:128)
	at org.junit.runners.Suite.runChild(Suite.java:27)
	at org.junit.runners.ParentRunner$4.run(ParentRunner.java:331)
	at org.junit.runners.ParentRunner$1.schedule(ParentRunner.java:79)
	at org.junit.runners.ParentRunner.runChildren(ParentRunner.java:329)
	at org.junit.runners.ParentRunner.access$100(ParentRunner.java:66)
	at org.junit.runners.ParentRunner$2.evaluate(ParentRunner.java:293)
	at org.junit.runners.ParentRunner$3.evaluate(ParentRunner.java:306)
	at org.junit.runners.ParentRunner.run(ParentRunner.java:413)
	at org.apache.maven.surefire.junit4.JUnit4Provider.execute(JUnit4Provider.java:316)
	at org.apache.maven.surefire.junit4.JUnit4Provider.executeWithRerun(JUnit4Provider.java:240)
	at org.apache.maven.surefire.junit4.JUnit4Provider.executeTestSet(JUnit4Provider.java:214)
	at org.apache.maven.surefire.junit4.JUnit4Provider.invoke(JUnit4Provider.java:155)
	at org.apache.maven.surefire.booter.ForkedBooter.runSuitesInProcess(ForkedBooter.java:385)
	at org.apache.maven.surefire.booter.ForkedBooter.execute(ForkedBooter.java:162)
	at org.apache.maven.surefire.booter.ForkedBooter.run(ForkedBooter.java:507)
	at org.apache.maven.surefire.booter.ForkedBooter.main(ForkedBooter.java:495)

[ERROR] net.zerocloud.pdf.consumer.ParagraphPaginationWorkflowTest.rejectOverflowUsesAWiderPageAndExhaustionNeverTruncates[HARDENED_WORKER] -- Time elapsed: 1.319 s <<< ERROR!
net.zerocloud.pdf.DocumentFailure: The text and logical-structure extraction limit was exceeded.
	at net.zerocloud.pdf.HardenedWorkerEngine.execute(HardenedWorkerEngine.java:247)
	at net.zerocloud.pdf.DocumentWorkflow.executeOnce(DocumentWorkflow.java:177)
	at net.zerocloud.pdf.DocumentWorkflow.execute(DocumentWorkflow.java:103)
	at net.zerocloud.pdf.DocumentWorkflow.execute(DocumentWorkflow.java:64)
	at net.zerocloud.pdf.consumer.ParagraphPaginationWorkflowTest.read(ParagraphPaginationWorkflowTest.java:553)
	at net.zerocloud.pdf.consumer.ParagraphPaginationWorkflowTest.rejectOverflowUsesAWiderPageAndExhaustionNeverTruncates(ParagraphPaginationWorkflowTest.java:235)
	at java.base/jdk.internal.reflect.NativeMethodAccessorImpl.invoke0(Native Method)
	at java.base/jdk.internal.reflect.NativeMethodAccessorImpl.invoke(NativeMethodAccessorImpl.java:77)
	at java.base/jdk.internal.reflect.DelegatingMethodAccessorImpl.invoke(DelegatingMethodAccessorImpl.java:43)
	at java.base/java.lang.reflect.Method.invoke(Method.java:568)
	at org.junit.runners.model.FrameworkMethod$1.runReflectiveCall(FrameworkMethod.java:59)
	at org.junit.internal.runners.model.ReflectiveCallable.run(ReflectiveCallable.java:12)
	at org.junit.runners.model.FrameworkMethod.invokeExplosively(FrameworkMethod.java:56)
	at org.junit.internal.runners.statements.InvokeMethod.evaluate(InvokeMethod.java:17)
	at org.junit.rules.ExternalResource$1.evaluate(ExternalResource.java:54)
	at org.junit.runners.ParentRunner$3.evaluate(ParentRunner.java:306)
	at org.junit.runners.BlockJUnit4ClassRunner$1.evaluate(BlockJUnit4ClassRunner.java:100)
	at org.junit.runners.ParentRunner.runLeaf(ParentRunner.java:366)
	at org.junit.runners.BlockJUnit4ClassRunner.runChild(BlockJUnit4ClassRunner.java:103)
	at org.junit.runners.BlockJUnit4ClassRunner.runChild(BlockJUnit4ClassRunner.java:63)
	at org.junit.runners.ParentRunner$4.run(ParentRunner.java:331)
	at org.junit.runners.ParentRunner$1.schedule(ParentRunner.java:79)
	at org.junit.runners.ParentRunner.runChildren(ParentRunner.java:329)
	at org.junit.runners.ParentRunner.access$100(ParentRunner.java:66)
	at org.junit.runners.ParentRunner$2.evaluate(ParentRunner.java:293)
	at org.junit.runners.ParentRunner.run(ParentRunner.java:413)
	at org.junit.runners.Suite.runChild(Suite.java:128)
	at org.junit.runners.Suite.runChild(Suite.java:27)
	at org.junit.runners.ParentRunner$4.run(ParentRunner.java:331)
	at org.junit.runners.ParentRunner$1.schedule(ParentRunner.java:79)
	at org.junit.runners.ParentRunner.runChildren(ParentRunner.java:329)
	at org.junit.runners.ParentRunner.access$100(ParentRunner.java:66)
	at org.junit.runners.ParentRunner$2.evaluate(ParentRunner.java:293)
	at org.junit.runners.ParentRunner$3.evaluate(ParentRunner.java:306)
	at org.junit.runners.ParentRunner.run(ParentRunner.java:413)
	at org.apache.maven.surefire.junit4.JUnit4Provider.execute(JUnit4Provider.java:316)
	at org.apache.maven.surefire.junit4.JUnit4Provider.executeWithRerun(JUnit4Provider.java:240)
	at org.apache.maven.surefire.junit4.JUnit4Provider.executeTestSet(JUnit4Provider.java:214)
	at org.apache.maven.surefire.junit4.JUnit4Provider.invoke(JUnit4Provider.java:155)
	at org.apache.maven.surefire.booter.ForkedBooter.runSuitesInProcess(ForkedBooter.java:385)
	at org.apache.maven.surefire.booter.ForkedBooter.execute(ForkedBooter.java:162)
	at org.apache.maven.surefire.booter.ForkedBooter.run(ForkedBooter.java:507)
	at org.apache.maven.surefire.booter.ForkedBooter.main(ForkedBooter.java:495)

[ERROR] net.zerocloud.pdf.consumer.ParagraphPaginationWorkflowTest.tabFieldMovesIntactToAWiderArea[HARDENED_WORKER] -- Time elapsed: 1.252 s <<< ERROR!
net.zerocloud.pdf.DocumentFailure: The text and logical-structure extraction limit was exceeded.
	at net.zerocloud.pdf.HardenedWorkerEngine.execute(HardenedWorkerEngine.java:247)
	at net.zerocloud.pdf.DocumentWorkflow.executeOnce(DocumentWorkflow.java:177)
	at net.zerocloud.pdf.DocumentWorkflow.execute(DocumentWorkflow.java:103)
	at net.zerocloud.pdf.DocumentWorkflow.execute(DocumentWorkflow.java:64)
	at net.zerocloud.pdf.consumer.ParagraphPaginationWorkflowTest.read(ParagraphPaginationWorkflowTest.java:553)
	at net.zerocloud.pdf.consumer.ParagraphPaginationWorkflowTest.tabFieldMovesIntactToAWiderArea(ParagraphPaginationWorkflowTest.java:147)
	at java.base/jdk.internal.reflect.NativeMethodAccessorImpl.invoke0(Native Method)
	at java.base/jdk.internal.reflect.NativeMethodAccessorImpl.invoke(NativeMethodAccessorImpl.java:77)
	at java.base/jdk.internal.reflect.DelegatingMethodAccessorImpl.invoke(DelegatingMethodAccessorImpl.java:43)
	at java.base/java.lang.reflect.Method.invoke(Method.java:568)
	at org.junit.runners.model.FrameworkMethod$1.runReflectiveCall(FrameworkMethod.java:59)
	at org.junit.internal.runners.model.ReflectiveCallable.run(ReflectiveCallable.java:12)
	at org.junit.runners.model.FrameworkMethod.invokeExplosively(FrameworkMethod.java:56)
	at org.junit.internal.runners.statements.InvokeMethod.evaluate(InvokeMethod.java:17)
	at org.junit.rules.ExternalResource$1.evaluate(ExternalResource.java:54)
	at org.junit.runners.ParentRunner$3.evaluate(ParentRunner.java:306)
	at org.junit.runners.BlockJUnit4ClassRunner$1.evaluate(BlockJUnit4ClassRunner.java:100)
	at org.junit.runners.ParentRunner.runLeaf(ParentRunner.java:366)
	at org.junit.runners.BlockJUnit4ClassRunner.runChild(BlockJUnit4ClassRunner.java:103)
	at org.junit.runners.BlockJUnit4ClassRunner.runChild(BlockJUnit4ClassRunner.java:63)
	at org.junit.runners.ParentRunner$4.run(ParentRunner.java:331)
	at org.junit.runners.ParentRunner$1.schedule(ParentRunner.java:79)
	at org.junit.runners.ParentRunner.runChildren(ParentRunner.java:329)
	at org.junit.runners.ParentRunner.access$100(ParentRunner.java:66)
	at org.junit.runners.ParentRunner$2.evaluate(ParentRunner.java:293)
	at org.junit.runners.ParentRunner.run(ParentRunner.java:413)
	at org.junit.runners.Suite.runChild(Suite.java:128)
	at org.junit.runners.Suite.runChild(Suite.java:27)
	at org.junit.runners.ParentRunner$4.run(ParentRunner.java:331)
	at org.junit.runners.ParentRunner$1.schedule(ParentRunner.java:79)
	at org.junit.runners.ParentRunner.runChildren(ParentRunner.java:329)
	at org.junit.runners.ParentRunner.access$100(ParentRunner.java:66)
	at org.junit.runners.ParentRunner$2.evaluate(ParentRunner.java:293)
	at org.junit.runners.ParentRunner$3.evaluate(ParentRunner.java:306)
	at org.junit.runners.ParentRunner.run(ParentRunner.java:413)
	at org.apache.maven.surefire.junit4.JUnit4Provider.execute(JUnit4Provider.java:316)
	at org.apache.maven.surefire.junit4.JUnit4Provider.executeWithRerun(JUnit4Provider.java:240)
	at org.apache.maven.surefire.junit4.JUnit4Provider.executeTestSet(JUnit4Provider.java:214)
	at org.apache.maven.surefire.junit4.JUnit4Provider.invoke(JUnit4Provider.java:155)
	at org.apache.maven.surefire.booter.ForkedBooter.runSuitesInProcess(ForkedBooter.java:385)
	at org.apache.maven.surefire.booter.ForkedBooter.execute(ForkedBooter.java:162)
	at org.apache.maven.surefire.booter.ForkedBooter.run(ForkedBooter.java:507)
	at org.apache.maven.surefire.booter.ForkedBooter.main(ForkedBooter.java:495)

[ERROR] net.zerocloud.pdf.consumer.ParagraphPaginationWorkflowTest.finiteSearchAndLineBoundsReportStableFailures[HARDENED_WORKER] -- Time elapsed: 1.246 s <<< ERROR!
net.zerocloud.pdf.DocumentFailure: The text and logical-structure extraction limit was exceeded.
	at net.zerocloud.pdf.HardenedWorkerEngine.execute(HardenedWorkerEngine.java:247)
	at net.zerocloud.pdf.DocumentWorkflow.executeOnce(DocumentWorkflow.java:177)
	at net.zerocloud.pdf.DocumentWorkflow.execute(DocumentWorkflow.java:103)
	at net.zerocloud.pdf.DocumentWorkflow.execute(DocumentWorkflow.java:64)
	at net.zerocloud.pdf.consumer.ParagraphPaginationWorkflowTest.read(ParagraphPaginationWorkflowTest.java:553)
	at net.zerocloud.pdf.consumer.ParagraphPaginationWorkflowTest.finiteSearchAndLineBoundsReportStableFailures(ParagraphPaginationWorkflowTest.java:429)
	at java.base/jdk.internal.reflect.NativeMethodAccessorImpl.invoke0(Native Method)
	at java.base/jdk.internal.reflect.NativeMethodAccessorImpl.invoke(NativeMethodAccessorImpl.java:77)
	at java.base/jdk.internal.reflect.DelegatingMethodAccessorImpl.invoke(DelegatingMethodAccessorImpl.java:43)
	at java.base/java.lang.reflect.Method.invoke(Method.java:568)
	at org.junit.runners.model.FrameworkMethod$1.runReflectiveCall(FrameworkMethod.java:59)
	at org.junit.internal.runners.model.ReflectiveCallable.run(ReflectiveCallable.java:12)
	at org.junit.runners.model.FrameworkMethod.invokeExplosively(FrameworkMethod.java:56)
	at org.junit.internal.runners.statements.InvokeMethod.evaluate(InvokeMethod.java:17)
	at org.junit.rules.ExternalResource$1.evaluate(ExternalResource.java:54)
	at org.junit.runners.ParentRunner$3.evaluate(ParentRunner.java:306)
	at org.junit.runners.BlockJUnit4ClassRunner$1.evaluate(BlockJUnit4ClassRunner.java:100)
	at org.junit.runners.ParentRunner.runLeaf(ParentRunner.java:366)
	at org.junit.runners.BlockJUnit4ClassRunner.runChild(BlockJUnit4ClassRunner.java:103)
	at org.junit.runners.BlockJUnit4ClassRunner.runChild(BlockJUnit4ClassRunner.java:63)
	at org.junit.runners.ParentRunner$4.run(ParentRunner.java:331)
	at org.junit.runners.ParentRunner$1.schedule(ParentRunner.java:79)
	at org.junit.runners.ParentRunner.runChildren(ParentRunner.java:329)
	at org.junit.runners.ParentRunner.access$100(ParentRunner.java:66)
	at org.junit.runners.ParentRunner$2.evaluate(ParentRunner.java:293)
	at org.junit.runners.ParentRunner.run(ParentRunner.java:413)
	at org.junit.runners.Suite.runChild(Suite.java:128)
	at org.junit.runners.Suite.runChild(Suite.java:27)
	at org.junit.runners.ParentRunner$4.run(ParentRunner.java:331)
	at org.junit.runners.ParentRunner$1.schedule(ParentRunner.java:79)
	at org.junit.runners.ParentRunner.runChildren(ParentRunner.java:329)
	at org.junit.runners.ParentRunner.access$100(ParentRunner.java:66)
	at org.junit.runners.ParentRunner$2.evaluate(ParentRunner.java:293)
	at org.junit.runners.ParentRunner$3.evaluate(ParentRunner.java:306)
	at org.junit.runners.ParentRunner.run(ParentRunner.java:413)
	at org.apache.maven.surefire.junit4.JUnit4Provider.execute(JUnit4Provider.java:316)
	at org.apache.maven.surefire.junit4.JUnit4Provider.executeWithRerun(JUnit4Provider.java:240)
	at org.apache.maven.surefire.junit4.JUnit4Provider.executeTestSet(JUnit4Provider.java:214)
	at org.apache.maven.surefire.junit4.JUnit4Provider.invoke(JUnit4Provider.java:155)
	at org.apache.maven.surefire.booter.ForkedBooter.runSuitesInProcess(ForkedBooter.java:385)
	at org.apache.maven.surefire.booter.ForkedBooter.execute(ForkedBooter.java:162)
	at org.apache.maven.surefire.booter.ForkedBooter.run(ForkedBooter.java:507)
	at org.apache.maven.surefire.booter.ForkedBooter.main(ForkedBooter.java:495)

[ERROR] net.zerocloud.pdf.consumer.ParagraphPaginationWorkflowTest.exactAttemptBoundSucceedsAndTheFirstExcessFails[HARDENED_WORKER] -- Time elapsed: 1.278 s <<< ERROR!
net.zerocloud.pdf.DocumentFailure: The text and logical-structure extraction limit was exceeded.
	at net.zerocloud.pdf.HardenedWorkerEngine.execute(HardenedWorkerEngine.java:247)
	at net.zerocloud.pdf.DocumentWorkflow.executeOnce(DocumentWorkflow.java:177)
	at net.zerocloud.pdf.DocumentWorkflow.execute(DocumentWorkflow.java:103)
	at net.zerocloud.pdf.DocumentWorkflow.execute(DocumentWorkflow.java:64)
	at net.zerocloud.pdf.consumer.ParagraphPaginationWorkflowTest.read(ParagraphPaginationWorkflowTest.java:553)
	at net.zerocloud.pdf.consumer.ParagraphPaginationWorkflowTest.exactAttemptBoundSucceedsAndTheFirstExcessFails(ParagraphPaginationWorkflowTest.java:423)
	at java.base/jdk.internal.reflect.NativeMethodAccessorImpl.invoke0(Native Method)
	at java.base/jdk.internal.reflect.NativeMethodAccessorImpl.invoke(NativeMethodAccessorImpl.java:77)
	at java.base/jdk.internal.reflect.DelegatingMethodAccessorImpl.invoke(DelegatingMethodAccessorImpl.java:43)
	at java.base/java.lang.reflect.Method.invoke(Method.java:568)
	at org.junit.runners.model.FrameworkMethod$1.runReflectiveCall(FrameworkMethod.java:59)
	at org.junit.internal.runners.model.ReflectiveCallable.run(ReflectiveCallable.java:12)
	at org.junit.runners.model.FrameworkMethod.invokeExplosively(FrameworkMethod.java:56)
	at org.junit.internal.runners.statements.InvokeMethod.evaluate(InvokeMethod.java:17)
	at org.junit.rules.ExternalResource$1.evaluate(ExternalResource.java:54)
	at org.junit.runners.ParentRunner$3.evaluate(ParentRunner.java:306)
	at org.junit.runners.BlockJUnit4ClassRunner$1.evaluate(BlockJUnit4ClassRunner.java:100)
	at org.junit.runners.ParentRunner.runLeaf(ParentRunner.java:366)
	at org.junit.runners.BlockJUnit4ClassRunner.runChild(BlockJUnit4ClassRunner.java:103)
	at org.junit.runners.BlockJUnit4ClassRunner.runChild(BlockJUnit4ClassRunner.java:63)
	at org.junit.runners.ParentRunner$4.run(ParentRunner.java:331)
	at org.junit.runners.ParentRunner$1.schedule(ParentRunner.java:79)
	at org.junit.runners.ParentRunner.runChildren(ParentRunner.java:329)
	at org.junit.runners.ParentRunner.access$100(ParentRunner.java:66)
	at org.junit.runners.ParentRunner$2.evaluate(ParentRunner.java:293)
	at org.junit.runners.ParentRunner.run(ParentRunner.java:413)
	at org.junit.runners.Suite.runChild(Suite.java:128)
	at org.junit.runners.Suite.runChild(Suite.java:27)
	at org.junit.runners.ParentRunner$4.run(ParentRunner.java:331)
	at org.junit.runners.ParentRunner$1.schedule(ParentRunner.java:79)
	at org.junit.runners.ParentRunner.runChildren(ParentRunner.java:329)
	at org.junit.runners.ParentRunner.access$100(ParentRunner.java:66)
	at org.junit.runners.ParentRunner$2.evaluate(ParentRunner.java:293)
	at org.junit.runners.ParentRunner$3.evaluate(ParentRunner.java:306)
	at org.junit.runners.ParentRunner.run(ParentRunner.java:413)
	at org.apache.maven.surefire.junit4.JUnit4Provider.execute(JUnit4Provider.java:316)
	at org.apache.maven.surefire.junit4.JUnit4Provider.executeWithRerun(JUnit4Provider.java:240)
	at org.apache.maven.surefire.junit4.JUnit4Provider.executeTestSet(JUnit4Provider.java:214)
	at org.apache.maven.surefire.junit4.JUnit4Provider.invoke(JUnit4Provider.java:155)
	at org.apache.maven.surefire.booter.ForkedBooter.runSuitesInProcess(ForkedBooter.java:385)
	at org.apache.maven.surefire.booter.ForkedBooter.execute(ForkedBooter.java:162)
	at org.apache.maven.surefire.booter.ForkedBooter.run(ForkedBooter.java:507)
	at org.apache.maven.surefire.booter.ForkedBooter.main(ForkedBooter.java:495)

[ERROR] net.zerocloud.pdf.consumer.ParagraphPaginationWorkflowTest.incomingAndOutgoingFragmentMinimaApplyToEveryPage[HARDENED_WORKER] -- Time elapsed: 1.305 s <<< ERROR!
net.zerocloud.pdf.DocumentFailure: The text and logical-structure extraction limit was exceeded.
	at net.zerocloud.pdf.HardenedWorkerEngine.execute(HardenedWorkerEngine.java:247)
	at net.zerocloud.pdf.DocumentWorkflow.executeOnce(DocumentWorkflow.java:177)
	at net.zerocloud.pdf.DocumentWorkflow.execute(DocumentWorkflow.java:103)
	at net.zerocloud.pdf.DocumentWorkflow.execute(DocumentWorkflow.java:64)
	at net.zerocloud.pdf.consumer.ParagraphPaginationWorkflowTest.read(ParagraphPaginationWorkflowTest.java:553)
	at net.zerocloud.pdf.consumer.ParagraphPaginationWorkflowTest.incomingAndOutgoingFragmentMinimaApplyToEveryPage(ParagraphPaginationWorkflowTest.java:416)
	at java.base/jdk.internal.reflect.NativeMethodAccessorImpl.invoke0(Native Method)
	at java.base/jdk.internal.reflect.NativeMethodAccessorImpl.invoke(NativeMethodAccessorImpl.java:77)
	at java.base/jdk.internal.reflect.DelegatingMethodAccessorImpl.invoke(DelegatingMethodAccessorImpl.java:43)
	at java.base/java.lang.reflect.Method.invoke(Method.java:568)
	at org.junit.runners.model.FrameworkMethod$1.runReflectiveCall(FrameworkMethod.java:59)
	at org.junit.internal.runners.model.ReflectiveCallable.run(ReflectiveCallable.java:12)
	at org.junit.runners.model.FrameworkMethod.invokeExplosively(FrameworkMethod.java:56)
	at org.junit.internal.runners.statements.InvokeMethod.evaluate(InvokeMethod.java:17)
	at org.junit.rules.ExternalResource$1.evaluate(ExternalResource.java:54)
	at org.junit.runners.ParentRunner$3.evaluate(ParentRunner.java:306)
	at org.junit.runners.BlockJUnit4ClassRunner$1.evaluate(BlockJUnit4ClassRunner.java:100)
	at org.junit.runners.ParentRunner.runLeaf(ParentRunner.java:366)
	at org.junit.runners.BlockJUnit4ClassRunner.runChild(BlockJUnit4ClassRunner.java:103)
	at org.junit.runners.BlockJUnit4ClassRunner.runChild(BlockJUnit4ClassRunner.java:63)
	at org.junit.runners.ParentRunner$4.run(ParentRunner.java:331)
	at org.junit.runners.ParentRunner$1.schedule(ParentRunner.java:79)
	at org.junit.runners.ParentRunner.runChildren(ParentRunner.java:329)
	at org.junit.runners.ParentRunner.access$100(ParentRunner.java:66)
	at org.junit.runners.ParentRunner$2.evaluate(ParentRunner.java:293)
	at org.junit.runners.ParentRunner.run(ParentRunner.java:413)
	at org.junit.runners.Suite.runChild(Suite.java:128)
	at org.junit.runners.Suite.runChild(Suite.java:27)
	at org.junit.runners.ParentRunner$4.run(ParentRunner.java:331)
	at org.junit.runners.ParentRunner$1.schedule(ParentRunner.java:79)
	at org.junit.runners.ParentRunner.runChildren(ParentRunner.java:329)
	at org.junit.runners.ParentRunner.access$100(ParentRunner.java:66)
	at org.junit.runners.ParentRunner$2.evaluate(ParentRunner.java:293)
	at org.junit.runners.ParentRunner$3.evaluate(ParentRunner.java:306)
	at org.junit.runners.ParentRunner.run(ParentRunner.java:413)
	at org.apache.maven.surefire.junit4.JUnit4Provider.execute(JUnit4Provider.java:316)
	at org.apache.maven.surefire.junit4.JUnit4Provider.executeWithRerun(JUnit4Provider.java:240)
	at org.apache.maven.surefire.junit4.JUnit4Provider.executeTestSet(JUnit4Provider.java:214)
	at org.apache.maven.surefire.junit4.JUnit4Provider.invoke(JUnit4Provider.java:155)
	at org.apache.maven.surefire.booter.ForkedBooter.runSuitesInProcess(ForkedBooter.java:385)
	at org.apache.maven.surefire.booter.ForkedBooter.execute(ForkedBooter.java:162)
	at org.apache.maven.surefire.booter.ForkedBooter.run(ForkedBooter.java:507)
	at org.apache.maven.surefire.booter.ForkedBooter.main(ForkedBooter.java:495)

[ERROR] net.zerocloud.pdf.consumer.ParagraphPaginationWorkflowTest.relayoutUsesTheOriginalFontSnapshotAndKeepsCallerStreamOpen[HARDENED_WORKER] -- Time elapsed: 1.376 s <<< ERROR!
net.zerocloud.pdf.DocumentFailure: The text and logical-structure extraction limit was exceeded.
	at net.zerocloud.pdf.HardenedWorkerEngine.execute(HardenedWorkerEngine.java:247)
	at net.zerocloud.pdf.DocumentWorkflow.executeOnce(DocumentWorkflow.java:177)
	at net.zerocloud.pdf.DocumentWorkflow.execute(DocumentWorkflow.java:103)
	at net.zerocloud.pdf.DocumentWorkflow.execute(DocumentWorkflow.java:64)
	at net.zerocloud.pdf.consumer.ParagraphPaginationWorkflowTest.read(ParagraphPaginationWorkflowTest.java:553)
	at net.zerocloud.pdf.consumer.ParagraphPaginationWorkflowTest.relayoutUsesTheOriginalFontSnapshotAndKeepsCallerStreamOpen(ParagraphPaginationWorkflowTest.java:307)
	at java.base/jdk.internal.reflect.NativeMethodAccessorImpl.invoke0(Native Method)
	at java.base/jdk.internal.reflect.NativeMethodAccessorImpl.invoke(NativeMethodAccessorImpl.java:77)
	at java.base/jdk.internal.reflect.DelegatingMethodAccessorImpl.invoke(DelegatingMethodAccessorImpl.java:43)
	at java.base/java.lang.reflect.Method.invoke(Method.java:568)
	at org.junit.runners.model.FrameworkMethod$1.runReflectiveCall(FrameworkMethod.java:59)
	at org.junit.internal.runners.model.ReflectiveCallable.run(ReflectiveCallable.java:12)
	at org.junit.runners.model.FrameworkMethod.invokeExplosively(FrameworkMethod.java:56)
	at org.junit.internal.runners.statements.InvokeMethod.evaluate(InvokeMethod.java:17)
	at org.junit.rules.ExternalResource$1.evaluate(ExternalResource.java:54)
	at org.junit.runners.ParentRunner$3.evaluate(ParentRunner.java:306)
	at org.junit.runners.BlockJUnit4ClassRunner$1.evaluate(BlockJUnit4ClassRunner.java:100)
	at org.junit.runners.ParentRunner.runLeaf(ParentRunner.java:366)
	at org.junit.runners.BlockJUnit4ClassRunner.runChild(BlockJUnit4ClassRunner.java:103)
	at org.junit.runners.BlockJUnit4ClassRunner.runChild(BlockJUnit4ClassRunner.java:63)
	at org.junit.runners.ParentRunner$4.run(ParentRunner.java:331)
	at org.junit.runners.ParentRunner$1.schedule(ParentRunner.java:79)
	at org.junit.runners.ParentRunner.runChildren(ParentRunner.java:329)
	at org.junit.runners.ParentRunner.access$100(ParentRunner.java:66)
	at org.junit.runners.ParentRunner$2.evaluate(ParentRunner.java:293)
	at org.junit.runners.ParentRunner.run(ParentRunner.java:413)
	at org.junit.runners.Suite.runChild(Suite.java:128)
	at org.junit.runners.Suite.runChild(Suite.java:27)
	at org.junit.runners.ParentRunner$4.run(ParentRunner.java:331)
	at org.junit.runners.ParentRunner$1.schedule(ParentRunner.java:79)
	at org.junit.runners.ParentRunner.runChildren(ParentRunner.java:329)
	at org.junit.runners.ParentRunner.access$100(ParentRunner.java:66)
	at org.junit.runners.ParentRunner$2.evaluate(ParentRunner.java:293)
	at org.junit.runners.ParentRunner$3.evaluate(ParentRunner.java:306)
	at org.junit.runners.ParentRunner.run(ParentRunner.java:413)
	at org.apache.maven.surefire.junit4.JUnit4Provider.execute(JUnit4Provider.java:316)
	at org.apache.maven.surefire.junit4.JUnit4Provider.executeWithRerun(JUnit4Provider.java:240)
	at org.apache.maven.surefire.junit4.JUnit4Provider.executeTestSet(JUnit4Provider.java:214)
	at org.apache.maven.surefire.junit4.JUnit4Provider.invoke(JUnit4Provider.java:155)
	at org.apache.maven.surefire.booter.ForkedBooter.runSuitesInProcess(ForkedBooter.java:385)
	at org.apache.maven.surefire.booter.ForkedBooter.execute(ForkedBooter.java:162)
	at org.apache.maven.surefire.booter.ForkedBooter.run(ForkedBooter.java:507)
	at org.apache.maven.surefire.booter.ForkedBooter.main(ForkedBooter.java:495)

[ERROR] net.zerocloud.pdf.consumer.ParagraphPaginationWorkflowTest.eachTabAlignmentAndDefaultGridCrossesPages[HARDENED_WORKER] -- Time elapsed: 1.286 s <<< ERROR!
net.zerocloud.pdf.DocumentFailure: The text and logical-structure extraction limit was exceeded.
	at net.zerocloud.pdf.HardenedWorkerEngine.execute(HardenedWorkerEngine.java:247)
	at net.zerocloud.pdf.DocumentWorkflow.executeOnce(DocumentWorkflow.java:177)
	at net.zerocloud.pdf.DocumentWorkflow.execute(DocumentWorkflow.java:103)
	at net.zerocloud.pdf.DocumentWorkflow.execute(DocumentWorkflow.java:64)
	at net.zerocloud.pdf.consumer.ParagraphPaginationWorkflowTest.read(ParagraphPaginationWorkflowTest.java:553)
	at net.zerocloud.pdf.consumer.ParagraphPaginationWorkflowTest.eachTabAlignmentAndDefaultGridCrossesPages(ParagraphPaginationWorkflowTest.java:129)
	at java.base/jdk.internal.reflect.NativeMethodAccessorImpl.invoke0(Native Method)
	at java.base/jdk.internal.reflect.NativeMethodAccessorImpl.invoke(NativeMethodAccessorImpl.java:77)
	at java.base/jdk.internal.reflect.DelegatingMethodAccessorImpl.invoke(DelegatingMethodAccessorImpl.java:43)
	at java.base/java.lang.reflect.Method.invoke(Method.java:568)
	at org.junit.runners.model.FrameworkMethod$1.runReflectiveCall(FrameworkMethod.java:59)
	at org.junit.internal.runners.model.ReflectiveCallable.run(ReflectiveCallable.java:12)
	at org.junit.runners.model.FrameworkMethod.invokeExplosively(FrameworkMethod.java:56)
	at org.junit.internal.runners.statements.InvokeMethod.evaluate(InvokeMethod.java:17)
	at org.junit.rules.ExternalResource$1.evaluate(ExternalResource.java:54)
	at org.junit.runners.ParentRunner$3.evaluate(ParentRunner.java:306)
	at org.junit.runners.BlockJUnit4ClassRunner$1.evaluate(BlockJUnit4ClassRunner.java:100)
	at org.junit.runners.ParentRunner.runLeaf(ParentRunner.java:366)
	at org.junit.runners.BlockJUnit4ClassRunner.runChild(BlockJUnit4ClassRunner.java:103)
	at org.junit.runners.BlockJUnit4ClassRunner.runChild(BlockJUnit4ClassRunner.java:63)
	at org.junit.runners.ParentRunner$4.run(ParentRunner.java:331)
	at org.junit.runners.ParentRunner$1.schedule(ParentRunner.java:79)
	at org.junit.runners.ParentRunner.runChildren(ParentRunner.java:329)
	at org.junit.runners.ParentRunner.access$100(ParentRunner.java:66)
	at org.junit.runners.ParentRunner$2.evaluate(ParentRunner.java:293)
	at org.junit.runners.ParentRunner.run(ParentRunner.java:413)
	at org.junit.runners.Suite.runChild(Suite.java:128)
	at org.junit.runners.Suite.runChild(Suite.java:27)
	at org.junit.runners.ParentRunner$4.run(ParentRunner.java:331)
	at org.junit.runners.ParentRunner$1.schedule(ParentRunner.java:79)
	at org.junit.runners.ParentRunner.runChildren(ParentRunner.java:329)
	at org.junit.runners.ParentRunner.access$100(ParentRunner.java:66)
	at org.junit.runners.ParentRunner$2.evaluate(ParentRunner.java:293)
	at org.junit.runners.ParentRunner$3.evaluate(ParentRunner.java:306)
	at org.junit.runners.ParentRunner.run(ParentRunner.java:413)
	at org.apache.maven.surefire.junit4.JUnit4Provider.execute(JUnit4Provider.java:316)
	at org.apache.maven.surefire.junit4.JUnit4Provider.executeWithRerun(JUnit4Provider.java:240)
	at org.apache.maven.surefire.junit4.JUnit4Provider.executeTestSet(JUnit4Provider.java:214)
	at org.apache.maven.surefire.junit4.JUnit4Provider.invoke(JUnit4Provider.java:155)
	at org.apache.maven.surefire.booter.ForkedBooter.runSuitesInProcess(ForkedBooter.java:385)
	at org.apache.maven.surefire.booter.ForkedBooter.execute(ForkedBooter.java:162)
	at org.apache.maven.surefire.booter.ForkedBooter.run(ForkedBooter.java:507)
	at org.apache.maven.surefire.booter.ForkedBooter.main(ForkedBooter.java:495)

[ERROR] net.zerocloud.pdf.consumer.ParagraphPaginationWorkflowTest.failedRelayoutPreservesLayoutAndConsumesItsAttempt[HARDENED_WORKER] -- Time elapsed: 0.674 s <<< ERROR!
net.zerocloud.pdf.DocumentFailure: The text and logical-structure extraction limit was exceeded.
	at net.zerocloud.pdf.HardenedWorkerEngine.execute(HardenedWorkerEngine.java:247)
	at net.zerocloud.pdf.DocumentWorkflow.executeOnce(DocumentWorkflow.java:177)
	at net.zerocloud.pdf.DocumentWorkflow.execute(DocumentWorkflow.java:103)
	at net.zerocloud.pdf.DocumentWorkflow.execute(DocumentWorkflow.java:64)
	at net.zerocloud.pdf.consumer.ParagraphPaginationWorkflowTest.failedRelayoutPreservesLayoutAndConsumesItsAttempt(ParagraphPaginationWorkflowTest.java:267)
	at java.base/jdk.internal.reflect.NativeMethodAccessorImpl.invoke0(Native Method)
	at java.base/jdk.internal.reflect.NativeMethodAccessorImpl.invoke(NativeMethodAccessorImpl.java:77)
	at java.base/jdk.internal.reflect.DelegatingMethodAccessorImpl.invoke(DelegatingMethodAccessorImpl.java:43)
	at java.base/java.lang.reflect.Method.invoke(Method.java:568)
	at org.junit.runners.model.FrameworkMethod$1.runReflectiveCall(FrameworkMethod.java:59)
	at org.junit.internal.runners.model.ReflectiveCallable.run(ReflectiveCallable.java:12)
	at org.junit.runners.model.FrameworkMethod.invokeExplosively(FrameworkMethod.java:56)
	at org.junit.internal.runners.statements.InvokeMethod.evaluate(InvokeMethod.java:17)
	at org.junit.rules.ExternalResource$1.evaluate(ExternalResource.java:54)
	at org.junit.runners.ParentRunner$3.evaluate(ParentRunner.java:306)
	at org.junit.runners.BlockJUnit4ClassRunner$1.evaluate(BlockJUnit4ClassRunner.java:100)
	at org.junit.runners.ParentRunner.runLeaf(ParentRunner.java:366)
	at org.junit.runners.BlockJUnit4ClassRunner.runChild(BlockJUnit4ClassRunner.java:103)
	at org.junit.runners.BlockJUnit4ClassRunner.runChild(BlockJUnit4ClassRunner.java:63)
	at org.junit.runners.ParentRunner$4.run(ParentRunner.java:331)
	at org.junit.runners.ParentRunner$1.schedule(ParentRunner.java:79)
	at org.junit.runners.ParentRunner.runChildren(ParentRunner.java:329)
	at org.junit.runners.ParentRunner.access$100(ParentRunner.java:66)
	at org.junit.runners.ParentRunner$2.evaluate(ParentRunner.java:293)
	at org.junit.runners.ParentRunner.run(ParentRunner.java:413)
	at org.junit.runners.Suite.runChild(Suite.java:128)
	at org.junit.runners.Suite.runChild(Suite.java:27)
	at org.junit.runners.ParentRunner$4.run(ParentRunner.java:331)
	at org.junit.runners.ParentRunner$1.schedule(ParentRunner.java:79)
	at org.junit.runners.ParentRunner.runChildren(ParentRunner.java:329)
	at org.junit.runners.ParentRunner.access$100(ParentRunner.java:66)
	at org.junit.runners.ParentRunner$2.evaluate(ParentRunner.java:293)
	at org.junit.runners.ParentRunner$3.evaluate(ParentRunner.java:306)
	at org.junit.runners.ParentRunner.run(ParentRunner.java:413)
	at org.apache.maven.surefire.junit4.JUnit4Provider.execute(JUnit4Provider.java:316)
	at org.apache.maven.surefire.junit4.JUnit4Provider.executeWithRerun(JUnit4Provider.java:240)
	at org.apache.maven.surefire.junit4.JUnit4Provider.executeTestSet(JUnit4Provider.java:214)
	at org.apache.maven.surefire.junit4.JUnit4Provider.invoke(JUnit4Provider.java:155)
	at org.apache.maven.surefire.booter.ForkedBooter.runSuitesInProcess(ForkedBooter.java:385)
	at org.apache.maven.surefire.booter.ForkedBooter.execute(ForkedBooter.java:162)
	at org.apache.maven.surefire.booter.ForkedBooter.run(ForkedBooter.java:507)
	at org.apache.maven.surefire.booter.ForkedBooter.main(ForkedBooter.java:495)

[ERROR] net.zerocloud.pdf.consumer.ParagraphPaginationWorkflowTest.keepChainAndFollowingKeepTogetherAreSolvedJointly[HARDENED_WORKER] -- Time elapsed: 1.263 s <<< ERROR!
net.zerocloud.pdf.DocumentFailure: The text and logical-structure extraction limit was exceeded.
	at net.zerocloud.pdf.HardenedWorkerEngine.execute(HardenedWorkerEngine.java:247)
	at net.zerocloud.pdf.DocumentWorkflow.executeOnce(DocumentWorkflow.java:177)
	at net.zerocloud.pdf.DocumentWorkflow.execute(DocumentWorkflow.java:103)
	at net.zerocloud.pdf.DocumentWorkflow.execute(DocumentWorkflow.java:64)
	at net.zerocloud.pdf.consumer.ParagraphPaginationWorkflowTest.read(ParagraphPaginationWorkflowTest.java:553)
	at net.zerocloud.pdf.consumer.ParagraphPaginationWorkflowTest.keepChainAndFollowingKeepTogetherAreSolvedJointly(ParagraphPaginationWorkflowTest.java:172)
	at java.base/jdk.internal.reflect.NativeMethodAccessorImpl.invoke0(Native Method)
	at java.base/jdk.internal.reflect.NativeMethodAccessorImpl.invoke(NativeMethodAccessorImpl.java:77)
	at java.base/jdk.internal.reflect.DelegatingMethodAccessorImpl.invoke(DelegatingMethodAccessorImpl.java:43)
	at java.base/java.lang.reflect.Method.invoke(Method.java:568)
	at org.junit.runners.model.FrameworkMethod$1.runReflectiveCall(FrameworkMethod.java:59)
	at org.junit.internal.runners.model.ReflectiveCallable.run(ReflectiveCallable.java:12)
	at org.junit.runners.model.FrameworkMethod.invokeExplosively(FrameworkMethod.java:56)
	at org.junit.internal.runners.statements.InvokeMethod.evaluate(InvokeMethod.java:17)
	at org.junit.rules.ExternalResource$1.evaluate(ExternalResource.java:54)
	at org.junit.runners.ParentRunner$3.evaluate(ParentRunner.java:306)
	at org.junit.runners.BlockJUnit4ClassRunner$1.evaluate(BlockJUnit4ClassRunner.java:100)
	at org.junit.runners.ParentRunner.runLeaf(ParentRunner.java:366)
	at org.junit.runners.BlockJUnit4ClassRunner.runChild(BlockJUnit4ClassRunner.java:103)
	at org.junit.runners.BlockJUnit4ClassRunner.runChild(BlockJUnit4ClassRunner.java:63)
	at org.junit.runners.ParentRunner$4.run(ParentRunner.java:331)
	at org.junit.runners.ParentRunner$1.schedule(ParentRunner.java:79)
	at org.junit.runners.ParentRunner.runChildren(ParentRunner.java:329)
	at org.junit.runners.ParentRunner.access$100(ParentRunner.java:66)
	at org.junit.runners.ParentRunner$2.evaluate(ParentRunner.java:293)
	at org.junit.runners.ParentRunner.run(ParentRunner.java:413)
	at org.junit.runners.Suite.runChild(Suite.java:128)
	at org.junit.runners.Suite.runChild(Suite.java:27)
	at org.junit.runners.ParentRunner$4.run(ParentRunner.java:331)
	at org.junit.runners.ParentRunner$1.schedule(ParentRunner.java:79)
	at org.junit.runners.ParentRunner.runChildren(ParentRunner.java:329)
	at org.junit.runners.ParentRunner.access$100(ParentRunner.java:66)
	at org.junit.runners.ParentRunner$2.evaluate(ParentRunner.java:293)
	at org.junit.runners.ParentRunner$3.evaluate(ParentRunner.java:306)
	at org.junit.runners.ParentRunner.run(ParentRunner.java:413)
	at org.apache.maven.surefire.junit4.JUnit4Provider.execute(JUnit4Provider.java:316)
	at org.apache.maven.surefire.junit4.JUnit4Provider.executeWithRerun(JUnit4Provider.java:240)
	at org.apache.maven.surefire.junit4.JUnit4Provider.executeTestSet(JUnit4Provider.java:214)
	at org.apache.maven.surefire.junit4.JUnit4Provider.invoke(JUnit4Provider.java:155)
	at org.apache.maven.surefire.booter.ForkedBooter.runSuitesInProcess(ForkedBooter.java:385)
	at org.apache.maven.surefire.booter.ForkedBooter.execute(ForkedBooter.java:162)
	at org.apache.maven.surefire.booter.ForkedBooter.run(ForkedBooter.java:507)
	at org.apache.maven.surefire.booter.ForkedBooter.main(ForkedBooter.java:495)

[ERROR] net.zerocloud.pdf.consumer.ParagraphPaginationWorkflowTest.keepTogetherIncludesGraphicHeightAndRelayoutRetainsTheGraphic[HARDENED_WORKER] -- Time elapsed: 0.671 s <<< ERROR!
net.zerocloud.pdf.DocumentFailure: The text and logical-structure extraction limit was exceeded.
	at net.zerocloud.pdf.HardenedWorkerEngine.execute(HardenedWorkerEngine.java:247)
	at net.zerocloud.pdf.DocumentWorkflow.executeOnce(DocumentWorkflow.java:177)
	at net.zerocloud.pdf.DocumentWorkflow.execute(DocumentWorkflow.java:103)
	at net.zerocloud.pdf.DocumentWorkflow.execute(DocumentWorkflow.java:64)
	at net.zerocloud.pdf.consumer.ParagraphPaginationWorkflowTest.keepTogetherIncludesGraphicHeightAndRelayoutRetainsTheGraphic(ParagraphPaginationWorkflowTest.java:363)
	at java.base/jdk.internal.reflect.NativeMethodAccessorImpl.invoke0(Native Method)
	at java.base/jdk.internal.reflect.NativeMethodAccessorImpl.invoke(NativeMethodAccessorImpl.java:77)
	at java.base/jdk.internal.reflect.DelegatingMethodAccessorImpl.invoke(DelegatingMethodAccessorImpl.java:43)
	at java.base/java.lang.reflect.Method.invoke(Method.java:568)
	at org.junit.runners.model.FrameworkMethod$1.runReflectiveCall(FrameworkMethod.java:59)
	at org.junit.internal.runners.model.ReflectiveCallable.run(ReflectiveCallable.java:12)
	at org.junit.runners.model.FrameworkMethod.invokeExplosively(FrameworkMethod.java:56)
	at org.junit.internal.runners.statements.InvokeMethod.evaluate(InvokeMethod.java:17)
	at org.junit.rules.ExternalResource$1.evaluate(ExternalResource.java:54)
	at org.junit.runners.ParentRunner$3.evaluate(ParentRunner.java:306)
	at org.junit.runners.BlockJUnit4ClassRunner$1.evaluate(BlockJUnit4ClassRunner.java:100)
	at org.junit.runners.ParentRunner.runLeaf(ParentRunner.java:366)
	at org.junit.runners.BlockJUnit4ClassRunner.runChild(BlockJUnit4ClassRunner.java:103)
	at org.junit.runners.BlockJUnit4ClassRunner.runChild(BlockJUnit4ClassRunner.java:63)
	at org.junit.runners.ParentRunner$4.run(ParentRunner.java:331)
	at org.junit.runners.ParentRunner$1.schedule(ParentRunner.java:79)
	at org.junit.runners.ParentRunner.runChildren(ParentRunner.java:329)
	at org.junit.runners.ParentRunner.access$100(ParentRunner.java:66)
	at org.junit.runners.ParentRunner$2.evaluate(ParentRunner.java:293)
	at org.junit.runners.ParentRunner.run(ParentRunner.java:413)
	at org.junit.runners.Suite.runChild(Suite.java:128)
	at org.junit.runners.Suite.runChild(Suite.java:27)
	at org.junit.runners.ParentRunner$4.run(ParentRunner.java:331)
	at org.junit.runners.ParentRunner$1.schedule(ParentRunner.java:79)
	at org.junit.runners.ParentRunner.runChildren(ParentRunner.java:329)
	at org.junit.runners.ParentRunner.access$100(ParentRunner.java:66)
	at org.junit.runners.ParentRunner$2.evaluate(ParentRunner.java:293)
	at org.junit.runners.ParentRunner$3.evaluate(ParentRunner.java:306)
	at org.junit.runners.ParentRunner.run(ParentRunner.java:413)
	at org.apache.maven.surefire.junit4.JUnit4Provider.execute(JUnit4Provider.java:316)
	at org.apache.maven.surefire.junit4.JUnit4Provider.executeWithRerun(JUnit4Provider.java:240)
	at org.apache.maven.surefire.junit4.JUnit4Provider.executeTestSet(JUnit4Provider.java:214)
	at org.apache.maven.surefire.junit4.JUnit4Provider.invoke(JUnit4Provider.java:155)
	at org.apache.maven.surefire.booter.ForkedBooter.runSuitesInProcess(ForkedBooter.java:385)
	at org.apache.maven.surefire.booter.ForkedBooter.execute(ForkedBooter.java:162)
	at org.apache.maven.surefire.booter.ForkedBooter.run(ForkedBooter.java:507)
	at org.apache.maven.surefire.booter.ForkedBooter.main(ForkedBooter.java:495)

[ERROR] net.zerocloud.pdf.consumer.ParagraphPaginationWorkflowTest.widowMinimumMovesOneEarlierLineAcrossThePageBoundary[HARDENED_WORKER] -- Time elapsed: 1.245 s <<< ERROR!
net.zerocloud.pdf.DocumentFailure: The text and logical-structure extraction limit was exceeded.
	at net.zerocloud.pdf.HardenedWorkerEngine.execute(HardenedWorkerEngine.java:247)
	at net.zerocloud.pdf.DocumentWorkflow.executeOnce(DocumentWorkflow.java:177)
	at net.zerocloud.pdf.DocumentWorkflow.execute(DocumentWorkflow.java:103)
	at net.zerocloud.pdf.DocumentWorkflow.execute(DocumentWorkflow.java:64)
	at net.zerocloud.pdf.consumer.ParagraphPaginationWorkflowTest.read(ParagraphPaginationWorkflowTest.java:553)
	at net.zerocloud.pdf.consumer.ParagraphPaginationWorkflowTest.widowMinimumMovesOneEarlierLineAcrossThePageBoundary(ParagraphPaginationWorkflowTest.java:181)
	at java.base/jdk.internal.reflect.NativeMethodAccessorImpl.invoke0(Native Method)
	at java.base/jdk.internal.reflect.NativeMethodAccessorImpl.invoke(NativeMethodAccessorImpl.java:77)
	at java.base/jdk.internal.reflect.DelegatingMethodAccessorImpl.invoke(DelegatingMethodAccessorImpl.java:43)
	at java.base/java.lang.reflect.Method.invoke(Method.java:568)
	at org.junit.runners.model.FrameworkMethod$1.runReflectiveCall(FrameworkMethod.java:59)
	at org.junit.internal.runners.model.ReflectiveCallable.run(ReflectiveCallable.java:12)
	at org.junit.runners.model.FrameworkMethod.invokeExplosively(FrameworkMethod.java:56)
	at org.junit.internal.runners.statements.InvokeMethod.evaluate(InvokeMethod.java:17)
	at org.junit.rules.ExternalResource$1.evaluate(ExternalResource.java:54)
	at org.junit.runners.ParentRunner$3.evaluate(ParentRunner.java:306)
	at org.junit.runners.BlockJUnit4ClassRunner$1.evaluate(BlockJUnit4ClassRunner.java:100)
	at org.junit.runners.ParentRunner.runLeaf(ParentRunner.java:366)
	at org.junit.runners.BlockJUnit4ClassRunner.runChild(BlockJUnit4ClassRunner.java:103)
	at org.junit.runners.BlockJUnit4ClassRunner.runChild(BlockJUnit4ClassRunner.java:63)
	at org.junit.runners.ParentRunner$4.run(ParentRunner.java:331)
	at org.junit.runners.ParentRunner$1.schedule(ParentRunner.java:79)
	at org.junit.runners.ParentRunner.runChildren(ParentRunner.java:329)
	at org.junit.runners.ParentRunner.access$100(ParentRunner.java:66)
	at org.junit.runners.ParentRunner$2.evaluate(ParentRunner.java:293)
	at org.junit.runners.ParentRunner.run(ParentRunner.java:413)
	at org.junit.runners.Suite.runChild(Suite.java:128)
	at org.junit.runners.Suite.runChild(Suite.java:27)
	at org.junit.runners.ParentRunner$4.run(ParentRunner.java:331)
	at org.junit.runners.ParentRunner$1.schedule(ParentRunner.java:79)
	at org.junit.runners.ParentRunner.runChildren(ParentRunner.java:329)
	at org.junit.runners.ParentRunner.access$100(ParentRunner.java:66)
	at org.junit.runners.ParentRunner$2.evaluate(ParentRunner.java:293)
	at org.junit.runners.ParentRunner$3.evaluate(ParentRunner.java:306)
	at org.junit.runners.ParentRunner.run(ParentRunner.java:413)
	at org.apache.maven.surefire.junit4.JUnit4Provider.execute(JUnit4Provider.java:316)
	at org.apache.maven.surefire.junit4.JUnit4Provider.executeWithRerun(JUnit4Provider.java:240)
	at org.apache.maven.surefire.junit4.JUnit4Provider.executeTestSet(JUnit4Provider.java:214)
	at org.apache.maven.surefire.junit4.JUnit4Provider.invoke(JUnit4Provider.java:155)
	at org.apache.maven.surefire.booter.ForkedBooter.runSuitesInProcess(ForkedBooter.java:385)
	at org.apache.maven.surefire.booter.ForkedBooter.execute(ForkedBooter.java:162)
	at org.apache.maven.surefire.booter.ForkedBooter.run(ForkedBooter.java:507)
	at org.apache.maven.surefire.booter.ForkedBooter.main(ForkedBooter.java:495)

[ERROR] net.zerocloud.pdf.consumer.ParagraphPaginationWorkflowTest.widowAndOrphanCountsRecomputeForDifferentPageWidths[HARDENED_WORKER] -- Time elapsed: 1.250 s <<< ERROR!
net.zerocloud.pdf.DocumentFailure: The text and logical-structure extraction limit was exceeded.
	at net.zerocloud.pdf.HardenedWorkerEngine.execute(HardenedWorkerEngine.java:247)
	at net.zerocloud.pdf.DocumentWorkflow.executeOnce(DocumentWorkflow.java:177)
	at net.zerocloud.pdf.DocumentWorkflow.execute(DocumentWorkflow.java:103)
	at net.zerocloud.pdf.DocumentWorkflow.execute(DocumentWorkflow.java:64)
	at net.zerocloud.pdf.consumer.ParagraphPaginationWorkflowTest.read(ParagraphPaginationWorkflowTest.java:553)
	at net.zerocloud.pdf.consumer.ParagraphPaginationWorkflowTest.widowAndOrphanCountsRecomputeForDifferentPageWidths(ParagraphPaginationWorkflowTest.java:199)
	at java.base/jdk.internal.reflect.NativeMethodAccessorImpl.invoke0(Native Method)
	at java.base/jdk.internal.reflect.NativeMethodAccessorImpl.invoke(NativeMethodAccessorImpl.java:77)
	at java.base/jdk.internal.reflect.DelegatingMethodAccessorImpl.invoke(DelegatingMethodAccessorImpl.java:43)
	at java.base/java.lang.reflect.Method.invoke(Method.java:568)
	at org.junit.runners.model.FrameworkMethod$1.runReflectiveCall(FrameworkMethod.java:59)
	at org.junit.internal.runners.model.ReflectiveCallable.run(ReflectiveCallable.java:12)
	at org.junit.runners.model.FrameworkMethod.invokeExplosively(FrameworkMethod.java:56)
	at org.junit.internal.runners.statements.InvokeMethod.evaluate(InvokeMethod.java:17)
	at org.junit.rules.ExternalResource$1.evaluate(ExternalResource.java:54)
	at org.junit.runners.ParentRunner$3.evaluate(ParentRunner.java:306)
	at org.junit.runners.BlockJUnit4ClassRunner$1.evaluate(BlockJUnit4ClassRunner.java:100)
	at org.junit.runners.ParentRunner.runLeaf(ParentRunner.java:366)
	at org.junit.runners.BlockJUnit4ClassRunner.runChild(BlockJUnit4ClassRunner.java:103)
	at org.junit.runners.BlockJUnit4ClassRunner.runChild(BlockJUnit4ClassRunner.java:63)
	at org.junit.runners.ParentRunner$4.run(ParentRunner.java:331)
	at org.junit.runners.ParentRunner$1.schedule(ParentRunner.java:79)
	at org.junit.runners.ParentRunner.runChildren(ParentRunner.java:329)
	at org.junit.runners.ParentRunner.access$100(ParentRunner.java:66)
	at org.junit.runners.ParentRunner$2.evaluate(ParentRunner.java:293)
	at org.junit.runners.ParentRunner.run(ParentRunner.java:413)
	at org.junit.runners.Suite.runChild(Suite.java:128)
	at org.junit.runners.Suite.runChild(Suite.java:27)
	at org.junit.runners.ParentRunner$4.run(ParentRunner.java:331)
	at org.junit.runners.ParentRunner$1.schedule(ParentRunner.java:79)
	at org.junit.runners.ParentRunner.runChildren(ParentRunner.java:329)
	at org.junit.runners.ParentRunner.access$100(ParentRunner.java:66)
	at org.junit.runners.ParentRunner$2.evaluate(ParentRunner.java:293)
	at org.junit.runners.ParentRunner$3.evaluate(ParentRunner.java:306)
	at org.junit.runners.ParentRunner.run(ParentRunner.java:413)
	at org.apache.maven.surefire.junit4.JUnit4Provider.execute(JUnit4Provider.java:316)
	at org.apache.maven.surefire.junit4.JUnit4Provider.executeWithRerun(JUnit4Provider.java:240)
	at org.apache.maven.surefire.junit4.JUnit4Provider.executeTestSet(JUnit4Provider.java:214)
	at org.apache.maven.surefire.junit4.JUnit4Provider.invoke(JUnit4Provider.java:155)
	at org.apache.maven.surefire.booter.ForkedBooter.runSuitesInProcess(ForkedBooter.java:385)
	at org.apache.maven.surefire.booter.ForkedBooter.execute(ForkedBooter.java:162)
	at org.apache.maven.surefire.booter.ForkedBooter.run(ForkedBooter.java:507)
	at org.apache.maven.surefire.booter.ForkedBooter.main(ForkedBooter.java:495)

[ERROR] net.zerocloud.pdf.consumer.ParagraphPaginationWorkflowTest.orphanMinimumMovesAParagraphPastAnInsufficientRemainder[HARDENED_WORKER] -- Time elapsed: 1.247 s <<< ERROR!
net.zerocloud.pdf.DocumentFailure: The text and logical-structure extraction limit was exceeded.
	at net.zerocloud.pdf.HardenedWorkerEngine.execute(HardenedWorkerEngine.java:247)
	at net.zerocloud.pdf.DocumentWorkflow.executeOnce(DocumentWorkflow.java:177)
	at net.zerocloud.pdf.DocumentWorkflow.execute(DocumentWorkflow.java:103)
	at net.zerocloud.pdf.DocumentWorkflow.execute(DocumentWorkflow.java:64)
	at net.zerocloud.pdf.consumer.ParagraphPaginationWorkflowTest.read(ParagraphPaginationWorkflowTest.java:553)
	at net.zerocloud.pdf.consumer.ParagraphPaginationWorkflowTest.orphanMinimumMovesAParagraphPastAnInsufficientRemainder(ParagraphPaginationWorkflowTest.java:190)
	at java.base/jdk.internal.reflect.NativeMethodAccessorImpl.invoke0(Native Method)
	at java.base/jdk.internal.reflect.NativeMethodAccessorImpl.invoke(NativeMethodAccessorImpl.java:77)
	at java.base/jdk.internal.reflect.DelegatingMethodAccessorImpl.invoke(DelegatingMethodAccessorImpl.java:43)
	at java.base/java.lang.reflect.Method.invoke(Method.java:568)
	at org.junit.runners.model.FrameworkMethod$1.runReflectiveCall(FrameworkMethod.java:59)
	at org.junit.internal.runners.model.ReflectiveCallable.run(ReflectiveCallable.java:12)
	at org.junit.runners.model.FrameworkMethod.invokeExplosively(FrameworkMethod.java:56)
	at org.junit.internal.runners.statements.InvokeMethod.evaluate(InvokeMethod.java:17)
	at org.junit.rules.ExternalResource$1.evaluate(ExternalResource.java:54)
	at org.junit.runners.ParentRunner$3.evaluate(ParentRunner.java:306)
	at org.junit.runners.BlockJUnit4ClassRunner$1.evaluate(BlockJUnit4ClassRunner.java:100)
	at org.junit.runners.ParentRunner.runLeaf(ParentRunner.java:366)
	at org.junit.runners.BlockJUnit4ClassRunner.runChild(BlockJUnit4ClassRunner.java:103)
	at org.junit.runners.BlockJUnit4ClassRunner.runChild(BlockJUnit4ClassRunner.java:63)
	at org.junit.runners.ParentRunner$4.run(ParentRunner.java:331)
	at org.junit.runners.ParentRunner$1.schedule(ParentRunner.java:79)
	at org.junit.runners.ParentRunner.runChildren(ParentRunner.java:329)
	at org.junit.runners.ParentRunner.access$100(ParentRunner.java:66)
	at org.junit.runners.ParentRunner$2.evaluate(ParentRunner.java:293)
	at org.junit.runners.ParentRunner.run(ParentRunner.java:413)
	at org.junit.runners.Suite.runChild(Suite.java:128)
	at org.junit.runners.Suite.runChild(Suite.java:27)
	at org.junit.runners.ParentRunner$4.run(ParentRunner.java:331)
	at org.junit.runners.ParentRunner$1.schedule(ParentRunner.java:79)
	at org.junit.runners.ParentRunner.runChildren(ParentRunner.java:329)
	at org.junit.runners.ParentRunner.access$100(ParentRunner.java:66)
	at org.junit.runners.ParentRunner$2.evaluate(ParentRunner.java:293)
	at org.junit.runners.ParentRunner$3.evaluate(ParentRunner.java:306)
	at org.junit.runners.ParentRunner.run(ParentRunner.java:413)
	at org.apache.maven.surefire.junit4.JUnit4Provider.execute(JUnit4Provider.java:316)
	at org.apache.maven.surefire.junit4.JUnit4Provider.executeWithRerun(JUnit4Provider.java:240)
	at org.apache.maven.surefire.junit4.JUnit4Provider.executeTestSet(JUnit4Provider.java:214)
	at org.apache.maven.surefire.junit4.JUnit4Provider.invoke(JUnit4Provider.java:155)
	at org.apache.maven.surefire.booter.ForkedBooter.runSuitesInProcess(ForkedBooter.java:385)
	at org.apache.maven.surefire.booter.ForkedBooter.execute(ForkedBooter.java:162)
	at org.apache.maven.surefire.booter.ForkedBooter.run(ForkedBooter.java:507)
	at org.apache.maven.surefire.booter.ForkedBooter.main(ForkedBooter.java:495)

[ERROR] net.zerocloud.pdf.consumer.ParagraphPaginationWorkflowTest.shortUnsplitParagraphIgnoresFragmentMinimaAndFinalKeepIsVacuous[HARDENED_WORKER] -- Time elapsed: 1.226 s <<< ERROR!
net.zerocloud.pdf.DocumentFailure: The text and logical-structure extraction limit was exceeded.
	at net.zerocloud.pdf.HardenedWorkerEngine.execute(HardenedWorkerEngine.java:247)
	at net.zerocloud.pdf.DocumentWorkflow.executeOnce(DocumentWorkflow.java:177)
	at net.zerocloud.pdf.DocumentWorkflow.execute(DocumentWorkflow.java:103)
	at net.zerocloud.pdf.DocumentWorkflow.execute(DocumentWorkflow.java:64)
	at net.zerocloud.pdf.consumer.ParagraphPaginationWorkflowTest.read(ParagraphPaginationWorkflowTest.java:553)
	at net.zerocloud.pdf.consumer.ParagraphPaginationWorkflowTest.shortUnsplitParagraphIgnoresFragmentMinimaAndFinalKeepIsVacuous(ParagraphPaginationWorkflowTest.java:207)
	at java.base/jdk.internal.reflect.NativeMethodAccessorImpl.invoke0(Native Method)
	at java.base/jdk.internal.reflect.NativeMethodAccessorImpl.invoke(NativeMethodAccessorImpl.java:77)
	at java.base/jdk.internal.reflect.DelegatingMethodAccessorImpl.invoke(DelegatingMethodAccessorImpl.java:43)
	at java.base/java.lang.reflect.Method.invoke(Method.java:568)
	at org.junit.runners.model.FrameworkMethod$1.runReflectiveCall(FrameworkMethod.java:59)
	at org.junit.internal.runners.model.ReflectiveCallable.run(ReflectiveCallable.java:12)
	at org.junit.runners.model.FrameworkMethod.invokeExplosively(FrameworkMethod.java:56)
	at org.junit.internal.runners.statements.InvokeMethod.evaluate(InvokeMethod.java:17)
	at org.junit.rules.ExternalResource$1.evaluate(ExternalResource.java:54)
	at org.junit.runners.ParentRunner$3.evaluate(ParentRunner.java:306)
	at org.junit.runners.BlockJUnit4ClassRunner$1.evaluate(BlockJUnit4ClassRunner.java:100)
	at org.junit.runners.ParentRunner.runLeaf(ParentRunner.java:366)
	at org.junit.runners.BlockJUnit4ClassRunner.runChild(BlockJUnit4ClassRunner.java:103)
	at org.junit.runners.BlockJUnit4ClassRunner.runChild(BlockJUnit4ClassRunner.java:63)
	at org.junit.runners.ParentRunner$4.run(ParentRunner.java:331)
	at org.junit.runners.ParentRunner$1.schedule(ParentRunner.java:79)
	at org.junit.runners.ParentRunner.runChildren(ParentRunner.java:329)
	at org.junit.runners.ParentRunner.access$100(ParentRunner.java:66)
	at org.junit.runners.ParentRunner$2.evaluate(ParentRunner.java:293)
	at org.junit.runners.ParentRunner.run(ParentRunner.java:413)
	at org.junit.runners.Suite.runChild(Suite.java:128)
	at org.junit.runners.Suite.runChild(Suite.java:27)
	at org.junit.runners.ParentRunner$4.run(ParentRunner.java:331)
	at org.junit.runners.ParentRunner$1.schedule(ParentRunner.java:79)
	at org.junit.runners.ParentRunner.runChildren(ParentRunner.java:329)
	at org.junit.runners.ParentRunner.access$100(ParentRunner.java:66)
	at org.junit.runners.ParentRunner$2.evaluate(ParentRunner.java:293)
	at org.junit.runners.ParentRunner$3.evaluate(ParentRunner.java:306)
	at org.junit.runners.ParentRunner.run(ParentRunner.java:413)
	at org.apache.maven.surefire.junit4.JUnit4Provider.execute(JUnit4Provider.java:316)
	at org.apache.maven.surefire.junit4.JUnit4Provider.executeWithRerun(JUnit4Provider.java:240)
	at org.apache.maven.surefire.junit4.JUnit4Provider.executeTestSet(JUnit4Provider.java:214)
	at org.apache.maven.surefire.junit4.JUnit4Provider.invoke(JUnit4Provider.java:155)
	at org.apache.maven.surefire.booter.ForkedBooter.runSuitesInProcess(ForkedBooter.java:385)
	at org.apache.maven.surefire.booter.ForkedBooter.execute(ForkedBooter.java:162)
	at org.apache.maven.surefire.booter.ForkedBooter.run(ForkedBooter.java:507)
	at org.apache.maven.surefire.booter.ForkedBooter.main(ForkedBooter.java:495)

[ERROR] net.zerocloud.pdf.consumer.ParagraphPaginationWorkflowTest.excessiveRelayoutDeclarationsPreserveContentAndConsumeTheAttempt[HARDENED_WORKER] -- Time elapsed: 0.652 s <<< ERROR!
net.zerocloud.pdf.DocumentFailure: The text and logical-structure extraction limit was exceeded.
	at net.zerocloud.pdf.HardenedWorkerEngine.execute(HardenedWorkerEngine.java:247)
	at net.zerocloud.pdf.DocumentWorkflow.executeOnce(DocumentWorkflow.java:177)
	at net.zerocloud.pdf.DocumentWorkflow.execute(DocumentWorkflow.java:103)
	at net.zerocloud.pdf.DocumentWorkflow.execute(DocumentWorkflow.java:64)
	at net.zerocloud.pdf.consumer.ParagraphPaginationWorkflowTest.excessiveRelayoutDeclarationsPreserveContentAndConsumeTheAttempt(ParagraphPaginationWorkflowTest.java:280)
	at java.base/jdk.internal.reflect.NativeMethodAccessorImpl.invoke0(Native Method)
	at java.base/jdk.internal.reflect.NativeMethodAccessorImpl.invoke(NativeMethodAccessorImpl.java:77)
	at java.base/jdk.internal.reflect.DelegatingMethodAccessorImpl.invoke(DelegatingMethodAccessorImpl.java:43)
	at java.base/java.lang.reflect.Method.invoke(Method.java:568)
	at org.junit.runners.model.FrameworkMethod$1.runReflectiveCall(FrameworkMethod.java:59)
	at org.junit.internal.runners.model.ReflectiveCallable.run(ReflectiveCallable.java:12)
	at org.junit.runners.model.FrameworkMethod.invokeExplosively(FrameworkMethod.java:56)
	at org.junit.internal.runners.statements.InvokeMethod.evaluate(InvokeMethod.java:17)
	at org.junit.rules.ExternalResource$1.evaluate(ExternalResource.java:54)
	at org.junit.runners.ParentRunner$3.evaluate(ParentRunner.java:306)
	at org.junit.runners.BlockJUnit4ClassRunner$1.evaluate(BlockJUnit4ClassRunner.java:100)
	at org.junit.runners.ParentRunner.runLeaf(ParentRunner.java:366)
	at org.junit.runners.BlockJUnit4ClassRunner.runChild(BlockJUnit4ClassRunner.java:103)
	at org.junit.runners.BlockJUnit4ClassRunner.runChild(BlockJUnit4ClassRunner.java:63)
	at org.junit.runners.ParentRunner$4.run(ParentRunner.java:331)
	at org.junit.runners.ParentRunner$1.schedule(ParentRunner.java:79)
	at org.junit.runners.ParentRunner.runChildren(ParentRunner.java:329)
	at org.junit.runners.ParentRunner.access$100(ParentRunner.java:66)
	at org.junit.runners.ParentRunner$2.evaluate(ParentRunner.java:293)
	at org.junit.runners.ParentRunner.run(ParentRunner.java:413)
	at org.junit.runners.Suite.runChild(Suite.java:128)
	at org.junit.runners.Suite.runChild(Suite.java:27)
	at org.junit.runners.ParentRunner$4.run(ParentRunner.java:331)
	at org.junit.runners.ParentRunner$1.schedule(ParentRunner.java:79)
	at org.junit.runners.ParentRunner.runChildren(ParentRunner.java:329)
	at org.junit.runners.ParentRunner.access$100(ParentRunner.java:66)
	at org.junit.runners.ParentRunner$2.evaluate(ParentRunner.java:293)
	at org.junit.runners.ParentRunner$3.evaluate(ParentRunner.java:306)
	at org.junit.runners.ParentRunner.run(ParentRunner.java:413)
	at org.apache.maven.surefire.junit4.JUnit4Provider.execute(JUnit4Provider.java:316)
	at org.apache.maven.surefire.junit4.JUnit4Provider.executeWithRerun(JUnit4Provider.java:240)
	at org.apache.maven.surefire.junit4.JUnit4Provider.executeTestSet(JUnit4Provider.java:214)
	at org.apache.maven.surefire.junit4.JUnit4Provider.invoke(JUnit4Provider.java:155)
	at org.apache.maven.surefire.booter.ForkedBooter.runSuitesInProcess(ForkedBooter.java:385)
	at org.apache.maven.surefire.booter.ForkedBooter.execute(ForkedBooter.java:162)
	at org.apache.maven.surefire.booter.ForkedBooter.run(ForkedBooter.java:507)
	at org.apache.maven.surefire.booter.ForkedBooter.main(ForkedBooter.java:495)

[INFO] Running net.zerocloud.pdf.consumer.PdfValueWorkflowTest
[INFO] Tests run: 100, Failures: 0, Errors: 0, Skipped: 0, Time elapsed: 80.56 s -- in net.zerocloud.pdf.consumer.PdfValueWorkflowTest
[INFO] Running net.zerocloud.pdf.consumer.PdfVersionPasswordSecurityWorkflowTest
Sep 13, 2026 6:58:30 AM org.apache.pdfbox.pdmodel.encryption.StandardSecurityHandler validatePerms
WARNING: Verification of permissions failed (constant)
Sep 13, 2026 6:58:30 AM org.apache.pdfbox.pdmodel.encryption.StandardSecurityHandler validatePerms
WARNING: Verification of permissions failed (FE76A7AA != FFFFF0C4)
Sep 13, 2026 6:58:30 AM org.apache.pdfbox.pdmodel.encryption.StandardSecurityHandler validatePerms
WARNING: Verification of permissions failed (EncryptMetadata)
[INFO] Tests run: 26, Failures: 0, Errors: 0, Skipped: 0, Time elapsed: 1.113 s -- in net.zerocloud.pdf.consumer.PdfVersionPasswordSecurityWorkflowTest
[INFO] Running net.zerocloud.pdf.consumer.RenderingColdStartTest
[INFO] Tests run: 1, Failures: 0, Errors: 0, Skipped: 0, Time elapsed: 1.452 s -- in net.zerocloud.pdf.consumer.RenderingColdStartTest
[INFO] Running net.zerocloud.pdf.consumer.RenderingWorkflowContractTest
[INFO] Tests run: 68, Failures: 0, Errors: 0, Skipped: 0, Time elapsed: 35.52 s -- in net.zerocloud.pdf.consumer.RenderingWorkflowContractTest
[INFO] Running net.zerocloud.pdf.consumer.ShapingCompositionWorkflowTest
[ERROR] Tests run: 34, Failures: 4, Errors: 24, Skipped: 0, Time elapsed: 50.90 s <<< FAILURE! -- in net.zerocloud.pdf.consumer.ShapingCompositionWorkflowTest
[ERROR] net.zerocloud.pdf.consumer.ShapingCompositionWorkflowTest.tableMinimumAdmitsAJoinedLigatureNarrowerThanItsIsolatedGraphemes[IN_PROCESS] -- Time elapsed: 0.041 s <<< ERROR!
net.zerocloud.pdf.DocumentFailure: The text and logical-structure extraction limit was exceeded.
	at net.zerocloud.pdf.PdfBoxWorkflowEngine.failure(PdfBoxWorkflowEngine.java:292)
	at net.zerocloud.pdf.PdfBoxWorkflowEngine.executeWithDocument(PdfBoxWorkflowEngine.java:350)
	at net.zerocloud.pdf.PdfBoxWorkflowEngine.executeChecked(PdfBoxWorkflowEngine.java:238)
	at net.zerocloud.pdf.PdfBoxWorkflowEngine.execute(PdfBoxWorkflowEngine.java:41)
	at net.zerocloud.pdf.DocumentWorkflow.executeOnce(DocumentWorkflow.java:184)
	at net.zerocloud.pdf.DocumentWorkflow.execute(DocumentWorkflow.java:103)
	at net.zerocloud.pdf.DocumentWorkflow.execute(DocumentWorkflow.java:64)
	at net.zerocloud.pdf.consumer.ShapingCompositionWorkflowTest.reopen(ShapingCompositionWorkflowTest.java:592)
	at net.zerocloud.pdf.consumer.ShapingCompositionWorkflowTest.tableMinimumAdmitsAJoinedLigatureNarrowerThanItsIsolatedGraphemes(ShapingCompositionWorkflowTest.java:490)
	at java.base/jdk.internal.reflect.NativeMethodAccessorImpl.invoke0(Native Method)
	at java.base/jdk.internal.reflect.NativeMethodAccessorImpl.invoke(NativeMethodAccessorImpl.java:77)
	at java.base/jdk.internal.reflect.DelegatingMethodAccessorImpl.invoke(DelegatingMethodAccessorImpl.java:43)
	at java.base/java.lang.reflect.Method.invoke(Method.java:568)
	at org.junit.runners.model.FrameworkMethod$1.runReflectiveCall(FrameworkMethod.java:59)
	at org.junit.internal.runners.model.ReflectiveCallable.run(ReflectiveCallable.java:12)
	at org.junit.runners.model.FrameworkMethod.invokeExplosively(FrameworkMethod.java:56)
	at org.junit.internal.runners.statements.InvokeMethod.evaluate(InvokeMethod.java:17)
	at org.junit.rules.ExternalResource$1.evaluate(ExternalResource.java:54)
	at org.junit.runners.ParentRunner$3.evaluate(ParentRunner.java:306)
	at org.junit.runners.BlockJUnit4ClassRunner$1.evaluate(BlockJUnit4ClassRunner.java:100)
	at org.junit.runners.ParentRunner.runLeaf(ParentRunner.java:366)
	at org.junit.runners.BlockJUnit4ClassRunner.runChild(BlockJUnit4ClassRunner.java:103)
	at org.junit.runners.BlockJUnit4ClassRunner.runChild(BlockJUnit4ClassRunner.java:63)
	at org.junit.runners.ParentRunner$4.run(ParentRunner.java:331)
	at org.junit.runners.ParentRunner$1.schedule(ParentRunner.java:79)
	at org.junit.runners.ParentRunner.runChildren(ParentRunner.java:329)
	at org.junit.runners.ParentRunner.access$100(ParentRunner.java:66)
	at org.junit.runners.ParentRunner$2.evaluate(ParentRunner.java:293)
	at org.junit.runners.ParentRunner.run(ParentRunner.java:413)
	at org.junit.runners.Suite.runChild(Suite.java:128)
	at org.junit.runners.Suite.runChild(Suite.java:27)
	at org.junit.runners.ParentRunner$4.run(ParentRunner.java:331)
	at org.junit.runners.ParentRunner$1.schedule(ParentRunner.java:79)
	at org.junit.runners.ParentRunner.runChildren(ParentRunner.java:329)
	at org.junit.runners.ParentRunner.access$100(ParentRunner.java:66)
	at org.junit.runners.ParentRunner$2.evaluate(ParentRunner.java:293)
	at org.junit.runners.ParentRunner$3.evaluate(ParentRunner.java:306)
	at org.junit.runners.ParentRunner.run(ParentRunner.java:413)
	at org.apache.maven.surefire.junit4.JUnit4Provider.execute(JUnit4Provider.java:316)
	at org.apache.maven.surefire.junit4.JUnit4Provider.executeWithRerun(JUnit4Provider.java:240)
	at org.apache.maven.surefire.junit4.JUnit4Provider.executeTestSet(JUnit4Provider.java:214)
	at org.apache.maven.surefire.junit4.JUnit4Provider.invoke(JUnit4Provider.java:155)
	at org.apache.maven.surefire.booter.ForkedBooter.runSuitesInProcess(ForkedBooter.java:385)
	at org.apache.maven.surefire.booter.ForkedBooter.execute(ForkedBooter.java:162)
	at org.apache.maven.surefire.booter.ForkedBooter.run(ForkedBooter.java:507)
	at org.apache.maven.surefire.booter.ForkedBooter.main(ForkedBooter.java:495)

[ERROR] net.zerocloud.pdf.consumer.ShapingCompositionWorkflowTest.completeArabicFontAcceptsAxisReflectedCompositeOutlines[IN_PROCESS] -- Time elapsed: 0.015 s <<< ERROR!
net.zerocloud.pdf.DocumentFailure: The text and logical-structure extraction limit was exceeded.
	at net.zerocloud.pdf.PdfBoxWorkflowEngine.failure(PdfBoxWorkflowEngine.java:292)
	at net.zerocloud.pdf.PdfBoxWorkflowEngine.executeWithDocument(PdfBoxWorkflowEngine.java:350)
	at net.zerocloud.pdf.PdfBoxWorkflowEngine.executeChecked(PdfBoxWorkflowEngine.java:238)
	at net.zerocloud.pdf.PdfBoxWorkflowEngine.execute(PdfBoxWorkflowEngine.java:41)
	at net.zerocloud.pdf.DocumentWorkflow.executeOnce(DocumentWorkflow.java:184)
	at net.zerocloud.pdf.DocumentWorkflow.execute(DocumentWorkflow.java:103)
	at net.zerocloud.pdf.DocumentWorkflow.execute(DocumentWorkflow.java:64)
	at net.zerocloud.pdf.consumer.ShapingCompositionWorkflowTest.completeArabicFontAcceptsAxisReflectedCompositeOutlines(ShapingCompositionWorkflowTest.java:103)
	at java.base/jdk.internal.reflect.NativeMethodAccessorImpl.invoke0(Native Method)
	at java.base/jdk.internal.reflect.NativeMethodAccessorImpl.invoke(NativeMethodAccessorImpl.java:77)
	at java.base/jdk.internal.reflect.DelegatingMethodAccessorImpl.invoke(DelegatingMethodAccessorImpl.java:43)
	at java.base/java.lang.reflect.Method.invoke(Method.java:568)
	at org.junit.runners.model.FrameworkMethod$1.runReflectiveCall(FrameworkMethod.java:59)
	at org.junit.internal.runners.model.ReflectiveCallable.run(ReflectiveCallable.java:12)
	at org.junit.runners.model.FrameworkMethod.invokeExplosively(FrameworkMethod.java:56)
	at org.junit.internal.runners.statements.InvokeMethod.evaluate(InvokeMethod.java:17)
	at org.junit.rules.ExternalResource$1.evaluate(ExternalResource.java:54)
	at org.junit.runners.ParentRunner$3.evaluate(ParentRunner.java:306)
	at org.junit.runners.BlockJUnit4ClassRunner$1.evaluate(BlockJUnit4ClassRunner.java:100)
	at org.junit.runners.ParentRunner.runLeaf(ParentRunner.java:366)
	at org.junit.runners.BlockJUnit4ClassRunner.runChild(BlockJUnit4ClassRunner.java:103)
	at org.junit.runners.BlockJUnit4ClassRunner.runChild(BlockJUnit4ClassRunner.java:63)
	at org.junit.runners.ParentRunner$4.run(ParentRunner.java:331)
	at org.junit.runners.ParentRunner$1.schedule(ParentRunner.java:79)
	at org.junit.runners.ParentRunner.runChildren(ParentRunner.java:329)
	at org.junit.runners.ParentRunner.access$100(ParentRunner.java:66)
	at org.junit.runners.ParentRunner$2.evaluate(ParentRunner.java:293)
	at org.junit.runners.ParentRunner.run(ParentRunner.java:413)
	at org.junit.runners.Suite.runChild(Suite.java:128)
	at org.junit.runners.Suite.runChild(Suite.java:27)
	at org.junit.runners.ParentRunner$4.run(ParentRunner.java:331)
	at org.junit.runners.ParentRunner$1.schedule(ParentRunner.java:79)
	at org.junit.runners.ParentRunner.runChildren(ParentRunner.java:329)
	at org.junit.runners.ParentRunner.access$100(ParentRunner.java:66)
	at org.junit.runners.ParentRunner$2.evaluate(ParentRunner.java:293)
	at org.junit.runners.ParentRunner$3.evaluate(ParentRunner.java:306)
	at org.junit.runners.ParentRunner.run(ParentRunner.java:413)
	at org.apache.maven.surefire.junit4.JUnit4Provider.execute(JUnit4Provider.java:316)
	at org.apache.maven.surefire.junit4.JUnit4Provider.executeWithRerun(JUnit4Provider.java:240)
	at org.apache.maven.surefire.junit4.JUnit4Provider.executeTestSet(JUnit4Provider.java:214)
	at org.apache.maven.surefire.junit4.JUnit4Provider.invoke(JUnit4Provider.java:155)
	at org.apache.maven.surefire.booter.ForkedBooter.runSuitesInProcess(ForkedBooter.java:385)
	at org.apache.maven.surefire.booter.ForkedBooter.execute(ForkedBooter.java:162)
	at org.apache.maven.surefire.booter.ForkedBooter.run(ForkedBooter.java:507)
	at org.apache.maven.surefire.booter.ForkedBooter.main(ForkedBooter.java:495)

[ERROR] net.zerocloud.pdf.consumer.ShapingCompositionWorkflowTest.incrementalTablesKeepShapedGlyphsAndBorrowedFontsAcrossFlushAndComplete[IN_PROCESS] -- Time elapsed: 0.105 s <<< ERROR!
net.zerocloud.pdf.DocumentFailure: The text and logical-structure extraction limit was exceeded.
	at net.zerocloud.pdf.PdfBoxWorkflowEngine.failure(PdfBoxWorkflowEngine.java:292)
	at net.zerocloud.pdf.PdfBoxWorkflowEngine.executeWithDocument(PdfBoxWorkflowEngine.java:350)
	at net.zerocloud.pdf.PdfBoxWorkflowEngine.executeChecked(PdfBoxWorkflowEngine.java:238)
	at net.zerocloud.pdf.PdfBoxWorkflowEngine.execute(PdfBoxWorkflowEngine.java:41)
	at net.zerocloud.pdf.DocumentWorkflow.executeOnce(DocumentWorkflow.java:184)
	at net.zerocloud.pdf.DocumentWorkflow.execute(DocumentWorkflow.java:103)
	at net.zerocloud.pdf.DocumentWorkflow.execute(DocumentWorkflow.java:64)
	at net.zerocloud.pdf.consumer.ShapingCompositionWorkflowTest.reopen(ShapingCompositionWorkflowTest.java:592)
	at net.zerocloud.pdf.consumer.ShapingCompositionWorkflowTest.incrementalTablesKeepShapedGlyphsAndBorrowedFontsAcrossFlushAndComplete(ShapingCompositionWorkflowTest.java:387)
	at java.base/jdk.internal.reflect.NativeMethodAccessorImpl.invoke0(Native Method)
	at java.base/jdk.internal.reflect.NativeMethodAccessorImpl.invoke(NativeMethodAccessorImpl.java:77)
	at java.base/jdk.internal.reflect.DelegatingMethodAccessorImpl.invoke(DelegatingMethodAccessorImpl.java:43)
	at java.base/java.lang.reflect.Method.invoke(Method.java:568)
	at org.junit.runners.model.FrameworkMethod$1.runReflectiveCall(FrameworkMethod.java:59)
	at org.junit.internal.runners.model.ReflectiveCallable.run(ReflectiveCallable.java:12)
	at org.junit.runners.model.FrameworkMethod.invokeExplosively(FrameworkMethod.java:56)
	at org.junit.internal.runners.statements.InvokeMethod.evaluate(InvokeMethod.java:17)
	at org.junit.rules.ExternalResource$1.evaluate(ExternalResource.java:54)
	at org.junit.runners.ParentRunner$3.evaluate(ParentRunner.java:306)
	at org.junit.runners.BlockJUnit4ClassRunner$1.evaluate(BlockJUnit4ClassRunner.java:100)
	at org.junit.runners.ParentRunner.runLeaf(ParentRunner.java:366)
	at org.junit.runners.BlockJUnit4ClassRunner.runChild(BlockJUnit4ClassRunner.java:103)
	at org.junit.runners.BlockJUnit4ClassRunner.runChild(BlockJUnit4ClassRunner.java:63)
	at org.junit.runners.ParentRunner$4.run(ParentRunner.java:331)
	at org.junit.runners.ParentRunner$1.schedule(ParentRunner.java:79)
	at org.junit.runners.ParentRunner.runChildren(ParentRunner.java:329)
	at org.junit.runners.ParentRunner.access$100(ParentRunner.java:66)
	at org.junit.runners.ParentRunner$2.evaluate(ParentRunner.java:293)
	at org.junit.runners.ParentRunner.run(ParentRunner.java:413)
	at org.junit.runners.Suite.runChild(Suite.java:128)
	at org.junit.runners.Suite.runChild(Suite.java:27)
	at org.junit.runners.ParentRunner$4.run(ParentRunner.java:331)
	at org.junit.runners.ParentRunner$1.schedule(ParentRunner.java:79)
	at org.junit.runners.ParentRunner.runChildren(ParentRunner.java:329)
	at org.junit.runners.ParentRunner.access$100(ParentRunner.java:66)
	at org.junit.runners.ParentRunner$2.evaluate(ParentRunner.java:293)
	at org.junit.runners.ParentRunner$3.evaluate(ParentRunner.java:306)
	at org.junit.runners.ParentRunner.run(ParentRunner.java:413)
	at org.apache.maven.surefire.junit4.JUnit4Provider.execute(JUnit4Provider.java:316)
	at org.apache.maven.surefire.junit4.JUnit4Provider.executeWithRerun(JUnit4Provider.java:240)
	at org.apache.maven.surefire.junit4.JUnit4Provider.executeTestSet(JUnit4Provider.java:214)
	at org.apache.maven.surefire.junit4.JUnit4Provider.invoke(JUnit4Provider.java:155)
	at org.apache.maven.surefire.booter.ForkedBooter.runSuitesInProcess(ForkedBooter.java:385)
	at org.apache.maven.surefire.booter.ForkedBooter.execute(ForkedBooter.java:162)
	at org.apache.maven.surefire.booter.ForkedBooter.run(ForkedBooter.java:507)
	at org.apache.maven.surefire.booter.ForkedBooter.main(ForkedBooter.java:495)

[ERROR] net.zerocloud.pdf.consumer.ShapingCompositionWorkflowTest.bufferedRelayoutReshapesUsingTheBorrowedFontSnapshot[IN_PROCESS] -- Time elapsed: 0.084 s <<< ERROR!
net.zerocloud.pdf.DocumentFailure: The text and logical-structure extraction limit was exceeded.
	at net.zerocloud.pdf.PdfBoxWorkflowEngine.failure(PdfBoxWorkflowEngine.java:292)
	at net.zerocloud.pdf.PdfBoxWorkflowEngine.executeWithDocument(PdfBoxWorkflowEngine.java:350)
	at net.zerocloud.pdf.PdfBoxWorkflowEngine.executeChecked(PdfBoxWorkflowEngine.java:238)
	at net.zerocloud.pdf.PdfBoxWorkflowEngine.execute(PdfBoxWorkflowEngine.java:41)
	at net.zerocloud.pdf.DocumentWorkflow.executeOnce(DocumentWorkflow.java:184)
	at net.zerocloud.pdf.DocumentWorkflow.execute(DocumentWorkflow.java:103)
	at net.zerocloud.pdf.DocumentWorkflow.execute(DocumentWorkflow.java:64)
	at net.zerocloud.pdf.consumer.ShapingCompositionWorkflowTest.reopen(ShapingCompositionWorkflowTest.java:592)
	at net.zerocloud.pdf.consumer.ShapingCompositionWorkflowTest.bufferedRelayoutReshapesUsingTheBorrowedFontSnapshot(ShapingCompositionWorkflowTest.java:296)
	at java.base/jdk.internal.reflect.NativeMethodAccessorImpl.invoke0(Native Method)
	at java.base/jdk.internal.reflect.NativeMethodAccessorImpl.invoke(NativeMethodAccessorImpl.java:77)
	at java.base/jdk.internal.reflect.DelegatingMethodAccessorImpl.invoke(DelegatingMethodAccessorImpl.java:43)
	at java.base/java.lang.reflect.Method.invoke(Method.java:568)
	at org.junit.runners.model.FrameworkMethod$1.runReflectiveCall(FrameworkMethod.java:59)
	at org.junit.internal.runners.model.ReflectiveCallable.run(ReflectiveCallable.java:12)
	at org.junit.runners.model.FrameworkMethod.invokeExplosively(FrameworkMethod.java:56)
	at org.junit.internal.runners.statements.InvokeMethod.evaluate(InvokeMethod.java:17)
	at org.junit.rules.ExternalResource$1.evaluate(ExternalResource.java:54)
	at org.junit.runners.ParentRunner$3.evaluate(ParentRunner.java:306)
	at org.junit.runners.BlockJUnit4ClassRunner$1.evaluate(BlockJUnit4ClassRunner.java:100)
	at org.junit.runners.ParentRunner.runLeaf(ParentRunner.java:366)
	at org.junit.runners.BlockJUnit4ClassRunner.runChild(BlockJUnit4ClassRunner.java:103)
	at org.junit.runners.BlockJUnit4ClassRunner.runChild(BlockJUnit4ClassRunner.java:63)
	at org.junit.runners.ParentRunner$4.run(ParentRunner.java:331)
	at org.junit.runners.ParentRunner$1.schedule(ParentRunner.java:79)
	at org.junit.runners.ParentRunner.runChildren(ParentRunner.java:329)
	at org.junit.runners.ParentRunner.access$100(ParentRunner.java:66)
	at org.junit.runners.ParentRunner$2.evaluate(ParentRunner.java:293)
	at org.junit.runners.ParentRunner.run(ParentRunner.java:413)
	at org.junit.runners.Suite.runChild(Suite.java:128)
	at org.junit.runners.Suite.runChild(Suite.java:27)
	at org.junit.runners.ParentRunner$4.run(ParentRunner.java:331)
	at org.junit.runners.ParentRunner$1.schedule(ParentRunner.java:79)
	at org.junit.runners.ParentRunner.runChildren(ParentRunner.java:329)
	at org.junit.runners.ParentRunner.access$100(ParentRunner.java:66)
	at org.junit.runners.ParentRunner$2.evaluate(ParentRunner.java:293)
	at org.junit.runners.ParentRunner$3.evaluate(ParentRunner.java:306)
	at org.junit.runners.ParentRunner.run(ParentRunner.java:413)
	at org.apache.maven.surefire.junit4.JUnit4Provider.execute(JUnit4Provider.java:316)
	at org.apache.maven.surefire.junit4.JUnit4Provider.executeWithRerun(JUnit4Provider.java:240)
	at org.apache.maven.surefire.junit4.JUnit4Provider.executeTestSet(JUnit4Provider.java:214)
	at org.apache.maven.surefire.junit4.JUnit4Provider.invoke(JUnit4Provider.java:155)
	at org.apache.maven.surefire.booter.ForkedBooter.runSuitesInProcess(ForkedBooter.java:385)
	at org.apache.maven.surefire.booter.ForkedBooter.execute(ForkedBooter.java:162)
	at org.apache.maven.surefire.booter.ForkedBooter.run(ForkedBooter.java:507)
	at org.apache.maven.surefire.booter.ForkedBooter.main(ForkedBooter.java:495)

[ERROR] net.zerocloud.pdf.consumer.ShapingCompositionWorkflowTest.narrowLinesReshapeALigatureAtOriginalGraphemeBoundaries[IN_PROCESS] -- Time elapsed: 0.075 s <<< ERROR!
net.zerocloud.pdf.DocumentFailure: The text and logical-structure extraction limit was exceeded.
	at net.zerocloud.pdf.PdfBoxWorkflowEngine.failure(PdfBoxWorkflowEngine.java:292)
	at net.zerocloud.pdf.PdfBoxWorkflowEngine.executeWithDocument(PdfBoxWorkflowEngine.java:350)
	at net.zerocloud.pdf.PdfBoxWorkflowEngine.executeChecked(PdfBoxWorkflowEngine.java:238)
	at net.zerocloud.pdf.PdfBoxWorkflowEngine.execute(PdfBoxWorkflowEngine.java:41)
	at net.zerocloud.pdf.DocumentWorkflow.executeOnce(DocumentWorkflow.java:184)
	at net.zerocloud.pdf.DocumentWorkflow.execute(DocumentWorkflow.java:103)
	at net.zerocloud.pdf.DocumentWorkflow.execute(DocumentWorkflow.java:64)
	at net.zerocloud.pdf.consumer.ShapingCompositionWorkflowTest.reopen(ShapingCompositionWorkflowTest.java:592)
	at net.zerocloud.pdf.consumer.ShapingCompositionWorkflowTest.narrowLinesReshapeALigatureAtOriginalGraphemeBoundaries(ShapingCompositionWorkflowTest.java:429)
	at java.base/jdk.internal.reflect.NativeMethodAccessorImpl.invoke0(Native Method)
	at java.base/jdk.internal.reflect.NativeMethodAccessorImpl.invoke(NativeMethodAccessorImpl.java:77)
	at java.base/jdk.internal.reflect.DelegatingMethodAccessorImpl.invoke(DelegatingMethodAccessorImpl.java:43)
	at java.base/java.lang.reflect.Method.invoke(Method.java:568)
	at org.junit.runners.model.FrameworkMethod$1.runReflectiveCall(FrameworkMethod.java:59)
	at org.junit.internal.runners.model.ReflectiveCallable.run(ReflectiveCallable.java:12)
	at org.junit.runners.model.FrameworkMethod.invokeExplosively(FrameworkMethod.java:56)
	at org.junit.internal.runners.statements.InvokeMethod.evaluate(InvokeMethod.java:17)
	at org.junit.rules.ExternalResource$1.evaluate(ExternalResource.java:54)
	at org.junit.runners.ParentRunner$3.evaluate(ParentRunner.java:306)
	at org.junit.runners.BlockJUnit4ClassRunner$1.evaluate(BlockJUnit4ClassRunner.java:100)
	at org.junit.runners.ParentRunner.runLeaf(ParentRunner.java:366)
	at org.junit.runners.BlockJUnit4ClassRunner.runChild(BlockJUnit4ClassRunner.java:103)
	at org.junit.runners.BlockJUnit4ClassRunner.runChild(BlockJUnit4ClassRunner.java:63)
	at org.junit.runners.ParentRunner$4.run(ParentRunner.java:331)
	at org.junit.runners.ParentRunner$1.schedule(ParentRunner.java:79)
	at org.junit.runners.ParentRunner.runChildren(ParentRunner.java:329)
	at org.junit.runners.ParentRunner.access$100(ParentRunner.java:66)
	at org.junit.runners.ParentRunner$2.evaluate(ParentRunner.java:293)
	at org.junit.runners.ParentRunner.run(ParentRunner.java:413)
	at org.junit.runners.Suite.runChild(Suite.java:128)
	at org.junit.runners.Suite.runChild(Suite.java:27)
	at org.junit.runners.ParentRunner$4.run(ParentRunner.java:331)
	at org.junit.runners.ParentRunner$1.schedule(ParentRunner.java:79)
	at org.junit.runners.ParentRunner.runChildren(ParentRunner.java:329)
	at org.junit.runners.ParentRunner.access$100(ParentRunner.java:66)
	at org.junit.runners.ParentRunner$2.evaluate(ParentRunner.java:293)
	at org.junit.runners.ParentRunner$3.evaluate(ParentRunner.java:306)
	at org.junit.runners.ParentRunner.run(ParentRunner.java:413)
	at org.apache.maven.surefire.junit4.JUnit4Provider.execute(JUnit4Provider.java:316)
	at org.apache.maven.surefire.junit4.JUnit4Provider.executeWithRerun(JUnit4Provider.java:240)
	at org.apache.maven.surefire.junit4.JUnit4Provider.executeTestSet(JUnit4Provider.java:214)
	at org.apache.maven.surefire.junit4.JUnit4Provider.invoke(JUnit4Provider.java:155)
	at org.apache.maven.surefire.booter.ForkedBooter.runSuitesInProcess(ForkedBooter.java:385)
	at org.apache.maven.surefire.booter.ForkedBooter.execute(ForkedBooter.java:162)
	at org.apache.maven.surefire.booter.ForkedBooter.run(ForkedBooter.java:507)
	at org.apache.maven.surefire.booter.ForkedBooter.main(ForkedBooter.java:495)

[ERROR] net.zerocloud.pdf.consumer.ShapingCompositionWorkflowTest.shapingFallbackCountsEachScalarVisitAtTheExactBoundary[IN_PROCESS] -- Time elapsed: 0.036 s <<< FAILURE!
java.lang.AssertionError: Four visits admit the exact boundary expected:<3> but was:<4>
	at org.junit.Assert.fail(Assert.java:89)
	at org.junit.Assert.failNotEquals(Assert.java:835)
	at org.junit.Assert.assertEquals(Assert.java:647)
	at net.zerocloud.pdf.consumer.ShapingCompositionWorkflowTest.shapingFallbackCountsEachScalarVisitAtTheExactBoundary(ShapingCompositionWorkflowTest.java:351)
	at java.base/jdk.internal.reflect.NativeMethodAccessorImpl.invoke0(Native Method)
	at java.base/jdk.internal.reflect.NativeMethodAccessorImpl.invoke(NativeMethodAccessorImpl.java:77)
	at java.base/jdk.internal.reflect.DelegatingMethodAccessorImpl.invoke(DelegatingMethodAccessorImpl.java:43)
	at java.base/java.lang.reflect.Method.invoke(Method.java:568)
	at org.junit.runners.model.FrameworkMethod$1.runReflectiveCall(FrameworkMethod.java:59)
	at org.junit.internal.runners.model.ReflectiveCallable.run(ReflectiveCallable.java:12)
	at org.junit.runners.model.FrameworkMethod.invokeExplosively(FrameworkMethod.java:56)
	at org.junit.internal.runners.statements.InvokeMethod.evaluate(InvokeMethod.java:17)
	at org.junit.rules.ExternalResource$1.evaluate(ExternalResource.java:54)
	at org.junit.runners.ParentRunner$3.evaluate(ParentRunner.java:306)
	at org.junit.runners.BlockJUnit4ClassRunner$1.evaluate(BlockJUnit4ClassRunner.java:100)
	at org.junit.runners.ParentRunner.runLeaf(ParentRunner.java:366)
	at org.junit.runners.BlockJUnit4ClassRunner.runChild(BlockJUnit4ClassRunner.java:103)
	at org.junit.runners.BlockJUnit4ClassRunner.runChild(BlockJUnit4ClassRunner.java:63)
	at org.junit.runners.ParentRunner$4.run(ParentRunner.java:331)
	at org.junit.runners.ParentRunner$1.schedule(ParentRunner.java:79)
	at org.junit.runners.ParentRunner.runChildren(ParentRunner.java:329)
	at org.junit.runners.ParentRunner.access$100(ParentRunner.java:66)
	at org.junit.runners.ParentRunner$2.evaluate(ParentRunner.java:293)
	at org.junit.runners.ParentRunner.run(ParentRunner.java:413)
	at org.junit.runners.Suite.runChild(Suite.java:128)
	at org.junit.runners.Suite.runChild(Suite.java:27)
	at org.junit.runners.ParentRunner$4.run(ParentRunner.java:331)
	at org.junit.runners.ParentRunner$1.schedule(ParentRunner.java:79)
	at org.junit.runners.ParentRunner.runChildren(ParentRunner.java:329)
	at org.junit.runners.ParentRunner.access$100(ParentRunner.java:66)
	at org.junit.runners.ParentRunner$2.evaluate(ParentRunner.java:293)
	at org.junit.runners.ParentRunner$3.evaluate(ParentRunner.java:306)
	at org.junit.runners.ParentRunner.run(ParentRunner.java:413)
	at org.apache.maven.surefire.junit4.JUnit4Provider.execute(JUnit4Provider.java:316)
	at org.apache.maven.surefire.junit4.JUnit4Provider.executeWithRerun(JUnit4Provider.java:240)
	at org.apache.maven.surefire.junit4.JUnit4Provider.executeTestSet(JUnit4Provider.java:214)
	at org.apache.maven.surefire.junit4.JUnit4Provider.invoke(JUnit4Provider.java:155)
	at org.apache.maven.surefire.booter.ForkedBooter.runSuitesInProcess(ForkedBooter.java:385)
	at org.apache.maven.surefire.booter.ForkedBooter.execute(ForkedBooter.java:162)
	at org.apache.maven.surefire.booter.ForkedBooter.run(ForkedBooter.java:507)
	at org.apache.maven.surefire.booter.ForkedBooter.main(ForkedBooter.java:495)

[ERROR] net.zerocloud.pdf.consumer.ShapingCompositionWorkflowTest.softWrappedArabicReshapesAndRefitsEveryLineBoundary[IN_PROCESS] -- Time elapsed: 0.070 s <<< ERROR!
net.zerocloud.pdf.DocumentFailure: The text and logical-structure extraction limit was exceeded.
	at net.zerocloud.pdf.PdfBoxWorkflowEngine.failure(PdfBoxWorkflowEngine.java:292)
	at net.zerocloud.pdf.PdfBoxWorkflowEngine.executeWithDocument(PdfBoxWorkflowEngine.java:350)
	at net.zerocloud.pdf.PdfBoxWorkflowEngine.executeChecked(PdfBoxWorkflowEngine.java:238)
	at net.zerocloud.pdf.PdfBoxWorkflowEngine.execute(PdfBoxWorkflowEngine.java:41)
	at net.zerocloud.pdf.DocumentWorkflow.executeOnce(DocumentWorkflow.java:184)
	at net.zerocloud.pdf.DocumentWorkflow.execute(DocumentWorkflow.java:103)
	at net.zerocloud.pdf.DocumentWorkflow.execute(DocumentWorkflow.java:64)
	at net.zerocloud.pdf.consumer.ShapingCompositionWorkflowTest.reopen(ShapingCompositionWorkflowTest.java:592)
	at net.zerocloud.pdf.consumer.ShapingCompositionWorkflowTest.softWrappedArabicReshapesAndRefitsEveryLineBoundary(ShapingCompositionWorkflowTest.java:407)
	at java.base/jdk.internal.reflect.NativeMethodAccessorImpl.invoke0(Native Method)
	at java.base/jdk.internal.reflect.NativeMethodAccessorImpl.invoke(NativeMethodAccessorImpl.java:77)
	at java.base/jdk.internal.reflect.DelegatingMethodAccessorImpl.invoke(DelegatingMethodAccessorImpl.java:43)
	at java.base/java.lang.reflect.Method.invoke(Method.java:568)
	at org.junit.runners.model.FrameworkMethod$1.runReflectiveCall(FrameworkMethod.java:59)
	at org.junit.internal.runners.model.ReflectiveCallable.run(ReflectiveCallable.java:12)
	at org.junit.runners.model.FrameworkMethod.invokeExplosively(FrameworkMethod.java:56)
	at org.junit.internal.runners.statements.InvokeMethod.evaluate(InvokeMethod.java:17)
	at org.junit.rules.ExternalResource$1.evaluate(ExternalResource.java:54)
	at org.junit.runners.ParentRunner$3.evaluate(ParentRunner.java:306)
	at org.junit.runners.BlockJUnit4ClassRunner$1.evaluate(BlockJUnit4ClassRunner.java:100)
	at org.junit.runners.ParentRunner.runLeaf(ParentRunner.java:366)
	at org.junit.runners.BlockJUnit4ClassRunner.runChild(BlockJUnit4ClassRunner.java:103)
	at org.junit.runners.BlockJUnit4ClassRunner.runChild(BlockJUnit4ClassRunner.java:63)
	at org.junit.runners.ParentRunner$4.run(ParentRunner.java:331)
	at org.junit.runners.ParentRunner$1.schedule(ParentRunner.java:79)
	at org.junit.runners.ParentRunner.runChildren(ParentRunner.java:329)
	at org.junit.runners.ParentRunner.access$100(ParentRunner.java:66)
	at org.junit.runners.ParentRunner$2.evaluate(ParentRunner.java:293)
	at org.junit.runners.ParentRunner.run(ParentRunner.java:413)
	at org.junit.runners.Suite.runChild(Suite.java:128)
	at org.junit.runners.Suite.runChild(Suite.java:27)
	at org.junit.runners.ParentRunner$4.run(ParentRunner.java:331)
	at org.junit.runners.ParentRunner$1.schedule(ParentRunner.java:79)
	at org.junit.runners.ParentRunner.runChildren(ParentRunner.java:329)
	at org.junit.runners.ParentRunner.access$100(ParentRunner.java:66)
	at org.junit.runners.ParentRunner$2.evaluate(ParentRunner.java:293)
	at org.junit.runners.ParentRunner$3.evaluate(ParentRunner.java:306)
	at org.junit.runners.ParentRunner.run(ParentRunner.java:413)
	at org.apache.maven.surefire.junit4.JUnit4Provider.execute(JUnit4Provider.java:316)
	at org.apache.maven.surefire.junit4.JUnit4Provider.executeWithRerun(JUnit4Provider.java:240)
	at org.apache.maven.surefire.junit4.JUnit4Provider.executeTestSet(JUnit4Provider.java:214)
	at org.apache.maven.surefire.junit4.JUnit4Provider.invoke(JUnit4Provider.java:155)
	at org.apache.maven.surefire.booter.ForkedBooter.runSuitesInProcess(ForkedBooter.java:385)
	at org.apache.maven.surefire.booter.ForkedBooter.execute(ForkedBooter.java:162)
	at org.apache.maven.surefire.booter.ForkedBooter.run(ForkedBooter.java:507)
	at org.apache.maven.surefire.booter.ForkedBooter.main(ForkedBooter.java:495)

[ERROR] net.zerocloud.pdf.consumer.ShapingCompositionWorkflowTest.incrementalShapingRequiresPdf15EvenWithOnlyBmpMappings[IN_PROCESS] -- Time elapsed: 0.028 s <<< FAILURE!
java.lang.AssertionError: PDF 1.5 admits replacement text
	at org.junit.Assert.fail(Assert.java:89)
	at org.junit.Assert.assertTrue(Assert.java:42)
	at org.junit.Assert.assertFalse(Assert.java:65)
	at net.zerocloud.pdf.consumer.ShapingCompositionWorkflowTest.incrementalShapingRequiresPdf15EvenWithOnlyBmpMappings(ShapingCompositionWorkflowTest.java:267)
	at java.base/jdk.internal.reflect.NativeMethodAccessorImpl.invoke0(Native Method)
	at java.base/jdk.internal.reflect.NativeMethodAccessorImpl.invoke(NativeMethodAccessorImpl.java:77)
	at java.base/jdk.internal.reflect.DelegatingMethodAccessorImpl.invoke(DelegatingMethodAccessorImpl.java:43)
	at java.base/java.lang.reflect.Method.invoke(Method.java:568)
	at org.junit.runners.model.FrameworkMethod$1.runReflectiveCall(FrameworkMethod.java:59)
	at org.junit.internal.runners.model.ReflectiveCallable.run(ReflectiveCallable.java:12)
	at org.junit.runners.model.FrameworkMethod.invokeExplosively(FrameworkMethod.java:56)
	at org.junit.internal.runners.statements.InvokeMethod.evaluate(InvokeMethod.java:17)
	at org.junit.rules.ExternalResource$1.evaluate(ExternalResource.java:54)
	at org.junit.runners.ParentRunner$3.evaluate(ParentRunner.java:306)
	at org.junit.runners.BlockJUnit4ClassRunner$1.evaluate(BlockJUnit4ClassRunner.java:100)
	at org.junit.runners.ParentRunner.runLeaf(ParentRunner.java:366)
	at org.junit.runners.BlockJUnit4ClassRunner.runChild(BlockJUnit4ClassRunner.java:103)
	at org.junit.runners.BlockJUnit4ClassRunner.runChild(BlockJUnit4ClassRunner.java:63)
	at org.junit.runners.ParentRunner$4.run(ParentRunner.java:331)
	at org.junit.runners.ParentRunner$1.schedule(ParentRunner.java:79)
	at org.junit.runners.ParentRunner.runChildren(ParentRunner.java:329)
	at org.junit.runners.ParentRunner.access$100(ParentRunner.java:66)
	at org.junit.runners.ParentRunner$2.evaluate(ParentRunner.java:293)
	at org.junit.runners.ParentRunner.run(ParentRunner.java:413)
	at org.junit.runners.Suite.runChild(Suite.java:128)
	at org.junit.runners.Suite.runChild(Suite.java:27)
	at org.junit.runners.ParentRunner$4.run(ParentRunner.java:331)
	at org.junit.runners.ParentRunner$1.schedule(ParentRunner.java:79)
	at org.junit.runners.ParentRunner.runChildren(ParentRunner.java:329)
	at org.junit.runners.ParentRunner.access$100(ParentRunner.java:66)
	at org.junit.runners.ParentRunner$2.evaluate(ParentRunner.java:293)
	at org.junit.runners.ParentRunner$3.evaluate(ParentRunner.java:306)
	at org.junit.runners.ParentRunner.run(ParentRunner.java:413)
	at org.apache.maven.surefire.junit4.JUnit4Provider.execute(JUnit4Provider.java:316)
	at org.apache.maven.surefire.junit4.JUnit4Provider.executeWithRerun(JUnit4Provider.java:240)
	at org.apache.maven.surefire.junit4.JUnit4Provider.executeTestSet(JUnit4Provider.java:214)
	at org.apache.maven.surefire.junit4.JUnit4Provider.invoke(JUnit4Provider.java:155)
	at org.apache.maven.surefire.booter.ForkedBooter.runSuitesInProcess(ForkedBooter.java:385)
	at org.apache.maven.surefire.booter.ForkedBooter.execute(ForkedBooter.java:162)
	at org.apache.maven.surefire.booter.ForkedBooter.run(ForkedBooter.java:507)
	at org.apache.maven.surefire.booter.ForkedBooter.main(ForkedBooter.java:495)

[ERROR] net.zerocloud.pdf.consumer.ShapingCompositionWorkflowTest.tableIntrinsicMinimumUsesIndependentlyShapedGraphemes[IN_PROCESS] -- Time elapsed: 0.194 s <<< ERROR!
net.zerocloud.pdf.DocumentFailure: The text and logical-structure extraction limit was exceeded.
	at net.zerocloud.pdf.PdfBoxWorkflowEngine.failure(PdfBoxWorkflowEngine.java:292)
	at net.zerocloud.pdf.PdfBoxWorkflowEngine.executeWithDocument(PdfBoxWorkflowEngine.java:350)
	at net.zerocloud.pdf.PdfBoxWorkflowEngine.executeChecked(PdfBoxWorkflowEngine.java:238)
	at net.zerocloud.pdf.PdfBoxWorkflowEngine.execute(PdfBoxWorkflowEngine.java:41)
	at net.zerocloud.pdf.DocumentWorkflow.executeOnce(DocumentWorkflow.java:184)
	at net.zerocloud.pdf.DocumentWorkflow.execute(DocumentWorkflow.java:103)
	at net.zerocloud.pdf.DocumentWorkflow.execute(DocumentWorkflow.java:64)
	at net.zerocloud.pdf.consumer.ShapingCompositionWorkflowTest.reopen(ShapingCompositionWorkflowTest.java:592)
	at net.zerocloud.pdf.consumer.ShapingCompositionWorkflowTest.tableIntrinsicMinimumUsesIndependentlyShapedGraphemes(ShapingCompositionWorkflowTest.java:460)
	at java.base/jdk.internal.reflect.NativeMethodAccessorImpl.invoke0(Native Method)
	at java.base/jdk.internal.reflect.NativeMethodAccessorImpl.invoke(NativeMethodAccessorImpl.java:77)
	at java.base/jdk.internal.reflect.DelegatingMethodAccessorImpl.invoke(DelegatingMethodAccessorImpl.java:43)
	at java.base/java.lang.reflect.Method.invoke(Method.java:568)
	at org.junit.runners.model.FrameworkMethod$1.runReflectiveCall(FrameworkMethod.java:59)
	at org.junit.internal.runners.model.ReflectiveCallable.run(ReflectiveCallable.java:12)
	at org.junit.runners.model.FrameworkMethod.invokeExplosively(FrameworkMethod.java:56)
	at org.junit.internal.runners.statements.InvokeMethod.evaluate(InvokeMethod.java:17)
	at org.junit.rules.ExternalResource$1.evaluate(ExternalResource.java:54)
	at org.junit.runners.ParentRunner$3.evaluate(ParentRunner.java:306)
	at org.junit.runners.BlockJUnit4ClassRunner$1.evaluate(BlockJUnit4ClassRunner.java:100)
	at org.junit.runners.ParentRunner.runLeaf(ParentRunner.java:366)
	at org.junit.runners.BlockJUnit4ClassRunner.runChild(BlockJUnit4ClassRunner.java:103)
	at org.junit.runners.BlockJUnit4ClassRunner.runChild(BlockJUnit4ClassRunner.java:63)
	at org.junit.runners.ParentRunner$4.run(ParentRunner.java:331)
	at org.junit.runners.ParentRunner$1.schedule(ParentRunner.java:79)
	at org.junit.runners.ParentRunner.runChildren(ParentRunner.java:329)
	at org.junit.runners.ParentRunner.access$100(ParentRunner.java:66)
	at org.junit.runners.ParentRunner$2.evaluate(ParentRunner.java:293)
	at org.junit.runners.ParentRunner.run(ParentRunner.java:413)
	at org.junit.runners.Suite.runChild(Suite.java:128)
	at org.junit.runners.Suite.runChild(Suite.java:27)
	at org.junit.runners.ParentRunner$4.run(ParentRunner.java:331)
	at org.junit.runners.ParentRunner$1.schedule(ParentRunner.java:79)
	at org.junit.runners.ParentRunner.runChildren(ParentRunner.java:329)
	at org.junit.runners.ParentRunner.access$100(ParentRunner.java:66)
	at org.junit.runners.ParentRunner$2.evaluate(ParentRunner.java:293)
	at org.junit.runners.ParentRunner$3.evaluate(ParentRunner.java:306)
	at org.junit.runners.ParentRunner.run(ParentRunner.java:413)
	at org.apache.maven.surefire.junit4.JUnit4Provider.execute(JUnit4Provider.java:316)
	at org.apache.maven.surefire.junit4.JUnit4Provider.executeWithRerun(JUnit4Provider.java:240)
	at org.apache.maven.surefire.junit4.JUnit4Provider.executeTestSet(JUnit4Provider.java:214)
	at org.apache.maven.surefire.junit4.JUnit4Provider.invoke(JUnit4Provider.java:155)
	at org.apache.maven.surefire.booter.ForkedBooter.runSuitesInProcess(ForkedBooter.java:385)
	at org.apache.maven.surefire.booter.ForkedBooter.execute(ForkedBooter.java:162)
	at org.apache.maven.surefire.booter.ForkedBooter.run(ForkedBooter.java:507)
	at org.apache.maven.surefire.booter.ForkedBooter.main(ForkedBooter.java:495)

[ERROR] net.zerocloud.pdf.consumer.ShapingCompositionWorkflowTest.fontSizeBoundariesPreserveTheIcuGraphemeAndEachDeclaredSize[IN_PROCESS] -- Time elapsed: 0.101 s <<< ERROR!
net.zerocloud.pdf.DocumentFailure: The text and logical-structure extraction limit was exceeded.
	at net.zerocloud.pdf.PdfBoxWorkflowEngine.failure(PdfBoxWorkflowEngine.java:292)
	at net.zerocloud.pdf.PdfBoxWorkflowEngine.executeWithDocument(PdfBoxWorkflowEngine.java:350)
	at net.zerocloud.pdf.PdfBoxWorkflowEngine.executeChecked(PdfBoxWorkflowEngine.java:238)
	at net.zerocloud.pdf.PdfBoxWorkflowEngine.execute(PdfBoxWorkflowEngine.java:41)
	at net.zerocloud.pdf.DocumentWorkflow.executeOnce(DocumentWorkflow.java:184)
	at net.zerocloud.pdf.DocumentWorkflow.execute(DocumentWorkflow.java:103)
	at net.zerocloud.pdf.DocumentWorkflow.execute(DocumentWorkflow.java:64)
	at net.zerocloud.pdf.consumer.ShapingCompositionWorkflowTest.reopen(ShapingCompositionWorkflowTest.java:592)
	at net.zerocloud.pdf.consumer.ShapingCompositionWorkflowTest.fontSizeBoundariesPreserveTheIcuGraphemeAndEachDeclaredSize(ShapingCompositionWorkflowTest.java:528)
	at java.base/jdk.internal.reflect.NativeMethodAccessorImpl.invoke0(Native Method)
	at java.base/jdk.internal.reflect.NativeMethodAccessorImpl.invoke(NativeMethodAccessorImpl.java:77)
	at java.base/jdk.internal.reflect.DelegatingMethodAccessorImpl.invoke(DelegatingMethodAccessorImpl.java:43)
	at java.base/java.lang.reflect.Method.invoke(Method.java:568)
	at org.junit.runners.model.FrameworkMethod$1.runReflectiveCall(FrameworkMethod.java:59)
	at org.junit.internal.runners.model.ReflectiveCallable.run(ReflectiveCallable.java:12)
	at org.junit.runners.model.FrameworkMethod.invokeExplosively(FrameworkMethod.java:56)
	at org.junit.internal.runners.statements.InvokeMethod.evaluate(InvokeMethod.java:17)
	at org.junit.rules.ExternalResource$1.evaluate(ExternalResource.java:54)
	at org.junit.runners.ParentRunner$3.evaluate(ParentRunner.java:306)
	at org.junit.runners.BlockJUnit4ClassRunner$1.evaluate(BlockJUnit4ClassRunner.java:100)
	at org.junit.runners.ParentRunner.runLeaf(ParentRunner.java:366)
	at org.junit.runners.BlockJUnit4ClassRunner.runChild(BlockJUnit4ClassRunner.java:103)
	at org.junit.runners.BlockJUnit4ClassRunner.runChild(BlockJUnit4ClassRunner.java:63)
	at org.junit.runners.ParentRunner$4.run(ParentRunner.java:331)
	at org.junit.runners.ParentRunner$1.schedule(ParentRunner.java:79)
	at org.junit.runners.ParentRunner.runChildren(ParentRunner.java:329)
	at org.junit.runners.ParentRunner.access$100(ParentRunner.java:66)
	at org.junit.runners.ParentRunner$2.evaluate(ParentRunner.java:293)
	at org.junit.runners.ParentRunner.run(ParentRunner.java:413)
	at org.junit.runners.Suite.runChild(Suite.java:128)
	at org.junit.runners.Suite.runChild(Suite.java:27)
	at org.junit.runners.ParentRunner$4.run(ParentRunner.java:331)
	at org.junit.runners.ParentRunner$1.schedule(ParentRunner.java:79)
	at org.junit.runners.ParentRunner.runChildren(ParentRunner.java:329)
	at org.junit.runners.ParentRunner.access$100(ParentRunner.java:66)
	at org.junit.runners.ParentRunner$2.evaluate(ParentRunner.java:293)
	at org.junit.runners.ParentRunner$3.evaluate(ParentRunner.java:306)
	at org.junit.runners.ParentRunner.run(ParentRunner.java:413)
	at org.apache.maven.surefire.junit4.JUnit4Provider.execute(JUnit4Provider.java:316)
	at org.apache.maven.surefire.junit4.JUnit4Provider.executeWithRerun(JUnit4Provider.java:240)
	at org.apache.maven.surefire.junit4.JUnit4Provider.executeTestSet(JUnit4Provider.java:214)
	at org.apache.maven.surefire.junit4.JUnit4Provider.invoke(JUnit4Provider.java:155)
	at org.apache.maven.surefire.booter.ForkedBooter.runSuitesInProcess(ForkedBooter.java:385)
	at org.apache.maven.surefire.booter.ForkedBooter.execute(ForkedBooter.java:162)
	at org.apache.maven.surefire.booter.ForkedBooter.run(ForkedBooter.java:507)
	at org.apache.maven.surefire.booter.ForkedBooter.main(ForkedBooter.java:495)

[ERROR] net.zerocloud.pdf.consumer.ShapingCompositionWorkflowTest.rejectedAreasReleaseShapingWithinTheBudgetOfExplicitlySkippingThem[IN_PROCESS] -- Time elapsed: 5.079 s <<< ERROR!
net.zerocloud.pdf.DocumentFailure: The text and logical-structure extraction limit was exceeded.
	at net.zerocloud.pdf.PdfBoxWorkflowEngine.failure(PdfBoxWorkflowEngine.java:292)
	at net.zerocloud.pdf.PdfBoxWorkflowEngine.executeWithDocument(PdfBoxWorkflowEngine.java:350)
	at net.zerocloud.pdf.PdfBoxWorkflowEngine.executeChecked(PdfBoxWorkflowEngine.java:238)
	at net.zerocloud.pdf.PdfBoxWorkflowEngine.execute(PdfBoxWorkflowEngine.java:41)
	at net.zerocloud.pdf.DocumentWorkflow.executeOnce(DocumentWorkflow.java:184)
	at net.zerocloud.pdf.DocumentWorkflow.execute(DocumentWorkflow.java:103)
	at net.zerocloud.pdf.DocumentWorkflow.execute(DocumentWorkflow.java:64)
	at net.zerocloud.pdf.consumer.ShapingCompositionWorkflowTest.reopen(ShapingCompositionWorkflowTest.java:592)
	at net.zerocloud.pdf.consumer.ShapingCompositionWorkflowTest.rejectedAreasReleaseShapingWithinTheBudgetOfExplicitlySkippingThem(ShapingCompositionWorkflowTest.java:512)
	at java.base/jdk.internal.reflect.NativeMethodAccessorImpl.invoke0(Native Method)
	at java.base/jdk.internal.reflect.NativeMethodAccessorImpl.invoke(NativeMethodAccessorImpl.java:77)
	at java.base/jdk.internal.reflect.DelegatingMethodAccessorImpl.invoke(DelegatingMethodAccessorImpl.java:43)
	at java.base/java.lang.reflect.Method.invoke(Method.java:568)
	at org.junit.runners.model.FrameworkMethod$1.runReflectiveCall(FrameworkMethod.java:59)
	at org.junit.internal.runners.model.ReflectiveCallable.run(ReflectiveCallable.java:12)
	at org.junit.runners.model.FrameworkMethod.invokeExplosively(FrameworkMethod.java:56)
	at org.junit.internal.runners.statements.InvokeMethod.evaluate(InvokeMethod.java:17)
	at org.junit.rules.ExternalResource$1.evaluate(ExternalResource.java:54)
	at org.junit.runners.ParentRunner$3.evaluate(ParentRunner.java:306)
	at org.junit.runners.BlockJUnit4ClassRunner$1.evaluate(BlockJUnit4ClassRunner.java:100)
	at org.junit.runners.ParentRunner.runLeaf(ParentRunner.java:366)
	at org.junit.runners.BlockJUnit4ClassRunner.runChild(BlockJUnit4ClassRunner.java:103)
	at org.junit.runners.BlockJUnit4ClassRunner.runChild(BlockJUnit4ClassRunner.java:63)
	at org.junit.runners.ParentRunner$4.run(ParentRunner.java:331)
	at org.junit.runners.ParentRunner$1.schedule(ParentRunner.java:79)
	at org.junit.runners.ParentRunner.runChildren(ParentRunner.java:329)
	at org.junit.runners.ParentRunner.access$100(ParentRunner.java:66)
	at org.junit.runners.ParentRunner$2.evaluate(ParentRunner.java:293)
	at org.junit.runners.ParentRunner.run(ParentRunner.java:413)
	at org.junit.runners.Suite.runChild(Suite.java:128)
	at org.junit.runners.Suite.runChild(Suite.java:27)
	at org.junit.runners.ParentRunner$4.run(ParentRunner.java:331)
	at org.junit.runners.ParentRunner$1.schedule(ParentRunner.java:79)
	at org.junit.runners.ParentRunner.runChildren(ParentRunner.java:329)
	at org.junit.runners.ParentRunner.access$100(ParentRunner.java:66)
	at org.junit.runners.ParentRunner$2.evaluate(ParentRunner.java:293)
	at org.junit.runners.ParentRunner$3.evaluate(ParentRunner.java:306)
	at org.junit.runners.ParentRunner.run(ParentRunner.java:413)
	at org.apache.maven.surefire.junit4.JUnit4Provider.execute(JUnit4Provider.java:316)
	at org.apache.maven.surefire.junit4.JUnit4Provider.executeWithRerun(JUnit4Provider.java:240)
	at org.apache.maven.surefire.junit4.JUnit4Provider.executeTestSet(JUnit4Provider.java:214)
	at org.apache.maven.surefire.junit4.JUnit4Provider.invoke(JUnit4Provider.java:155)
	at org.apache.maven.surefire.booter.ForkedBooter.runSuitesInProcess(ForkedBooter.java:385)
	at org.apache.maven.surefire.booter.ForkedBooter.execute(ForkedBooter.java:162)
	at org.apache.maven.surefire.booter.ForkedBooter.run(ForkedBooter.java:507)
	at org.apache.maven.surefire.booter.ForkedBooter.main(ForkedBooter.java:495)

[ERROR] net.zerocloud.pdf.consumer.ShapingCompositionWorkflowTest.arabicMarkedLigaturePublishesTwoPositionedGlyphsAndItsLogicalInput[IN_PROCESS] -- Time elapsed: 0.022 s <<< ERROR!
net.zerocloud.pdf.DocumentFailure: The text and logical-structure extraction limit was exceeded.
	at net.zerocloud.pdf.PdfBoxWorkflowEngine.failure(PdfBoxWorkflowEngine.java:292)
	at net.zerocloud.pdf.PdfBoxWorkflowEngine.executeWithDocument(PdfBoxWorkflowEngine.java:350)
	at net.zerocloud.pdf.PdfBoxWorkflowEngine.executeChecked(PdfBoxWorkflowEngine.java:238)
	at net.zerocloud.pdf.PdfBoxWorkflowEngine.execute(PdfBoxWorkflowEngine.java:41)
	at net.zerocloud.pdf.DocumentWorkflow.executeOnce(DocumentWorkflow.java:184)
	at net.zerocloud.pdf.DocumentWorkflow.execute(DocumentWorkflow.java:103)
	at net.zerocloud.pdf.DocumentWorkflow.execute(DocumentWorkflow.java:64)
	at net.zerocloud.pdf.consumer.ShapingCompositionWorkflowTest.arabicMarkedLigaturePublishesTwoPositionedGlyphsAndItsLogicalInput(ShapingCompositionWorkflowTest.java:134)
	at java.base/jdk.internal.reflect.NativeMethodAccessorImpl.invoke0(Native Method)
	at java.base/jdk.internal.reflect.NativeMethodAccessorImpl.invoke(NativeMethodAccessorImpl.java:77)
	at java.base/jdk.internal.reflect.DelegatingMethodAccessorImpl.invoke(DelegatingMethodAccessorImpl.java:43)
	at java.base/java.lang.reflect.Method.invoke(Method.java:568)
	at org.junit.runners.model.FrameworkMethod$1.runReflectiveCall(FrameworkMethod.java:59)
	at org.junit.internal.runners.model.ReflectiveCallable.run(ReflectiveCallable.java:12)
	at org.junit.runners.model.FrameworkMethod.invokeExplosively(FrameworkMethod.java:56)
	at org.junit.internal.runners.statements.InvokeMethod.evaluate(InvokeMethod.java:17)
	at org.junit.rules.ExternalResource$1.evaluate(ExternalResource.java:54)
	at org.junit.runners.ParentRunner$3.evaluate(ParentRunner.java:306)
	at org.junit.runners.BlockJUnit4ClassRunner$1.evaluate(BlockJUnit4ClassRunner.java:100)
	at org.junit.runners.ParentRunner.runLeaf(ParentRunner.java:366)
	at org.junit.runners.BlockJUnit4ClassRunner.runChild(BlockJUnit4ClassRunner.java:103)
	at org.junit.runners.BlockJUnit4ClassRunner.runChild(BlockJUnit4ClassRunner.java:63)
	at org.junit.runners.ParentRunner$4.run(ParentRunner.java:331)
	at org.junit.runners.ParentRunner$1.schedule(ParentRunner.java:79)
	at org.junit.runners.ParentRunner.runChildren(ParentRunner.java:329)
	at org.junit.runners.ParentRunner.access$100(ParentRunner.java:66)
	at org.junit.runners.ParentRunner$2.evaluate(ParentRunner.java:293)
	at org.junit.runners.ParentRunner.run(ParentRunner.java:413)
	at org.junit.runners.Suite.runChild(Suite.java:128)
	at org.junit.runners.Suite.runChild(Suite.java:27)
	at org.junit.runners.ParentRunner$4.run(ParentRunner.java:331)
	at org.junit.runners.ParentRunner$1.schedule(ParentRunner.java:79)
	at org.junit.runners.ParentRunner.runChildren(ParentRunner.java:329)
	at org.junit.runners.ParentRunner.access$100(ParentRunner.java:66)
	at org.junit.runners.ParentRunner$2.evaluate(ParentRunner.java:293)
	at org.junit.runners.ParentRunner$3.evaluate(ParentRunner.java:306)
	at org.junit.runners.ParentRunner.run(ParentRunner.java:413)
	at org.apache.maven.surefire.junit4.JUnit4Provider.execute(JUnit4Provider.java:316)
	at org.apache.maven.surefire.junit4.JUnit4Provider.executeWithRerun(JUnit4Provider.java:240)
	at org.apache.maven.surefire.junit4.JUnit4Provider.executeTestSet(JUnit4Provider.java:214)
	at org.apache.maven.surefire.junit4.JUnit4Provider.invoke(JUnit4Provider.java:155)
	at org.apache.maven.surefire.booter.ForkedBooter.runSuitesInProcess(ForkedBooter.java:385)
	at org.apache.maven.surefire.booter.ForkedBooter.execute(ForkedBooter.java:162)
	at org.apache.maven.surefire.booter.ForkedBooter.run(ForkedBooter.java:507)
	at org.apache.maven.surefire.booter.ForkedBooter.main(ForkedBooter.java:495)

[ERROR] net.zerocloud.pdf.consumer.ShapingCompositionWorkflowTest.repeatedBufferedRelayoutReleasesObsoleteInitialShapingPlans[IN_PROCESS] -- Time elapsed: 0.942 s <<< ERROR!
net.zerocloud.pdf.DocumentFailure: The text and logical-structure extraction limit was exceeded.
	at net.zerocloud.pdf.PdfBoxWorkflowEngine.failure(PdfBoxWorkflowEngine.java:292)
	at net.zerocloud.pdf.PdfBoxWorkflowEngine.executeWithDocument(PdfBoxWorkflowEngine.java:350)
	at net.zerocloud.pdf.PdfBoxWorkflowEngine.executeChecked(PdfBoxWorkflowEngine.java:238)
	at net.zerocloud.pdf.PdfBoxWorkflowEngine.execute(PdfBoxWorkflowEngine.java:41)
	at net.zerocloud.pdf.DocumentWorkflow.executeOnce(DocumentWorkflow.java:184)
	at net.zerocloud.pdf.DocumentWorkflow.execute(DocumentWorkflow.java:103)
	at net.zerocloud.pdf.DocumentWorkflow.execute(DocumentWorkflow.java:64)
	at net.zerocloud.pdf.consumer.ShapingCompositionWorkflowTest.reopen(ShapingCompositionWorkflowTest.java:592)
	at net.zerocloud.pdf.consumer.ShapingCompositionWorkflowTest.repeatedBufferedRelayoutReleasesObsoleteInitialShapingPlans(ShapingCompositionWorkflowTest.java:315)
	at java.base/jdk.internal.reflect.NativeMethodAccessorImpl.invoke0(Native Method)
	at java.base/jdk.internal.reflect.NativeMethodAccessorImpl.invoke(NativeMethodAccessorImpl.java:77)
	at java.base/jdk.internal.reflect.DelegatingMethodAccessorImpl.invoke(DelegatingMethodAccessorImpl.java:43)
	at java.base/java.lang.reflect.Method.invoke(Method.java:568)
	at org.junit.runners.model.FrameworkMethod$1.runReflectiveCall(FrameworkMethod.java:59)
	at org.junit.internal.runners.model.ReflectiveCallable.run(ReflectiveCallable.java:12)
	at org.junit.runners.model.FrameworkMethod.invokeExplosively(FrameworkMethod.java:56)
	at org.junit.internal.runners.statements.InvokeMethod.evaluate(InvokeMethod.java:17)
	at org.junit.rules.ExternalResource$1.evaluate(ExternalResource.java:54)
	at org.junit.runners.ParentRunner$3.evaluate(ParentRunner.java:306)
	at org.junit.runners.BlockJUnit4ClassRunner$1.evaluate(BlockJUnit4ClassRunner.java:100)
	at org.junit.runners.ParentRunner.runLeaf(ParentRunner.java:366)
	at org.junit.runners.BlockJUnit4ClassRunner.runChild(BlockJUnit4ClassRunner.java:103)
	at org.junit.runners.BlockJUnit4ClassRunner.runChild(BlockJUnit4ClassRunner.java:63)
	at org.junit.runners.ParentRunner$4.run(ParentRunner.java:331)
	at org.junit.runners.ParentRunner$1.schedule(ParentRunner.java:79)
	at org.junit.runners.ParentRunner.runChildren(ParentRunner.java:329)
	at org.junit.runners.ParentRunner.access$100(ParentRunner.java:66)
	at org.junit.runners.ParentRunner$2.evaluate(ParentRunner.java:293)
	at org.junit.runners.ParentRunner.run(ParentRunner.java:413)
	at org.junit.runners.Suite.runChild(Suite.java:128)
	at org.junit.runners.Suite.runChild(Suite.java:27)
	at org.junit.runners.ParentRunner$4.run(ParentRunner.java:331)
	at org.junit.runners.ParentRunner$1.schedule(ParentRunner.java:79)
	at org.junit.runners.ParentRunner.runChildren(ParentRunner.java:329)
	at org.junit.runners.ParentRunner.access$100(ParentRunner.java:66)
	at org.junit.runners.ParentRunner$2.evaluate(ParentRunner.java:293)
	at org.junit.runners.ParentRunner$3.evaluate(ParentRunner.java:306)
	at org.junit.runners.ParentRunner.run(ParentRunner.java:413)
	at org.apache.maven.surefire.junit4.JUnit4Provider.execute(JUnit4Provider.java:316)
	at org.apache.maven.surefire.junit4.JUnit4Provider.executeWithRerun(JUnit4Provider.java:240)
	at org.apache.maven.surefire.junit4.JUnit4Provider.executeTestSet(JUnit4Provider.java:214)
	at org.apache.maven.surefire.junit4.JUnit4Provider.invoke(JUnit4Provider.java:155)
	at org.apache.maven.surefire.booter.ForkedBooter.runSuitesInProcess(ForkedBooter.java:385)
	at org.apache.maven.surefire.booter.ForkedBooter.execute(ForkedBooter.java:162)
	at org.apache.maven.surefire.booter.ForkedBooter.run(ForkedBooter.java:507)
	at org.apache.maven.surefire.booter.ForkedBooter.main(ForkedBooter.java:495)

[ERROR] net.zerocloud.pdf.consumer.ShapingCompositionWorkflowTest.positionedTextAndRegistrationWithoutPreferenceKeepTheirUnshapedContract[IN_PROCESS] -- Time elapsed: 0.022 s <<< ERROR!
net.zerocloud.pdf.DocumentFailure: The text and logical-structure extraction limit was exceeded.
	at net.zerocloud.pdf.PdfBoxWorkflowEngine.failure(PdfBoxWorkflowEngine.java:292)
	at net.zerocloud.pdf.PdfBoxWorkflowEngine.executeWithDocument(PdfBoxWorkflowEngine.java:350)
	at net.zerocloud.pdf.PdfBoxWorkflowEngine.executeChecked(PdfBoxWorkflowEngine.java:238)
	at net.zerocloud.pdf.PdfBoxWorkflowEngine.execute(PdfBoxWorkflowEngine.java:41)
	at net.zerocloud.pdf.DocumentWorkflow.executeOnce(DocumentWorkflow.java:184)
	at net.zerocloud.pdf.DocumentWorkflow.execute(DocumentWorkflow.java:103)
	at net.zerocloud.pdf.DocumentWorkflow.execute(DocumentWorkflow.java:64)
	at net.zerocloud.pdf.consumer.ShapingCompositionWorkflowTest.reopen(ShapingCompositionWorkflowTest.java:592)
	at net.zerocloud.pdf.consumer.ShapingCompositionWorkflowTest.positionedTextAndRegistrationWithoutPreferenceKeepTheirUnshapedContract(ShapingCompositionWorkflowTest.java:230)
	at java.base/jdk.internal.reflect.NativeMethodAccessorImpl.invoke0(Native Method)
	at java.base/jdk.internal.reflect.NativeMethodAccessorImpl.invoke(NativeMethodAccessorImpl.java:77)
	at java.base/jdk.internal.reflect.DelegatingMethodAccessorImpl.invoke(DelegatingMethodAccessorImpl.java:43)
	at java.base/java.lang.reflect.Method.invoke(Method.java:568)
	at org.junit.runners.model.FrameworkMethod$1.runReflectiveCall(FrameworkMethod.java:59)
	at org.junit.internal.runners.model.ReflectiveCallable.run(ReflectiveCallable.java:12)
	at org.junit.runners.model.FrameworkMethod.invokeExplosively(FrameworkMethod.java:56)
	at org.junit.internal.runners.statements.InvokeMethod.evaluate(InvokeMethod.java:17)
	at org.junit.rules.ExternalResource$1.evaluate(ExternalResource.java:54)
	at org.junit.runners.ParentRunner$3.evaluate(ParentRunner.java:306)
	at org.junit.runners.BlockJUnit4ClassRunner$1.evaluate(BlockJUnit4ClassRunner.java:100)
	at org.junit.runners.ParentRunner.runLeaf(ParentRunner.java:366)
	at org.junit.runners.BlockJUnit4ClassRunner.runChild(BlockJUnit4ClassRunner.java:103)
	at org.junit.runners.BlockJUnit4ClassRunner.runChild(BlockJUnit4ClassRunner.java:63)
	at org.junit.runners.ParentRunner$4.run(ParentRunner.java:331)
	at org.junit.runners.ParentRunner$1.schedule(ParentRunner.java:79)
	at org.junit.runners.ParentRunner.runChildren(ParentRunner.java:329)
	at org.junit.runners.ParentRunner.access$100(ParentRunner.java:66)
	at org.junit.runners.ParentRunner$2.evaluate(ParentRunner.java:293)
	at org.junit.runners.ParentRunner.run(ParentRunner.java:413)
	at org.junit.runners.Suite.runChild(Suite.java:128)
	at org.junit.runners.Suite.runChild(Suite.java:27)
	at org.junit.runners.ParentRunner$4.run(ParentRunner.java:331)
	at org.junit.runners.ParentRunner$1.schedule(ParentRunner.java:79)
	at org.junit.runners.ParentRunner.runChildren(ParentRunner.java:329)
	at org.junit.runners.ParentRunner.access$100(ParentRunner.java:66)
	at org.junit.runners.ParentRunner$2.evaluate(ParentRunner.java:293)
	at org.junit.runners.ParentRunner$3.evaluate(ParentRunner.java:306)
	at org.junit.runners.ParentRunner.run(ParentRunner.java:413)
	at org.apache.maven.surefire.junit4.JUnit4Provider.execute(JUnit4Provider.java:316)
	at org.apache.maven.surefire.junit4.JUnit4Provider.executeWithRerun(JUnit4Provider.java:240)
	at org.apache.maven.surefire.junit4.JUnit4Provider.executeTestSet(JUnit4Provider.java:214)
	at org.apache.maven.surefire.junit4.JUnit4Provider.invoke(JUnit4Provider.java:155)
	at org.apache.maven.surefire.booter.ForkedBooter.runSuitesInProcess(ForkedBooter.java:385)
	at org.apache.maven.surefire.booter.ForkedBooter.execute(ForkedBooter.java:162)
	at org.apache.maven.surefire.booter.ForkedBooter.run(ForkedBooter.java:507)
	at org.apache.maven.surefire.booter.ForkedBooter.main(ForkedBooter.java:495)

[ERROR] net.zerocloud.pdf.consumer.ShapingCompositionWorkflowTest.tableMinimumAdmitsAJoinedLigatureNarrowerThanItsIsolatedGraphemes[HARDENED_WORKER] -- Time elapsed: 1.417 s <<< ERROR!
net.zerocloud.pdf.DocumentFailure: The text and logical-structure extraction limit was exceeded.
	at net.zerocloud.pdf.HardenedWorkerEngine.execute(HardenedWorkerEngine.java:247)
	at net.zerocloud.pdf.DocumentWorkflow.executeOnce(DocumentWorkflow.java:177)
	at net.zerocloud.pdf.DocumentWorkflow.execute(DocumentWorkflow.java:103)
	at net.zerocloud.pdf.DocumentWorkflow.execute(DocumentWorkflow.java:64)
	at net.zerocloud.pdf.consumer.ShapingCompositionWorkflowTest.reopen(ShapingCompositionWorkflowTest.java:592)
	at net.zerocloud.pdf.consumer.ShapingCompositionWorkflowTest.tableMinimumAdmitsAJoinedLigatureNarrowerThanItsIsolatedGraphemes(ShapingCompositionWorkflowTest.java:490)
	at java.base/jdk.internal.reflect.NativeMethodAccessorImpl.invoke0(Native Method)
	at java.base/jdk.internal.reflect.NativeMethodAccessorImpl.invoke(NativeMethodAccessorImpl.java:77)
	at java.base/jdk.internal.reflect.DelegatingMethodAccessorImpl.invoke(DelegatingMethodAccessorImpl.java:43)
	at java.base/java.lang.reflect.Method.invoke(Method.java:568)
	at org.junit.runners.model.FrameworkMethod$1.runReflectiveCall(FrameworkMethod.java:59)
	at org.junit.internal.runners.model.ReflectiveCallable.run(ReflectiveCallable.java:12)
	at org.junit.runners.model.FrameworkMethod.invokeExplosively(FrameworkMethod.java:56)
	at org.junit.internal.runners.statements.InvokeMethod.evaluate(InvokeMethod.java:17)
	at org.junit.rules.ExternalResource$1.evaluate(ExternalResource.java:54)
	at org.junit.runners.ParentRunner$3.evaluate(ParentRunner.java:306)
	at org.junit.runners.BlockJUnit4ClassRunner$1.evaluate(BlockJUnit4ClassRunner.java:100)
	at org.junit.runners.ParentRunner.runLeaf(ParentRunner.java:366)
	at org.junit.runners.BlockJUnit4ClassRunner.runChild(BlockJUnit4ClassRunner.java:103)
	at org.junit.runners.BlockJUnit4ClassRunner.runChild(BlockJUnit4ClassRunner.java:63)
	at org.junit.runners.ParentRunner$4.run(ParentRunner.java:331)
	at org.junit.runners.ParentRunner$1.schedule(ParentRunner.java:79)
	at org.junit.runners.ParentRunner.runChildren(ParentRunner.java:329)
	at org.junit.runners.ParentRunner.access$100(ParentRunner.java:66)
	at org.junit.runners.ParentRunner$2.evaluate(ParentRunner.java:293)
	at org.junit.runners.ParentRunner.run(ParentRunner.java:413)
	at org.junit.runners.Suite.runChild(Suite.java:128)
	at org.junit.runners.Suite.runChild(Suite.java:27)
	at org.junit.runners.ParentRunner$4.run(ParentRunner.java:331)
	at org.junit.runners.ParentRunner$1.schedule(ParentRunner.java:79)
	at org.junit.runners.ParentRunner.runChildren(ParentRunner.java:329)
	at org.junit.runners.ParentRunner.access$100(ParentRunner.java:66)
	at org.junit.runners.ParentRunner$2.evaluate(ParentRunner.java:293)
	at org.junit.runners.ParentRunner$3.evaluate(ParentRunner.java:306)
	at org.junit.runners.ParentRunner.run(ParentRunner.java:413)
	at org.apache.maven.surefire.junit4.JUnit4Provider.execute(JUnit4Provider.java:316)
	at org.apache.maven.surefire.junit4.JUnit4Provider.executeWithRerun(JUnit4Provider.java:240)
	at org.apache.maven.surefire.junit4.JUnit4Provider.executeTestSet(JUnit4Provider.java:214)
	at org.apache.maven.surefire.junit4.JUnit4Provider.invoke(JUnit4Provider.java:155)
	at org.apache.maven.surefire.booter.ForkedBooter.runSuitesInProcess(ForkedBooter.java:385)
	at org.apache.maven.surefire.booter.ForkedBooter.execute(ForkedBooter.java:162)
	at org.apache.maven.surefire.booter.ForkedBooter.run(ForkedBooter.java:507)
	at org.apache.maven.surefire.booter.ForkedBooter.main(ForkedBooter.java:495)

[ERROR] net.zerocloud.pdf.consumer.ShapingCompositionWorkflowTest.completeArabicFontAcceptsAxisReflectedCompositeOutlines[HARDENED_WORKER] -- Time elapsed: 0.831 s <<< ERROR!
net.zerocloud.pdf.DocumentFailure: The text and logical-structure extraction limit was exceeded.
	at net.zerocloud.pdf.HardenedWorkerEngine.execute(HardenedWorkerEngine.java:247)
	at net.zerocloud.pdf.DocumentWorkflow.executeOnce(DocumentWorkflow.java:177)
	at net.zerocloud.pdf.DocumentWorkflow.execute(DocumentWorkflow.java:103)
	at net.zerocloud.pdf.DocumentWorkflow.execute(DocumentWorkflow.java:64)
	at net.zerocloud.pdf.consumer.ShapingCompositionWorkflowTest.completeArabicFontAcceptsAxisReflectedCompositeOutlines(ShapingCompositionWorkflowTest.java:103)
	at java.base/jdk.internal.reflect.NativeMethodAccessorImpl.invoke0(Native Method)
	at java.base/jdk.internal.reflect.NativeMethodAccessorImpl.invoke(NativeMethodAccessorImpl.java:77)
	at java.base/jdk.internal.reflect.DelegatingMethodAccessorImpl.invoke(DelegatingMethodAccessorImpl.java:43)
	at java.base/java.lang.reflect.Method.invoke(Method.java:568)
	at org.junit.runners.model.FrameworkMethod$1.runReflectiveCall(FrameworkMethod.java:59)
	at org.junit.internal.runners.model.ReflectiveCallable.run(ReflectiveCallable.java:12)
	at org.junit.runners.model.FrameworkMethod.invokeExplosively(FrameworkMethod.java:56)
	at org.junit.internal.runners.statements.InvokeMethod.evaluate(InvokeMethod.java:17)
	at org.junit.rules.ExternalResource$1.evaluate(ExternalResource.java:54)
	at org.junit.runners.ParentRunner$3.evaluate(ParentRunner.java:306)
	at org.junit.runners.BlockJUnit4ClassRunner$1.evaluate(BlockJUnit4ClassRunner.java:100)
	at org.junit.runners.ParentRunner.runLeaf(ParentRunner.java:366)
	at org.junit.runners.BlockJUnit4ClassRunner.runChild(BlockJUnit4ClassRunner.java:103)
	at org.junit.runners.BlockJUnit4ClassRunner.runChild(BlockJUnit4ClassRunner.java:63)
	at org.junit.runners.ParentRunner$4.run(ParentRunner.java:331)
	at org.junit.runners.ParentRunner$1.schedule(ParentRunner.java:79)
	at org.junit.runners.ParentRunner.runChildren(ParentRunner.java:329)
	at org.junit.runners.ParentRunner.access$100(ParentRunner.java:66)
	at org.junit.runners.ParentRunner$2.evaluate(ParentRunner.java:293)
	at org.junit.runners.ParentRunner.run(ParentRunner.java:413)
	at org.junit.runners.Suite.runChild(Suite.java:128)
	at org.junit.runners.Suite.runChild(Suite.java:27)
	at org.junit.runners.ParentRunner$4.run(ParentRunner.java:331)
	at org.junit.runners.ParentRunner$1.schedule(ParentRunner.java:79)
	at org.junit.runners.ParentRunner.runChildren(ParentRunner.java:329)
	at org.junit.runners.ParentRunner.access$100(ParentRunner.java:66)
	at org.junit.runners.ParentRunner$2.evaluate(ParentRunner.java:293)
	at org.junit.runners.ParentRunner$3.evaluate(ParentRunner.java:306)
	at org.junit.runners.ParentRunner.run(ParentRunner.java:413)
	at org.apache.maven.surefire.junit4.JUnit4Provider.execute(JUnit4Provider.java:316)
	at org.apache.maven.surefire.junit4.JUnit4Provider.executeWithRerun(JUnit4Provider.java:240)
	at org.apache.maven.surefire.junit4.JUnit4Provider.executeTestSet(JUnit4Provider.java:214)
	at org.apache.maven.surefire.junit4.JUnit4Provider.invoke(JUnit4Provider.java:155)
	at org.apache.maven.surefire.booter.ForkedBooter.runSuitesInProcess(ForkedBooter.java:385)
	at org.apache.maven.surefire.booter.ForkedBooter.execute(ForkedBooter.java:162)
	at org.apache.maven.surefire.booter.ForkedBooter.run(ForkedBooter.java:507)
	at org.apache.maven.surefire.booter.ForkedBooter.main(ForkedBooter.java:495)

[ERROR] net.zerocloud.pdf.consumer.ShapingCompositionWorkflowTest.incrementalTablesKeepShapedGlyphsAndBorrowedFontsAcrossFlushAndComplete[HARDENED_WORKER] -- Time elapsed: 1.690 s <<< ERROR!
net.zerocloud.pdf.DocumentFailure: The text and logical-structure extraction limit was exceeded.
	at net.zerocloud.pdf.HardenedWorkerEngine.execute(HardenedWorkerEngine.java:247)
	at net.zerocloud.pdf.DocumentWorkflow.executeOnce(DocumentWorkflow.java:177)
	at net.zerocloud.pdf.DocumentWorkflow.execute(DocumentWorkflow.java:103)
	at net.zerocloud.pdf.DocumentWorkflow.execute(DocumentWorkflow.java:64)
	at net.zerocloud.pdf.consumer.ShapingCompositionWorkflowTest.reopen(ShapingCompositionWorkflowTest.java:592)
	at net.zerocloud.pdf.consumer.ShapingCompositionWorkflowTest.incrementalTablesKeepShapedGlyphsAndBorrowedFontsAcrossFlushAndComplete(ShapingCompositionWorkflowTest.java:387)
	at java.base/jdk.internal.reflect.NativeMethodAccessorImpl.invoke0(Native Method)
	at java.base/jdk.internal.reflect.NativeMethodAccessorImpl.invoke(NativeMethodAccessorImpl.java:77)
	at java.base/jdk.internal.reflect.DelegatingMethodAccessorImpl.invoke(DelegatingMethodAccessorImpl.java:43)
	at java.base/java.lang.reflect.Method.invoke(Method.java:568)
	at org.junit.runners.model.FrameworkMethod$1.runReflectiveCall(FrameworkMethod.java:59)
	at org.junit.internal.runners.model.ReflectiveCallable.run(ReflectiveCallable.java:12)
	at org.junit.runners.model.FrameworkMethod.invokeExplosively(FrameworkMethod.java:56)
	at org.junit.internal.runners.statements.InvokeMethod.evaluate(InvokeMethod.java:17)
	at org.junit.rules.ExternalResource$1.evaluate(ExternalResource.java:54)
	at org.junit.runners.ParentRunner$3.evaluate(ParentRunner.java:306)
	at org.junit.runners.BlockJUnit4ClassRunner$1.evaluate(BlockJUnit4ClassRunner.java:100)
	at org.junit.runners.ParentRunner.runLeaf(ParentRunner.java:366)
	at org.junit.runners.BlockJUnit4ClassRunner.runChild(BlockJUnit4ClassRunner.java:103)
	at org.junit.runners.BlockJUnit4ClassRunner.runChild(BlockJUnit4ClassRunner.java:63)
	at org.junit.runners.ParentRunner$4.run(ParentRunner.java:331)
	at org.junit.runners.ParentRunner$1.schedule(ParentRunner.java:79)
	at org.junit.runners.ParentRunner.runChildren(ParentRunner.java:329)
	at org.junit.runners.ParentRunner.access$100(ParentRunner.java:66)
	at org.junit.runners.ParentRunner$2.evaluate(ParentRunner.java:293)
	at org.junit.runners.ParentRunner.run(ParentRunner.java:413)
	at org.junit.runners.Suite.runChild(Suite.java:128)
	at org.junit.runners.Suite.runChild(Suite.java:27)
	at org.junit.runners.ParentRunner$4.run(ParentRunner.java:331)
	at org.junit.runners.ParentRunner$1.schedule(ParentRunner.java:79)
	at org.junit.runners.ParentRunner.runChildren(ParentRunner.java:329)
	at org.junit.runners.ParentRunner.access$100(ParentRunner.java:66)
	at org.junit.runners.ParentRunner$2.evaluate(ParentRunner.java:293)
	at org.junit.runners.ParentRunner$3.evaluate(ParentRunner.java:306)
	at org.junit.runners.ParentRunner.run(ParentRunner.java:413)
	at org.apache.maven.surefire.junit4.JUnit4Provider.execute(JUnit4Provider.java:316)
	at org.apache.maven.surefire.junit4.JUnit4Provider.executeWithRerun(JUnit4Provider.java:240)
	at org.apache.maven.surefire.junit4.JUnit4Provider.executeTestSet(JUnit4Provider.java:214)
	at org.apache.maven.surefire.junit4.JUnit4Provider.invoke(JUnit4Provider.java:155)
	at org.apache.maven.surefire.booter.ForkedBooter.runSuitesInProcess(ForkedBooter.java:385)
	at org.apache.maven.surefire.booter.ForkedBooter.execute(ForkedBooter.java:162)
	at org.apache.maven.surefire.booter.ForkedBooter.run(ForkedBooter.java:507)
	at org.apache.maven.surefire.booter.ForkedBooter.main(ForkedBooter.java:495)

[ERROR] net.zerocloud.pdf.consumer.ShapingCompositionWorkflowTest.bufferedRelayoutReshapesUsingTheBorrowedFontSnapshot[HARDENED_WORKER] -- Time elapsed: 1.493 s <<< ERROR!
net.zerocloud.pdf.DocumentFailure: The text and logical-structure extraction limit was exceeded.
	at net.zerocloud.pdf.HardenedWorkerEngine.execute(HardenedWorkerEngine.java:247)
	at net.zerocloud.pdf.DocumentWorkflow.executeOnce(DocumentWorkflow.java:177)
	at net.zerocloud.pdf.DocumentWorkflow.execute(DocumentWorkflow.java:103)
	at net.zerocloud.pdf.DocumentWorkflow.execute(DocumentWorkflow.java:64)
	at net.zerocloud.pdf.consumer.ShapingCompositionWorkflowTest.reopen(ShapingCompositionWorkflowTest.java:592)
	at net.zerocloud.pdf.consumer.ShapingCompositionWorkflowTest.bufferedRelayoutReshapesUsingTheBorrowedFontSnapshot(ShapingCompositionWorkflowTest.java:296)
	at java.base/jdk.internal.reflect.NativeMethodAccessorImpl.invoke0(Native Method)
	at java.base/jdk.internal.reflect.NativeMethodAccessorImpl.invoke(NativeMethodAccessorImpl.java:77)
	at java.base/jdk.internal.reflect.DelegatingMethodAccessorImpl.invoke(DelegatingMethodAccessorImpl.java:43)
	at java.base/java.lang.reflect.Method.invoke(Method.java:568)
	at org.junit.runners.model.FrameworkMethod$1.runReflectiveCall(FrameworkMethod.java:59)
	at org.junit.internal.runners.model.ReflectiveCallable.run(ReflectiveCallable.java:12)
	at org.junit.runners.model.FrameworkMethod.invokeExplosively(FrameworkMethod.java:56)
	at org.junit.internal.runners.statements.InvokeMethod.evaluate(InvokeMethod.java:17)
	at org.junit.rules.ExternalResource$1.evaluate(ExternalResource.java:54)
	at org.junit.runners.ParentRunner$3.evaluate(ParentRunner.java:306)
	at org.junit.runners.BlockJUnit4ClassRunner$1.evaluate(BlockJUnit4ClassRunner.java:100)
	at org.junit.runners.ParentRunner.runLeaf(ParentRunner.java:366)
	at org.junit.runners.BlockJUnit4ClassRunner.runChild(BlockJUnit4ClassRunner.java:103)
	at org.junit.runners.BlockJUnit4ClassRunner.runChild(BlockJUnit4ClassRunner.java:63)
	at org.junit.runners.ParentRunner$4.run(ParentRunner.java:331)
	at org.junit.runners.ParentRunner$1.schedule(ParentRunner.java:79)
	at org.junit.runners.ParentRunner.runChildren(ParentRunner.java:329)
	at org.junit.runners.ParentRunner.access$100(ParentRunner.java:66)
	at org.junit.runners.ParentRunner$2.evaluate(ParentRunner.java:293)
	at org.junit.runners.ParentRunner.run(ParentRunner.java:413)
	at org.junit.runners.Suite.runChild(Suite.java:128)
	at org.junit.runners.Suite.runChild(Suite.java:27)
	at org.junit.runners.ParentRunner$4.run(ParentRunner.java:331)
	at org.junit.runners.ParentRunner$1.schedule(ParentRunner.java:79)
	at org.junit.runners.ParentRunner.runChildren(ParentRunner.java:329)
	at org.junit.runners.ParentRunner.access$100(ParentRunner.java:66)
	at org.junit.runners.ParentRunner$2.evaluate(ParentRunner.java:293)
	at org.junit.runners.ParentRunner$3.evaluate(ParentRunner.java:306)
	at org.junit.runners.ParentRunner.run(ParentRunner.java:413)
	at org.apache.maven.surefire.junit4.JUnit4Provider.execute(JUnit4Provider.java:316)
	at org.apache.maven.surefire.junit4.JUnit4Provider.executeWithRerun(JUnit4Provider.java:240)
	at org.apache.maven.surefire.junit4.JUnit4Provider.executeTestSet(JUnit4Provider.java:214)
	at org.apache.maven.surefire.junit4.JUnit4Provider.invoke(JUnit4Provider.java:155)
	at org.apache.maven.surefire.booter.ForkedBooter.runSuitesInProcess(ForkedBooter.java:385)
	at org.apache.maven.surefire.booter.ForkedBooter.execute(ForkedBooter.java:162)
	at org.apache.maven.surefire.booter.ForkedBooter.run(ForkedBooter.java:507)
	at org.apache.maven.surefire.booter.ForkedBooter.main(ForkedBooter.java:495)

[ERROR] net.zerocloud.pdf.consumer.ShapingCompositionWorkflowTest.narrowLinesReshapeALigatureAtOriginalGraphemeBoundaries[HARDENED_WORKER] -- Time elapsed: 1.651 s <<< ERROR!
net.zerocloud.pdf.DocumentFailure: The text and logical-structure extraction limit was exceeded.
	at net.zerocloud.pdf.HardenedWorkerEngine.execute(HardenedWorkerEngine.java:247)
	at net.zerocloud.pdf.DocumentWorkflow.executeOnce(DocumentWorkflow.java:177)
	at net.zerocloud.pdf.DocumentWorkflow.execute(DocumentWorkflow.java:103)
	at net.zerocloud.pdf.DocumentWorkflow.execute(DocumentWorkflow.java:64)
	at net.zerocloud.pdf.consumer.ShapingCompositionWorkflowTest.reopen(ShapingCompositionWorkflowTest.java:592)
	at net.zerocloud.pdf.consumer.ShapingCompositionWorkflowTest.narrowLinesReshapeALigatureAtOriginalGraphemeBoundaries(ShapingCompositionWorkflowTest.java:429)
	at java.base/jdk.internal.reflect.NativeMethodAccessorImpl.invoke0(Native Method)
	at java.base/jdk.internal.reflect.NativeMethodAccessorImpl.invoke(NativeMethodAccessorImpl.java:77)
	at java.base/jdk.internal.reflect.DelegatingMethodAccessorImpl.invoke(DelegatingMethodAccessorImpl.java:43)
	at java.base/java.lang.reflect.Method.invoke(Method.java:568)
	at org.junit.runners.model.FrameworkMethod$1.runReflectiveCall(FrameworkMethod.java:59)
	at org.junit.internal.runners.model.ReflectiveCallable.run(ReflectiveCallable.java:12)
	at org.junit.runners.model.FrameworkMethod.invokeExplosively(FrameworkMethod.java:56)
	at org.junit.internal.runners.statements.InvokeMethod.evaluate(InvokeMethod.java:17)
	at org.junit.rules.ExternalResource$1.evaluate(ExternalResource.java:54)
	at org.junit.runners.ParentRunner$3.evaluate(ParentRunner.java:306)
	at org.junit.runners.BlockJUnit4ClassRunner$1.evaluate(BlockJUnit4ClassRunner.java:100)
	at org.junit.runners.ParentRunner.runLeaf(ParentRunner.java:366)
	at org.junit.runners.BlockJUnit4ClassRunner.runChild(BlockJUnit4ClassRunner.java:103)
	at org.junit.runners.BlockJUnit4ClassRunner.runChild(BlockJUnit4ClassRunner.java:63)
	at org.junit.runners.ParentRunner$4.run(ParentRunner.java:331)
	at org.junit.runners.ParentRunner$1.schedule(ParentRunner.java:79)
	at org.junit.runners.ParentRunner.runChildren(ParentRunner.java:329)
	at org.junit.runners.ParentRunner.access$100(ParentRunner.java:66)
	at org.junit.runners.ParentRunner$2.evaluate(ParentRunner.java:293)
	at org.junit.runners.ParentRunner.run(ParentRunner.java:413)
	at org.junit.runners.Suite.runChild(Suite.java:128)
	at org.junit.runners.Suite.runChild(Suite.java:27)
	at org.junit.runners.ParentRunner$4.run(ParentRunner.java:331)
	at org.junit.runners.ParentRunner$1.schedule(ParentRunner.java:79)
	at org.junit.runners.ParentRunner.runChildren(ParentRunner.java:329)
	at org.junit.runners.ParentRunner.access$100(ParentRunner.java:66)
	at org.junit.runners.ParentRunner$2.evaluate(ParentRunner.java:293)
	at org.junit.runners.ParentRunner$3.evaluate(ParentRunner.java:306)
	at org.junit.runners.ParentRunner.run(ParentRunner.java:413)
	at org.apache.maven.surefire.junit4.JUnit4Provider.execute(JUnit4Provider.java:316)
	at org.apache.maven.surefire.junit4.JUnit4Provider.executeWithRerun(JUnit4Provider.java:240)
	at org.apache.maven.surefire.junit4.JUnit4Provider.executeTestSet(JUnit4Provider.java:214)
	at org.apache.maven.surefire.junit4.JUnit4Provider.invoke(JUnit4Provider.java:155)
	at org.apache.maven.surefire.booter.ForkedBooter.runSuitesInProcess(ForkedBooter.java:385)
	at org.apache.maven.surefire.booter.ForkedBooter.execute(ForkedBooter.java:162)
	at org.apache.maven.surefire.booter.ForkedBooter.run(ForkedBooter.java:507)
	at org.apache.maven.surefire.booter.ForkedBooter.main(ForkedBooter.java:495)

[ERROR] net.zerocloud.pdf.consumer.ShapingCompositionWorkflowTest.shapingFallbackCountsEachScalarVisitAtTheExactBoundary[HARDENED_WORKER] -- Time elapsed: 2.339 s <<< FAILURE!
java.lang.AssertionError: Four visits admit the exact boundary expected:<3> but was:<4>
	at org.junit.Assert.fail(Assert.java:89)
	at org.junit.Assert.failNotEquals(Assert.java:835)
	at org.junit.Assert.assertEquals(Assert.java:647)
	at net.zerocloud.pdf.consumer.ShapingCompositionWorkflowTest.shapingFallbackCountsEachScalarVisitAtTheExactBoundary(ShapingCompositionWorkflowTest.java:351)
	at java.base/jdk.internal.reflect.NativeMethodAccessorImpl.invoke0(Native Method)
	at java.base/jdk.internal.reflect.NativeMethodAccessorImpl.invoke(NativeMethodAccessorImpl.java:77)
	at java.base/jdk.internal.reflect.DelegatingMethodAccessorImpl.invoke(DelegatingMethodAccessorImpl.java:43)
	at java.base/java.lang.reflect.Method.invoke(Method.java:568)
	at org.junit.runners.model.FrameworkMethod$1.runReflectiveCall(FrameworkMethod.java:59)
	at org.junit.internal.runners.model.ReflectiveCallable.run(ReflectiveCallable.java:12)
	at org.junit.runners.model.FrameworkMethod.invokeExplosively(FrameworkMethod.java:56)
	at org.junit.internal.runners.statements.InvokeMethod.evaluate(InvokeMethod.java:17)
	at org.junit.rules.ExternalResource$1.evaluate(ExternalResource.java:54)
	at org.junit.runners.ParentRunner$3.evaluate(ParentRunner.java:306)
	at org.junit.runners.BlockJUnit4ClassRunner$1.evaluate(BlockJUnit4ClassRunner.java:100)
	at org.junit.runners.ParentRunner.runLeaf(ParentRunner.java:366)
	at org.junit.runners.BlockJUnit4ClassRunner.runChild(BlockJUnit4ClassRunner.java:103)
	at org.junit.runners.BlockJUnit4ClassRunner.runChild(BlockJUnit4ClassRunner.java:63)
	at org.junit.runners.ParentRunner$4.run(ParentRunner.java:331)
	at org.junit.runners.ParentRunner$1.schedule(ParentRunner.java:79)
	at org.junit.runners.ParentRunner.runChildren(ParentRunner.java:329)
	at org.junit.runners.ParentRunner.access$100(ParentRunner.java:66)
	at org.junit.runners.ParentRunner$2.evaluate(ParentRunner.java:293)
	at org.junit.runners.ParentRunner.run(ParentRunner.java:413)
	at org.junit.runners.Suite.runChild(Suite.java:128)
	at org.junit.runners.Suite.runChild(Suite.java:27)
	at org.junit.runners.ParentRunner$4.run(ParentRunner.java:331)
	at org.junit.runners.ParentRunner$1.schedule(ParentRunner.java:79)
	at org.junit.runners.ParentRunner.runChildren(ParentRunner.java:329)
	at org.junit.runners.ParentRunner.access$100(ParentRunner.java:66)
	at org.junit.runners.ParentRunner$2.evaluate(ParentRunner.java:293)
	at org.junit.runners.ParentRunner$3.evaluate(ParentRunner.java:306)
	at org.junit.runners.ParentRunner.run(ParentRunner.java:413)
	at org.apache.maven.surefire.junit4.JUnit4Provider.execute(JUnit4Provider.java:316)
	at org.apache.maven.surefire.junit4.JUnit4Provider.executeWithRerun(JUnit4Provider.java:240)
	at org.apache.maven.surefire.junit4.JUnit4Provider.executeTestSet(JUnit4Provider.java:214)
	at org.apache.maven.surefire.junit4.JUnit4Provider.invoke(JUnit4Provider.java:155)
	at org.apache.maven.surefire.booter.ForkedBooter.runSuitesInProcess(ForkedBooter.java:385)
	at org.apache.maven.surefire.booter.ForkedBooter.execute(ForkedBooter.java:162)
	at org.apache.maven.surefire.booter.ForkedBooter.run(ForkedBooter.java:507)
	at org.apache.maven.surefire.booter.ForkedBooter.main(ForkedBooter.java:495)

[ERROR] net.zerocloud.pdf.consumer.ShapingCompositionWorkflowTest.softWrappedArabicReshapesAndRefitsEveryLineBoundary[HARDENED_WORKER] -- Time elapsed: 1.383 s <<< ERROR!
net.zerocloud.pdf.DocumentFailure: The text and logical-structure extraction limit was exceeded.
	at net.zerocloud.pdf.HardenedWorkerEngine.execute(HardenedWorkerEngine.java:247)
	at net.zerocloud.pdf.DocumentWorkflow.executeOnce(DocumentWorkflow.java:177)
	at net.zerocloud.pdf.DocumentWorkflow.execute(DocumentWorkflow.java:103)
	at net.zerocloud.pdf.DocumentWorkflow.execute(DocumentWorkflow.java:64)
	at net.zerocloud.pdf.consumer.ShapingCompositionWorkflowTest.reopen(ShapingCompositionWorkflowTest.java:592)
	at net.zerocloud.pdf.consumer.ShapingCompositionWorkflowTest.softWrappedArabicReshapesAndRefitsEveryLineBoundary(ShapingCompositionWorkflowTest.java:407)
	at java.base/jdk.internal.reflect.NativeMethodAccessorImpl.invoke0(Native Method)
	at java.base/jdk.internal.reflect.NativeMethodAccessorImpl.invoke(NativeMethodAccessorImpl.java:77)
	at java.base/jdk.internal.reflect.DelegatingMethodAccessorImpl.invoke(DelegatingMethodAccessorImpl.java:43)
	at java.base/java.lang.reflect.Method.invoke(Method.java:568)
	at org.junit.runners.model.FrameworkMethod$1.runReflectiveCall(FrameworkMethod.java:59)
	at org.junit.internal.runners.model.ReflectiveCallable.run(ReflectiveCallable.java:12)
	at org.junit.runners.model.FrameworkMethod.invokeExplosively(FrameworkMethod.java:56)
	at org.junit.internal.runners.statements.InvokeMethod.evaluate(InvokeMethod.java:17)
	at org.junit.rules.ExternalResource$1.evaluate(ExternalResource.java:54)
	at org.junit.runners.ParentRunner$3.evaluate(ParentRunner.java:306)
	at org.junit.runners.BlockJUnit4ClassRunner$1.evaluate(BlockJUnit4ClassRunner.java:100)
	at org.junit.runners.ParentRunner.runLeaf(ParentRunner.java:366)
	at org.junit.runners.BlockJUnit4ClassRunner.runChild(BlockJUnit4ClassRunner.java:103)
	at org.junit.runners.BlockJUnit4ClassRunner.runChild(BlockJUnit4ClassRunner.java:63)
	at org.junit.runners.ParentRunner$4.run(ParentRunner.java:331)
	at org.junit.runners.ParentRunner$1.schedule(ParentRunner.java:79)
	at org.junit.runners.ParentRunner.runChildren(ParentRunner.java:329)
	at org.junit.runners.ParentRunner.access$100(ParentRunner.java:66)
	at org.junit.runners.ParentRunner$2.evaluate(ParentRunner.java:293)
	at org.junit.runners.ParentRunner.run(ParentRunner.java:413)
	at org.junit.runners.Suite.runChild(Suite.java:128)
	at org.junit.runners.Suite.runChild(Suite.java:27)
	at org.junit.runners.ParentRunner$4.run(ParentRunner.java:331)
	at org.junit.runners.ParentRunner$1.schedule(ParentRunner.java:79)
	at org.junit.runners.ParentRunner.runChildren(ParentRunner.java:329)
	at org.junit.runners.ParentRunner.access$100(ParentRunner.java:66)
	at org.junit.runners.ParentRunner$2.evaluate(ParentRunner.java:293)
	at org.junit.runners.ParentRunner$3.evaluate(ParentRunner.java:306)
	at org.junit.runners.ParentRunner.run(ParentRunner.java:413)
	at org.apache.maven.surefire.junit4.JUnit4Provider.execute(JUnit4Provider.java:316)
	at org.apache.maven.surefire.junit4.JUnit4Provider.executeWithRerun(JUnit4Provider.java:240)
	at org.apache.maven.surefire.junit4.JUnit4Provider.executeTestSet(JUnit4Provider.java:214)
	at org.apache.maven.surefire.junit4.JUnit4Provider.invoke(JUnit4Provider.java:155)
	at org.apache.maven.surefire.booter.ForkedBooter.runSuitesInProcess(ForkedBooter.java:385)
	at org.apache.maven.surefire.booter.ForkedBooter.execute(ForkedBooter.java:162)
	at org.apache.maven.surefire.booter.ForkedBooter.run(ForkedBooter.java:507)
	at org.apache.maven.surefire.booter.ForkedBooter.main(ForkedBooter.java:495)

[ERROR] net.zerocloud.pdf.consumer.ShapingCompositionWorkflowTest.incrementalShapingRequiresPdf15EvenWithOnlyBmpMappings[HARDENED_WORKER] -- Time elapsed: 2.150 s <<< FAILURE!
java.lang.AssertionError: PDF 1.5 admits replacement text
	at org.junit.Assert.fail(Assert.java:89)
	at org.junit.Assert.assertTrue(Assert.java:42)
	at org.junit.Assert.assertFalse(Assert.java:65)
	at net.zerocloud.pdf.consumer.ShapingCompositionWorkflowTest.incrementalShapingRequiresPdf15EvenWithOnlyBmpMappings(ShapingCompositionWorkflowTest.java:267)
	at java.base/jdk.internal.reflect.NativeMethodAccessorImpl.invoke0(Native Method)
	at java.base/jdk.internal.reflect.NativeMethodAccessorImpl.invoke(NativeMethodAccessorImpl.java:77)
	at java.base/jdk.internal.reflect.DelegatingMethodAccessorImpl.invoke(DelegatingMethodAccessorImpl.java:43)
	at java.base/java.lang.reflect.Method.invoke(Method.java:568)
	at org.junit.runners.model.FrameworkMethod$1.runReflectiveCall(FrameworkMethod.java:59)
	at org.junit.internal.runners.model.ReflectiveCallable.run(ReflectiveCallable.java:12)
	at org.junit.runners.model.FrameworkMethod.invokeExplosively(FrameworkMethod.java:56)
	at org.junit.internal.runners.statements.InvokeMethod.evaluate(InvokeMethod.java:17)
	at org.junit.rules.ExternalResource$1.evaluate(ExternalResource.java:54)
	at org.junit.runners.ParentRunner$3.evaluate(ParentRunner.java:306)
	at org.junit.runners.BlockJUnit4ClassRunner$1.evaluate(BlockJUnit4ClassRunner.java:100)
	at org.junit.runners.ParentRunner.runLeaf(ParentRunner.java:366)
	at org.junit.runners.BlockJUnit4ClassRunner.runChild(BlockJUnit4ClassRunner.java:103)
	at org.junit.runners.BlockJUnit4ClassRunner.runChild(BlockJUnit4ClassRunner.java:63)
	at org.junit.runners.ParentRunner$4.run(ParentRunner.java:331)
	at org.junit.runners.ParentRunner$1.schedule(ParentRunner.java:79)
	at org.junit.runners.ParentRunner.runChildren(ParentRunner.java:329)
	at org.junit.runners.ParentRunner.access$100(ParentRunner.java:66)
	at org.junit.runners.ParentRunner$2.evaluate(ParentRunner.java:293)
	at org.junit.runners.ParentRunner.run(ParentRunner.java:413)
	at org.junit.runners.Suite.runChild(Suite.java:128)
	at org.junit.runners.Suite.runChild(Suite.java:27)
	at org.junit.runners.ParentRunner$4.run(ParentRunner.java:331)
	at org.junit.runners.ParentRunner$1.schedule(ParentRunner.java:79)
	at org.junit.runners.ParentRunner.runChildren(ParentRunner.java:329)
	at org.junit.runners.ParentRunner.access$100(ParentRunner.java:66)
	at org.junit.runners.ParentRunner$2.evaluate(ParentRunner.java:293)
	at org.junit.runners.ParentRunner$3.evaluate(ParentRunner.java:306)
	at org.junit.runners.ParentRunner.run(ParentRunner.java:413)
	at org.apache.maven.surefire.junit4.JUnit4Provider.execute(JUnit4Provider.java:316)
	at org.apache.maven.surefire.junit4.JUnit4Provider.executeWithRerun(JUnit4Provider.java:240)
	at org.apache.maven.surefire.junit4.JUnit4Provider.executeTestSet(JUnit4Provider.java:214)
	at org.apache.maven.surefire.junit4.JUnit4Provider.invoke(JUnit4Provider.java:155)
	at org.apache.maven.surefire.booter.ForkedBooter.runSuitesInProcess(ForkedBooter.java:385)
	at org.apache.maven.surefire.booter.ForkedBooter.execute(ForkedBooter.java:162)
	at org.apache.maven.surefire.booter.ForkedBooter.run(ForkedBooter.java:507)
	at org.apache.maven.surefire.booter.ForkedBooter.main(ForkedBooter.java:495)

[ERROR] net.zerocloud.pdf.consumer.ShapingCompositionWorkflowTest.tableIntrinsicMinimumUsesIndependentlyShapedGraphemes[HARDENED_WORKER] -- Time elapsed: 1.484 s <<< ERROR!
net.zerocloud.pdf.DocumentFailure: The text and logical-structure extraction limit was exceeded.
	at net.zerocloud.pdf.HardenedWorkerEngine.execute(HardenedWorkerEngine.java:247)
	at net.zerocloud.pdf.DocumentWorkflow.executeOnce(DocumentWorkflow.java:177)
	at net.zerocloud.pdf.DocumentWorkflow.execute(DocumentWorkflow.java:103)
	at net.zerocloud.pdf.DocumentWorkflow.execute(DocumentWorkflow.java:64)
	at net.zerocloud.pdf.consumer.ShapingCompositionWorkflowTest.reopen(ShapingCompositionWorkflowTest.java:592)
	at net.zerocloud.pdf.consumer.ShapingCompositionWorkflowTest.tableIntrinsicMinimumUsesIndependentlyShapedGraphemes(ShapingCompositionWorkflowTest.java:460)
	at java.base/jdk.internal.reflect.NativeMethodAccessorImpl.invoke0(Native Method)
	at java.base/jdk.internal.reflect.NativeMethodAccessorImpl.invoke(NativeMethodAccessorImpl.java:77)
	at java.base/jdk.internal.reflect.DelegatingMethodAccessorImpl.invoke(DelegatingMethodAccessorImpl.java:43)
	at java.base/java.lang.reflect.Method.invoke(Method.java:568)
	at org.junit.runners.model.FrameworkMethod$1.runReflectiveCall(FrameworkMethod.java:59)
	at org.junit.internal.runners.model.ReflectiveCallable.run(ReflectiveCallable.java:12)
	at org.junit.runners.model.FrameworkMethod.invokeExplosively(FrameworkMethod.java:56)
	at org.junit.internal.runners.statements.InvokeMethod.evaluate(InvokeMethod.java:17)
	at org.junit.rules.ExternalResource$1.evaluate(ExternalResource.java:54)
	at org.junit.runners.ParentRunner$3.evaluate(ParentRunner.java:306)
	at org.junit.runners.BlockJUnit4ClassRunner$1.evaluate(BlockJUnit4ClassRunner.java:100)
	at org.junit.runners.ParentRunner.runLeaf(ParentRunner.java:366)
	at org.junit.runners.BlockJUnit4ClassRunner.runChild(BlockJUnit4ClassRunner.java:103)
	at org.junit.runners.BlockJUnit4ClassRunner.runChild(BlockJUnit4ClassRunner.java:63)
	at org.junit.runners.ParentRunner$4.run(ParentRunner.java:331)
	at org.junit.runners.ParentRunner$1.schedule(ParentRunner.java:79)
	at org.junit.runners.ParentRunner.runChildren(ParentRunner.java:329)
	at org.junit.runners.ParentRunner.access$100(ParentRunner.java:66)
	at org.junit.runners.ParentRunner$2.evaluate(ParentRunner.java:293)
	at org.junit.runners.ParentRunner.run(ParentRunner.java:413)
	at org.junit.runners.Suite.runChild(Suite.java:128)
	at org.junit.runners.Suite.runChild(Suite.java:27)
	at org.junit.runners.ParentRunner$4.run(ParentRunner.java:331)
	at org.junit.runners.ParentRunner$1.schedule(ParentRunner.java:79)
	at org.junit.runners.ParentRunner.runChildren(ParentRunner.java:329)
	at org.junit.runners.ParentRunner.access$100(ParentRunner.java:66)
	at org.junit.runners.ParentRunner$2.evaluate(ParentRunner.java:293)
	at org.junit.runners.ParentRunner$3.evaluate(ParentRunner.java:306)
	at org.junit.runners.ParentRunner.run(ParentRunner.java:413)
	at org.apache.maven.surefire.junit4.JUnit4Provider.execute(JUnit4Provider.java:316)
	at org.apache.maven.surefire.junit4.JUnit4Provider.executeWithRerun(JUnit4Provider.java:240)
	at org.apache.maven.surefire.junit4.JUnit4Provider.executeTestSet(JUnit4Provider.java:214)
	at org.apache.maven.surefire.junit4.JUnit4Provider.invoke(JUnit4Provider.java:155)
	at org.apache.maven.surefire.booter.ForkedBooter.runSuitesInProcess(ForkedBooter.java:385)
	at org.apache.maven.surefire.booter.ForkedBooter.execute(ForkedBooter.java:162)
	at org.apache.maven.surefire.booter.ForkedBooter.run(ForkedBooter.java:507)
	at org.apache.maven.surefire.booter.ForkedBooter.main(ForkedBooter.java:495)

[ERROR] net.zerocloud.pdf.consumer.ShapingCompositionWorkflowTest.fontSizeBoundariesPreserveTheIcuGraphemeAndEachDeclaredSize[HARDENED_WORKER] -- Time elapsed: 1.411 s <<< ERROR!
net.zerocloud.pdf.DocumentFailure: The text and logical-structure extraction limit was exceeded.
	at net.zerocloud.pdf.HardenedWorkerEngine.execute(HardenedWorkerEngine.java:247)
	at net.zerocloud.pdf.DocumentWorkflow.executeOnce(DocumentWorkflow.java:177)
	at net.zerocloud.pdf.DocumentWorkflow.execute(DocumentWorkflow.java:103)
	at net.zerocloud.pdf.DocumentWorkflow.execute(DocumentWorkflow.java:64)
	at net.zerocloud.pdf.consumer.ShapingCompositionWorkflowTest.reopen(ShapingCompositionWorkflowTest.java:592)
	at net.zerocloud.pdf.consumer.ShapingCompositionWorkflowTest.fontSizeBoundariesPreserveTheIcuGraphemeAndEachDeclaredSize(ShapingCompositionWorkflowTest.java:528)
	at java.base/jdk.internal.reflect.NativeMethodAccessorImpl.invoke0(Native Method)
	at java.base/jdk.internal.reflect.NativeMethodAccessorImpl.invoke(NativeMethodAccessorImpl.java:77)
	at java.base/jdk.internal.reflect.DelegatingMethodAccessorImpl.invoke(DelegatingMethodAccessorImpl.java:43)
	at java.base/java.lang.reflect.Method.invoke(Method.java:568)
	at org.junit.runners.model.FrameworkMethod$1.runReflectiveCall(FrameworkMethod.java:59)
	at org.junit.internal.runners.model.ReflectiveCallable.run(ReflectiveCallable.java:12)
	at org.junit.runners.model.FrameworkMethod.invokeExplosively(FrameworkMethod.java:56)
	at org.junit.internal.runners.statements.InvokeMethod.evaluate(InvokeMethod.java:17)
	at org.junit.rules.ExternalResource$1.evaluate(ExternalResource.java:54)
	at org.junit.runners.ParentRunner$3.evaluate(ParentRunner.java:306)
	at org.junit.runners.BlockJUnit4ClassRunner$1.evaluate(BlockJUnit4ClassRunner.java:100)
	at org.junit.runners.ParentRunner.runLeaf(ParentRunner.java:366)
	at org.junit.runners.BlockJUnit4ClassRunner.runChild(BlockJUnit4ClassRunner.java:103)
	at org.junit.runners.BlockJUnit4ClassRunner.runChild(BlockJUnit4ClassRunner.java:63)
	at org.junit.runners.ParentRunner$4.run(ParentRunner.java:331)
	at org.junit.runners.ParentRunner$1.schedule(ParentRunner.java:79)
	at org.junit.runners.ParentRunner.runChildren(ParentRunner.java:329)
	at org.junit.runners.ParentRunner.access$100(ParentRunner.java:66)
	at org.junit.runners.ParentRunner$2.evaluate(ParentRunner.java:293)
	at org.junit.runners.ParentRunner.run(ParentRunner.java:413)
	at org.junit.runners.Suite.runChild(Suite.java:128)
	at org.junit.runners.Suite.runChild(Suite.java:27)
	at org.junit.runners.ParentRunner$4.run(ParentRunner.java:331)
	at org.junit.runners.ParentRunner$1.schedule(ParentRunner.java:79)
	at org.junit.runners.ParentRunner.runChildren(ParentRunner.java:329)
	at org.junit.runners.ParentRunner.access$100(ParentRunner.java:66)
	at org.junit.runners.ParentRunner$2.evaluate(ParentRunner.java:293)
	at org.junit.runners.ParentRunner$3.evaluate(ParentRunner.java:306)
	at org.junit.runners.ParentRunner.run(ParentRunner.java:413)
	at org.apache.maven.surefire.junit4.JUnit4Provider.execute(JUnit4Provider.java:316)
	at org.apache.maven.surefire.junit4.JUnit4Provider.executeWithRerun(JUnit4Provider.java:240)
	at org.apache.maven.surefire.junit4.JUnit4Provider.executeTestSet(JUnit4Provider.java:214)
	at org.apache.maven.surefire.junit4.JUnit4Provider.invoke(JUnit4Provider.java:155)
	at org.apache.maven.surefire.booter.ForkedBooter.runSuitesInProcess(ForkedBooter.java:385)
	at org.apache.maven.surefire.booter.ForkedBooter.execute(ForkedBooter.java:162)
	at org.apache.maven.surefire.booter.ForkedBooter.run(ForkedBooter.java:507)
	at org.apache.maven.surefire.booter.ForkedBooter.main(ForkedBooter.java:495)

[ERROR] net.zerocloud.pdf.consumer.ShapingCompositionWorkflowTest.rejectedAreasReleaseShapingWithinTheBudgetOfExplicitlySkippingThem[HARDENED_WORKER] -- Time elapsed: 13.37 s <<< ERROR!
net.zerocloud.pdf.DocumentFailure: The text and logical-structure extraction limit was exceeded.
	at net.zerocloud.pdf.HardenedWorkerEngine.execute(HardenedWorkerEngine.java:247)
	at net.zerocloud.pdf.DocumentWorkflow.executeOnce(DocumentWorkflow.java:177)
	at net.zerocloud.pdf.DocumentWorkflow.execute(DocumentWorkflow.java:103)
	at net.zerocloud.pdf.DocumentWorkflow.execute(DocumentWorkflow.java:64)
	at net.zerocloud.pdf.consumer.ShapingCompositionWorkflowTest.reopen(ShapingCompositionWorkflowTest.java:592)
	at net.zerocloud.pdf.consumer.ShapingCompositionWorkflowTest.rejectedAreasReleaseShapingWithinTheBudgetOfExplicitlySkippingThem(ShapingCompositionWorkflowTest.java:512)
	at java.base/jdk.internal.reflect.NativeMethodAccessorImpl.invoke0(Native Method)
	at java.base/jdk.internal.reflect.NativeMethodAccessorImpl.invoke(NativeMethodAccessorImpl.java:77)
	at java.base/jdk.internal.reflect.DelegatingMethodAccessorImpl.invoke(DelegatingMethodAccessorImpl.java:43)
	at java.base/java.lang.reflect.Method.invoke(Method.java:568)
	at org.junit.runners.model.FrameworkMethod$1.runReflectiveCall(FrameworkMethod.java:59)
	at org.junit.internal.runners.model.ReflectiveCallable.run(ReflectiveCallable.java:12)
	at org.junit.runners.model.FrameworkMethod.invokeExplosively(FrameworkMethod.java:56)
	at org.junit.internal.runners.statements.InvokeMethod.evaluate(InvokeMethod.java:17)
	at org.junit.rules.ExternalResource$1.evaluate(ExternalResource.java:54)
	at org.junit.runners.ParentRunner$3.evaluate(ParentRunner.java:306)
	at org.junit.runners.BlockJUnit4ClassRunner$1.evaluate(BlockJUnit4ClassRunner.java:100)
	at org.junit.runners.ParentRunner.runLeaf(ParentRunner.java:366)
	at org.junit.runners.BlockJUnit4ClassRunner.runChild(BlockJUnit4ClassRunner.java:103)
	at org.junit.runners.BlockJUnit4ClassRunner.runChild(BlockJUnit4ClassRunner.java:63)
	at org.junit.runners.ParentRunner$4.run(ParentRunner.java:331)
	at org.junit.runners.ParentRunner$1.schedule(ParentRunner.java:79)
	at org.junit.runners.ParentRunner.runChildren(ParentRunner.java:329)
	at org.junit.runners.ParentRunner.access$100(ParentRunner.java:66)
	at org.junit.runners.ParentRunner$2.evaluate(ParentRunner.java:293)
	at org.junit.runners.ParentRunner.run(ParentRunner.java:413)
	at org.junit.runners.Suite.runChild(Suite.java:128)
	at org.junit.runners.Suite.runChild(Suite.java:27)
	at org.junit.runners.ParentRunner$4.run(ParentRunner.java:331)
	at org.junit.runners.ParentRunner$1.schedule(ParentRunner.java:79)
	at org.junit.runners.ParentRunner.runChildren(ParentRunner.java:329)
	at org.junit.runners.ParentRunner.access$100(ParentRunner.java:66)
	at org.junit.runners.ParentRunner$2.evaluate(ParentRunner.java:293)
	at org.junit.runners.ParentRunner$3.evaluate(ParentRunner.java:306)
	at org.junit.runners.ParentRunner.run(ParentRunner.java:413)
	at org.apache.maven.surefire.junit4.JUnit4Provider.execute(JUnit4Provider.java:316)
	at org.apache.maven.surefire.junit4.JUnit4Provider.executeWithRerun(JUnit4Provider.java:240)
	at org.apache.maven.surefire.junit4.JUnit4Provider.executeTestSet(JUnit4Provider.java:214)
	at org.apache.maven.surefire.junit4.JUnit4Provider.invoke(JUnit4Provider.java:155)
	at org.apache.maven.surefire.booter.ForkedBooter.runSuitesInProcess(ForkedBooter.java:385)
	at org.apache.maven.surefire.booter.ForkedBooter.execute(ForkedBooter.java:162)
	at org.apache.maven.surefire.booter.ForkedBooter.run(ForkedBooter.java:507)
	at org.apache.maven.surefire.booter.ForkedBooter.main(ForkedBooter.java:495)

[ERROR] net.zerocloud.pdf.consumer.ShapingCompositionWorkflowTest.arabicMarkedLigaturePublishesTwoPositionedGlyphsAndItsLogicalInput[HARDENED_WORKER] -- Time elapsed: 1.333 s <<< ERROR!
net.zerocloud.pdf.DocumentFailure: The text and logical-structure extraction limit was exceeded.
	at net.zerocloud.pdf.HardenedWorkerEngine.execute(HardenedWorkerEngine.java:247)
	at net.zerocloud.pdf.DocumentWorkflow.executeOnce(DocumentWorkflow.java:177)
	at net.zerocloud.pdf.DocumentWorkflow.execute(DocumentWorkflow.java:103)
	at net.zerocloud.pdf.DocumentWorkflow.execute(DocumentWorkflow.java:64)
	at net.zerocloud.pdf.consumer.ShapingCompositionWorkflowTest.arabicMarkedLigaturePublishesTwoPositionedGlyphsAndItsLogicalInput(ShapingCompositionWorkflowTest.java:134)
	at java.base/jdk.internal.reflect.NativeMethodAccessorImpl.invoke0(Native Method)
	at java.base/jdk.internal.reflect.NativeMethodAccessorImpl.invoke(NativeMethodAccessorImpl.java:77)
	at java.base/jdk.internal.reflect.DelegatingMethodAccessorImpl.invoke(DelegatingMethodAccessorImpl.java:43)
	at java.base/java.lang.reflect.Method.invoke(Method.java:568)
	at org.junit.runners.model.FrameworkMethod$1.runReflectiveCall(FrameworkMethod.java:59)
	at org.junit.internal.runners.model.ReflectiveCallable.run(ReflectiveCallable.java:12)
	at org.junit.runners.model.FrameworkMethod.invokeExplosively(FrameworkMethod.java:56)
	at org.junit.internal.runners.statements.InvokeMethod.evaluate(InvokeMethod.java:17)
	at org.junit.rules.ExternalResource$1.evaluate(ExternalResource.java:54)
	at org.junit.runners.ParentRunner$3.evaluate(ParentRunner.java:306)
	at org.junit.runners.BlockJUnit4ClassRunner$1.evaluate(BlockJUnit4ClassRunner.java:100)
	at org.junit.runners.ParentRunner.runLeaf(ParentRunner.java:366)
	at org.junit.runners.BlockJUnit4ClassRunner.runChild(BlockJUnit4ClassRunner.java:103)
	at org.junit.runners.BlockJUnit4ClassRunner.runChild(BlockJUnit4ClassRunner.java:63)
	at org.junit.runners.ParentRunner$4.run(ParentRunner.java:331)
	at org.junit.runners.ParentRunner$1.schedule(ParentRunner.java:79)
	at org.junit.runners.ParentRunner.runChildren(ParentRunner.java:329)
	at org.junit.runners.ParentRunner.access$100(ParentRunner.java:66)
	at org.junit.runners.ParentRunner$2.evaluate(ParentRunner.java:293)
	at org.junit.runners.ParentRunner.run(ParentRunner.java:413)
	at org.junit.runners.Suite.runChild(Suite.java:128)
	at org.junit.runners.Suite.runChild(Suite.java:27)
	at org.junit.runners.ParentRunner$4.run(ParentRunner.java:331)
	at org.junit.runners.ParentRunner$1.schedule(ParentRunner.java:79)
	at org.junit.runners.ParentRunner.runChildren(ParentRunner.java:329)
	at org.junit.runners.ParentRunner.access$100(ParentRunner.java:66)
	at org.junit.runners.ParentRunner$2.evaluate(ParentRunner.java:293)
	at org.junit.runners.ParentRunner$3.evaluate(ParentRunner.java:306)
	at org.junit.runners.ParentRunner.run(ParentRunner.java:413)
	at org.apache.maven.surefire.junit4.JUnit4Provider.execute(JUnit4Provider.java:316)
	at org.apache.maven.surefire.junit4.JUnit4Provider.executeWithRerun(JUnit4Provider.java:240)
	at org.apache.maven.surefire.junit4.JUnit4Provider.executeTestSet(JUnit4Provider.java:214)
	at org.apache.maven.surefire.junit4.JUnit4Provider.invoke(JUnit4Provider.java:155)
	at org.apache.maven.surefire.booter.ForkedBooter.runSuitesInProcess(ForkedBooter.java:385)
	at org.apache.maven.surefire.booter.ForkedBooter.execute(ForkedBooter.java:162)
	at org.apache.maven.surefire.booter.ForkedBooter.run(ForkedBooter.java:507)
	at org.apache.maven.surefire.booter.ForkedBooter.main(ForkedBooter.java:495)

[ERROR] net.zerocloud.pdf.consumer.ShapingCompositionWorkflowTest.repeatedBufferedRelayoutReleasesObsoleteInitialShapingPlans[HARDENED_WORKER] -- Time elapsed: 4.610 s <<< ERROR!
net.zerocloud.pdf.DocumentFailure: The text and logical-structure extraction limit was exceeded.
	at net.zerocloud.pdf.HardenedWorkerEngine.execute(HardenedWorkerEngine.java:247)
	at net.zerocloud.pdf.DocumentWorkflow.executeOnce(DocumentWorkflow.java:177)
	at net.zerocloud.pdf.DocumentWorkflow.execute(DocumentWorkflow.java:103)
	at net.zerocloud.pdf.DocumentWorkflow.execute(DocumentWorkflow.java:64)
	at net.zerocloud.pdf.consumer.ShapingCompositionWorkflowTest.reopen(ShapingCompositionWorkflowTest.java:592)
	at net.zerocloud.pdf.consumer.ShapingCompositionWorkflowTest.repeatedBufferedRelayoutReleasesObsoleteInitialShapingPlans(ShapingCompositionWorkflowTest.java:315)
	at java.base/jdk.internal.reflect.NativeMethodAccessorImpl.invoke0(Native Method)
	at java.base/jdk.internal.reflect.NativeMethodAccessorImpl.invoke(NativeMethodAccessorImpl.java:77)
	at java.base/jdk.internal.reflect.DelegatingMethodAccessorImpl.invoke(DelegatingMethodAccessorImpl.java:43)
	at java.base/java.lang.reflect.Method.invoke(Method.java:568)
	at org.junit.runners.model.FrameworkMethod$1.runReflectiveCall(FrameworkMethod.java:59)
	at org.junit.internal.runners.model.ReflectiveCallable.run(ReflectiveCallable.java:12)
	at org.junit.runners.model.FrameworkMethod.invokeExplosively(FrameworkMethod.java:56)
	at org.junit.internal.runners.statements.InvokeMethod.evaluate(InvokeMethod.java:17)
	at org.junit.rules.ExternalResource$1.evaluate(ExternalResource.java:54)
	at org.junit.runners.ParentRunner$3.evaluate(ParentRunner.java:306)
	at org.junit.runners.BlockJUnit4ClassRunner$1.evaluate(BlockJUnit4ClassRunner.java:100)
	at org.junit.runners.ParentRunner.runLeaf(ParentRunner.java:366)
	at org.junit.runners.BlockJUnit4ClassRunner.runChild(BlockJUnit4ClassRunner.java:103)
	at org.junit.runners.BlockJUnit4ClassRunner.runChild(BlockJUnit4ClassRunner.java:63)
	at org.junit.runners.ParentRunner$4.run(ParentRunner.java:331)
	at org.junit.runners.ParentRunner$1.schedule(ParentRunner.java:79)
	at org.junit.runners.ParentRunner.runChildren(ParentRunner.java:329)
	at org.junit.runners.ParentRunner.access$100(ParentRunner.java:66)
	at org.junit.runners.ParentRunner$2.evaluate(ParentRunner.java:293)
	at org.junit.runners.ParentRunner.run(ParentRunner.java:413)
	at org.junit.runners.Suite.runChild(Suite.java:128)
	at org.junit.runners.Suite.runChild(Suite.java:27)
	at org.junit.runners.ParentRunner$4.run(ParentRunner.java:331)
	at org.junit.runners.ParentRunner$1.schedule(ParentRunner.java:79)
	at org.junit.runners.ParentRunner.runChildren(ParentRunner.java:329)
	at org.junit.runners.ParentRunner.access$100(ParentRunner.java:66)
	at org.junit.runners.ParentRunner$2.evaluate(ParentRunner.java:293)
	at org.junit.runners.ParentRunner$3.evaluate(ParentRunner.java:306)
	at org.junit.runners.ParentRunner.run(ParentRunner.java:413)
	at org.apache.maven.surefire.junit4.JUnit4Provider.execute(JUnit4Provider.java:316)
	at org.apache.maven.surefire.junit4.JUnit4Provider.executeWithRerun(JUnit4Provider.java:240)
	at org.apache.maven.surefire.junit4.JUnit4Provider.executeTestSet(JUnit4Provider.java:214)
	at org.apache.maven.surefire.junit4.JUnit4Provider.invoke(JUnit4Provider.java:155)
	at org.apache.maven.surefire.booter.ForkedBooter.runSuitesInProcess(ForkedBooter.java:385)
	at org.apache.maven.surefire.booter.ForkedBooter.execute(ForkedBooter.java:162)
	at org.apache.maven.surefire.booter.ForkedBooter.run(ForkedBooter.java:507)
	at org.apache.maven.surefire.booter.ForkedBooter.main(ForkedBooter.java:495)

[ERROR] net.zerocloud.pdf.consumer.ShapingCompositionWorkflowTest.positionedTextAndRegistrationWithoutPreferenceKeepTheirUnshapedContract[HARDENED_WORKER] -- Time elapsed: 1.511 s <<< ERROR!
net.zerocloud.pdf.DocumentFailure: The text and logical-structure extraction limit was exceeded.
	at net.zerocloud.pdf.HardenedWorkerEngine.execute(HardenedWorkerEngine.java:247)
	at net.zerocloud.pdf.DocumentWorkflow.executeOnce(DocumentWorkflow.java:177)
	at net.zerocloud.pdf.DocumentWorkflow.execute(DocumentWorkflow.java:103)
	at net.zerocloud.pdf.DocumentWorkflow.execute(DocumentWorkflow.java:64)
	at net.zerocloud.pdf.consumer.ShapingCompositionWorkflowTest.reopen(ShapingCompositionWorkflowTest.java:592)
	at net.zerocloud.pdf.consumer.ShapingCompositionWorkflowTest.positionedTextAndRegistrationWithoutPreferenceKeepTheirUnshapedContract(ShapingCompositionWorkflowTest.java:230)
	at java.base/jdk.internal.reflect.NativeMethodAccessorImpl.invoke0(Native Method)
	at java.base/jdk.internal.reflect.NativeMethodAccessorImpl.invoke(NativeMethodAccessorImpl.java:77)
	at java.base/jdk.internal.reflect.DelegatingMethodAccessorImpl.invoke(DelegatingMethodAccessorImpl.java:43)
	at java.base/java.lang.reflect.Method.invoke(Method.java:568)
	at org.junit.runners.model.FrameworkMethod$1.runReflectiveCall(FrameworkMethod.java:59)
	at org.junit.internal.runners.model.ReflectiveCallable.run(ReflectiveCallable.java:12)
	at org.junit.runners.model.FrameworkMethod.invokeExplosively(FrameworkMethod.java:56)
	at org.junit.internal.runners.statements.InvokeMethod.evaluate(InvokeMethod.java:17)
	at org.junit.rules.ExternalResource$1.evaluate(ExternalResource.java:54)
	at org.junit.runners.ParentRunner$3.evaluate(ParentRunner.java:306)
	at org.junit.runners.BlockJUnit4ClassRunner$1.evaluate(BlockJUnit4ClassRunner.java:100)
	at org.junit.runners.ParentRunner.runLeaf(ParentRunner.java:366)
	at org.junit.runners.BlockJUnit4ClassRunner.runChild(BlockJUnit4ClassRunner.java:103)
	at org.junit.runners.BlockJUnit4ClassRunner.runChild(BlockJUnit4ClassRunner.java:63)
	at org.junit.runners.ParentRunner$4.run(ParentRunner.java:331)
	at org.junit.runners.ParentRunner$1.schedule(ParentRunner.java:79)
	at org.junit.runners.ParentRunner.runChildren(ParentRunner.java:329)
	at org.junit.runners.ParentRunner.access$100(ParentRunner.java:66)
	at org.junit.runners.ParentRunner$2.evaluate(ParentRunner.java:293)
	at org.junit.runners.ParentRunner.run(ParentRunner.java:413)
	at org.junit.runners.Suite.runChild(Suite.java:128)
	at org.junit.runners.Suite.runChild(Suite.java:27)
	at org.junit.runners.ParentRunner$4.run(ParentRunner.java:331)
	at org.junit.runners.ParentRunner$1.schedule(ParentRunner.java:79)
	at org.junit.runners.ParentRunner.runChildren(ParentRunner.java:329)
	at org.junit.runners.ParentRunner.access$100(ParentRunner.java:66)
	at org.junit.runners.ParentRunner$2.evaluate(ParentRunner.java:293)
	at org.junit.runners.ParentRunner$3.evaluate(ParentRunner.java:306)
	at org.junit.runners.ParentRunner.run(ParentRunner.java:413)
	at org.apache.maven.surefire.junit4.JUnit4Provider.execute(JUnit4Provider.java:316)
	at org.apache.maven.surefire.junit4.JUnit4Provider.executeWithRerun(JUnit4Provider.java:240)
	at org.apache.maven.surefire.junit4.JUnit4Provider.executeTestSet(JUnit4Provider.java:214)
	at org.apache.maven.surefire.junit4.JUnit4Provider.invoke(JUnit4Provider.java:155)
	at org.apache.maven.surefire.booter.ForkedBooter.runSuitesInProcess(ForkedBooter.java:385)
	at org.apache.maven.surefire.booter.ForkedBooter.execute(ForkedBooter.java:162)
	at org.apache.maven.surefire.booter.ForkedBooter.run(ForkedBooter.java:507)
	at org.apache.maven.surefire.booter.ForkedBooter.main(ForkedBooter.java:495)

[INFO] Running net.zerocloud.pdf.consumer.TableCompositionWorkflowTest
[ERROR] Tests run: 68, Failures: 0, Errors: 34, Skipped: 0, Time elapsed: 62.65 s <<< FAILURE! -- in net.zerocloud.pdf.consumer.TableCompositionWorkflowTest
[ERROR] net.zerocloud.pdf.consumer.TableCompositionWorkflowTest.cellAlignmentGraphicsMultipleParagraphsAndMinimumRowHeightAffectGeometry[IN_PROCESS] -- Time elapsed: 0.004 s <<< ERROR!
net.zerocloud.pdf.DocumentFailure: The text and logical-structure extraction limit was exceeded.
	at net.zerocloud.pdf.PdfBoxWorkflowEngine.failure(PdfBoxWorkflowEngine.java:292)
	at net.zerocloud.pdf.PdfBoxWorkflowEngine.executeWithDocument(PdfBoxWorkflowEngine.java:350)
	at net.zerocloud.pdf.PdfBoxWorkflowEngine.executeChecked(PdfBoxWorkflowEngine.java:238)
	at net.zerocloud.pdf.PdfBoxWorkflowEngine.execute(PdfBoxWorkflowEngine.java:41)
	at net.zerocloud.pdf.DocumentWorkflow.executeOnce(DocumentWorkflow.java:184)
	at net.zerocloud.pdf.DocumentWorkflow.execute(DocumentWorkflow.java:103)
	at net.zerocloud.pdf.DocumentWorkflow.execute(DocumentWorkflow.java:64)
	at net.zerocloud.pdf.consumer.TableCompositionWorkflowTest.read(TableCompositionWorkflowTest.java:723)
	at net.zerocloud.pdf.consumer.TableCompositionWorkflowTest.cellAlignmentGraphicsMultipleParagraphsAndMinimumRowHeightAffectGeometry(TableCompositionWorkflowTest.java:342)
	at java.base/jdk.internal.reflect.NativeMethodAccessorImpl.invoke0(Native Method)
	at java.base/jdk.internal.reflect.NativeMethodAccessorImpl.invoke(NativeMethodAccessorImpl.java:77)
	at java.base/jdk.internal.reflect.DelegatingMethodAccessorImpl.invoke(DelegatingMethodAccessorImpl.java:43)
	at java.base/java.lang.reflect.Method.invoke(Method.java:568)
	at org.junit.runners.model.FrameworkMethod$1.runReflectiveCall(FrameworkMethod.java:59)
	at org.junit.internal.runners.model.ReflectiveCallable.run(ReflectiveCallable.java:12)
	at org.junit.runners.model.FrameworkMethod.invokeExplosively(FrameworkMethod.java:56)
	at org.junit.internal.runners.statements.InvokeMethod.evaluate(InvokeMethod.java:17)
	at org.junit.rules.ExternalResource$1.evaluate(ExternalResource.java:54)
	at org.junit.runners.ParentRunner$3.evaluate(ParentRunner.java:306)
	at org.junit.runners.BlockJUnit4ClassRunner$1.evaluate(BlockJUnit4ClassRunner.java:100)
	at org.junit.runners.ParentRunner.runLeaf(ParentRunner.java:366)
	at org.junit.runners.BlockJUnit4ClassRunner.runChild(BlockJUnit4ClassRunner.java:103)
	at org.junit.runners.BlockJUnit4ClassRunner.runChild(BlockJUnit4ClassRunner.java:63)
	at org.junit.runners.ParentRunner$4.run(ParentRunner.java:331)
	at org.junit.runners.ParentRunner$1.schedule(ParentRunner.java:79)
	at org.junit.runners.ParentRunner.runChildren(ParentRunner.java:329)
	at org.junit.runners.ParentRunner.access$100(ParentRunner.java:66)
	at org.junit.runners.ParentRunner$2.evaluate(ParentRunner.java:293)
	at org.junit.runners.ParentRunner.run(ParentRunner.java:413)
	at org.junit.runners.Suite.runChild(Suite.java:128)
	at org.junit.runners.Suite.runChild(Suite.java:27)
	at org.junit.runners.ParentRunner$4.run(ParentRunner.java:331)
	at org.junit.runners.ParentRunner$1.schedule(ParentRunner.java:79)
	at org.junit.runners.ParentRunner.runChildren(ParentRunner.java:329)
	at org.junit.runners.ParentRunner.access$100(ParentRunner.java:66)
	at org.junit.runners.ParentRunner$2.evaluate(ParentRunner.java:293)
	at org.junit.runners.ParentRunner$3.evaluate(ParentRunner.java:306)
	at org.junit.runners.ParentRunner.run(ParentRunner.java:413)
	at org.apache.maven.surefire.junit4.JUnit4Provider.execute(JUnit4Provider.java:316)
	at org.apache.maven.surefire.junit4.JUnit4Provider.executeWithRerun(JUnit4Provider.java:240)
	at org.apache.maven.surefire.junit4.JUnit4Provider.executeTestSet(JUnit4Provider.java:214)
	at org.apache.maven.surefire.junit4.JUnit4Provider.invoke(JUnit4Provider.java:155)
	at org.apache.maven.surefire.booter.ForkedBooter.runSuitesInProcess(ForkedBooter.java:385)
	at org.apache.maven.surefire.booter.ForkedBooter.execute(ForkedBooter.java:162)
	at org.apache.maven.surefire.booter.ForkedBooter.run(ForkedBooter.java:507)
	at org.apache.maven.surefire.booter.ForkedBooter.main(ForkedBooter.java:495)

[ERROR] net.zerocloud.pdf.consumer.TableCompositionWorkflowTest.automaticSpanningMinimumRequiresSurplusOrExplicitPositiveColumns[IN_PROCESS] -- Time elapsed: 0.006 s <<< ERROR!
net.zerocloud.pdf.DocumentFailure: The text and logical-structure extraction limit was exceeded.
	at net.zerocloud.pdf.PdfBoxWorkflowEngine.failure(PdfBoxWorkflowEngine.java:292)
	at net.zerocloud.pdf.PdfBoxWorkflowEngine.executeWithDocument(PdfBoxWorkflowEngine.java:350)
	at net.zerocloud.pdf.PdfBoxWorkflowEngine.executeChecked(PdfBoxWorkflowEngine.java:238)
	at net.zerocloud.pdf.PdfBoxWorkflowEngine.execute(PdfBoxWorkflowEngine.java:41)
	at net.zerocloud.pdf.DocumentWorkflow.executeOnce(DocumentWorkflow.java:184)
	at net.zerocloud.pdf.DocumentWorkflow.execute(DocumentWorkflow.java:103)
	at net.zerocloud.pdf.DocumentWorkflow.execute(DocumentWorkflow.java:64)
	at net.zerocloud.pdf.consumer.TableCompositionWorkflowTest.read(TableCompositionWorkflowTest.java:723)
	at net.zerocloud.pdf.consumer.TableCompositionWorkflowTest.automaticSpanningMinimumRequiresSurplusOrExplicitPositiveColumns(TableCompositionWorkflowTest.java:262)
	at java.base/jdk.internal.reflect.NativeMethodAccessorImpl.invoke0(Native Method)
	at java.base/jdk.internal.reflect.NativeMethodAccessorImpl.invoke(NativeMethodAccessorImpl.java:77)
	at java.base/jdk.internal.reflect.DelegatingMethodAccessorImpl.invoke(DelegatingMethodAccessorImpl.java:43)
	at java.base/java.lang.reflect.Method.invoke(Method.java:568)
	at org.junit.runners.model.FrameworkMethod$1.runReflectiveCall(FrameworkMethod.java:59)
	at org.junit.internal.runners.model.ReflectiveCallable.run(ReflectiveCallable.java:12)
	at org.junit.runners.model.FrameworkMethod.invokeExplosively(FrameworkMethod.java:56)
	at org.junit.internal.runners.statements.InvokeMethod.evaluate(InvokeMethod.java:17)
	at org.junit.rules.ExternalResource$1.evaluate(ExternalResource.java:54)
	at org.junit.runners.ParentRunner$3.evaluate(ParentRunner.java:306)
	at org.junit.runners.BlockJUnit4ClassRunner$1.evaluate(BlockJUnit4ClassRunner.java:100)
	at org.junit.runners.ParentRunner.runLeaf(ParentRunner.java:366)
	at org.junit.runners.BlockJUnit4ClassRunner.runChild(BlockJUnit4ClassRunner.java:103)
	at org.junit.runners.BlockJUnit4ClassRunner.runChild(BlockJUnit4ClassRunner.java:63)
	at org.junit.runners.ParentRunner$4.run(ParentRunner.java:331)
	at org.junit.runners.ParentRunner$1.schedule(ParentRunner.java:79)
	at org.junit.runners.ParentRunner.runChildren(ParentRunner.java:329)
	at org.junit.runners.ParentRunner.access$100(ParentRunner.java:66)
	at org.junit.runners.ParentRunner$2.evaluate(ParentRunner.java:293)
	at org.junit.runners.ParentRunner.run(ParentRunner.java:413)
	at org.junit.runners.Suite.runChild(Suite.java:128)
	at org.junit.runners.Suite.runChild(Suite.java:27)
	at org.junit.runners.ParentRunner$4.run(ParentRunner.java:331)
	at org.junit.runners.ParentRunner$1.schedule(ParentRunner.java:79)
	at org.junit.runners.ParentRunner.runChildren(ParentRunner.java:329)
	at org.junit.runners.ParentRunner.access$100(ParentRunner.java:66)
	at org.junit.runners.ParentRunner$2.evaluate(ParentRunner.java:293)
	at org.junit.runners.ParentRunner$3.evaluate(ParentRunner.java:306)
	at org.junit.runners.ParentRunner.run(ParentRunner.java:413)
	at org.apache.maven.surefire.junit4.JUnit4Provider.execute(JUnit4Provider.java:316)
	at org.apache.maven.surefire.junit4.JUnit4Provider.executeWithRerun(JUnit4Provider.java:240)
	at org.apache.maven.surefire.junit4.JUnit4Provider.executeTestSet(JUnit4Provider.java:214)
	at org.apache.maven.surefire.junit4.JUnit4Provider.invoke(JUnit4Provider.java:155)
	at org.apache.maven.surefire.booter.ForkedBooter.runSuitesInProcess(ForkedBooter.java:385)
	at org.apache.maven.surefire.booter.ForkedBooter.execute(ForkedBooter.java:162)
	at org.apache.maven.surefire.booter.ForkedBooter.run(ForkedBooter.java:507)
	at org.apache.maven.surefire.booter.ForkedBooter.main(ForkedBooter.java:495)

[ERROR] net.zerocloud.pdf.consumer.TableCompositionWorkflowTest.oneShotFontsRemainCallerOwnedAcrossTablesParagraphsAndLaterCommands[IN_PROCESS] -- Time elapsed: 0.004 s <<< ERROR!
net.zerocloud.pdf.DocumentFailure: The text and logical-structure extraction limit was exceeded.
	at net.zerocloud.pdf.PdfBoxWorkflowEngine.failure(PdfBoxWorkflowEngine.java:292)
	at net.zerocloud.pdf.PdfBoxWorkflowEngine.executeWithDocument(PdfBoxWorkflowEngine.java:350)
	at net.zerocloud.pdf.PdfBoxWorkflowEngine.executeChecked(PdfBoxWorkflowEngine.java:238)
	at net.zerocloud.pdf.PdfBoxWorkflowEngine.execute(PdfBoxWorkflowEngine.java:41)
	at net.zerocloud.pdf.DocumentWorkflow.executeOnce(DocumentWorkflow.java:184)
	at net.zerocloud.pdf.DocumentWorkflow.execute(DocumentWorkflow.java:103)
	at net.zerocloud.pdf.DocumentWorkflow.execute(DocumentWorkflow.java:64)
	at net.zerocloud.pdf.consumer.TableCompositionWorkflowTest.oneShotFontsRemainCallerOwnedAcrossTablesParagraphsAndLaterCommands(TableCompositionWorkflowTest.java:427)
	at java.base/jdk.internal.reflect.NativeMethodAccessorImpl.invoke0(Native Method)
	at java.base/jdk.internal.reflect.NativeMethodAccessorImpl.invoke(NativeMethodAccessorImpl.java:77)
	at java.base/jdk.internal.reflect.DelegatingMethodAccessorImpl.invoke(DelegatingMethodAccessorImpl.java:43)
	at java.base/java.lang.reflect.Method.invoke(Method.java:568)
	at org.junit.runners.model.FrameworkMethod$1.runReflectiveCall(FrameworkMethod.java:59)
	at org.junit.internal.runners.model.ReflectiveCallable.run(ReflectiveCallable.java:12)
	at org.junit.runners.model.FrameworkMethod.invokeExplosively(FrameworkMethod.java:56)
	at org.junit.internal.runners.statements.InvokeMethod.evaluate(InvokeMethod.java:17)
	at org.junit.rules.ExternalResource$1.evaluate(ExternalResource.java:54)
	at org.junit.runners.ParentRunner$3.evaluate(ParentRunner.java:306)
	at org.junit.runners.BlockJUnit4ClassRunner$1.evaluate(BlockJUnit4ClassRunner.java:100)
	at org.junit.runners.ParentRunner.runLeaf(ParentRunner.java:366)
	at org.junit.runners.BlockJUnit4ClassRunner.runChild(BlockJUnit4ClassRunner.java:103)
	at org.junit.runners.BlockJUnit4ClassRunner.runChild(BlockJUnit4ClassRunner.java:63)
	at org.junit.runners.ParentRunner$4.run(ParentRunner.java:331)
	at org.junit.runners.ParentRunner$1.schedule(ParentRunner.java:79)
	at org.junit.runners.ParentRunner.runChildren(ParentRunner.java:329)
	at org.junit.runners.ParentRunner.access$100(ParentRunner.java:66)
	at org.junit.runners.ParentRunner$2.evaluate(ParentRunner.java:293)
	at org.junit.runners.ParentRunner.run(ParentRunner.java:413)
	at org.junit.runners.Suite.runChild(Suite.java:128)
	at org.junit.runners.Suite.runChild(Suite.java:27)
	at org.junit.runners.ParentRunner$4.run(ParentRunner.java:331)
	at org.junit.runners.ParentRunner$1.schedule(ParentRunner.java:79)
	at org.junit.runners.ParentRunner.runChildren(ParentRunner.java:329)
	at org.junit.runners.ParentRunner.access$100(ParentRunner.java:66)
	at org.junit.runners.ParentRunner$2.evaluate(ParentRunner.java:293)
	at org.junit.runners.ParentRunner$3.evaluate(ParentRunner.java:306)
	at org.junit.runners.ParentRunner.run(ParentRunner.java:413)
	at org.apache.maven.surefire.junit4.JUnit4Provider.execute(JUnit4Provider.java:316)
	at org.apache.maven.surefire.junit4.JUnit4Provider.executeWithRerun(JUnit4Provider.java:240)
	at org.apache.maven.surefire.junit4.JUnit4Provider.executeTestSet(JUnit4Provider.java:214)
	at org.apache.maven.surefire.junit4.JUnit4Provider.invoke(JUnit4Provider.java:155)
	at org.apache.maven.surefire.booter.ForkedBooter.runSuitesInProcess(ForkedBooter.java:385)
	at org.apache.maven.surefire.booter.ForkedBooter.execute(ForkedBooter.java:162)
	at org.apache.maven.surefire.booter.ForkedBooter.run(ForkedBooter.java:507)
	at org.apache.maven.surefire.booter.ForkedBooter.main(ForkedBooter.java:495)

[ERROR] net.zerocloud.pdf.consumer.TableCompositionWorkflowTest.failedPaintingAndLayoutLeavePreviousPagesObservableWithoutPartialTables[IN_PROCESS] -- Time elapsed: 0.008 s <<< ERROR!
net.zerocloud.pdf.DocumentFailure: The text and logical-structure extraction limit was exceeded.
	at net.zerocloud.pdf.PdfBoxWorkflowEngine.failure(PdfBoxWorkflowEngine.java:292)
	at net.zerocloud.pdf.PdfBoxWorkflowEngine.executeWithDocument(PdfBoxWorkflowEngine.java:350)
	at net.zerocloud.pdf.PdfBoxWorkflowEngine.executeChecked(PdfBoxWorkflowEngine.java:238)
	at net.zerocloud.pdf.PdfBoxWorkflowEngine.execute(PdfBoxWorkflowEngine.java:41)
	at net.zerocloud.pdf.DocumentWorkflow.executeOnce(DocumentWorkflow.java:184)
	at net.zerocloud.pdf.DocumentWorkflow.execute(DocumentWorkflow.java:103)
	at net.zerocloud.pdf.DocumentWorkflow.execute(DocumentWorkflow.java:64)
	at net.zerocloud.pdf.consumer.TableCompositionWorkflowTest.read(TableCompositionWorkflowTest.java:723)
	at net.zerocloud.pdf.consumer.TableCompositionWorkflowTest.failedPaintingAndLayoutLeavePreviousPagesObservableWithoutPartialTables(TableCompositionWorkflowTest.java:417)
	at java.base/jdk.internal.reflect.NativeMethodAccessorImpl.invoke0(Native Method)
	at java.base/jdk.internal.reflect.NativeMethodAccessorImpl.invoke(NativeMethodAccessorImpl.java:77)
	at java.base/jdk.internal.reflect.DelegatingMethodAccessorImpl.invoke(DelegatingMethodAccessorImpl.java:43)
	at java.base/java.lang.reflect.Method.invoke(Method.java:568)
	at org.junit.runners.model.FrameworkMethod$1.runReflectiveCall(FrameworkMethod.java:59)
	at org.junit.internal.runners.model.ReflectiveCallable.run(ReflectiveCallable.java:12)
	at org.junit.runners.model.FrameworkMethod.invokeExplosively(FrameworkMethod.java:56)
	at org.junit.internal.runners.statements.InvokeMethod.evaluate(InvokeMethod.java:17)
	at org.junit.rules.ExternalResource$1.evaluate(ExternalResource.java:54)
	at org.junit.runners.ParentRunner$3.evaluate(ParentRunner.java:306)
	at org.junit.runners.BlockJUnit4ClassRunner$1.evaluate(BlockJUnit4ClassRunner.java:100)
	at org.junit.runners.ParentRunner.runLeaf(ParentRunner.java:366)
	at org.junit.runners.BlockJUnit4ClassRunner.runChild(BlockJUnit4ClassRunner.java:103)
	at org.junit.runners.BlockJUnit4ClassRunner.runChild(BlockJUnit4ClassRunner.java:63)
	at org.junit.runners.ParentRunner$4.run(ParentRunner.java:331)
	at org.junit.runners.ParentRunner$1.schedule(ParentRunner.java:79)
	at org.junit.runners.ParentRunner.runChildren(ParentRunner.java:329)
	at org.junit.runners.ParentRunner.access$100(ParentRunner.java:66)
	at org.junit.runners.ParentRunner$2.evaluate(ParentRunner.java:293)
	at org.junit.runners.ParentRunner.run(ParentRunner.java:413)
	at org.junit.runners.Suite.runChild(Suite.java:128)
	at org.junit.runners.Suite.runChild(Suite.java:27)
	at org.junit.runners.ParentRunner$4.run(ParentRunner.java:331)
	at org.junit.runners.ParentRunner$1.schedule(ParentRunner.java:79)
	at org.junit.runners.ParentRunner.runChildren(ParentRunner.java:329)
	at org.junit.runners.ParentRunner.access$100(ParentRunner.java:66)
	at org.junit.runners.ParentRunner$2.evaluate(ParentRunner.java:293)
	at org.junit.runners.ParentRunner$3.evaluate(ParentRunner.java:306)
	at org.junit.runners.ParentRunner.run(ParentRunner.java:413)
	at org.apache.maven.surefire.junit4.JUnit4Provider.execute(JUnit4Provider.java:316)
	at org.apache.maven.surefire.junit4.JUnit4Provider.executeWithRerun(JUnit4Provider.java:240)
	at org.apache.maven.surefire.junit4.JUnit4Provider.executeTestSet(JUnit4Provider.java:214)
	at org.apache.maven.surefire.junit4.JUnit4Provider.invoke(JUnit4Provider.java:155)
	at org.apache.maven.surefire.booter.ForkedBooter.runSuitesInProcess(ForkedBooter.java:385)
	at org.apache.maven.surefire.booter.ForkedBooter.execute(ForkedBooter.java:162)
	at org.apache.maven.surefire.booter.ForkedBooter.run(ForkedBooter.java:507)
	at org.apache.maven.surefire.booter.ForkedBooter.main(ForkedBooter.java:495)

[ERROR] net.zerocloud.pdf.consumer.TableCompositionWorkflowTest.automaticPointAndPercentageColumnsStayExactWithCellMinimums[IN_PROCESS] -- Time elapsed: 0.011 s <<< ERROR!
net.zerocloud.pdf.DocumentFailure: The text and logical-structure extraction limit was exceeded.
	at net.zerocloud.pdf.PdfBoxWorkflowEngine.failure(PdfBoxWorkflowEngine.java:292)
	at net.zerocloud.pdf.PdfBoxWorkflowEngine.executeWithDocument(PdfBoxWorkflowEngine.java:350)
	at net.zerocloud.pdf.PdfBoxWorkflowEngine.executeChecked(PdfBoxWorkflowEngine.java:238)
	at net.zerocloud.pdf.PdfBoxWorkflowEngine.execute(PdfBoxWorkflowEngine.java:41)
	at net.zerocloud.pdf.DocumentWorkflow.executeOnce(DocumentWorkflow.java:184)
	at net.zerocloud.pdf.DocumentWorkflow.execute(DocumentWorkflow.java:103)
	at net.zerocloud.pdf.DocumentWorkflow.execute(DocumentWorkflow.java:64)
	at net.zerocloud.pdf.consumer.TableCompositionWorkflowTest.read(TableCompositionWorkflowTest.java:723)
	at net.zerocloud.pdf.consumer.TableCompositionWorkflowTest.automaticPointAndPercentageColumnsStayExactWithCellMinimums(TableCompositionWorkflowTest.java:330)
	at java.base/jdk.internal.reflect.NativeMethodAccessorImpl.invoke0(Native Method)
	at java.base/jdk.internal.reflect.NativeMethodAccessorImpl.invoke(NativeMethodAccessorImpl.java:77)
	at java.base/jdk.internal.reflect.DelegatingMethodAccessorImpl.invoke(DelegatingMethodAccessorImpl.java:43)
	at java.base/java.lang.reflect.Method.invoke(Method.java:568)
	at org.junit.runners.model.FrameworkMethod$1.runReflectiveCall(FrameworkMethod.java:59)
	at org.junit.internal.runners.model.ReflectiveCallable.run(ReflectiveCallable.java:12)
	at org.junit.runners.model.FrameworkMethod.invokeExplosively(FrameworkMethod.java:56)
	at org.junit.internal.runners.statements.InvokeMethod.evaluate(InvokeMethod.java:17)
	at org.junit.rules.ExternalResource$1.evaluate(ExternalResource.java:54)
	at org.junit.runners.ParentRunner$3.evaluate(ParentRunner.java:306)
	at org.junit.runners.BlockJUnit4ClassRunner$1.evaluate(BlockJUnit4ClassRunner.java:100)
	at org.junit.runners.ParentRunner.runLeaf(ParentRunner.java:366)
	at org.junit.runners.BlockJUnit4ClassRunner.runChild(BlockJUnit4ClassRunner.java:103)
	at org.junit.runners.BlockJUnit4ClassRunner.runChild(BlockJUnit4ClassRunner.java:63)
	at org.junit.runners.ParentRunner$4.run(ParentRunner.java:331)
	at org.junit.runners.ParentRunner$1.schedule(ParentRunner.java:79)
	at org.junit.runners.ParentRunner.runChildren(ParentRunner.java:329)
	at org.junit.runners.ParentRunner.access$100(ParentRunner.java:66)
	at org.junit.runners.ParentRunner$2.evaluate(ParentRunner.java:293)
	at org.junit.runners.ParentRunner.run(ParentRunner.java:413)
	at org.junit.runners.Suite.runChild(Suite.java:128)
	at org.junit.runners.Suite.runChild(Suite.java:27)
	at org.junit.runners.ParentRunner$4.run(ParentRunner.java:331)
	at org.junit.runners.ParentRunner$1.schedule(ParentRunner.java:79)
	at org.junit.runners.ParentRunner.runChildren(ParentRunner.java:329)
	at org.junit.runners.ParentRunner.access$100(ParentRunner.java:66)
	at org.junit.runners.ParentRunner$2.evaluate(ParentRunner.java:293)
	at org.junit.runners.ParentRunner$3.evaluate(ParentRunner.java:306)
	at org.junit.runners.ParentRunner.run(ParentRunner.java:413)
	at org.apache.maven.surefire.junit4.JUnit4Provider.execute(JUnit4Provider.java:316)
	at org.apache.maven.surefire.junit4.JUnit4Provider.executeWithRerun(JUnit4Provider.java:240)
	at org.apache.maven.surefire.junit4.JUnit4Provider.executeTestSet(JUnit4Provider.java:214)
	at org.apache.maven.surefire.junit4.JUnit4Provider.invoke(JUnit4Provider.java:155)
	at org.apache.maven.surefire.booter.ForkedBooter.runSuitesInProcess(ForkedBooter.java:385)
	at org.apache.maven.surefire.booter.ForkedBooter.execute(ForkedBooter.java:162)
	at org.apache.maven.surefire.booter.ForkedBooter.run(ForkedBooter.java:507)
	at org.apache.maven.surefire.booter.ForkedBooter.main(ForkedBooter.java:495)

[ERROR] net.zerocloud.pdf.consumer.TableCompositionWorkflowTest.spanningContentGrowsRowsAndEmptyContinuationRowsAreExplicit[IN_PROCESS] -- Time elapsed: 0.007 s <<< ERROR!
net.zerocloud.pdf.DocumentFailure: The text and logical-structure extraction limit was exceeded.
	at net.zerocloud.pdf.PdfBoxWorkflowEngine.failure(PdfBoxWorkflowEngine.java:292)
	at net.zerocloud.pdf.PdfBoxWorkflowEngine.executeWithDocument(PdfBoxWorkflowEngine.java:350)
	at net.zerocloud.pdf.PdfBoxWorkflowEngine.executeChecked(PdfBoxWorkflowEngine.java:238)
	at net.zerocloud.pdf.PdfBoxWorkflowEngine.execute(PdfBoxWorkflowEngine.java:41)
	at net.zerocloud.pdf.DocumentWorkflow.executeOnce(DocumentWorkflow.java:184)
	at net.zerocloud.pdf.DocumentWorkflow.execute(DocumentWorkflow.java:103)
	at net.zerocloud.pdf.DocumentWorkflow.execute(DocumentWorkflow.java:64)
	at net.zerocloud.pdf.consumer.TableCompositionWorkflowTest.read(TableCompositionWorkflowTest.java:723)
	at net.zerocloud.pdf.consumer.TableCompositionWorkflowTest.spanningContentGrowsRowsAndEmptyContinuationRowsAreExplicit(TableCompositionWorkflowTest.java:156)
	at java.base/jdk.internal.reflect.NativeMethodAccessorImpl.invoke0(Native Method)
	at java.base/jdk.internal.reflect.NativeMethodAccessorImpl.invoke(NativeMethodAccessorImpl.java:77)
	at java.base/jdk.internal.reflect.DelegatingMethodAccessorImpl.invoke(DelegatingMethodAccessorImpl.java:43)
	at java.base/java.lang.reflect.Method.invoke(Method.java:568)
	at org.junit.runners.model.FrameworkMethod$1.runReflectiveCall(FrameworkMethod.java:59)
	at org.junit.internal.runners.model.ReflectiveCallable.run(ReflectiveCallable.java:12)
	at org.junit.runners.model.FrameworkMethod.invokeExplosively(FrameworkMethod.java:56)
	at org.junit.internal.runners.statements.InvokeMethod.evaluate(InvokeMethod.java:17)
	at org.junit.rules.ExternalResource$1.evaluate(ExternalResource.java:54)
	at org.junit.runners.ParentRunner$3.evaluate(ParentRunner.java:306)
	at org.junit.runners.BlockJUnit4ClassRunner$1.evaluate(BlockJUnit4ClassRunner.java:100)
	at org.junit.runners.ParentRunner.runLeaf(ParentRunner.java:366)
	at org.junit.runners.BlockJUnit4ClassRunner.runChild(BlockJUnit4ClassRunner.java:103)
	at org.junit.runners.BlockJUnit4ClassRunner.runChild(BlockJUnit4ClassRunner.java:63)
	at org.junit.runners.ParentRunner$4.run(ParentRunner.java:331)
	at org.junit.runners.ParentRunner$1.schedule(ParentRunner.java:79)
	at org.junit.runners.ParentRunner.runChildren(ParentRunner.java:329)
	at org.junit.runners.ParentRunner.access$100(ParentRunner.java:66)
	at org.junit.runners.ParentRunner$2.evaluate(ParentRunner.java:293)
	at org.junit.runners.ParentRunner.run(ParentRunner.java:413)
	at org.junit.runners.Suite.runChild(Suite.java:128)
	at org.junit.runners.Suite.runChild(Suite.java:27)
	at org.junit.runners.ParentRunner$4.run(ParentRunner.java:331)
	at org.junit.runners.ParentRunner$1.schedule(ParentRunner.java:79)
	at org.junit.runners.ParentRunner.runChildren(ParentRunner.java:329)
	at org.junit.runners.ParentRunner.access$100(ParentRunner.java:66)
	at org.junit.runners.ParentRunner$2.evaluate(ParentRunner.java:293)
	at org.junit.runners.ParentRunner$3.evaluate(ParentRunner.java:306)
	at org.junit.runners.ParentRunner.run(ParentRunner.java:413)
	at org.apache.maven.surefire.junit4.JUnit4Provider.execute(JUnit4Provider.java:316)
	at org.apache.maven.surefire.junit4.JUnit4Provider.executeWithRerun(JUnit4Provider.java:240)
	at org.apache.maven.surefire.junit4.JUnit4Provider.executeTestSet(JUnit4Provider.java:214)
	at org.apache.maven.surefire.junit4.JUnit4Provider.invoke(JUnit4Provider.java:155)
	at org.apache.maven.surefire.booter.ForkedBooter.runSuitesInProcess(ForkedBooter.java:385)
	at org.apache.maven.surefire.booter.ForkedBooter.execute(ForkedBooter.java:162)
	at org.apache.maven.surefire.booter.ForkedBooter.run(ForkedBooter.java:507)
	at org.apache.maven.surefire.booter.ForkedBooter.main(ForkedBooter.java:495)

[ERROR] net.zerocloud.pdf.consumer.TableCompositionWorkflowTest.layoutLineLimitCanSkipANarrowAreaAndDiscardedWorkStillCounts[IN_PROCESS] -- Time elapsed: 0.006 s <<< ERROR!
net.zerocloud.pdf.DocumentFailure: The text and logical-structure extraction limit was exceeded.
	at net.zerocloud.pdf.PdfBoxWorkflowEngine.failure(PdfBoxWorkflowEngine.java:292)
	at net.zerocloud.pdf.PdfBoxWorkflowEngine.executeWithDocument(PdfBoxWorkflowEngine.java:350)
	at net.zerocloud.pdf.PdfBoxWorkflowEngine.executeChecked(PdfBoxWorkflowEngine.java:238)
	at net.zerocloud.pdf.PdfBoxWorkflowEngine.execute(PdfBoxWorkflowEngine.java:41)
	at net.zerocloud.pdf.DocumentWorkflow.executeOnce(DocumentWorkflow.java:184)
	at net.zerocloud.pdf.DocumentWorkflow.execute(DocumentWorkflow.java:103)
	at net.zerocloud.pdf.DocumentWorkflow.execute(DocumentWorkflow.java:64)
	at net.zerocloud.pdf.consumer.TableCompositionWorkflowTest.read(TableCompositionWorkflowTest.java:723)
	at net.zerocloud.pdf.consumer.TableCompositionWorkflowTest.layoutLineLimitCanSkipANarrowAreaAndDiscardedWorkStillCounts(TableCompositionWorkflowTest.java:552)
	at java.base/jdk.internal.reflect.NativeMethodAccessorImpl.invoke0(Native Method)
	at java.base/jdk.internal.reflect.NativeMethodAccessorImpl.invoke(NativeMethodAccessorImpl.java:77)
	at java.base/jdk.internal.reflect.DelegatingMethodAccessorImpl.invoke(DelegatingMethodAccessorImpl.java:43)
	at java.base/java.lang.reflect.Method.invoke(Method.java:568)
	at org.junit.runners.model.FrameworkMethod$1.runReflectiveCall(FrameworkMethod.java:59)
	at org.junit.internal.runners.model.ReflectiveCallable.run(ReflectiveCallable.java:12)
	at org.junit.runners.model.FrameworkMethod.invokeExplosively(FrameworkMethod.java:56)
	at org.junit.internal.runners.statements.InvokeMethod.evaluate(InvokeMethod.java:17)
	at org.junit.rules.ExternalResource$1.evaluate(ExternalResource.java:54)
	at org.junit.runners.ParentRunner$3.evaluate(ParentRunner.java:306)
	at org.junit.runners.BlockJUnit4ClassRunner$1.evaluate(BlockJUnit4ClassRunner.java:100)
	at org.junit.runners.ParentRunner.runLeaf(ParentRunner.java:366)
	at org.junit.runners.BlockJUnit4ClassRunner.runChild(BlockJUnit4ClassRunner.java:103)
	at org.junit.runners.BlockJUnit4ClassRunner.runChild(BlockJUnit4ClassRunner.java:63)
	at org.junit.runners.ParentRunner$4.run(ParentRunner.java:331)
	at org.junit.runners.ParentRunner$1.schedule(ParentRunner.java:79)
	at org.junit.runners.ParentRunner.runChildren(ParentRunner.java:329)
	at org.junit.runners.ParentRunner.access$100(ParentRunner.java:66)
	at org.junit.runners.ParentRunner$2.evaluate(ParentRunner.java:293)
	at org.junit.runners.ParentRunner.run(ParentRunner.java:413)
	at org.junit.runners.Suite.runChild(Suite.java:128)
	at org.junit.runners.Suite.runChild(Suite.java:27)
	at org.junit.runners.ParentRunner$4.run(ParentRunner.java:331)
	at org.junit.runners.ParentRunner$1.schedule(ParentRunner.java:79)
	at org.junit.runners.ParentRunner.runChildren(ParentRunner.java:329)
	at org.junit.runners.ParentRunner.access$100(ParentRunner.java:66)
	at org.junit.runners.ParentRunner$2.evaluate(ParentRunner.java:293)
	at org.junit.runners.ParentRunner$3.evaluate(ParentRunner.java:306)
	at org.junit.runners.ParentRunner.run(ParentRunner.java:413)
	at org.apache.maven.surefire.junit4.JUnit4Provider.execute(JUnit4Provider.java:316)
	at org.apache.maven.surefire.junit4.JUnit4Provider.executeWithRerun(JUnit4Provider.java:240)
	at org.apache.maven.surefire.junit4.JUnit4Provider.executeTestSet(JUnit4Provider.java:214)
	at org.apache.maven.surefire.junit4.JUnit4Provider.invoke(JUnit4Provider.java:155)
	at org.apache.maven.surefire.booter.ForkedBooter.runSuitesInProcess(ForkedBooter.java:385)
	at org.apache.maven.surefire.booter.ForkedBooter.execute(ForkedBooter.java:162)
	at org.apache.maven.surefire.booter.ForkedBooter.run(ForkedBooter.java:507)
	at org.apache.maven.surefire.booter.ForkedBooter.main(ForkedBooter.java:495)

[ERROR] net.zerocloud.pdf.consumer.TableCompositionWorkflowTest.automaticWidthsInterpolateBetweenMinimumAndPreferred[IN_PROCESS] -- Time elapsed: 0.007 s <<< ERROR!
net.zerocloud.pdf.DocumentFailure: The text and logical-structure extraction limit was exceeded.
	at net.zerocloud.pdf.PdfBoxWorkflowEngine.failure(PdfBoxWorkflowEngine.java:292)
	at net.zerocloud.pdf.PdfBoxWorkflowEngine.executeWithDocument(PdfBoxWorkflowEngine.java:350)
	at net.zerocloud.pdf.PdfBoxWorkflowEngine.executeChecked(PdfBoxWorkflowEngine.java:238)
	at net.zerocloud.pdf.PdfBoxWorkflowEngine.execute(PdfBoxWorkflowEngine.java:41)
	at net.zerocloud.pdf.DocumentWorkflow.executeOnce(DocumentWorkflow.java:184)
	at net.zerocloud.pdf.DocumentWorkflow.execute(DocumentWorkflow.java:103)
	at net.zerocloud.pdf.DocumentWorkflow.execute(DocumentWorkflow.java:64)
	at net.zerocloud.pdf.consumer.TableCompositionWorkflowTest.read(TableCompositionWorkflowTest.java:723)
	at net.zerocloud.pdf.consumer.TableCompositionWorkflowTest.automaticWidthsInterpolateBetweenMinimumAndPreferred(TableCompositionWorkflowTest.java:129)
	at java.base/jdk.internal.reflect.NativeMethodAccessorImpl.invoke0(Native Method)
	at java.base/jdk.internal.reflect.NativeMethodAccessorImpl.invoke(NativeMethodAccessorImpl.java:77)
	at java.base/jdk.internal.reflect.DelegatingMethodAccessorImpl.invoke(DelegatingMethodAccessorImpl.java:43)
	at java.base/java.lang.reflect.Method.invoke(Method.java:568)
	at org.junit.runners.model.FrameworkMethod$1.runReflectiveCall(FrameworkMethod.java:59)
	at org.junit.internal.runners.model.ReflectiveCallable.run(ReflectiveCallable.java:12)
	at org.junit.runners.model.FrameworkMethod.invokeExplosively(FrameworkMethod.java:56)
	at org.junit.internal.runners.statements.InvokeMethod.evaluate(InvokeMethod.java:17)
	at org.junit.rules.ExternalResource$1.evaluate(ExternalResource.java:54)
	at org.junit.runners.ParentRunner$3.evaluate(ParentRunner.java:306)
	at org.junit.runners.BlockJUnit4ClassRunner$1.evaluate(BlockJUnit4ClassRunner.java:100)
	at org.junit.runners.ParentRunner.runLeaf(ParentRunner.java:366)
	at org.junit.runners.BlockJUnit4ClassRunner.runChild(BlockJUnit4ClassRunner.java:103)
	at org.junit.runners.BlockJUnit4ClassRunner.runChild(BlockJUnit4ClassRunner.java:63)
	at org.junit.runners.ParentRunner$4.run(ParentRunner.java:331)
	at org.junit.runners.ParentRunner$1.schedule(ParentRunner.java:79)
	at org.junit.runners.ParentRunner.runChildren(ParentRunner.java:329)
	at org.junit.runners.ParentRunner.access$100(ParentRunner.java:66)
	at org.junit.runners.ParentRunner$2.evaluate(ParentRunner.java:293)
	at org.junit.runners.ParentRunner.run(ParentRunner.java:413)
	at org.junit.runners.Suite.runChild(Suite.java:128)
	at org.junit.runners.Suite.runChild(Suite.java:27)
	at org.junit.runners.ParentRunner$4.run(ParentRunner.java:331)
	at org.junit.runners.ParentRunner$1.schedule(ParentRunner.java:79)
	at org.junit.runners.ParentRunner.runChildren(ParentRunner.java:329)
	at org.junit.runners.ParentRunner.access$100(ParentRunner.java:66)
	at org.junit.runners.ParentRunner$2.evaluate(ParentRunner.java:293)
	at org.junit.runners.ParentRunner$3.evaluate(ParentRunner.java:306)
	at org.junit.runners.ParentRunner.run(ParentRunner.java:413)
	at org.apache.maven.surefire.junit4.JUnit4Provider.execute(JUnit4Provider.java:316)
	at org.apache.maven.surefire.junit4.JUnit4Provider.executeWithRerun(JUnit4Provider.java:240)
	at org.apache.maven.surefire.junit4.JUnit4Provider.executeTestSet(JUnit4Provider.java:214)
	at org.apache.maven.surefire.junit4.JUnit4Provider.invoke(JUnit4Provider.java:155)
	at org.apache.maven.surefire.booter.ForkedBooter.runSuitesInProcess(ForkedBooter.java:385)
	at org.apache.maven.surefire.booter.ForkedBooter.execute(ForkedBooter.java:162)
	at org.apache.maven.surefire.booter.ForkedBooter.run(ForkedBooter.java:507)
	at org.apache.maven.surefire.booter.ForkedBooter.main(ForkedBooter.java:495)

[ERROR] net.zerocloud.pdf.consumer.TableCompositionWorkflowTest.overlappingAutomaticSpanConstraintsHaveAFeasibleDeterministicAllocation[IN_PROCESS] -- Time elapsed: 0.006 s <<< ERROR!
net.zerocloud.pdf.DocumentFailure: The text and logical-structure extraction limit was exceeded.
	at net.zerocloud.pdf.PdfBoxWorkflowEngine.failure(PdfBoxWorkflowEngine.java:292)
	at net.zerocloud.pdf.PdfBoxWorkflowEngine.executeWithDocument(PdfBoxWorkflowEngine.java:350)
	at net.zerocloud.pdf.PdfBoxWorkflowEngine.executeChecked(PdfBoxWorkflowEngine.java:238)
	at net.zerocloud.pdf.PdfBoxWorkflowEngine.execute(PdfBoxWorkflowEngine.java:41)
	at net.zerocloud.pdf.DocumentWorkflow.executeOnce(DocumentWorkflow.java:184)
	at net.zerocloud.pdf.DocumentWorkflow.execute(DocumentWorkflow.java:103)
	at net.zerocloud.pdf.DocumentWorkflow.execute(DocumentWorkflow.java:64)
	at net.zerocloud.pdf.consumer.TableCompositionWorkflowTest.read(TableCompositionWorkflowTest.java:723)
	at net.zerocloud.pdf.consumer.TableCompositionWorkflowTest.overlappingAutomaticSpanConstraintsHaveAFeasibleDeterministicAllocation(TableCompositionWorkflowTest.java:315)
	at java.base/jdk.internal.reflect.NativeMethodAccessorImpl.invoke0(Native Method)
	at java.base/jdk.internal.reflect.NativeMethodAccessorImpl.invoke(NativeMethodAccessorImpl.java:77)
	at java.base/jdk.internal.reflect.DelegatingMethodAccessorImpl.invoke(DelegatingMethodAccessorImpl.java:43)
	at java.base/java.lang.reflect.Method.invoke(Method.java:568)
	at org.junit.runners.model.FrameworkMethod$1.runReflectiveCall(FrameworkMethod.java:59)
	at org.junit.internal.runners.model.ReflectiveCallable.run(ReflectiveCallable.java:12)
	at org.junit.runners.model.FrameworkMethod.invokeExplosively(FrameworkMethod.java:56)
	at org.junit.internal.runners.statements.InvokeMethod.evaluate(InvokeMethod.java:17)
	at org.junit.rules.ExternalResource$1.evaluate(ExternalResource.java:54)
	at org.junit.runners.ParentRunner$3.evaluate(ParentRunner.java:306)
	at org.junit.runners.BlockJUnit4ClassRunner$1.evaluate(BlockJUnit4ClassRunner.java:100)
	at org.junit.runners.ParentRunner.runLeaf(ParentRunner.java:366)
	at org.junit.runners.BlockJUnit4ClassRunner.runChild(BlockJUnit4ClassRunner.java:103)
	at org.junit.runners.BlockJUnit4ClassRunner.runChild(BlockJUnit4ClassRunner.java:63)
	at org.junit.runners.ParentRunner$4.run(ParentRunner.java:331)
	at org.junit.runners.ParentRunner$1.schedule(ParentRunner.java:79)
	at org.junit.runners.ParentRunner.runChildren(ParentRunner.java:329)
	at org.junit.runners.ParentRunner.access$100(ParentRunner.java:66)
	at org.junit.runners.ParentRunner$2.evaluate(ParentRunner.java:293)
	at org.junit.runners.ParentRunner.run(ParentRunner.java:413)
	at org.junit.runners.Suite.runChild(Suite.java:128)
	at org.junit.runners.Suite.runChild(Suite.java:27)
	at org.junit.runners.ParentRunner$4.run(ParentRunner.java:331)
	at org.junit.runners.ParentRunner$1.schedule(ParentRunner.java:79)
	at org.junit.runners.ParentRunner.runChildren(ParentRunner.java:329)
	at org.junit.runners.ParentRunner.access$100(ParentRunner.java:66)
	at org.junit.runners.ParentRunner$2.evaluate(ParentRunner.java:293)
	at org.junit.runners.ParentRunner$3.evaluate(ParentRunner.java:306)
	at org.junit.runners.ParentRunner.run(ParentRunner.java:413)
	at org.apache.maven.surefire.junit4.JUnit4Provider.execute(JUnit4Provider.java:316)
	at org.apache.maven.surefire.junit4.JUnit4Provider.executeWithRerun(JUnit4Provider.java:240)
	at org.apache.maven.surefire.junit4.JUnit4Provider.executeTestSet(JUnit4Provider.java:214)
	at org.apache.maven.surefire.junit4.JUnit4Provider.invoke(JUnit4Provider.java:155)
	at org.apache.maven.surefire.booter.ForkedBooter.runSuitesInProcess(ForkedBooter.java:385)
	at org.apache.maven.surefire.booter.ForkedBooter.execute(ForkedBooter.java:162)
	at org.apache.maven.surefire.booter.ForkedBooter.run(ForkedBooter.java:507)
	at org.apache.maven.surefire.booter.ForkedBooter.main(ForkedBooter.java:495)

[ERROR] net.zerocloud.pdf.consumer.TableCompositionWorkflowTest.automaticWidthsFollowContentPreferencesAndEqualSurplus[IN_PROCESS] -- Time elapsed: 0.007 s <<< ERROR!
net.zerocloud.pdf.DocumentFailure: The text and logical-structure extraction limit was exceeded.
	at net.zerocloud.pdf.PdfBoxWorkflowEngine.failure(PdfBoxWorkflowEngine.java:292)
	at net.zerocloud.pdf.PdfBoxWorkflowEngine.executeWithDocument(PdfBoxWorkflowEngine.java:350)
	at net.zerocloud.pdf.PdfBoxWorkflowEngine.executeChecked(PdfBoxWorkflowEngine.java:238)
	at net.zerocloud.pdf.PdfBoxWorkflowEngine.execute(PdfBoxWorkflowEngine.java:41)
	at net.zerocloud.pdf.DocumentWorkflow.executeOnce(DocumentWorkflow.java:184)
	at net.zerocloud.pdf.DocumentWorkflow.execute(DocumentWorkflow.java:103)
	at net.zerocloud.pdf.DocumentWorkflow.execute(DocumentWorkflow.java:64)
	at net.zerocloud.pdf.consumer.TableCompositionWorkflowTest.read(TableCompositionWorkflowTest.java:723)
	at net.zerocloud.pdf.consumer.TableCompositionWorkflowTest.automaticWidthsFollowContentPreferencesAndEqualSurplus(TableCompositionWorkflowTest.java:117)
	at java.base/jdk.internal.reflect.NativeMethodAccessorImpl.invoke0(Native Method)
	at java.base/jdk.internal.reflect.NativeMethodAccessorImpl.invoke(NativeMethodAccessorImpl.java:77)
	at java.base/jdk.internal.reflect.DelegatingMethodAccessorImpl.invoke(DelegatingMethodAccessorImpl.java:43)
	at java.base/java.lang.reflect.Method.invoke(Method.java:568)
	at org.junit.runners.model.FrameworkMethod$1.runReflectiveCall(FrameworkMethod.java:59)
	at org.junit.internal.runners.model.ReflectiveCallable.run(ReflectiveCallable.java:12)
	at org.junit.runners.model.FrameworkMethod.invokeExplosively(FrameworkMethod.java:56)
	at org.junit.internal.runners.statements.InvokeMethod.evaluate(InvokeMethod.java:17)
	at org.junit.rules.ExternalResource$1.evaluate(ExternalResource.java:54)
	at org.junit.runners.ParentRunner$3.evaluate(ParentRunner.java:306)
	at org.junit.runners.BlockJUnit4ClassRunner$1.evaluate(BlockJUnit4ClassRunner.java:100)
	at org.junit.runners.ParentRunner.runLeaf(ParentRunner.java:366)
	at org.junit.runners.BlockJUnit4ClassRunner.runChild(BlockJUnit4ClassRunner.java:103)
	at org.junit.runners.BlockJUnit4ClassRunner.runChild(BlockJUnit4ClassRunner.java:63)
	at org.junit.runners.ParentRunner$4.run(ParentRunner.java:331)
	at org.junit.runners.ParentRunner$1.schedule(ParentRunner.java:79)
	at org.junit.runners.ParentRunner.runChildren(ParentRunner.java:329)
	at org.junit.runners.ParentRunner.access$100(ParentRunner.java:66)
	at org.junit.runners.ParentRunner$2.evaluate(ParentRunner.java:293)
	at org.junit.runners.ParentRunner.run(ParentRunner.java:413)
	at org.junit.runners.Suite.runChild(Suite.java:128)
	at org.junit.runners.Suite.runChild(Suite.java:27)
	at org.junit.runners.ParentRunner$4.run(ParentRunner.java:331)
	at org.junit.runners.ParentRunner$1.schedule(ParentRunner.java:79)
	at org.junit.runners.ParentRunner.runChildren(ParentRunner.java:329)
	at org.junit.runners.ParentRunner.access$100(ParentRunner.java:66)
	at org.junit.runners.ParentRunner$2.evaluate(ParentRunner.java:293)
	at org.junit.runners.ParentRunner$3.evaluate(ParentRunner.java:306)
	at org.junit.runners.ParentRunner.run(ParentRunner.java:413)
	at org.apache.maven.surefire.junit4.JUnit4Provider.execute(JUnit4Provider.java:316)
	at org.apache.maven.surefire.junit4.JUnit4Provider.executeWithRerun(JUnit4Provider.java:240)
	at org.apache.maven.surefire.junit4.JUnit4Provider.executeTestSet(JUnit4Provider.java:214)
	at org.apache.maven.surefire.junit4.JUnit4Provider.invoke(JUnit4Provider.java:155)
	at org.apache.maven.surefire.booter.ForkedBooter.runSuitesInProcess(ForkedBooter.java:385)
	at org.apache.maven.surefire.booter.ForkedBooter.execute(ForkedBooter.java:162)
	at org.apache.maven.surefire.booter.ForkedBooter.run(ForkedBooter.java:507)
	at org.apache.maven.surefire.booter.ForkedBooter.main(ForkedBooter.java:495)

[ERROR] net.zerocloud.pdf.consumer.TableCompositionWorkflowTest.queryBarriersIncrementalAppendAndSessionExpiryArePreserved[IN_PROCESS] -- Time elapsed: 0.005 s <<< ERROR!
net.zerocloud.pdf.DocumentFailure: The text and logical-structure extraction limit was exceeded.
	at net.zerocloud.pdf.PdfBoxWorkflowEngine.failure(PdfBoxWorkflowEngine.java:292)
	at net.zerocloud.pdf.PdfBoxWorkflowEngine.executeWithDocument(PdfBoxWorkflowEngine.java:350)
	at net.zerocloud.pdf.PdfBoxWorkflowEngine.executeChecked(PdfBoxWorkflowEngine.java:238)
	at net.zerocloud.pdf.PdfBoxWorkflowEngine.execute(PdfBoxWorkflowEngine.java:41)
	at net.zerocloud.pdf.DocumentWorkflow.executeOnce(DocumentWorkflow.java:184)
	at net.zerocloud.pdf.DocumentWorkflow.execute(DocumentWorkflow.java:103)
	at net.zerocloud.pdf.DocumentWorkflow.execute(DocumentWorkflow.java:64)
	at net.zerocloud.pdf.consumer.TableCompositionWorkflowTest.queryBarriersIncrementalAppendAndSessionExpiryArePreserved(TableCompositionWorkflowTest.java:296)
	at java.base/jdk.internal.reflect.NativeMethodAccessorImpl.invoke0(Native Method)
	at java.base/jdk.internal.reflect.NativeMethodAccessorImpl.invoke(NativeMethodAccessorImpl.java:77)
	at java.base/jdk.internal.reflect.DelegatingMethodAccessorImpl.invoke(DelegatingMethodAccessorImpl.java:43)
	at java.base/java.lang.reflect.Method.invoke(Method.java:568)
	at org.junit.runners.model.FrameworkMethod$1.runReflectiveCall(FrameworkMethod.java:59)
	at org.junit.internal.runners.model.ReflectiveCallable.run(ReflectiveCallable.java:12)
	at org.junit.runners.model.FrameworkMethod.invokeExplosively(FrameworkMethod.java:56)
	at org.junit.internal.runners.statements.InvokeMethod.evaluate(InvokeMethod.java:17)
	at org.junit.rules.ExternalResource$1.evaluate(ExternalResource.java:54)
	at org.junit.runners.ParentRunner$3.evaluate(ParentRunner.java:306)
	at org.junit.runners.BlockJUnit4ClassRunner$1.evaluate(BlockJUnit4ClassRunner.java:100)
	at org.junit.runners.ParentRunner.runLeaf(ParentRunner.java:366)
	at org.junit.runners.BlockJUnit4ClassRunner.runChild(BlockJUnit4ClassRunner.java:103)
	at org.junit.runners.BlockJUnit4ClassRunner.runChild(BlockJUnit4ClassRunner.java:63)
	at org.junit.runners.ParentRunner$4.run(ParentRunner.java:331)
	at org.junit.runners.ParentRunner$1.schedule(ParentRunner.java:79)
	at org.junit.runners.ParentRunner.runChildren(ParentRunner.java:329)
	at org.junit.runners.ParentRunner.access$100(ParentRunner.java:66)
	at org.junit.runners.ParentRunner$2.evaluate(ParentRunner.java:293)
	at org.junit.runners.ParentRunner.run(ParentRunner.java:413)
	at org.junit.runners.Suite.runChild(Suite.java:128)
	at org.junit.runners.Suite.runChild(Suite.java:27)
	at org.junit.runners.ParentRunner$4.run(ParentRunner.java:331)
	at org.junit.runners.ParentRunner$1.schedule(ParentRunner.java:79)
	at org.junit.runners.ParentRunner.runChildren(ParentRunner.java:329)
	at org.junit.runners.ParentRunner.access$100(ParentRunner.java:66)
	at org.junit.runners.ParentRunner$2.evaluate(ParentRunner.java:293)
	at org.junit.runners.ParentRunner$3.evaluate(ParentRunner.java:306)
	at org.junit.runners.ParentRunner.run(ParentRunner.java:413)
	at org.apache.maven.surefire.junit4.JUnit4Provider.execute(JUnit4Provider.java:316)
	at org.apache.maven.surefire.junit4.JUnit4Provider.executeWithRerun(JUnit4Provider.java:240)
	at org.apache.maven.surefire.junit4.JUnit4Provider.executeTestSet(JUnit4Provider.java:214)
	at org.apache.maven.surefire.junit4.JUnit4Provider.invoke(JUnit4Provider.java:155)
	at org.apache.maven.surefire.booter.ForkedBooter.runSuitesInProcess(ForkedBooter.java:385)
	at org.apache.maven.surefire.booter.ForkedBooter.execute(ForkedBooter.java:162)
	at org.apache.maven.surefire.booter.ForkedBooter.run(ForkedBooter.java:507)
	at org.apache.maven.surefire.booter.ForkedBooter.main(ForkedBooter.java:495)

[ERROR] net.zerocloud.pdf.consumer.TableCompositionWorkflowTest.tableMovesIntactAndPercentageWidthsRecomputeInLaterArea[IN_PROCESS] -- Time elapsed: 0.006 s <<< ERROR!
net.zerocloud.pdf.DocumentFailure: The text and logical-structure extraction limit was exceeded.
	at net.zerocloud.pdf.PdfBoxWorkflowEngine.failure(PdfBoxWorkflowEngine.java:292)
	at net.zerocloud.pdf.PdfBoxWorkflowEngine.executeWithDocument(PdfBoxWorkflowEngine.java:350)
	at net.zerocloud.pdf.PdfBoxWorkflowEngine.executeChecked(PdfBoxWorkflowEngine.java:238)
	at net.zerocloud.pdf.PdfBoxWorkflowEngine.execute(PdfBoxWorkflowEngine.java:41)
	at net.zerocloud.pdf.DocumentWorkflow.executeOnce(DocumentWorkflow.java:184)
	at net.zerocloud.pdf.DocumentWorkflow.execute(DocumentWorkflow.java:103)
	at net.zerocloud.pdf.DocumentWorkflow.execute(DocumentWorkflow.java:64)
	at net.zerocloud.pdf.consumer.TableCompositionWorkflowTest.read(TableCompositionWorkflowTest.java:723)
	at net.zerocloud.pdf.consumer.TableCompositionWorkflowTest.tableMovesIntactAndPercentageWidthsRecomputeInLaterArea(TableCompositionWorkflowTest.java:169)
	at java.base/jdk.internal.reflect.NativeMethodAccessorImpl.invoke0(Native Method)
	at java.base/jdk.internal.reflect.NativeMethodAccessorImpl.invoke(NativeMethodAccessorImpl.java:77)
	at java.base/jdk.internal.reflect.DelegatingMethodAccessorImpl.invoke(DelegatingMethodAccessorImpl.java:43)
	at java.base/java.lang.reflect.Method.invoke(Method.java:568)
	at org.junit.runners.model.FrameworkMethod$1.runReflectiveCall(FrameworkMethod.java:59)
	at org.junit.internal.runners.model.ReflectiveCallable.run(ReflectiveCallable.java:12)
	at org.junit.runners.model.FrameworkMethod.invokeExplosively(FrameworkMethod.java:56)
	at org.junit.internal.runners.statements.InvokeMethod.evaluate(InvokeMethod.java:17)
	at org.junit.rules.ExternalResource$1.evaluate(ExternalResource.java:54)
	at org.junit.runners.ParentRunner$3.evaluate(ParentRunner.java:306)
	at org.junit.runners.BlockJUnit4ClassRunner$1.evaluate(BlockJUnit4ClassRunner.java:100)
	at org.junit.runners.ParentRunner.runLeaf(ParentRunner.java:366)
	at org.junit.runners.BlockJUnit4ClassRunner.runChild(BlockJUnit4ClassRunner.java:103)
	at org.junit.runners.BlockJUnit4ClassRunner.runChild(BlockJUnit4ClassRunner.java:63)
	at org.junit.runners.ParentRunner$4.run(ParentRunner.java:331)
	at org.junit.runners.ParentRunner$1.schedule(ParentRunner.java:79)
	at org.junit.runners.ParentRunner.runChildren(ParentRunner.java:329)
	at org.junit.runners.ParentRunner.access$100(ParentRunner.java:66)
	at org.junit.runners.ParentRunner$2.evaluate(ParentRunner.java:293)
	at org.junit.runners.ParentRunner.run(ParentRunner.java:413)
	at org.junit.runners.Suite.runChild(Suite.java:128)
	at org.junit.runners.Suite.runChild(Suite.java:27)
	at org.junit.runners.ParentRunner$4.run(ParentRunner.java:331)
	at org.junit.runners.ParentRunner$1.schedule(ParentRunner.java:79)
	at org.junit.runners.ParentRunner.runChildren(ParentRunner.java:329)
	at org.junit.runners.ParentRunner.access$100(ParentRunner.java:66)
	at org.junit.runners.ParentRunner$2.evaluate(ParentRunner.java:293)
	at org.junit.runners.ParentRunner$3.evaluate(ParentRunner.java:306)
	at org.junit.runners.ParentRunner.run(ParentRunner.java:413)
	at org.apache.maven.surefire.junit4.JUnit4Provider.execute(JUnit4Provider.java:316)
	at org.apache.maven.surefire.junit4.JUnit4Provider.executeWithRerun(JUnit4Provider.java:240)
	at org.apache.maven.surefire.junit4.JUnit4Provider.executeTestSet(JUnit4Provider.java:214)
	at org.apache.maven.surefire.junit4.JUnit4Provider.invoke(JUnit4Provider.java:155)
	at org.apache.maven.surefire.booter.ForkedBooter.runSuitesInProcess(ForkedBooter.java:385)
	at org.apache.maven.surefire.booter.ForkedBooter.execute(ForkedBooter.java:162)
	at org.apache.maven.surefire.booter.ForkedBooter.run(ForkedBooter.java:507)
	at org.apache.maven.surefire.booter.ForkedBooter.main(ForkedBooter.java:495)

[ERROR] net.zerocloud.pdf.consumer.TableCompositionWorkflowTest.rowAndColumnSpansPreserveGridBordersAndCellReadingOrder[IN_PROCESS] -- Time elapsed: 0.011 s <<< ERROR!
net.zerocloud.pdf.DocumentFailure: The text and logical-structure extraction limit was exceeded.
	at net.zerocloud.pdf.PdfBoxWorkflowEngine.failure(PdfBoxWorkflowEngine.java:292)
	at net.zerocloud.pdf.PdfBoxWorkflowEngine.executeWithDocument(PdfBoxWorkflowEngine.java:350)
	at net.zerocloud.pdf.PdfBoxWorkflowEngine.executeChecked(PdfBoxWorkflowEngine.java:238)
	at net.zerocloud.pdf.PdfBoxWorkflowEngine.execute(PdfBoxWorkflowEngine.java:41)
	at net.zerocloud.pdf.DocumentWorkflow.executeOnce(DocumentWorkflow.java:184)
	at net.zerocloud.pdf.DocumentWorkflow.execute(DocumentWorkflow.java:103)
	at net.zerocloud.pdf.DocumentWorkflow.execute(DocumentWorkflow.java:64)
	at net.zerocloud.pdf.consumer.TableCompositionWorkflowTest.read(TableCompositionWorkflowTest.java:723)
	at net.zerocloud.pdf.consumer.TableCompositionWorkflowTest.rowAndColumnSpansPreserveGridBordersAndCellReadingOrder(TableCompositionWorkflowTest.java:143)
	at java.base/jdk.internal.reflect.NativeMethodAccessorImpl.invoke0(Native Method)
	at java.base/jdk.internal.reflect.NativeMethodAccessorImpl.invoke(NativeMethodAccessorImpl.java:77)
	at java.base/jdk.internal.reflect.DelegatingMethodAccessorImpl.invoke(DelegatingMethodAccessorImpl.java:43)
	at java.base/java.lang.reflect.Method.invoke(Method.java:568)
	at org.junit.runners.model.FrameworkMethod$1.runReflectiveCall(FrameworkMethod.java:59)
	at org.junit.internal.runners.model.ReflectiveCallable.run(ReflectiveCallable.java:12)
	at org.junit.runners.model.FrameworkMethod.invokeExplosively(FrameworkMethod.java:56)
	at org.junit.internal.runners.statements.InvokeMethod.evaluate(InvokeMethod.java:17)
	at org.junit.rules.ExternalResource$1.evaluate(ExternalResource.java:54)
	at org.junit.runners.ParentRunner$3.evaluate(ParentRunner.java:306)
	at org.junit.runners.BlockJUnit4ClassRunner$1.evaluate(BlockJUnit4ClassRunner.java:100)
	at org.junit.runners.ParentRunner.runLeaf(ParentRunner.java:366)
	at org.junit.runners.BlockJUnit4ClassRunner.runChild(BlockJUnit4ClassRunner.java:103)
	at org.junit.runners.BlockJUnit4ClassRunner.runChild(BlockJUnit4ClassRunner.java:63)
	at org.junit.runners.ParentRunner$4.run(ParentRunner.java:331)
	at org.junit.runners.ParentRunner$1.schedule(ParentRunner.java:79)
	at org.junit.runners.ParentRunner.runChildren(ParentRunner.java:329)
	at org.junit.runners.ParentRunner.access$100(ParentRunner.java:66)
	at org.junit.runners.ParentRunner$2.evaluate(ParentRunner.java:293)
	at org.junit.runners.ParentRunner.run(ParentRunner.java:413)
	at org.junit.runners.Suite.runChild(Suite.java:128)
	at org.junit.runners.Suite.runChild(Suite.java:27)
	at org.junit.runners.ParentRunner$4.run(ParentRunner.java:331)
	at org.junit.runners.ParentRunner$1.schedule(ParentRunner.java:79)
	at org.junit.runners.ParentRunner.runChildren(ParentRunner.java:329)
	at org.junit.runners.ParentRunner.access$100(ParentRunner.java:66)
	at org.junit.runners.ParentRunner$2.evaluate(ParentRunner.java:293)
	at org.junit.runners.ParentRunner$3.evaluate(ParentRunner.java:306)
	at org.junit.runners.ParentRunner.run(ParentRunner.java:413)
	at org.apache.maven.surefire.junit4.JUnit4Provider.execute(JUnit4Provider.java:316)
	at org.apache.maven.surefire.junit4.JUnit4Provider.executeWithRerun(JUnit4Provider.java:240)
	at org.apache.maven.surefire.junit4.JUnit4Provider.executeTestSet(JUnit4Provider.java:214)
	at org.apache.maven.surefire.junit4.JUnit4Provider.invoke(JUnit4Provider.java:155)
	at org.apache.maven.surefire.booter.ForkedBooter.runSuitesInProcess(ForkedBooter.java:385)
	at org.apache.maven.surefire.booter.ForkedBooter.execute(ForkedBooter.java:162)
	at org.apache.maven.surefire.booter.ForkedBooter.run(ForkedBooter.java:507)
	at org.apache.maven.surefire.booter.ForkedBooter.main(ForkedBooter.java:495)

[ERROR] net.zerocloud.pdf.consumer.TableCompositionWorkflowTest.layoutsRepeatAcrossExecutionsForBothAlgorithms[IN_PROCESS] -- Time elapsed: 0.009 s <<< ERROR!
net.zerocloud.pdf.DocumentFailure: The text and logical-structure extraction limit was exceeded.
	at net.zerocloud.pdf.PdfBoxWorkflowEngine.failure(PdfBoxWorkflowEngine.java:292)
	at net.zerocloud.pdf.PdfBoxWorkflowEngine.executeWithDocument(PdfBoxWorkflowEngine.java:350)
	at net.zerocloud.pdf.PdfBoxWorkflowEngine.executeChecked(PdfBoxWorkflowEngine.java:238)
	at net.zerocloud.pdf.PdfBoxWorkflowEngine.execute(PdfBoxWorkflowEngine.java:41)
	at net.zerocloud.pdf.DocumentWorkflow.executeOnce(DocumentWorkflow.java:184)
	at net.zerocloud.pdf.DocumentWorkflow.execute(DocumentWorkflow.java:103)
	at net.zerocloud.pdf.DocumentWorkflow.execute(DocumentWorkflow.java:64)
	at net.zerocloud.pdf.consumer.TableCompositionWorkflowTest.read(TableCompositionWorkflowTest.java:723)
	at net.zerocloud.pdf.consumer.TableCompositionWorkflowTest.layoutsRepeatAcrossExecutionsForBothAlgorithms(TableCompositionWorkflowTest.java:179)
	at java.base/jdk.internal.reflect.NativeMethodAccessorImpl.invoke0(Native Method)
	at java.base/jdk.internal.reflect.NativeMethodAccessorImpl.invoke(NativeMethodAccessorImpl.java:77)
	at java.base/jdk.internal.reflect.DelegatingMethodAccessorImpl.invoke(DelegatingMethodAccessorImpl.java:43)
	at java.base/java.lang.reflect.Method.invoke(Method.java:568)
	at org.junit.runners.model.FrameworkMethod$1.runReflectiveCall(FrameworkMethod.java:59)
	at org.junit.internal.runners.model.ReflectiveCallable.run(ReflectiveCallable.java:12)
	at org.junit.runners.model.FrameworkMethod.invokeExplosively(FrameworkMethod.java:56)
	at org.junit.internal.runners.statements.InvokeMethod.evaluate(InvokeMethod.java:17)
	at org.junit.rules.ExternalResource$1.evaluate(ExternalResource.java:54)
	at org.junit.runners.ParentRunner$3.evaluate(ParentRunner.java:306)
	at org.junit.runners.BlockJUnit4ClassRunner$1.evaluate(BlockJUnit4ClassRunner.java:100)
	at org.junit.runners.ParentRunner.runLeaf(ParentRunner.java:366)
	at org.junit.runners.BlockJUnit4ClassRunner.runChild(BlockJUnit4ClassRunner.java:103)
	at org.junit.runners.BlockJUnit4ClassRunner.runChild(BlockJUnit4ClassRunner.java:63)
	at org.junit.runners.ParentRunner$4.run(ParentRunner.java:331)
	at org.junit.runners.ParentRunner$1.schedule(ParentRunner.java:79)
	at org.junit.runners.ParentRunner.runChildren(ParentRunner.java:329)
	at org.junit.runners.ParentRunner.access$100(ParentRunner.java:66)
	at org.junit.runners.ParentRunner$2.evaluate(ParentRunner.java:293)
	at org.junit.runners.ParentRunner.run(ParentRunner.java:413)
	at org.junit.runners.Suite.runChild(Suite.java:128)
	at org.junit.runners.Suite.runChild(Suite.java:27)
	at org.junit.runners.ParentRunner$4.run(ParentRunner.java:331)
	at org.junit.runners.ParentRunner$1.schedule(ParentRunner.java:79)
	at org.junit.runners.ParentRunner.runChildren(ParentRunner.java:329)
	at org.junit.runners.ParentRunner.access$100(ParentRunner.java:66)
	at org.junit.runners.ParentRunner$2.evaluate(ParentRunner.java:293)
	at org.junit.runners.ParentRunner$3.evaluate(ParentRunner.java:306)
	at org.junit.runners.ParentRunner.run(ParentRunner.java:413)
	at org.apache.maven.surefire.junit4.JUnit4Provider.execute(JUnit4Provider.java:316)
	at org.apache.maven.surefire.junit4.JUnit4Provider.executeWithRerun(JUnit4Provider.java:240)
	at org.apache.maven.surefire.junit4.JUnit4Provider.executeTestSet(JUnit4Provider.java:214)
	at org.apache.maven.surefire.junit4.JUnit4Provider.invoke(JUnit4Provider.java:155)
	at org.apache.maven.surefire.booter.ForkedBooter.runSuitesInProcess(ForkedBooter.java:385)
	at org.apache.maven.surefire.booter.ForkedBooter.execute(ForkedBooter.java:162)
	at org.apache.maven.surefire.booter.ForkedBooter.run(ForkedBooter.java:507)
	at org.apache.maven.surefire.booter.ForkedBooter.main(ForkedBooter.java:495)

[ERROR] net.zerocloud.pdf.consumer.TableCompositionWorkflowTest.fixedPointPercentageAndAutoWidthsMatchIndependentCoordinates[IN_PROCESS] -- Time elapsed: 0.010 s <<< ERROR!
net.zerocloud.pdf.DocumentFailure: The text and logical-structure extraction limit was exceeded.
	at net.zerocloud.pdf.PdfBoxWorkflowEngine.failure(PdfBoxWorkflowEngine.java:292)
	at net.zerocloud.pdf.PdfBoxWorkflowEngine.executeWithDocument(PdfBoxWorkflowEngine.java:350)
	at net.zerocloud.pdf.PdfBoxWorkflowEngine.executeChecked(PdfBoxWorkflowEngine.java:238)
	at net.zerocloud.pdf.PdfBoxWorkflowEngine.execute(PdfBoxWorkflowEngine.java:41)
	at net.zerocloud.pdf.DocumentWorkflow.executeOnce(DocumentWorkflow.java:184)
	at net.zerocloud.pdf.DocumentWorkflow.execute(DocumentWorkflow.java:103)
	at net.zerocloud.pdf.DocumentWorkflow.execute(DocumentWorkflow.java:64)
	at net.zerocloud.pdf.consumer.TableCompositionWorkflowTest.read(TableCompositionWorkflowTest.java:723)
	at net.zerocloud.pdf.consumer.TableCompositionWorkflowTest.fixedPointPercentageAndAutoWidthsMatchIndependentCoordinates(TableCompositionWorkflowTest.java:106)
	at java.base/jdk.internal.reflect.NativeMethodAccessorImpl.invoke0(Native Method)
	at java.base/jdk.internal.reflect.NativeMethodAccessorImpl.invoke(NativeMethodAccessorImpl.java:77)
	at java.base/jdk.internal.reflect.DelegatingMethodAccessorImpl.invoke(DelegatingMethodAccessorImpl.java:43)
	at java.base/java.lang.reflect.Method.invoke(Method.java:568)
	at org.junit.runners.model.FrameworkMethod$1.runReflectiveCall(FrameworkMethod.java:59)
	at org.junit.internal.runners.model.ReflectiveCallable.run(ReflectiveCallable.java:12)
	at org.junit.runners.model.FrameworkMethod.invokeExplosively(FrameworkMethod.java:56)
	at org.junit.internal.runners.statements.InvokeMethod.evaluate(InvokeMethod.java:17)
	at org.junit.rules.ExternalResource$1.evaluate(ExternalResource.java:54)
	at org.junit.runners.ParentRunner$3.evaluate(ParentRunner.java:306)
	at org.junit.runners.BlockJUnit4ClassRunner$1.evaluate(BlockJUnit4ClassRunner.java:100)
	at org.junit.runners.ParentRunner.runLeaf(ParentRunner.java:366)
	at org.junit.runners.BlockJUnit4ClassRunner.runChild(BlockJUnit4ClassRunner.java:103)
	at org.junit.runners.BlockJUnit4ClassRunner.runChild(BlockJUnit4ClassRunner.java:63)
	at org.junit.runners.ParentRunner$4.run(ParentRunner.java:331)
	at org.junit.runners.ParentRunner$1.schedule(ParentRunner.java:79)
	at org.junit.runners.ParentRunner.runChildren(ParentRunner.java:329)
	at org.junit.runners.ParentRunner.access$100(ParentRunner.java:66)
	at org.junit.runners.ParentRunner$2.evaluate(ParentRunner.java:293)
	at org.junit.runners.ParentRunner.run(ParentRunner.java:413)
	at org.junit.runners.Suite.runChild(Suite.java:128)
	at org.junit.runners.Suite.runChild(Suite.java:27)
	at org.junit.runners.ParentRunner$4.run(ParentRunner.java:331)
	at org.junit.runners.ParentRunner$1.schedule(ParentRunner.java:79)
	at org.junit.runners.ParentRunner.runChildren(ParentRunner.java:329)
	at org.junit.runners.ParentRunner.access$100(ParentRunner.java:66)
	at org.junit.runners.ParentRunner$2.evaluate(ParentRunner.java:293)
	at org.junit.runners.ParentRunner$3.evaluate(ParentRunner.java:306)
	at org.junit.runners.ParentRunner.run(ParentRunner.java:413)
	at org.apache.maven.surefire.junit4.JUnit4Provider.execute(JUnit4Provider.java:316)
	at org.apache.maven.surefire.junit4.JUnit4Provider.executeWithRerun(JUnit4Provider.java:240)
	at org.apache.maven.surefire.junit4.JUnit4Provider.executeTestSet(JUnit4Provider.java:214)
	at org.apache.maven.surefire.junit4.JUnit4Provider.invoke(JUnit4Provider.java:155)
	at org.apache.maven.surefire.booter.ForkedBooter.runSuitesInProcess(ForkedBooter.java:385)
	at org.apache.maven.surefire.booter.ForkedBooter.execute(ForkedBooter.java:162)
	at org.apache.maven.surefire.booter.ForkedBooter.run(ForkedBooter.java:507)
	at org.apache.maven.surefire.booter.ForkedBooter.main(ForkedBooter.java:495)

[ERROR] net.zerocloud.pdf.consumer.TableCompositionWorkflowTest.exactFractionalGeometryFitsButFirstGeometricExcessFails[IN_PROCESS] -- Time elapsed: 0.004 s <<< ERROR!
net.zerocloud.pdf.DocumentFailure: The text and logical-structure extraction limit was exceeded.
	at net.zerocloud.pdf.PdfBoxWorkflowEngine.failure(PdfBoxWorkflowEngine.java:292)
	at net.zerocloud.pdf.PdfBoxWorkflowEngine.executeWithDocument(PdfBoxWorkflowEngine.java:350)
	at net.zerocloud.pdf.PdfBoxWorkflowEngine.executeChecked(PdfBoxWorkflowEngine.java:238)
	at net.zerocloud.pdf.PdfBoxWorkflowEngine.execute(PdfBoxWorkflowEngine.java:41)
	at net.zerocloud.pdf.DocumentWorkflow.executeOnce(DocumentWorkflow.java:184)
	at net.zerocloud.pdf.DocumentWorkflow.execute(DocumentWorkflow.java:103)
	at net.zerocloud.pdf.DocumentWorkflow.execute(DocumentWorkflow.java:64)
	at net.zerocloud.pdf.consumer.TableCompositionWorkflowTest.read(TableCompositionWorkflowTest.java:723)
	at net.zerocloud.pdf.consumer.TableCompositionWorkflowTest.exactFractionalGeometryFitsButFirstGeometricExcessFails(TableCompositionWorkflowTest.java:379)
	at java.base/jdk.internal.reflect.NativeMethodAccessorImpl.invoke0(Native Method)
	at java.base/jdk.internal.reflect.NativeMethodAccessorImpl.invoke(NativeMethodAccessorImpl.java:77)
	at java.base/jdk.internal.reflect.DelegatingMethodAccessorImpl.invoke(DelegatingMethodAccessorImpl.java:43)
	at java.base/java.lang.reflect.Method.invoke(Method.java:568)
	at org.junit.runners.model.FrameworkMethod$1.runReflectiveCall(FrameworkMethod.java:59)
	at org.junit.internal.runners.model.ReflectiveCallable.run(ReflectiveCallable.java:12)
	at org.junit.runners.model.FrameworkMethod.invokeExplosively(FrameworkMethod.java:56)
	at org.junit.internal.runners.statements.InvokeMethod.evaluate(InvokeMethod.java:17)
	at org.junit.rules.ExternalResource$1.evaluate(ExternalResource.java:54)
	at org.junit.runners.ParentRunner$3.evaluate(ParentRunner.java:306)
	at org.junit.runners.BlockJUnit4ClassRunner$1.evaluate(BlockJUnit4ClassRunner.java:100)
	at org.junit.runners.ParentRunner.runLeaf(ParentRunner.java:366)
	at org.junit.runners.BlockJUnit4ClassRunner.runChild(BlockJUnit4ClassRunner.java:103)
	at org.junit.runners.BlockJUnit4ClassRunner.runChild(BlockJUnit4ClassRunner.java:63)
	at org.junit.runners.ParentRunner$4.run(ParentRunner.java:331)
	at org.junit.runners.ParentRunner$1.schedule(ParentRunner.java:79)
	at org.junit.runners.ParentRunner.runChildren(ParentRunner.java:329)
	at org.junit.runners.ParentRunner.access$100(ParentRunner.java:66)
	at org.junit.runners.ParentRunner$2.evaluate(ParentRunner.java:293)
	at org.junit.runners.ParentRunner.run(ParentRunner.java:413)
	at org.junit.runners.Suite.runChild(Suite.java:128)
	at org.junit.runners.Suite.runChild(Suite.java:27)
	at org.junit.runners.ParentRunner$4.run(ParentRunner.java:331)
	at org.junit.runners.ParentRunner$1.schedule(ParentRunner.java:79)
	at org.junit.runners.ParentRunner.runChildren(ParentRunner.java:329)
	at org.junit.runners.ParentRunner.access$100(ParentRunner.java:66)
	at org.junit.runners.ParentRunner$2.evaluate(ParentRunner.java:293)
	at org.junit.runners.ParentRunner$3.evaluate(ParentRunner.java:306)
	at org.junit.runners.ParentRunner.run(ParentRunner.java:413)
	at org.apache.maven.surefire.junit4.JUnit4Provider.execute(JUnit4Provider.java:316)
	at org.apache.maven.surefire.junit4.JUnit4Provider.executeWithRerun(JUnit4Provider.java:240)
	at org.apache.maven.surefire.junit4.JUnit4Provider.executeTestSet(JUnit4Provider.java:214)
	at org.apache.maven.surefire.junit4.JUnit4Provider.invoke(JUnit4Provider.java:155)
	at org.apache.maven.surefire.booter.ForkedBooter.runSuitesInProcess(ForkedBooter.java:385)
	at org.apache.maven.surefire.booter.ForkedBooter.execute(ForkedBooter.java:162)
	at org.apache.maven.surefire.booter.ForkedBooter.run(ForkedBooter.java:507)
	at org.apache.maven.surefire.booter.ForkedBooter.main(ForkedBooter.java:495)

[ERROR] net.zerocloud.pdf.consumer.TableCompositionWorkflowTest.distinctBorderWidthsRemainInsideCellsAndAdjacentWidthsAdd[IN_PROCESS] -- Time elapsed: 0.006 s <<< ERROR!
net.zerocloud.pdf.DocumentFailure: The text and logical-structure extraction limit was exceeded.
	at net.zerocloud.pdf.PdfBoxWorkflowEngine.failure(PdfBoxWorkflowEngine.java:292)
	at net.zerocloud.pdf.PdfBoxWorkflowEngine.executeWithDocument(PdfBoxWorkflowEngine.java:350)
	at net.zerocloud.pdf.PdfBoxWorkflowEngine.executeChecked(PdfBoxWorkflowEngine.java:238)
	at net.zerocloud.pdf.PdfBoxWorkflowEngine.execute(PdfBoxWorkflowEngine.java:41)
	at net.zerocloud.pdf.DocumentWorkflow.executeOnce(DocumentWorkflow.java:184)
	at net.zerocloud.pdf.DocumentWorkflow.execute(DocumentWorkflow.java:103)
	at net.zerocloud.pdf.DocumentWorkflow.execute(DocumentWorkflow.java:64)
	at net.zerocloud.pdf.consumer.TableCompositionWorkflowTest.read(TableCompositionWorkflowTest.java:723)
	at net.zerocloud.pdf.consumer.TableCompositionWorkflowTest.distinctBorderWidthsRemainInsideCellsAndAdjacentWidthsAdd(TableCompositionWorkflowTest.java:564)
	at java.base/jdk.internal.reflect.NativeMethodAccessorImpl.invoke0(Native Method)
	at java.base/jdk.internal.reflect.NativeMethodAccessorImpl.invoke(NativeMethodAccessorImpl.java:77)
	at java.base/jdk.internal.reflect.DelegatingMethodAccessorImpl.invoke(DelegatingMethodAccessorImpl.java:43)
	at java.base/java.lang.reflect.Method.invoke(Method.java:568)
	at org.junit.runners.model.FrameworkMethod$1.runReflectiveCall(FrameworkMethod.java:59)
	at org.junit.internal.runners.model.ReflectiveCallable.run(ReflectiveCallable.java:12)
	at org.junit.runners.model.FrameworkMethod.invokeExplosively(FrameworkMethod.java:56)
	at org.junit.internal.runners.statements.InvokeMethod.evaluate(InvokeMethod.java:17)
	at org.junit.rules.ExternalResource$1.evaluate(ExternalResource.java:54)
	at org.junit.runners.ParentRunner$3.evaluate(ParentRunner.java:306)
	at org.junit.runners.BlockJUnit4ClassRunner$1.evaluate(BlockJUnit4ClassRunner.java:100)
	at org.junit.runners.ParentRunner.runLeaf(ParentRunner.java:366)
	at org.junit.runners.BlockJUnit4ClassRunner.runChild(BlockJUnit4ClassRunner.java:103)
	at org.junit.runners.BlockJUnit4ClassRunner.runChild(BlockJUnit4ClassRunner.java:63)
	at org.junit.runners.ParentRunner$4.run(ParentRunner.java:331)
	at org.junit.runners.ParentRunner$1.schedule(ParentRunner.java:79)
	at org.junit.runners.ParentRunner.runChildren(ParentRunner.java:329)
	at org.junit.runners.ParentRunner.access$100(ParentRunner.java:66)
	at org.junit.runners.ParentRunner$2.evaluate(ParentRunner.java:293)
	at org.junit.runners.ParentRunner.run(ParentRunner.java:413)
	at org.junit.runners.Suite.runChild(Suite.java:128)
	at org.junit.runners.Suite.runChild(Suite.java:27)
	at org.junit.runners.ParentRunner$4.run(ParentRunner.java:331)
	at org.junit.runners.ParentRunner$1.schedule(ParentRunner.java:79)
	at org.junit.runners.ParentRunner.runChildren(ParentRunner.java:329)
	at org.junit.runners.ParentRunner.access$100(ParentRunner.java:66)
	at org.junit.runners.ParentRunner$2.evaluate(ParentRunner.java:293)
	at org.junit.runners.ParentRunner$3.evaluate(ParentRunner.java:306)
	at org.junit.runners.ParentRunner.run(ParentRunner.java:413)
	at org.apache.maven.surefire.junit4.JUnit4Provider.execute(JUnit4Provider.java:316)
	at org.apache.maven.surefire.junit4.JUnit4Provider.executeWithRerun(JUnit4Provider.java:240)
	at org.apache.maven.surefire.junit4.JUnit4Provider.executeTestSet(JUnit4Provider.java:214)
	at org.apache.maven.surefire.junit4.JUnit4Provider.invoke(JUnit4Provider.java:155)
	at org.apache.maven.surefire.booter.ForkedBooter.runSuitesInProcess(ForkedBooter.java:385)
	at org.apache.maven.surefire.booter.ForkedBooter.execute(ForkedBooter.java:162)
	at org.apache.maven.surefire.booter.ForkedBooter.run(ForkedBooter.java:507)
	at org.apache.maven.surefire.booter.ForkedBooter.main(ForkedBooter.java:495)

[ERROR] net.zerocloud.pdf.consumer.TableCompositionWorkflowTest.cellAlignmentGraphicsMultipleParagraphsAndMinimumRowHeightAffectGeometry[HARDENED_WORKER] -- Time elapsed: 1.292 s <<< ERROR!
net.zerocloud.pdf.DocumentFailure: The text and logical-structure extraction limit was exceeded.
	at net.zerocloud.pdf.HardenedWorkerEngine.execute(HardenedWorkerEngine.java:247)
	at net.zerocloud.pdf.DocumentWorkflow.executeOnce(DocumentWorkflow.java:177)
	at net.zerocloud.pdf.DocumentWorkflow.execute(DocumentWorkflow.java:103)
	at net.zerocloud.pdf.DocumentWorkflow.execute(DocumentWorkflow.java:64)
	at net.zerocloud.pdf.consumer.TableCompositionWorkflowTest.read(TableCompositionWorkflowTest.java:723)
	at net.zerocloud.pdf.consumer.TableCompositionWorkflowTest.cellAlignmentGraphicsMultipleParagraphsAndMinimumRowHeightAffectGeometry(TableCompositionWorkflowTest.java:342)
	at java.base/jdk.internal.reflect.NativeMethodAccessorImpl.invoke0(Native Method)
	at java.base/jdk.internal.reflect.NativeMethodAccessorImpl.invoke(NativeMethodAccessorImpl.java:77)
	at java.base/jdk.internal.reflect.DelegatingMethodAccessorImpl.invoke(DelegatingMethodAccessorImpl.java:43)
	at java.base/java.lang.reflect.Method.invoke(Method.java:568)
	at org.junit.runners.model.FrameworkMethod$1.runReflectiveCall(FrameworkMethod.java:59)
	at org.junit.internal.runners.model.ReflectiveCallable.run(ReflectiveCallable.java:12)
	at org.junit.runners.model.FrameworkMethod.invokeExplosively(FrameworkMethod.java:56)
	at org.junit.internal.runners.statements.InvokeMethod.evaluate(InvokeMethod.java:17)
	at org.junit.rules.ExternalResource$1.evaluate(ExternalResource.java:54)
	at org.junit.runners.ParentRunner$3.evaluate(ParentRunner.java:306)
	at org.junit.runners.BlockJUnit4ClassRunner$1.evaluate(BlockJUnit4ClassRunner.java:100)
	at org.junit.runners.ParentRunner.runLeaf(ParentRunner.java:366)
	at org.junit.runners.BlockJUnit4ClassRunner.runChild(BlockJUnit4ClassRunner.java:103)
	at org.junit.runners.BlockJUnit4ClassRunner.runChild(BlockJUnit4ClassRunner.java:63)
	at org.junit.runners.ParentRunner$4.run(ParentRunner.java:331)
	at org.junit.runners.ParentRunner$1.schedule(ParentRunner.java:79)
	at org.junit.runners.ParentRunner.runChildren(ParentRunner.java:329)
	at org.junit.runners.ParentRunner.access$100(ParentRunner.java:66)
	at org.junit.runners.ParentRunner$2.evaluate(ParentRunner.java:293)
	at org.junit.runners.ParentRunner.run(ParentRunner.java:413)
	at org.junit.runners.Suite.runChild(Suite.java:128)
	at org.junit.runners.Suite.runChild(Suite.java:27)
	at org.junit.runners.ParentRunner$4.run(ParentRunner.java:331)
	at org.junit.runners.ParentRunner$1.schedule(ParentRunner.java:79)
	at org.junit.runners.ParentRunner.runChildren(ParentRunner.java:329)
	at org.junit.runners.ParentRunner.access$100(ParentRunner.java:66)
	at org.junit.runners.ParentRunner$2.evaluate(ParentRunner.java:293)
	at org.junit.runners.ParentRunner$3.evaluate(ParentRunner.java:306)
	at org.junit.runners.ParentRunner.run(ParentRunner.java:413)
	at org.apache.maven.surefire.junit4.JUnit4Provider.execute(JUnit4Provider.java:316)
	at org.apache.maven.surefire.junit4.JUnit4Provider.executeWithRerun(JUnit4Provider.java:240)
	at org.apache.maven.surefire.junit4.JUnit4Provider.executeTestSet(JUnit4Provider.java:214)
	at org.apache.maven.surefire.junit4.JUnit4Provider.invoke(JUnit4Provider.java:155)
	at org.apache.maven.surefire.booter.ForkedBooter.runSuitesInProcess(ForkedBooter.java:385)
	at org.apache.maven.surefire.booter.ForkedBooter.execute(ForkedBooter.java:162)
	at org.apache.maven.surefire.booter.ForkedBooter.run(ForkedBooter.java:507)
	at org.apache.maven.surefire.booter.ForkedBooter.main(ForkedBooter.java:495)

[ERROR] net.zerocloud.pdf.consumer.TableCompositionWorkflowTest.automaticSpanningMinimumRequiresSurplusOrExplicitPositiveColumns[HARDENED_WORKER] -- Time elapsed: 1.802 s <<< ERROR!
net.zerocloud.pdf.DocumentFailure: The text and logical-structure extraction limit was exceeded.
	at net.zerocloud.pdf.HardenedWorkerEngine.execute(HardenedWorkerEngine.java:247)
	at net.zerocloud.pdf.DocumentWorkflow.executeOnce(DocumentWorkflow.java:177)
	at net.zerocloud.pdf.DocumentWorkflow.execute(DocumentWorkflow.java:103)
	at net.zerocloud.pdf.DocumentWorkflow.execute(DocumentWorkflow.java:64)
	at net.zerocloud.pdf.consumer.TableCompositionWorkflowTest.read(TableCompositionWorkflowTest.java:723)
	at net.zerocloud.pdf.consumer.TableCompositionWorkflowTest.automaticSpanningMinimumRequiresSurplusOrExplicitPositiveColumns(TableCompositionWorkflowTest.java:262)
	at java.base/jdk.internal.reflect.NativeMethodAccessorImpl.invoke0(Native Method)
	at java.base/jdk.internal.reflect.NativeMethodAccessorImpl.invoke(NativeMethodAccessorImpl.java:77)
	at java.base/jdk.internal.reflect.DelegatingMethodAccessorImpl.invoke(DelegatingMethodAccessorImpl.java:43)
	at java.base/java.lang.reflect.Method.invoke(Method.java:568)
	at org.junit.runners.model.FrameworkMethod$1.runReflectiveCall(FrameworkMethod.java:59)
	at org.junit.internal.runners.model.ReflectiveCallable.run(ReflectiveCallable.java:12)
	at org.junit.runners.model.FrameworkMethod.invokeExplosively(FrameworkMethod.java:56)
	at org.junit.internal.runners.statements.InvokeMethod.evaluate(InvokeMethod.java:17)
	at org.junit.rules.ExternalResource$1.evaluate(ExternalResource.java:54)
	at org.junit.runners.ParentRunner$3.evaluate(ParentRunner.java:306)
	at org.junit.runners.BlockJUnit4ClassRunner$1.evaluate(BlockJUnit4ClassRunner.java:100)
	at org.junit.runners.ParentRunner.runLeaf(ParentRunner.java:366)
	at org.junit.runners.BlockJUnit4ClassRunner.runChild(BlockJUnit4ClassRunner.java:103)
	at org.junit.runners.BlockJUnit4ClassRunner.runChild(BlockJUnit4ClassRunner.java:63)
	at org.junit.runners.ParentRunner$4.run(ParentRunner.java:331)
	at org.junit.runners.ParentRunner$1.schedule(ParentRunner.java:79)
	at org.junit.runners.ParentRunner.runChildren(ParentRunner.java:329)
	at org.junit.runners.ParentRunner.access$100(ParentRunner.java:66)
	at org.junit.runners.ParentRunner$2.evaluate(ParentRunner.java:293)
	at org.junit.runners.ParentRunner.run(ParentRunner.java:413)
	at org.junit.runners.Suite.runChild(Suite.java:128)
	at org.junit.runners.Suite.runChild(Suite.java:27)
	at org.junit.runners.ParentRunner$4.run(ParentRunner.java:331)
	at org.junit.runners.ParentRunner$1.schedule(ParentRunner.java:79)
	at org.junit.runners.ParentRunner.runChildren(ParentRunner.java:329)
	at org.junit.runners.ParentRunner.access$100(ParentRunner.java:66)
	at org.junit.runners.ParentRunner$2.evaluate(ParentRunner.java:293)
	at org.junit.runners.ParentRunner$3.evaluate(ParentRunner.java:306)
	at org.junit.runners.ParentRunner.run(ParentRunner.java:413)
	at org.apache.maven.surefire.junit4.JUnit4Provider.execute(JUnit4Provider.java:316)
	at org.apache.maven.surefire.junit4.JUnit4Provider.executeWithRerun(JUnit4Provider.java:240)
	at org.apache.maven.surefire.junit4.JUnit4Provider.executeTestSet(JUnit4Provider.java:214)
	at org.apache.maven.surefire.junit4.JUnit4Provider.invoke(JUnit4Provider.java:155)
	at org.apache.maven.surefire.booter.ForkedBooter.runSuitesInProcess(ForkedBooter.java:385)
	at org.apache.maven.surefire.booter.ForkedBooter.execute(ForkedBooter.java:162)
	at org.apache.maven.surefire.booter.ForkedBooter.run(ForkedBooter.java:507)
	at org.apache.maven.surefire.booter.ForkedBooter.main(ForkedBooter.java:495)

[ERROR] net.zerocloud.pdf.consumer.TableCompositionWorkflowTest.oneShotFontsRemainCallerOwnedAcrossTablesParagraphsAndLaterCommands[HARDENED_WORKER] -- Time elapsed: 0.753 s <<< ERROR!
net.zerocloud.pdf.DocumentFailure: The text and logical-structure extraction limit was exceeded.
	at net.zerocloud.pdf.HardenedWorkerEngine.execute(HardenedWorkerEngine.java:247)
	at net.zerocloud.pdf.DocumentWorkflow.executeOnce(DocumentWorkflow.java:177)
	at net.zerocloud.pdf.DocumentWorkflow.execute(DocumentWorkflow.java:103)
	at net.zerocloud.pdf.DocumentWorkflow.execute(DocumentWorkflow.java:64)
	at net.zerocloud.pdf.consumer.TableCompositionWorkflowTest.oneShotFontsRemainCallerOwnedAcrossTablesParagraphsAndLaterCommands(TableCompositionWorkflowTest.java:427)
	at java.base/jdk.internal.reflect.NativeMethodAccessorImpl.invoke0(Native Method)
	at java.base/jdk.internal.reflect.NativeMethodAccessorImpl.invoke(NativeMethodAccessorImpl.java:77)
	at java.base/jdk.internal.reflect.DelegatingMethodAccessorImpl.invoke(DelegatingMethodAccessorImpl.java:43)
	at java.base/java.lang.reflect.Method.invoke(Method.java:568)
	at org.junit.runners.model.FrameworkMethod$1.runReflectiveCall(FrameworkMethod.java:59)
	at org.junit.internal.runners.model.ReflectiveCallable.run(ReflectiveCallable.java:12)
	at org.junit.runners.model.FrameworkMethod.invokeExplosively(FrameworkMethod.java:56)
	at org.junit.internal.runners.statements.InvokeMethod.evaluate(InvokeMethod.java:17)
	at org.junit.rules.ExternalResource$1.evaluate(ExternalResource.java:54)
	at org.junit.runners.ParentRunner$3.evaluate(ParentRunner.java:306)
	at org.junit.runners.BlockJUnit4ClassRunner$1.evaluate(BlockJUnit4ClassRunner.java:100)
	at org.junit.runners.ParentRunner.runLeaf(ParentRunner.java:366)
	at org.junit.runners.BlockJUnit4ClassRunner.runChild(BlockJUnit4ClassRunner.java:103)
	at org.junit.runners.BlockJUnit4ClassRunner.runChild(BlockJUnit4ClassRunner.java:63)
	at org.junit.runners.ParentRunner$4.run(ParentRunner.java:331)
	at org.junit.runners.ParentRunner$1.schedule(ParentRunner.java:79)
	at org.junit.runners.ParentRunner.runChildren(ParentRunner.java:329)
	at org.junit.runners.ParentRunner.access$100(ParentRunner.java:66)
	at org.junit.runners.ParentRunner$2.evaluate(ParentRunner.java:293)
	at org.junit.runners.ParentRunner.run(ParentRunner.java:413)
	at org.junit.runners.Suite.runChild(Suite.java:128)
	at org.junit.runners.Suite.runChild(Suite.java:27)
	at org.junit.runners.ParentRunner$4.run(ParentRunner.java:331)
	at org.junit.runners.ParentRunner$1.schedule(ParentRunner.java:79)
	at org.junit.runners.ParentRunner.runChildren(ParentRunner.java:329)
	at org.junit.runners.ParentRunner.access$100(ParentRunner.java:66)
	at org.junit.runners.ParentRunner$2.evaluate(ParentRunner.java:293)
	at org.junit.runners.ParentRunner$3.evaluate(ParentRunner.java:306)
	at org.junit.runners.ParentRunner.run(ParentRunner.java:413)
	at org.apache.maven.surefire.junit4.JUnit4Provider.execute(JUnit4Provider.java:316)
	at org.apache.maven.surefire.junit4.JUnit4Provider.executeWithRerun(JUnit4Provider.java:240)
	at org.apache.maven.surefire.junit4.JUnit4Provider.executeTestSet(JUnit4Provider.java:214)
	at org.apache.maven.surefire.junit4.JUnit4Provider.invoke(JUnit4Provider.java:155)
	at org.apache.maven.surefire.booter.ForkedBooter.runSuitesInProcess(ForkedBooter.java:385)
	at org.apache.maven.surefire.booter.ForkedBooter.execute(ForkedBooter.java:162)
	at org.apache.maven.surefire.booter.ForkedBooter.run(ForkedBooter.java:507)
	at org.apache.maven.surefire.booter.ForkedBooter.main(ForkedBooter.java:495)

[ERROR] net.zerocloud.pdf.consumer.TableCompositionWorkflowTest.failedPaintingAndLayoutLeavePreviousPagesObservableWithoutPartialTables[HARDENED_WORKER] -- Time elapsed: 1.312 s <<< ERROR!
net.zerocloud.pdf.DocumentFailure: The text and logical-structure extraction limit was exceeded.
	at net.zerocloud.pdf.HardenedWorkerEngine.execute(HardenedWorkerEngine.java:247)
	at net.zerocloud.pdf.DocumentWorkflow.executeOnce(DocumentWorkflow.java:177)
	at net.zerocloud.pdf.DocumentWorkflow.execute(DocumentWorkflow.java:103)
	at net.zerocloud.pdf.DocumentWorkflow.execute(DocumentWorkflow.java:64)
	at net.zerocloud.pdf.consumer.TableCompositionWorkflowTest.read(TableCompositionWorkflowTest.java:723)
	at net.zerocloud.pdf.consumer.TableCompositionWorkflowTest.failedPaintingAndLayoutLeavePreviousPagesObservableWithoutPartialTables(TableCompositionWorkflowTest.java:417)
	at java.base/jdk.internal.reflect.NativeMethodAccessorImpl.invoke0(Native Method)
	at java.base/jdk.internal.reflect.NativeMethodAccessorImpl.invoke(NativeMethodAccessorImpl.java:77)
	at java.base/jdk.internal.reflect.DelegatingMethodAccessorImpl.invoke(DelegatingMethodAccessorImpl.java:43)
	at java.base/java.lang.reflect.Method.invoke(Method.java:568)
	at org.junit.runners.model.FrameworkMethod$1.runReflectiveCall(FrameworkMethod.java:59)
	at org.junit.internal.runners.model.ReflectiveCallable.run(ReflectiveCallable.java:12)
	at org.junit.runners.model.FrameworkMethod.invokeExplosively(FrameworkMethod.java:56)
	at org.junit.internal.runners.statements.InvokeMethod.evaluate(InvokeMethod.java:17)
	at org.junit.rules.ExternalResource$1.evaluate(ExternalResource.java:54)
	at org.junit.runners.ParentRunner$3.evaluate(ParentRunner.java:306)
	at org.junit.runners.BlockJUnit4ClassRunner$1.evaluate(BlockJUnit4ClassRunner.java:100)
	at org.junit.runners.ParentRunner.runLeaf(ParentRunner.java:366)
	at org.junit.runners.BlockJUnit4ClassRunner.runChild(BlockJUnit4ClassRunner.java:103)
	at org.junit.runners.BlockJUnit4ClassRunner.runChild(BlockJUnit4ClassRunner.java:63)
	at org.junit.runners.ParentRunner$4.run(ParentRunner.java:331)
	at org.junit.runners.ParentRunner$1.schedule(ParentRunner.java:79)
	at org.junit.runners.ParentRunner.runChildren(ParentRunner.java:329)
	at org.junit.runners.ParentRunner.access$100(ParentRunner.java:66)
	at org.junit.runners.ParentRunner$2.evaluate(ParentRunner.java:293)
	at org.junit.runners.ParentRunner.run(ParentRunner.java:413)
	at org.junit.runners.Suite.runChild(Suite.java:128)
	at org.junit.runners.Suite.runChild(Suite.java:27)
	at org.junit.runners.ParentRunner$4.run(ParentRunner.java:331)
	at org.junit.runners.ParentRunner$1.schedule(ParentRunner.java:79)
	at org.junit.runners.ParentRunner.runChildren(ParentRunner.java:329)
	at org.junit.runners.ParentRunner.access$100(ParentRunner.java:66)
	at org.junit.runners.ParentRunner$2.evaluate(ParentRunner.java:293)
	at org.junit.runners.ParentRunner$3.evaluate(ParentRunner.java:306)
	at org.junit.runners.ParentRunner.run(ParentRunner.java:413)
	at org.apache.maven.surefire.junit4.JUnit4Provider.execute(JUnit4Provider.java:316)
	at org.apache.maven.surefire.junit4.JUnit4Provider.executeWithRerun(JUnit4Provider.java:240)
	at org.apache.maven.surefire.junit4.JUnit4Provider.executeTestSet(JUnit4Provider.java:214)
	at org.apache.maven.surefire.junit4.JUnit4Provider.invoke(JUnit4Provider.java:155)
	at org.apache.maven.surefire.booter.ForkedBooter.runSuitesInProcess(ForkedBooter.java:385)
	at org.apache.maven.surefire.booter.ForkedBooter.execute(ForkedBooter.java:162)
	at org.apache.maven.surefire.booter.ForkedBooter.run(ForkedBooter.java:507)
	at org.apache.maven.surefire.booter.ForkedBooter.main(ForkedBooter.java:495)

[ERROR] net.zerocloud.pdf.consumer.TableCompositionWorkflowTest.automaticPointAndPercentageColumnsStayExactWithCellMinimums[HARDENED_WORKER] -- Time elapsed: 1.897 s <<< ERROR!
net.zerocloud.pdf.DocumentFailure: The text and logical-structure extraction limit was exceeded.
	at net.zerocloud.pdf.HardenedWorkerEngine.execute(HardenedWorkerEngine.java:247)
	at net.zerocloud.pdf.DocumentWorkflow.executeOnce(DocumentWorkflow.java:177)
	at net.zerocloud.pdf.DocumentWorkflow.execute(DocumentWorkflow.java:103)
	at net.zerocloud.pdf.DocumentWorkflow.execute(DocumentWorkflow.java:64)
	at net.zerocloud.pdf.consumer.TableCompositionWorkflowTest.read(TableCompositionWorkflowTest.java:723)
	at net.zerocloud.pdf.consumer.TableCompositionWorkflowTest.automaticPointAndPercentageColumnsStayExactWithCellMinimums(TableCompositionWorkflowTest.java:330)
	at java.base/jdk.internal.reflect.NativeMethodAccessorImpl.invoke0(Native Method)
	at java.base/jdk.internal.reflect.NativeMethodAccessorImpl.invoke(NativeMethodAccessorImpl.java:77)
	at java.base/jdk.internal.reflect.DelegatingMethodAccessorImpl.invoke(DelegatingMethodAccessorImpl.java:43)
	at java.base/java.lang.reflect.Method.invoke(Method.java:568)
	at org.junit.runners.model.FrameworkMethod$1.runReflectiveCall(FrameworkMethod.java:59)
	at org.junit.internal.runners.model.ReflectiveCallable.run(ReflectiveCallable.java:12)
	at org.junit.runners.model.FrameworkMethod.invokeExplosively(FrameworkMethod.java:56)
	at org.junit.internal.runners.statements.InvokeMethod.evaluate(InvokeMethod.java:17)
	at org.junit.rules.ExternalResource$1.evaluate(ExternalResource.java:54)
	at org.junit.runners.ParentRunner$3.evaluate(ParentRunner.java:306)
	at org.junit.runners.BlockJUnit4ClassRunner$1.evaluate(BlockJUnit4ClassRunner.java:100)
	at org.junit.runners.ParentRunner.runLeaf(ParentRunner.java:366)
	at org.junit.runners.BlockJUnit4ClassRunner.runChild(BlockJUnit4ClassRunner.java:103)
	at org.junit.runners.BlockJUnit4ClassRunner.runChild(BlockJUnit4ClassRunner.java:63)
	at org.junit.runners.ParentRunner$4.run(ParentRunner.java:331)
	at org.junit.runners.ParentRunner$1.schedule(ParentRunner.java:79)
	at org.junit.runners.ParentRunner.runChildren(ParentRunner.java:329)
	at org.junit.runners.ParentRunner.access$100(ParentRunner.java:66)
	at org.junit.runners.ParentRunner$2.evaluate(ParentRunner.java:293)
	at org.junit.runners.ParentRunner.run(ParentRunner.java:413)
	at org.junit.runners.Suite.runChild(Suite.java:128)
	at org.junit.runners.Suite.runChild(Suite.java:27)
	at org.junit.runners.ParentRunner$4.run(ParentRunner.java:331)
	at org.junit.runners.ParentRunner$1.schedule(ParentRunner.java:79)
	at org.junit.runners.ParentRunner.runChildren(ParentRunner.java:329)
	at org.junit.runners.ParentRunner.access$100(ParentRunner.java:66)
	at org.junit.runners.ParentRunner$2.evaluate(ParentRunner.java:293)
	at org.junit.runners.ParentRunner$3.evaluate(ParentRunner.java:306)
	at org.junit.runners.ParentRunner.run(ParentRunner.java:413)
	at org.apache.maven.surefire.junit4.JUnit4Provider.execute(JUnit4Provider.java:316)
	at org.apache.maven.surefire.junit4.JUnit4Provider.executeWithRerun(JUnit4Provider.java:240)
	at org.apache.maven.surefire.junit4.JUnit4Provider.executeTestSet(JUnit4Provider.java:214)
	at org.apache.maven.surefire.junit4.JUnit4Provider.invoke(JUnit4Provider.java:155)
	at org.apache.maven.surefire.booter.ForkedBooter.runSuitesInProcess(ForkedBooter.java:385)
	at org.apache.maven.surefire.booter.ForkedBooter.execute(ForkedBooter.java:162)
	at org.apache.maven.surefire.booter.ForkedBooter.run(ForkedBooter.java:507)
	at org.apache.maven.surefire.booter.ForkedBooter.main(ForkedBooter.java:495)

[ERROR] net.zerocloud.pdf.consumer.TableCompositionWorkflowTest.spanningContentGrowsRowsAndEmptyContinuationRowsAreExplicit[HARDENED_WORKER] -- Time elapsed: 1.330 s <<< ERROR!
net.zerocloud.pdf.DocumentFailure: The text and logical-structure extraction limit was exceeded.
	at net.zerocloud.pdf.HardenedWorkerEngine.execute(HardenedWorkerEngine.java:247)
	at net.zerocloud.pdf.DocumentWorkflow.executeOnce(DocumentWorkflow.java:177)
	at net.zerocloud.pdf.DocumentWorkflow.execute(DocumentWorkflow.java:103)
	at net.zerocloud.pdf.DocumentWorkflow.execute(DocumentWorkflow.java:64)
	at net.zerocloud.pdf.consumer.TableCompositionWorkflowTest.read(TableCompositionWorkflowTest.java:723)
	at net.zerocloud.pdf.consumer.TableCompositionWorkflowTest.spanningContentGrowsRowsAndEmptyContinuationRowsAreExplicit(TableCompositionWorkflowTest.java:156)
	at java.base/jdk.internal.reflect.NativeMethodAccessorImpl.invoke0(Native Method)
	at java.base/jdk.internal.reflect.NativeMethodAccessorImpl.invoke(NativeMethodAccessorImpl.java:77)
	at java.base/jdk.internal.reflect.DelegatingMethodAccessorImpl.invoke(DelegatingMethodAccessorImpl.java:43)
	at java.base/java.lang.reflect.Method.invoke(Method.java:568)
	at org.junit.runners.model.FrameworkMethod$1.runReflectiveCall(FrameworkMethod.java:59)
	at org.junit.internal.runners.model.ReflectiveCallable.run(ReflectiveCallable.java:12)
	at org.junit.runners.model.FrameworkMethod.invokeExplosively(FrameworkMethod.java:56)
	at org.junit.internal.runners.statements.InvokeMethod.evaluate(InvokeMethod.java:17)
	at org.junit.rules.ExternalResource$1.evaluate(ExternalResource.java:54)
	at org.junit.runners.ParentRunner$3.evaluate(ParentRunner.java:306)
	at org.junit.runners.BlockJUnit4ClassRunner$1.evaluate(BlockJUnit4ClassRunner.java:100)
	at org.junit.runners.ParentRunner.runLeaf(ParentRunner.java:366)
	at org.junit.runners.BlockJUnit4ClassRunner.runChild(BlockJUnit4ClassRunner.java:103)
	at org.junit.runners.BlockJUnit4ClassRunner.runChild(BlockJUnit4ClassRunner.java:63)
	at org.junit.runners.ParentRunner$4.run(ParentRunner.java:331)
	at org.junit.runners.ParentRunner$1.schedule(ParentRunner.java:79)
	at org.junit.runners.ParentRunner.runChildren(ParentRunner.java:329)
	at org.junit.runners.ParentRunner.access$100(ParentRunner.java:66)
	at org.junit.runners.ParentRunner$2.evaluate(ParentRunner.java:293)
	at org.junit.runners.ParentRunner.run(ParentRunner.java:413)
	at org.junit.runners.Suite.runChild(Suite.java:128)
	at org.junit.runners.Suite.runChild(Suite.java:27)
	at org.junit.runners.ParentRunner$4.run(ParentRunner.java:331)
	at org.junit.runners.ParentRunner$1.schedule(ParentRunner.java:79)
	at org.junit.runners.ParentRunner.runChildren(ParentRunner.java:329)
	at org.junit.runners.ParentRunner.access$100(ParentRunner.java:66)
	at org.junit.runners.ParentRunner$2.evaluate(ParentRunner.java:293)
	at org.junit.runners.ParentRunner$3.evaluate(ParentRunner.java:306)
	at org.junit.runners.ParentRunner.run(ParentRunner.java:413)
	at org.apache.maven.surefire.junit4.JUnit4Provider.execute(JUnit4Provider.java:316)
	at org.apache.maven.surefire.junit4.JUnit4Provider.executeWithRerun(JUnit4Provider.java:240)
	at org.apache.maven.surefire.junit4.JUnit4Provider.executeTestSet(JUnit4Provider.java:214)
	at org.apache.maven.surefire.junit4.JUnit4Provider.invoke(JUnit4Provider.java:155)
	at org.apache.maven.surefire.booter.ForkedBooter.runSuitesInProcess(ForkedBooter.java:385)
	at org.apache.maven.surefire.booter.ForkedBooter.execute(ForkedBooter.java:162)
	at org.apache.maven.surefire.booter.ForkedBooter.run(ForkedBooter.java:507)
	at org.apache.maven.surefire.booter.ForkedBooter.main(ForkedBooter.java:495)

[ERROR] net.zerocloud.pdf.consumer.TableCompositionWorkflowTest.layoutLineLimitCanSkipANarrowAreaAndDiscardedWorkStillCounts[HARDENED_WORKER] -- Time elapsed: 1.268 s <<< ERROR!
net.zerocloud.pdf.DocumentFailure: The text and logical-structure extraction limit was exceeded.
	at net.zerocloud.pdf.HardenedWorkerEngine.execute(HardenedWorkerEngine.java:247)
	at net.zerocloud.pdf.DocumentWorkflow.executeOnce(DocumentWorkflow.java:177)
	at net.zerocloud.pdf.DocumentWorkflow.execute(DocumentWorkflow.java:103)
	at net.zerocloud.pdf.DocumentWorkflow.execute(DocumentWorkflow.java:64)
	at net.zerocloud.pdf.consumer.TableCompositionWorkflowTest.read(TableCompositionWorkflowTest.java:723)
	at net.zerocloud.pdf.consumer.TableCompositionWorkflowTest.layoutLineLimitCanSkipANarrowAreaAndDiscardedWorkStillCounts(TableCompositionWorkflowTest.java:552)
	at java.base/jdk.internal.reflect.NativeMethodAccessorImpl.invoke0(Native Method)
	at java.base/jdk.internal.reflect.NativeMethodAccessorImpl.invoke(NativeMethodAccessorImpl.java:77)
	at java.base/jdk.internal.reflect.DelegatingMethodAccessorImpl.invoke(DelegatingMethodAccessorImpl.java:43)
	at java.base/java.lang.reflect.Method.invoke(Method.java:568)
	at org.junit.runners.model.FrameworkMethod$1.runReflectiveCall(FrameworkMethod.java:59)
	at org.junit.internal.runners.model.ReflectiveCallable.run(ReflectiveCallable.java:12)
	at org.junit.runners.model.FrameworkMethod.invokeExplosively(FrameworkMethod.java:56)
	at org.junit.internal.runners.statements.InvokeMethod.evaluate(InvokeMethod.java:17)
	at org.junit.rules.ExternalResource$1.evaluate(ExternalResource.java:54)
	at org.junit.runners.ParentRunner$3.evaluate(ParentRunner.java:306)
	at org.junit.runners.BlockJUnit4ClassRunner$1.evaluate(BlockJUnit4ClassRunner.java:100)
	at org.junit.runners.ParentRunner.runLeaf(ParentRunner.java:366)
	at org.junit.runners.BlockJUnit4ClassRunner.runChild(BlockJUnit4ClassRunner.java:103)
	at org.junit.runners.BlockJUnit4ClassRunner.runChild(BlockJUnit4ClassRunner.java:63)
	at org.junit.runners.ParentRunner$4.run(ParentRunner.java:331)
	at org.junit.runners.ParentRunner$1.schedule(ParentRunner.java:79)
	at org.junit.runners.ParentRunner.runChildren(ParentRunner.java:329)
	at org.junit.runners.ParentRunner.access$100(ParentRunner.java:66)
	at org.junit.runners.ParentRunner$2.evaluate(ParentRunner.java:293)
	at org.junit.runners.ParentRunner.run(ParentRunner.java:413)
	at org.junit.runners.Suite.runChild(Suite.java:128)
	at org.junit.runners.Suite.runChild(Suite.java:27)
	at org.junit.runners.ParentRunner$4.run(ParentRunner.java:331)
	at org.junit.runners.ParentRunner$1.schedule(ParentRunner.java:79)
	at org.junit.runners.ParentRunner.runChildren(ParentRunner.java:329)
	at org.junit.runners.ParentRunner.access$100(ParentRunner.java:66)
	at org.junit.runners.ParentRunner$2.evaluate(ParentRunner.java:293)
	at org.junit.runners.ParentRunner$3.evaluate(ParentRunner.java:306)
	at org.junit.runners.ParentRunner.run(ParentRunner.java:413)
	at org.apache.maven.surefire.junit4.JUnit4Provider.execute(JUnit4Provider.java:316)
	at org.apache.maven.surefire.junit4.JUnit4Provider.executeWithRerun(JUnit4Provider.java:240)
	at org.apache.maven.surefire.junit4.JUnit4Provider.executeTestSet(JUnit4Provider.java:214)
	at org.apache.maven.surefire.junit4.JUnit4Provider.invoke(JUnit4Provider.java:155)
	at org.apache.maven.surefire.booter.ForkedBooter.runSuitesInProcess(ForkedBooter.java:385)
	at org.apache.maven.surefire.booter.ForkedBooter.execute(ForkedBooter.java:162)
	at org.apache.maven.surefire.booter.ForkedBooter.run(ForkedBooter.java:507)
	at org.apache.maven.surefire.booter.ForkedBooter.main(ForkedBooter.java:495)

[ERROR] net.zerocloud.pdf.consumer.TableCompositionWorkflowTest.automaticWidthsInterpolateBetweenMinimumAndPreferred[HARDENED_WORKER] -- Time elapsed: 1.339 s <<< ERROR!
net.zerocloud.pdf.DocumentFailure: The text and logical-structure extraction limit was exceeded.
	at net.zerocloud.pdf.HardenedWorkerEngine.execute(HardenedWorkerEngine.java:247)
	at net.zerocloud.pdf.DocumentWorkflow.executeOnce(DocumentWorkflow.java:177)
	at net.zerocloud.pdf.DocumentWorkflow.execute(DocumentWorkflow.java:103)
	at net.zerocloud.pdf.DocumentWorkflow.execute(DocumentWorkflow.java:64)
	at net.zerocloud.pdf.consumer.TableCompositionWorkflowTest.read(TableCompositionWorkflowTest.java:723)
	at net.zerocloud.pdf.consumer.TableCompositionWorkflowTest.automaticWidthsInterpolateBetweenMinimumAndPreferred(TableCompositionWorkflowTest.java:129)
	at java.base/jdk.internal.reflect.NativeMethodAccessorImpl.invoke0(Native Method)
	at java.base/jdk.internal.reflect.NativeMethodAccessorImpl.invoke(NativeMethodAccessorImpl.java:77)
	at java.base/jdk.internal.reflect.DelegatingMethodAccessorImpl.invoke(DelegatingMethodAccessorImpl.java:43)
	at java.base/java.lang.reflect.Method.invoke(Method.java:568)
	at org.junit.runners.model.FrameworkMethod$1.runReflectiveCall(FrameworkMethod.java:59)
	at org.junit.internal.runners.model.ReflectiveCallable.run(ReflectiveCallable.java:12)
	at org.junit.runners.model.FrameworkMethod.invokeExplosively(FrameworkMethod.java:56)
	at org.junit.internal.runners.statements.InvokeMethod.evaluate(InvokeMethod.java:17)
	at org.junit.rules.ExternalResource$1.evaluate(ExternalResource.java:54)
	at org.junit.runners.ParentRunner$3.evaluate(ParentRunner.java:306)
	at org.junit.runners.BlockJUnit4ClassRunner$1.evaluate(BlockJUnit4ClassRunner.java:100)
	at org.junit.runners.ParentRunner.runLeaf(ParentRunner.java:366)
	at org.junit.runners.BlockJUnit4ClassRunner.runChild(BlockJUnit4ClassRunner.java:103)
	at org.junit.runners.BlockJUnit4ClassRunner.runChild(BlockJUnit4ClassRunner.java:63)
	at org.junit.runners.ParentRunner$4.run(ParentRunner.java:331)
	at org.junit.runners.ParentRunner$1.schedule(ParentRunner.java:79)
	at org.junit.runners.ParentRunner.runChildren(ParentRunner.java:329)
	at org.junit.runners.ParentRunner.access$100(ParentRunner.java:66)
	at org.junit.runners.ParentRunner$2.evaluate(ParentRunner.java:293)
	at org.junit.runners.ParentRunner.run(ParentRunner.java:413)
	at org.junit.runners.Suite.runChild(Suite.java:128)
	at org.junit.runners.Suite.runChild(Suite.java:27)
	at org.junit.runners.ParentRunner$4.run(ParentRunner.java:331)
	at org.junit.runners.ParentRunner$1.schedule(ParentRunner.java:79)
	at org.junit.runners.ParentRunner.runChildren(ParentRunner.java:329)
	at org.junit.runners.ParentRunner.access$100(ParentRunner.java:66)
	at org.junit.runners.ParentRunner$2.evaluate(ParentRunner.java:293)
	at org.junit.runners.ParentRunner$3.evaluate(ParentRunner.java:306)
	at org.junit.runners.ParentRunner.run(ParentRunner.java:413)
	at org.apache.maven.surefire.junit4.JUnit4Provider.execute(JUnit4Provider.java:316)
	at org.apache.maven.surefire.junit4.JUnit4Provider.executeWithRerun(JUnit4Provider.java:240)
	at org.apache.maven.surefire.junit4.JUnit4Provider.executeTestSet(JUnit4Provider.java:214)
	at org.apache.maven.surefire.junit4.JUnit4Provider.invoke(JUnit4Provider.java:155)
	at org.apache.maven.surefire.booter.ForkedBooter.runSuitesInProcess(ForkedBooter.java:385)
	at org.apache.maven.surefire.booter.ForkedBooter.execute(ForkedBooter.java:162)
	at org.apache.maven.surefire.booter.ForkedBooter.run(ForkedBooter.java:507)
	at org.apache.maven.surefire.booter.ForkedBooter.main(ForkedBooter.java:495)

[ERROR] net.zerocloud.pdf.consumer.TableCompositionWorkflowTest.overlappingAutomaticSpanConstraintsHaveAFeasibleDeterministicAllocation[HARDENED_WORKER] -- Time elapsed: 1.333 s <<< ERROR!
net.zerocloud.pdf.DocumentFailure: The text and logical-structure extraction limit was exceeded.
	at net.zerocloud.pdf.HardenedWorkerEngine.execute(HardenedWorkerEngine.java:247)
	at net.zerocloud.pdf.DocumentWorkflow.executeOnce(DocumentWorkflow.java:177)
	at net.zerocloud.pdf.DocumentWorkflow.execute(DocumentWorkflow.java:103)
	at net.zerocloud.pdf.DocumentWorkflow.execute(DocumentWorkflow.java:64)
	at net.zerocloud.pdf.consumer.TableCompositionWorkflowTest.read(TableCompositionWorkflowTest.java:723)
	at net.zerocloud.pdf.consumer.TableCompositionWorkflowTest.overlappingAutomaticSpanConstraintsHaveAFeasibleDeterministicAllocation(TableCompositionWorkflowTest.java:315)
	at java.base/jdk.internal.reflect.NativeMethodAccessorImpl.invoke0(Native Method)
	at java.base/jdk.internal.reflect.NativeMethodAccessorImpl.invoke(NativeMethodAccessorImpl.java:77)
	at java.base/jdk.internal.reflect.DelegatingMethodAccessorImpl.invoke(DelegatingMethodAccessorImpl.java:43)
	at java.base/java.lang.reflect.Method.invoke(Method.java:568)
	at org.junit.runners.model.FrameworkMethod$1.runReflectiveCall(FrameworkMethod.java:59)
	at org.junit.internal.runners.model.ReflectiveCallable.run(ReflectiveCallable.java:12)
	at org.junit.runners.model.FrameworkMethod.invokeExplosively(FrameworkMethod.java:56)
	at org.junit.internal.runners.statements.InvokeMethod.evaluate(InvokeMethod.java:17)
	at org.junit.rules.ExternalResource$1.evaluate(ExternalResource.java:54)
	at org.junit.runners.ParentRunner$3.evaluate(ParentRunner.java:306)
	at org.junit.runners.BlockJUnit4ClassRunner$1.evaluate(BlockJUnit4ClassRunner.java:100)
	at org.junit.runners.ParentRunner.runLeaf(ParentRunner.java:366)
	at org.junit.runners.BlockJUnit4ClassRunner.runChild(BlockJUnit4ClassRunner.java:103)
	at org.junit.runners.BlockJUnit4ClassRunner.runChild(BlockJUnit4ClassRunner.java:63)
	at org.junit.runners.ParentRunner$4.run(ParentRunner.java:331)
	at org.junit.runners.ParentRunner$1.schedule(ParentRunner.java:79)
	at org.junit.runners.ParentRunner.runChildren(ParentRunner.java:329)
	at org.junit.runners.ParentRunner.access$100(ParentRunner.java:66)
	at org.junit.runners.ParentRunner$2.evaluate(ParentRunner.java:293)
	at org.junit.runners.ParentRunner.run(ParentRunner.java:413)
	at org.junit.runners.Suite.runChild(Suite.java:128)
	at org.junit.runners.Suite.runChild(Suite.java:27)
	at org.junit.runners.ParentRunner$4.run(ParentRunner.java:331)
	at org.junit.runners.ParentRunner$1.schedule(ParentRunner.java:79)
	at org.junit.runners.ParentRunner.runChildren(ParentRunner.java:329)
	at org.junit.runners.ParentRunner.access$100(ParentRunner.java:66)
	at org.junit.runners.ParentRunner$2.evaluate(ParentRunner.java:293)
	at org.junit.runners.ParentRunner$3.evaluate(ParentRunner.java:306)
	at org.junit.runners.ParentRunner.run(ParentRunner.java:413)
	at org.apache.maven.surefire.junit4.JUnit4Provider.execute(JUnit4Provider.java:316)
	at org.apache.maven.surefire.junit4.JUnit4Provider.executeWithRerun(JUnit4Provider.java:240)
	at org.apache.maven.surefire.junit4.JUnit4Provider.executeTestSet(JUnit4Provider.java:214)
	at org.apache.maven.surefire.junit4.JUnit4Provider.invoke(JUnit4Provider.java:155)
	at org.apache.maven.surefire.booter.ForkedBooter.runSuitesInProcess(ForkedBooter.java:385)
	at org.apache.maven.surefire.booter.ForkedBooter.execute(ForkedBooter.java:162)
	at org.apache.maven.surefire.booter.ForkedBooter.run(ForkedBooter.java:507)
	at org.apache.maven.surefire.booter.ForkedBooter.main(ForkedBooter.java:495)

[ERROR] net.zerocloud.pdf.consumer.TableCompositionWorkflowTest.automaticWidthsFollowContentPreferencesAndEqualSurplus[HARDENED_WORKER] -- Time elapsed: 1.363 s <<< ERROR!
net.zerocloud.pdf.DocumentFailure: The text and logical-structure extraction limit was exceeded.
	at net.zerocloud.pdf.HardenedWorkerEngine.execute(HardenedWorkerEngine.java:247)
	at net.zerocloud.pdf.DocumentWorkflow.executeOnce(DocumentWorkflow.java:177)
	at net.zerocloud.pdf.DocumentWorkflow.execute(DocumentWorkflow.java:103)
	at net.zerocloud.pdf.DocumentWorkflow.execute(DocumentWorkflow.java:64)
	at net.zerocloud.pdf.consumer.TableCompositionWorkflowTest.read(TableCompositionWorkflowTest.java:723)
	at net.zerocloud.pdf.consumer.TableCompositionWorkflowTest.automaticWidthsFollowContentPreferencesAndEqualSurplus(TableCompositionWorkflowTest.java:117)
	at java.base/jdk.internal.reflect.NativeMethodAccessorImpl.invoke0(Native Method)
	at java.base/jdk.internal.reflect.NativeMethodAccessorImpl.invoke(NativeMethodAccessorImpl.java:77)
	at java.base/jdk.internal.reflect.DelegatingMethodAccessorImpl.invoke(DelegatingMethodAccessorImpl.java:43)
	at java.base/java.lang.reflect.Method.invoke(Method.java:568)
	at org.junit.runners.model.FrameworkMethod$1.runReflectiveCall(FrameworkMethod.java:59)
	at org.junit.internal.runners.model.ReflectiveCallable.run(ReflectiveCallable.java:12)
	at org.junit.runners.model.FrameworkMethod.invokeExplosively(FrameworkMethod.java:56)
	at org.junit.internal.runners.statements.InvokeMethod.evaluate(InvokeMethod.java:17)
	at org.junit.rules.ExternalResource$1.evaluate(ExternalResource.java:54)
	at org.junit.runners.ParentRunner$3.evaluate(ParentRunner.java:306)
	at org.junit.runners.BlockJUnit4ClassRunner$1.evaluate(BlockJUnit4ClassRunner.java:100)
	at org.junit.runners.ParentRunner.runLeaf(ParentRunner.java:366)
	at org.junit.runners.BlockJUnit4ClassRunner.runChild(BlockJUnit4ClassRunner.java:103)
	at org.junit.runners.BlockJUnit4ClassRunner.runChild(BlockJUnit4ClassRunner.java:63)
	at org.junit.runners.ParentRunner$4.run(ParentRunner.java:331)
	at org.junit.runners.ParentRunner$1.schedule(ParentRunner.java:79)
	at org.junit.runners.ParentRunner.runChildren(ParentRunner.java:329)
	at org.junit.runners.ParentRunner.access$100(ParentRunner.java:66)
	at org.junit.runners.ParentRunner$2.evaluate(ParentRunner.java:293)
	at org.junit.runners.ParentRunner.run(ParentRunner.java:413)
	at org.junit.runners.Suite.runChild(Suite.java:128)
	at org.junit.runners.Suite.runChild(Suite.java:27)
	at org.junit.runners.ParentRunner$4.run(ParentRunner.java:331)
	at org.junit.runners.ParentRunner$1.schedule(ParentRunner.java:79)
	at org.junit.runners.ParentRunner.runChildren(ParentRunner.java:329)
	at org.junit.runners.ParentRunner.access$100(ParentRunner.java:66)
	at org.junit.runners.ParentRunner$2.evaluate(ParentRunner.java:293)
	at org.junit.runners.ParentRunner$3.evaluate(ParentRunner.java:306)
	at org.junit.runners.ParentRunner.run(ParentRunner.java:413)
	at org.apache.maven.surefire.junit4.JUnit4Provider.execute(JUnit4Provider.java:316)
	at org.apache.maven.surefire.junit4.JUnit4Provider.executeWithRerun(JUnit4Provider.java:240)
	at org.apache.maven.surefire.junit4.JUnit4Provider.executeTestSet(JUnit4Provider.java:214)
	at org.apache.maven.surefire.junit4.JUnit4Provider.invoke(JUnit4Provider.java:155)
	at org.apache.maven.surefire.booter.ForkedBooter.runSuitesInProcess(ForkedBooter.java:385)
	at org.apache.maven.surefire.booter.ForkedBooter.execute(ForkedBooter.java:162)
	at org.apache.maven.surefire.booter.ForkedBooter.run(ForkedBooter.java:507)
	at org.apache.maven.surefire.booter.ForkedBooter.main(ForkedBooter.java:495)

[ERROR] net.zerocloud.pdf.consumer.TableCompositionWorkflowTest.queryBarriersIncrementalAppendAndSessionExpiryArePreserved[HARDENED_WORKER] -- Time elapsed: 1.748 s <<< ERROR!
net.zerocloud.pdf.DocumentFailure: The text and logical-structure extraction limit was exceeded.
	at net.zerocloud.pdf.HardenedWorkerEngine.execute(HardenedWorkerEngine.java:247)
	at net.zerocloud.pdf.DocumentWorkflow.executeOnce(DocumentWorkflow.java:177)
	at net.zerocloud.pdf.DocumentWorkflow.execute(DocumentWorkflow.java:103)
	at net.zerocloud.pdf.DocumentWorkflow.execute(DocumentWorkflow.java:64)
	at net.zerocloud.pdf.consumer.TableCompositionWorkflowTest.queryBarriersIncrementalAppendAndSessionExpiryArePreserved(TableCompositionWorkflowTest.java:296)
	at java.base/jdk.internal.reflect.NativeMethodAccessorImpl.invoke0(Native Method)
	at java.base/jdk.internal.reflect.NativeMethodAccessorImpl.invoke(NativeMethodAccessorImpl.java:77)
	at java.base/jdk.internal.reflect.DelegatingMethodAccessorImpl.invoke(DelegatingMethodAccessorImpl.java:43)
	at java.base/java.lang.reflect.Method.invoke(Method.java:568)
	at org.junit.runners.model.FrameworkMethod$1.runReflectiveCall(FrameworkMethod.java:59)
	at org.junit.internal.runners.model.ReflectiveCallable.run(ReflectiveCallable.java:12)
	at org.junit.runners.model.FrameworkMethod.invokeExplosively(FrameworkMethod.java:56)
	at org.junit.internal.runners.statements.InvokeMethod.evaluate(InvokeMethod.java:17)
	at org.junit.rules.ExternalResource$1.evaluate(ExternalResource.java:54)
	at org.junit.runners.ParentRunner$3.evaluate(ParentRunner.java:306)
	at org.junit.runners.BlockJUnit4ClassRunner$1.evaluate(BlockJUnit4ClassRunner.java:100)
	at org.junit.runners.ParentRunner.runLeaf(ParentRunner.java:366)
	at org.junit.runners.BlockJUnit4ClassRunner.runChild(BlockJUnit4ClassRunner.java:103)
	at org.junit.runners.BlockJUnit4ClassRunner.runChild(BlockJUnit4ClassRunner.java:63)
	at org.junit.runners.ParentRunner$4.run(ParentRunner.java:331)
	at org.junit.runners.ParentRunner$1.schedule(ParentRunner.java:79)
	at org.junit.runners.ParentRunner.runChildren(ParentRunner.java:329)
	at org.junit.runners.ParentRunner.access$100(ParentRunner.java:66)
	at org.junit.runners.ParentRunner$2.evaluate(ParentRunner.java:293)
	at org.junit.runners.ParentRunner.run(ParentRunner.java:413)
	at org.junit.runners.Suite.runChild(Suite.java:128)
	at org.junit.runners.Suite.runChild(Suite.java:27)
	at org.junit.runners.ParentRunner$4.run(ParentRunner.java:331)
	at org.junit.runners.ParentRunner$1.schedule(ParentRunner.java:79)
	at org.junit.runners.ParentRunner.runChildren(ParentRunner.java:329)
	at org.junit.runners.ParentRunner.access$100(ParentRunner.java:66)
	at org.junit.runners.ParentRunner$2.evaluate(ParentRunner.java:293)
	at org.junit.runners.ParentRunner$3.evaluate(ParentRunner.java:306)
	at org.junit.runners.ParentRunner.run(ParentRunner.java:413)
	at org.apache.maven.surefire.junit4.JUnit4Provider.execute(JUnit4Provider.java:316)
	at org.apache.maven.surefire.junit4.JUnit4Provider.executeWithRerun(JUnit4Provider.java:240)
	at org.apache.maven.surefire.junit4.JUnit4Provider.executeTestSet(JUnit4Provider.java:214)
	at org.apache.maven.surefire.junit4.JUnit4Provider.invoke(JUnit4Provider.java:155)
	at org.apache.maven.surefire.booter.ForkedBooter.runSuitesInProcess(ForkedBooter.java:385)
	at org.apache.maven.surefire.booter.ForkedBooter.execute(ForkedBooter.java:162)
	at org.apache.maven.surefire.booter.ForkedBooter.run(ForkedBooter.java:507)
	at org.apache.maven.surefire.booter.ForkedBooter.main(ForkedBooter.java:495)

[ERROR] net.zerocloud.pdf.consumer.TableCompositionWorkflowTest.tableMovesIntactAndPercentageWidthsRecomputeInLaterArea[HARDENED_WORKER] -- Time elapsed: 1.836 s <<< ERROR!
net.zerocloud.pdf.DocumentFailure: The text and logical-structure extraction limit was exceeded.
	at net.zerocloud.pdf.HardenedWorkerEngine.execute(HardenedWorkerEngine.java:247)
	at net.zerocloud.pdf.DocumentWorkflow.executeOnce(DocumentWorkflow.java:177)
	at net.zerocloud.pdf.DocumentWorkflow.execute(DocumentWorkflow.java:103)
	at net.zerocloud.pdf.DocumentWorkflow.execute(DocumentWorkflow.java:64)
	at net.zerocloud.pdf.consumer.TableCompositionWorkflowTest.read(TableCompositionWorkflowTest.java:723)
	at net.zerocloud.pdf.consumer.TableCompositionWorkflowTest.tableMovesIntactAndPercentageWidthsRecomputeInLaterArea(TableCompositionWorkflowTest.java:169)
	at java.base/jdk.internal.reflect.NativeMethodAccessorImpl.invoke0(Native Method)
	at java.base/jdk.internal.reflect.NativeMethodAccessorImpl.invoke(NativeMethodAccessorImpl.java:77)
	at java.base/jdk.internal.reflect.DelegatingMethodAccessorImpl.invoke(DelegatingMethodAccessorImpl.java:43)
	at java.base/java.lang.reflect.Method.invoke(Method.java:568)
	at org.junit.runners.model.FrameworkMethod$1.runReflectiveCall(FrameworkMethod.java:59)
	at org.junit.internal.runners.model.ReflectiveCallable.run(ReflectiveCallable.java:12)
	at org.junit.runners.model.FrameworkMethod.invokeExplosively(FrameworkMethod.java:56)
	at org.junit.internal.runners.statements.InvokeMethod.evaluate(InvokeMethod.java:17)
	at org.junit.rules.ExternalResource$1.evaluate(ExternalResource.java:54)
	at org.junit.runners.ParentRunner$3.evaluate(ParentRunner.java:306)
	at org.junit.runners.BlockJUnit4ClassRunner$1.evaluate(BlockJUnit4ClassRunner.java:100)
	at org.junit.runners.ParentRunner.runLeaf(ParentRunner.java:366)
	at org.junit.runners.BlockJUnit4ClassRunner.runChild(BlockJUnit4ClassRunner.java:103)
	at org.junit.runners.BlockJUnit4ClassRunner.runChild(BlockJUnit4ClassRunner.java:63)
	at org.junit.runners.ParentRunner$4.run(ParentRunner.java:331)
	at org.junit.runners.ParentRunner$1.schedule(ParentRunner.java:79)
	at org.junit.runners.ParentRunner.runChildren(ParentRunner.java:329)
	at org.junit.runners.ParentRunner.access$100(ParentRunner.java:66)
	at org.junit.runners.ParentRunner$2.evaluate(ParentRunner.java:293)
	at org.junit.runners.ParentRunner.run(ParentRunner.java:413)
	at org.junit.runners.Suite.runChild(Suite.java:128)
	at org.junit.runners.Suite.runChild(Suite.java:27)
	at org.junit.runners.ParentRunner$4.run(ParentRunner.java:331)
	at org.junit.runners.ParentRunner$1.schedule(ParentRunner.java:79)
	at org.junit.runners.ParentRunner.runChildren(ParentRunner.java:329)
	at org.junit.runners.ParentRunner.access$100(ParentRunner.java:66)
	at org.junit.runners.ParentRunner$2.evaluate(ParentRunner.java:293)
	at org.junit.runners.ParentRunner$3.evaluate(ParentRunner.java:306)
	at org.junit.runners.ParentRunner.run(ParentRunner.java:413)
	at org.apache.maven.surefire.junit4.JUnit4Provider.execute(JUnit4Provider.java:316)
	at org.apache.maven.surefire.junit4.JUnit4Provider.executeWithRerun(JUnit4Provider.java:240)
	at org.apache.maven.surefire.junit4.JUnit4Provider.executeTestSet(JUnit4Provider.java:214)
	at org.apache.maven.surefire.junit4.JUnit4Provider.invoke(JUnit4Provider.java:155)
	at org.apache.maven.surefire.booter.ForkedBooter.runSuitesInProcess(ForkedBooter.java:385)
	at org.apache.maven.surefire.booter.ForkedBooter.execute(ForkedBooter.java:162)
	at org.apache.maven.surefire.booter.ForkedBooter.run(ForkedBooter.java:507)
	at org.apache.maven.surefire.booter.ForkedBooter.main(ForkedBooter.java:495)

[ERROR] net.zerocloud.pdf.consumer.TableCompositionWorkflowTest.rowAndColumnSpansPreserveGridBordersAndCellReadingOrder[HARDENED_WORKER] -- Time elapsed: 1.622 s <<< ERROR!
net.zerocloud.pdf.DocumentFailure: The text and logical-structure extraction limit was exceeded.
	at net.zerocloud.pdf.HardenedWorkerEngine.execute(HardenedWorkerEngine.java:247)
	at net.zerocloud.pdf.DocumentWorkflow.executeOnce(DocumentWorkflow.java:177)
	at net.zerocloud.pdf.DocumentWorkflow.execute(DocumentWorkflow.java:103)
	at net.zerocloud.pdf.DocumentWorkflow.execute(DocumentWorkflow.java:64)
	at net.zerocloud.pdf.consumer.TableCompositionWorkflowTest.read(TableCompositionWorkflowTest.java:723)
	at net.zerocloud.pdf.consumer.TableCompositionWorkflowTest.rowAndColumnSpansPreserveGridBordersAndCellReadingOrder(TableCompositionWorkflowTest.java:143)
	at java.base/jdk.internal.reflect.NativeMethodAccessorImpl.invoke0(Native Method)
	at java.base/jdk.internal.reflect.NativeMethodAccessorImpl.invoke(NativeMethodAccessorImpl.java:77)
	at java.base/jdk.internal.reflect.DelegatingMethodAccessorImpl.invoke(DelegatingMethodAccessorImpl.java:43)
	at java.base/java.lang.reflect.Method.invoke(Method.java:568)
	at org.junit.runners.model.FrameworkMethod$1.runReflectiveCall(FrameworkMethod.java:59)
	at org.junit.internal.runners.model.ReflectiveCallable.run(ReflectiveCallable.java:12)
	at org.junit.runners.model.FrameworkMethod.invokeExplosively(FrameworkMethod.java:56)
	at org.junit.internal.runners.statements.InvokeMethod.evaluate(InvokeMethod.java:17)
	at org.junit.rules.ExternalResource$1.evaluate(ExternalResource.java:54)
	at org.junit.runners.ParentRunner$3.evaluate(ParentRunner.java:306)
	at org.junit.runners.BlockJUnit4ClassRunner$1.evaluate(BlockJUnit4ClassRunner.java:100)
	at org.junit.runners.ParentRunner.runLeaf(ParentRunner.java:366)
	at org.junit.runners.BlockJUnit4ClassRunner.runChild(BlockJUnit4ClassRunner.java:103)
	at org.junit.runners.BlockJUnit4ClassRunner.runChild(BlockJUnit4ClassRunner.java:63)
	at org.junit.runners.ParentRunner$4.run(ParentRunner.java:331)
	at org.junit.runners.ParentRunner$1.schedule(ParentRunner.java:79)
	at org.junit.runners.ParentRunner.runChildren(ParentRunner.java:329)
	at org.junit.runners.ParentRunner.access$100(ParentRunner.java:66)
	at org.junit.runners.ParentRunner$2.evaluate(ParentRunner.java:293)
	at org.junit.runners.ParentRunner.run(ParentRunner.java:413)
	at org.junit.runners.Suite.runChild(Suite.java:128)
	at org.junit.runners.Suite.runChild(Suite.java:27)
	at org.junit.runners.ParentRunner$4.run(ParentRunner.java:331)
	at org.junit.runners.ParentRunner$1.schedule(ParentRunner.java:79)
	at org.junit.runners.ParentRunner.runChildren(ParentRunner.java:329)
	at org.junit.runners.ParentRunner.access$100(ParentRunner.java:66)
	at org.junit.runners.ParentRunner$2.evaluate(ParentRunner.java:293)
	at org.junit.runners.ParentRunner$3.evaluate(ParentRunner.java:306)
	at org.junit.runners.ParentRunner.run(ParentRunner.java:413)
	at org.apache.maven.surefire.junit4.JUnit4Provider.execute(JUnit4Provider.java:316)
	at org.apache.maven.surefire.junit4.JUnit4Provider.executeWithRerun(JUnit4Provider.java:240)
	at org.apache.maven.surefire.junit4.JUnit4Provider.executeTestSet(JUnit4Provider.java:214)
	at org.apache.maven.surefire.junit4.JUnit4Provider.invoke(JUnit4Provider.java:155)
	at org.apache.maven.surefire.booter.ForkedBooter.runSuitesInProcess(ForkedBooter.java:385)
	at org.apache.maven.surefire.booter.ForkedBooter.execute(ForkedBooter.java:162)
	at org.apache.maven.surefire.booter.ForkedBooter.run(ForkedBooter.java:507)
	at org.apache.maven.surefire.booter.ForkedBooter.main(ForkedBooter.java:495)

[ERROR] net.zerocloud.pdf.consumer.TableCompositionWorkflowTest.layoutsRepeatAcrossExecutionsForBothAlgorithms[HARDENED_WORKER] -- Time elapsed: 1.349 s <<< ERROR!
net.zerocloud.pdf.DocumentFailure: The text and logical-structure extraction limit was exceeded.
	at net.zerocloud.pdf.HardenedWorkerEngine.execute(HardenedWorkerEngine.java:247)
	at net.zerocloud.pdf.DocumentWorkflow.executeOnce(DocumentWorkflow.java:177)
	at net.zerocloud.pdf.DocumentWorkflow.execute(DocumentWorkflow.java:103)
	at net.zerocloud.pdf.DocumentWorkflow.execute(DocumentWorkflow.java:64)
	at net.zerocloud.pdf.consumer.TableCompositionWorkflowTest.read(TableCompositionWorkflowTest.java:723)
	at net.zerocloud.pdf.consumer.TableCompositionWorkflowTest.layoutsRepeatAcrossExecutionsForBothAlgorithms(TableCompositionWorkflowTest.java:179)
	at java.base/jdk.internal.reflect.NativeMethodAccessorImpl.invoke0(Native Method)
	at java.base/jdk.internal.reflect.NativeMethodAccessorImpl.invoke(NativeMethodAccessorImpl.java:77)
	at java.base/jdk.internal.reflect.DelegatingMethodAccessorImpl.invoke(DelegatingMethodAccessorImpl.java:43)
	at java.base/java.lang.reflect.Method.invoke(Method.java:568)
	at org.junit.runners.model.FrameworkMethod$1.runReflectiveCall(FrameworkMethod.java:59)
	at org.junit.internal.runners.model.ReflectiveCallable.run(ReflectiveCallable.java:12)
	at org.junit.runners.model.FrameworkMethod.invokeExplosively(FrameworkMethod.java:56)
	at org.junit.internal.runners.statements.InvokeMethod.evaluate(InvokeMethod.java:17)
	at org.junit.rules.ExternalResource$1.evaluate(ExternalResource.java:54)
	at org.junit.runners.ParentRunner$3.evaluate(ParentRunner.java:306)
	at org.junit.runners.BlockJUnit4ClassRunner$1.evaluate(BlockJUnit4ClassRunner.java:100)
	at org.junit.runners.ParentRunner.runLeaf(ParentRunner.java:366)
	at org.junit.runners.BlockJUnit4ClassRunner.runChild(BlockJUnit4ClassRunner.java:103)
	at org.junit.runners.BlockJUnit4ClassRunner.runChild(BlockJUnit4ClassRunner.java:63)
	at org.junit.runners.ParentRunner$4.run(ParentRunner.java:331)
	at org.junit.runners.ParentRunner$1.schedule(ParentRunner.java:79)
	at org.junit.runners.ParentRunner.runChildren(ParentRunner.java:329)
	at org.junit.runners.ParentRunner.access$100(ParentRunner.java:66)
	at org.junit.runners.ParentRunner$2.evaluate(ParentRunner.java:293)
	at org.junit.runners.ParentRunner.run(ParentRunner.java:413)
	at org.junit.runners.Suite.runChild(Suite.java:128)
	at org.junit.runners.Suite.runChild(Suite.java:27)
	at org.junit.runners.ParentRunner$4.run(ParentRunner.java:331)
	at org.junit.runners.ParentRunner$1.schedule(ParentRunner.java:79)
	at org.junit.runners.ParentRunner.runChildren(ParentRunner.java:329)
	at org.junit.runners.ParentRunner.access$100(ParentRunner.java:66)
	at org.junit.runners.ParentRunner$2.evaluate(ParentRunner.java:293)
	at org.junit.runners.ParentRunner$3.evaluate(ParentRunner.java:306)
	at org.junit.runners.ParentRunner.run(ParentRunner.java:413)
	at org.apache.maven.surefire.junit4.JUnit4Provider.execute(JUnit4Provider.java:316)
	at org.apache.maven.surefire.junit4.JUnit4Provider.executeWithRerun(JUnit4Provider.java:240)
	at org.apache.maven.surefire.junit4.JUnit4Provider.executeTestSet(JUnit4Provider.java:214)
	at org.apache.maven.surefire.junit4.JUnit4Provider.invoke(JUnit4Provider.java:155)
	at org.apache.maven.surefire.booter.ForkedBooter.runSuitesInProcess(ForkedBooter.java:385)
	at org.apache.maven.surefire.booter.ForkedBooter.execute(ForkedBooter.java:162)
	at org.apache.maven.surefire.booter.ForkedBooter.run(ForkedBooter.java:507)
	at org.apache.maven.surefire.booter.ForkedBooter.main(ForkedBooter.java:495)

[ERROR] net.zerocloud.pdf.consumer.TableCompositionWorkflowTest.fixedPointPercentageAndAutoWidthsMatchIndependentCoordinates[HARDENED_WORKER] -- Time elapsed: 1.404 s <<< ERROR!
net.zerocloud.pdf.DocumentFailure: The text and logical-structure extraction limit was exceeded.
	at net.zerocloud.pdf.HardenedWorkerEngine.execute(HardenedWorkerEngine.java:247)
	at net.zerocloud.pdf.DocumentWorkflow.executeOnce(DocumentWorkflow.java:177)
	at net.zerocloud.pdf.DocumentWorkflow.execute(DocumentWorkflow.java:103)
	at net.zerocloud.pdf.DocumentWorkflow.execute(DocumentWorkflow.java:64)
	at net.zerocloud.pdf.consumer.TableCompositionWorkflowTest.read(TableCompositionWorkflowTest.java:723)
	at net.zerocloud.pdf.consumer.TableCompositionWorkflowTest.fixedPointPercentageAndAutoWidthsMatchIndependentCoordinates(TableCompositionWorkflowTest.java:106)
	at java.base/jdk.internal.reflect.NativeMethodAccessorImpl.invoke0(Native Method)
	at java.base/jdk.internal.reflect.NativeMethodAccessorImpl.invoke(NativeMethodAccessorImpl.java:77)
	at java.base/jdk.internal.reflect.DelegatingMethodAccessorImpl.invoke(DelegatingMethodAccessorImpl.java:43)
	at java.base/java.lang.reflect.Method.invoke(Method.java:568)
	at org.junit.runners.model.FrameworkMethod$1.runReflectiveCall(FrameworkMethod.java:59)
	at org.junit.internal.runners.model.ReflectiveCallable.run(ReflectiveCallable.java:12)
	at org.junit.runners.model.FrameworkMethod.invokeExplosively(FrameworkMethod.java:56)
	at org.junit.internal.runners.statements.InvokeMethod.evaluate(InvokeMethod.java:17)
	at org.junit.rules.ExternalResource$1.evaluate(ExternalResource.java:54)
	at org.junit.runners.ParentRunner$3.evaluate(ParentRunner.java:306)
	at org.junit.runners.BlockJUnit4ClassRunner$1.evaluate(BlockJUnit4ClassRunner.java:100)
	at org.junit.runners.ParentRunner.runLeaf(ParentRunner.java:366)
	at org.junit.runners.BlockJUnit4ClassRunner.runChild(BlockJUnit4ClassRunner.java:103)
	at org.junit.runners.BlockJUnit4ClassRunner.runChild(BlockJUnit4ClassRunner.java:63)
	at org.junit.runners.ParentRunner$4.run(ParentRunner.java:331)
	at org.junit.runners.ParentRunner$1.schedule(ParentRunner.java:79)
	at org.junit.runners.ParentRunner.runChildren(ParentRunner.java:329)
	at org.junit.runners.ParentRunner.access$100(ParentRunner.java:66)
	at org.junit.runners.ParentRunner$2.evaluate(ParentRunner.java:293)
	at org.junit.runners.ParentRunner.run(ParentRunner.java:413)
	at org.junit.runners.Suite.runChild(Suite.java:128)
	at org.junit.runners.Suite.runChild(Suite.java:27)
	at org.junit.runners.ParentRunner$4.run(ParentRunner.java:331)
	at org.junit.runners.ParentRunner$1.schedule(ParentRunner.java:79)
	at org.junit.runners.ParentRunner.runChildren(ParentRunner.java:329)
	at org.junit.runners.ParentRunner.access$100(ParentRunner.java:66)
	at org.junit.runners.ParentRunner$2.evaluate(ParentRunner.java:293)
	at org.junit.runners.ParentRunner$3.evaluate(ParentRunner.java:306)
	at org.junit.runners.ParentRunner.run(ParentRunner.java:413)
	at org.apache.maven.surefire.junit4.JUnit4Provider.execute(JUnit4Provider.java:316)
	at org.apache.maven.surefire.junit4.JUnit4Provider.executeWithRerun(JUnit4Provider.java:240)
	at org.apache.maven.surefire.junit4.JUnit4Provider.executeTestSet(JUnit4Provider.java:214)
	at org.apache.maven.surefire.junit4.JUnit4Provider.invoke(JUnit4Provider.java:155)
	at org.apache.maven.surefire.booter.ForkedBooter.runSuitesInProcess(ForkedBooter.java:385)
	at org.apache.maven.surefire.booter.ForkedBooter.execute(ForkedBooter.java:162)
	at org.apache.maven.surefire.booter.ForkedBooter.run(ForkedBooter.java:507)
	at org.apache.maven.surefire.booter.ForkedBooter.main(ForkedBooter.java:495)

[ERROR] net.zerocloud.pdf.consumer.TableCompositionWorkflowTest.exactFractionalGeometryFitsButFirstGeometricExcessFails[HARDENED_WORKER] -- Time elapsed: 1.225 s <<< ERROR!
net.zerocloud.pdf.DocumentFailure: The text and logical-structure extraction limit was exceeded.
	at net.zerocloud.pdf.HardenedWorkerEngine.execute(HardenedWorkerEngine.java:247)
	at net.zerocloud.pdf.DocumentWorkflow.executeOnce(DocumentWorkflow.java:177)
	at net.zerocloud.pdf.DocumentWorkflow.execute(DocumentWorkflow.java:103)
	at net.zerocloud.pdf.DocumentWorkflow.execute(DocumentWorkflow.java:64)
	at net.zerocloud.pdf.consumer.TableCompositionWorkflowTest.read(TableCompositionWorkflowTest.java:723)
	at net.zerocloud.pdf.consumer.TableCompositionWorkflowTest.exactFractionalGeometryFitsButFirstGeometricExcessFails(TableCompositionWorkflowTest.java:379)
	at java.base/jdk.internal.reflect.NativeMethodAccessorImpl.invoke0(Native Method)
	at java.base/jdk.internal.reflect.NativeMethodAccessorImpl.invoke(NativeMethodAccessorImpl.java:77)
	at java.base/jdk.internal.reflect.DelegatingMethodAccessorImpl.invoke(DelegatingMethodAccessorImpl.java:43)
	at java.base/java.lang.reflect.Method.invoke(Method.java:568)
	at org.junit.runners.model.FrameworkMethod$1.runReflectiveCall(FrameworkMethod.java:59)
	at org.junit.internal.runners.model.ReflectiveCallable.run(ReflectiveCallable.java:12)
	at org.junit.runners.model.FrameworkMethod.invokeExplosively(FrameworkMethod.java:56)
	at org.junit.internal.runners.statements.InvokeMethod.evaluate(InvokeMethod.java:17)
	at org.junit.rules.ExternalResource$1.evaluate(ExternalResource.java:54)
	at org.junit.runners.ParentRunner$3.evaluate(ParentRunner.java:306)
	at org.junit.runners.BlockJUnit4ClassRunner$1.evaluate(BlockJUnit4ClassRunner.java:100)
	at org.junit.runners.ParentRunner.runLeaf(ParentRunner.java:366)
	at org.junit.runners.BlockJUnit4ClassRunner.runChild(BlockJUnit4ClassRunner.java:103)
	at org.junit.runners.BlockJUnit4ClassRunner.runChild(BlockJUnit4ClassRunner.java:63)
	at org.junit.runners.ParentRunner$4.run(ParentRunner.java:331)
	at org.junit.runners.ParentRunner$1.schedule(ParentRunner.java:79)
	at org.junit.runners.ParentRunner.runChildren(ParentRunner.java:329)
	at org.junit.runners.ParentRunner.access$100(ParentRunner.java:66)
	at org.junit.runners.ParentRunner$2.evaluate(ParentRunner.java:293)
	at org.junit.runners.ParentRunner.run(ParentRunner.java:413)
	at org.junit.runners.Suite.runChild(Suite.java:128)
	at org.junit.runners.Suite.runChild(Suite.java:27)
	at org.junit.runners.ParentRunner$4.run(ParentRunner.java:331)
	at org.junit.runners.ParentRunner$1.schedule(ParentRunner.java:79)
	at org.junit.runners.ParentRunner.runChildren(ParentRunner.java:329)
	at org.junit.runners.ParentRunner.access$100(ParentRunner.java:66)
	at org.junit.runners.ParentRunner$2.evaluate(ParentRunner.java:293)
	at org.junit.runners.ParentRunner$3.evaluate(ParentRunner.java:306)
	at org.junit.runners.ParentRunner.run(ParentRunner.java:413)
	at org.apache.maven.surefire.junit4.JUnit4Provider.execute(JUnit4Provider.java:316)
	at org.apache.maven.surefire.junit4.JUnit4Provider.executeWithRerun(JUnit4Provider.java:240)
	at org.apache.maven.surefire.junit4.JUnit4Provider.executeTestSet(JUnit4Provider.java:214)
	at org.apache.maven.surefire.junit4.JUnit4Provider.invoke(JUnit4Provider.java:155)
	at org.apache.maven.surefire.booter.ForkedBooter.runSuitesInProcess(ForkedBooter.java:385)
	at org.apache.maven.surefire.booter.ForkedBooter.execute(ForkedBooter.java:162)
	at org.apache.maven.surefire.booter.ForkedBooter.run(ForkedBooter.java:507)
	at org.apache.maven.surefire.booter.ForkedBooter.main(ForkedBooter.java:495)

[ERROR] net.zerocloud.pdf.consumer.TableCompositionWorkflowTest.distinctBorderWidthsRemainInsideCellsAndAdjacentWidthsAdd[HARDENED_WORKER] -- Time elapsed: 1.327 s <<< ERROR!
net.zerocloud.pdf.DocumentFailure: The text and logical-structure extraction limit was exceeded.
	at net.zerocloud.pdf.HardenedWorkerEngine.execute(HardenedWorkerEngine.java:247)
	at net.zerocloud.pdf.DocumentWorkflow.executeOnce(DocumentWorkflow.java:177)
	at net.zerocloud.pdf.DocumentWorkflow.execute(DocumentWorkflow.java:103)
	at net.zerocloud.pdf.DocumentWorkflow.execute(DocumentWorkflow.java:64)
	at net.zerocloud.pdf.consumer.TableCompositionWorkflowTest.read(TableCompositionWorkflowTest.java:723)
	at net.zerocloud.pdf.consumer.TableCompositionWorkflowTest.distinctBorderWidthsRemainInsideCellsAndAdjacentWidthsAdd(TableCompositionWorkflowTest.java:564)
	at java.base/jdk.internal.reflect.NativeMethodAccessorImpl.invoke0(Native Method)
	at java.base/jdk.internal.reflect.NativeMethodAccessorImpl.invoke(NativeMethodAccessorImpl.java:77)
	at java.base/jdk.internal.reflect.DelegatingMethodAccessorImpl.invoke(DelegatingMethodAccessorImpl.java:43)
	at java.base/java.lang.reflect.Method.invoke(Method.java:568)
	at org.junit.runners.model.FrameworkMethod$1.runReflectiveCall(FrameworkMethod.java:59)
	at org.junit.internal.runners.model.ReflectiveCallable.run(ReflectiveCallable.java:12)
	at org.junit.runners.model.FrameworkMethod.invokeExplosively(FrameworkMethod.java:56)
	at org.junit.internal.runners.statements.InvokeMethod.evaluate(InvokeMethod.java:17)
	at org.junit.rules.ExternalResource$1.evaluate(ExternalResource.java:54)
	at org.junit.runners.ParentRunner$3.evaluate(ParentRunner.java:306)
	at org.junit.runners.BlockJUnit4ClassRunner$1.evaluate(BlockJUnit4ClassRunner.java:100)
	at org.junit.runners.ParentRunner.runLeaf(ParentRunner.java:366)
	at org.junit.runners.BlockJUnit4ClassRunner.runChild(BlockJUnit4ClassRunner.java:103)
	at org.junit.runners.BlockJUnit4ClassRunner.runChild(BlockJUnit4ClassRunner.java:63)
	at org.junit.runners.ParentRunner$4.run(ParentRunner.java:331)
	at org.junit.runners.ParentRunner$1.schedule(ParentRunner.java:79)
	at org.junit.runners.ParentRunner.runChildren(ParentRunner.java:329)
	at org.junit.runners.ParentRunner.access$100(ParentRunner.java:66)
	at org.junit.runners.ParentRunner$2.evaluate(ParentRunner.java:293)
	at org.junit.runners.ParentRunner.run(ParentRunner.java:413)
	at org.junit.runners.Suite.runChild(Suite.java:128)
	at org.junit.runners.Suite.runChild(Suite.java:27)
	at org.junit.runners.ParentRunner$4.run(ParentRunner.java:331)
	at org.junit.runners.ParentRunner$1.schedule(ParentRunner.java:79)
	at org.junit.runners.ParentRunner.runChildren(ParentRunner.java:329)
	at org.junit.runners.ParentRunner.access$100(ParentRunner.java:66)
	at org.junit.runners.ParentRunner$2.evaluate(ParentRunner.java:293)
	at org.junit.runners.ParentRunner$3.evaluate(ParentRunner.java:306)
	at org.junit.runners.ParentRunner.run(ParentRunner.java:413)
	at org.apache.maven.surefire.junit4.JUnit4Provider.execute(JUnit4Provider.java:316)
	at org.apache.maven.surefire.junit4.JUnit4Provider.executeWithRerun(JUnit4Provider.java:240)
	at org.apache.maven.surefire.junit4.JUnit4Provider.executeTestSet(JUnit4Provider.java:214)
	at org.apache.maven.surefire.junit4.JUnit4Provider.invoke(JUnit4Provider.java:155)
	at org.apache.maven.surefire.booter.ForkedBooter.runSuitesInProcess(ForkedBooter.java:385)
	at org.apache.maven.surefire.booter.ForkedBooter.execute(ForkedBooter.java:162)
	at org.apache.maven.surefire.booter.ForkedBooter.run(ForkedBooter.java:507)
	at org.apache.maven.surefire.booter.ForkedBooter.main(ForkedBooter.java:495)

[INFO] Running net.zerocloud.pdf.consumer.TablePaginationWorkflowTest
[ERROR] Tests run: 24, Failures: 0, Errors: 24, Skipped: 0, Time elapsed: 15.96 s <<< FAILURE! -- in net.zerocloud.pdf.consumer.TablePaginationWorkflowTest
[ERROR] net.zerocloud.pdf.consumer.TablePaginationWorkflowTest.cellOverflowWrapsRejectsOrPreservesTheEntireVisibleWord[IN_PROCESS] -- Time elapsed: 0 s <<< ERROR!
net.zerocloud.pdf.DocumentFailure: The text and logical-structure extraction limit was exceeded.
	at net.zerocloud.pdf.PdfBoxWorkflowEngine.failure(PdfBoxWorkflowEngine.java:292)
	at net.zerocloud.pdf.PdfBoxWorkflowEngine.executeWithDocument(PdfBoxWorkflowEngine.java:350)
	at net.zerocloud.pdf.PdfBoxWorkflowEngine.executeChecked(PdfBoxWorkflowEngine.java:238)
	at net.zerocloud.pdf.PdfBoxWorkflowEngine.execute(PdfBoxWorkflowEngine.java:41)
	at net.zerocloud.pdf.DocumentWorkflow.executeOnce(DocumentWorkflow.java:184)
	at net.zerocloud.pdf.DocumentWorkflow.execute(DocumentWorkflow.java:103)
	at net.zerocloud.pdf.DocumentWorkflow.execute(DocumentWorkflow.java:64)
	at net.zerocloud.pdf.consumer.TablePaginationWorkflowTest.read(TablePaginationWorkflowTest.java:365)
	at net.zerocloud.pdf.consumer.TablePaginationWorkflowTest.cellOverflowWrapsRejectsOrPreservesTheEntireVisibleWord(TablePaginationWorkflowTest.java:299)
	at java.base/jdk.internal.reflect.NativeMethodAccessorImpl.invoke0(Native Method)
	at java.base/jdk.internal.reflect.NativeMethodAccessorImpl.invoke(NativeMethodAccessorImpl.java:77)
	at java.base/jdk.internal.reflect.DelegatingMethodAccessorImpl.invoke(DelegatingMethodAccessorImpl.java:43)
	at java.base/java.lang.reflect.Method.invoke(Method.java:568)
	at org.junit.runners.model.FrameworkMethod$1.runReflectiveCall(FrameworkMethod.java:59)
	at org.junit.internal.runners.model.ReflectiveCallable.run(ReflectiveCallable.java:12)
	at org.junit.runners.model.FrameworkMethod.invokeExplosively(FrameworkMethod.java:56)
	at org.junit.internal.runners.statements.InvokeMethod.evaluate(InvokeMethod.java:17)
	at org.junit.rules.ExternalResource$1.evaluate(ExternalResource.java:54)
	at org.junit.runners.ParentRunner$3.evaluate(ParentRunner.java:306)
	at org.junit.runners.BlockJUnit4ClassRunner$1.evaluate(BlockJUnit4ClassRunner.java:100)
	at org.junit.runners.ParentRunner.runLeaf(ParentRunner.java:366)
	at org.junit.runners.BlockJUnit4ClassRunner.runChild(BlockJUnit4ClassRunner.java:103)
	at org.junit.runners.BlockJUnit4ClassRunner.runChild(BlockJUnit4ClassRunner.java:63)
	at org.junit.runners.ParentRunner$4.run(ParentRunner.java:331)
	at org.junit.runners.ParentRunner$1.schedule(ParentRunner.java:79)
	at org.junit.runners.ParentRunner.runChildren(ParentRunner.java:329)
	at org.junit.runners.ParentRunner.access$100(ParentRunner.java:66)
	at org.junit.runners.ParentRunner$2.evaluate(ParentRunner.java:293)
	at org.junit.runners.ParentRunner.run(ParentRunner.java:413)
	at org.junit.runners.Suite.runChild(Suite.java:128)
	at org.junit.runners.Suite.runChild(Suite.java:27)
	at org.junit.runners.ParentRunner$4.run(ParentRunner.java:331)
	at org.junit.runners.ParentRunner$1.schedule(ParentRunner.java:79)
	at org.junit.runners.ParentRunner.runChildren(ParentRunner.java:329)
	at org.junit.runners.ParentRunner.access$100(ParentRunner.java:66)
	at org.junit.runners.ParentRunner$2.evaluate(ParentRunner.java:293)
	at org.junit.runners.ParentRunner$3.evaluate(ParentRunner.java:306)
	at org.junit.runners.ParentRunner.run(ParentRunner.java:413)
	at org.apache.maven.surefire.junit4.JUnit4Provider.execute(JUnit4Provider.java:316)
	at org.apache.maven.surefire.junit4.JUnit4Provider.executeWithRerun(JUnit4Provider.java:240)
	at org.apache.maven.surefire.junit4.JUnit4Provider.executeTestSet(JUnit4Provider.java:214)
	at org.apache.maven.surefire.junit4.JUnit4Provider.invoke(JUnit4Provider.java:155)
	at org.apache.maven.surefire.booter.ForkedBooter.runSuitesInProcess(ForkedBooter.java:385)
	at org.apache.maven.surefire.booter.ForkedBooter.execute(ForkedBooter.java:162)
	at org.apache.maven.surefire.booter.ForkedBooter.run(ForkedBooter.java:507)
	at org.apache.maven.surefire.booter.ForkedBooter.main(ForkedBooter.java:495)

[ERROR] net.zerocloud.pdf.consumer.TablePaginationWorkflowTest.rowAndColumnSpansContinueWithIndependentFragmentBordersAndReadingOrder[IN_PROCESS] -- Time elapsed: 0.007 s <<< ERROR!
net.zerocloud.pdf.DocumentFailure: The text and logical-structure extraction limit was exceeded.
	at net.zerocloud.pdf.PdfBoxWorkflowEngine.failure(PdfBoxWorkflowEngine.java:292)
	at net.zerocloud.pdf.PdfBoxWorkflowEngine.executeWithDocument(PdfBoxWorkflowEngine.java:350)
	at net.zerocloud.pdf.PdfBoxWorkflowEngine.executeChecked(PdfBoxWorkflowEngine.java:238)
	at net.zerocloud.pdf.PdfBoxWorkflowEngine.execute(PdfBoxWorkflowEngine.java:41)
	at net.zerocloud.pdf.DocumentWorkflow.executeOnce(DocumentWorkflow.java:184)
	at net.zerocloud.pdf.DocumentWorkflow.execute(DocumentWorkflow.java:103)
	at net.zerocloud.pdf.DocumentWorkflow.execute(DocumentWorkflow.java:64)
	at net.zerocloud.pdf.consumer.TablePaginationWorkflowTest.read(TablePaginationWorkflowTest.java:365)
	at net.zerocloud.pdf.consumer.TablePaginationWorkflowTest.rowAndColumnSpansContinueWithIndependentFragmentBordersAndReadingOrder(TablePaginationWorkflowTest.java:130)
	at java.base/jdk.internal.reflect.NativeMethodAccessorImpl.invoke0(Native Method)
	at java.base/jdk.internal.reflect.NativeMethodAccessorImpl.invoke(NativeMethodAccessorImpl.java:77)
	at java.base/jdk.internal.reflect.DelegatingMethodAccessorImpl.invoke(DelegatingMethodAccessorImpl.java:43)
	at java.base/java.lang.reflect.Method.invoke(Method.java:568)
	at org.junit.runners.model.FrameworkMethod$1.runReflectiveCall(FrameworkMethod.java:59)
	at org.junit.internal.runners.model.ReflectiveCallable.run(ReflectiveCallable.java:12)
	at org.junit.runners.model.FrameworkMethod.invokeExplosively(FrameworkMethod.java:56)
	at org.junit.internal.runners.statements.InvokeMethod.evaluate(InvokeMethod.java:17)
	at org.junit.rules.ExternalResource$1.evaluate(ExternalResource.java:54)
	at org.junit.runners.ParentRunner$3.evaluate(ParentRunner.java:306)
	at org.junit.runners.BlockJUnit4ClassRunner$1.evaluate(BlockJUnit4ClassRunner.java:100)
	at org.junit.runners.ParentRunner.runLeaf(ParentRunner.java:366)
	at org.junit.runners.BlockJUnit4ClassRunner.runChild(BlockJUnit4ClassRunner.java:103)
	at org.junit.runners.BlockJUnit4ClassRunner.runChild(BlockJUnit4ClassRunner.java:63)
	at org.junit.runners.ParentRunner$4.run(ParentRunner.java:331)
	at org.junit.runners.ParentRunner$1.schedule(ParentRunner.java:79)
	at org.junit.runners.ParentRunner.runChildren(ParentRunner.java:329)
	at org.junit.runners.ParentRunner.access$100(ParentRunner.java:66)
	at org.junit.runners.ParentRunner$2.evaluate(ParentRunner.java:293)
	at org.junit.runners.ParentRunner.run(ParentRunner.java:413)
	at org.junit.runners.Suite.runChild(Suite.java:128)
	at org.junit.runners.Suite.runChild(Suite.java:27)
	at org.junit.runners.ParentRunner$4.run(ParentRunner.java:331)
	at org.junit.runners.ParentRunner$1.schedule(ParentRunner.java:79)
	at org.junit.runners.ParentRunner.runChildren(ParentRunner.java:329)
	at org.junit.runners.ParentRunner.access$100(ParentRunner.java:66)
	at org.junit.runners.ParentRunner$2.evaluate(ParentRunner.java:293)
	at org.junit.runners.ParentRunner$3.evaluate(ParentRunner.java:306)
	at org.junit.runners.ParentRunner.run(ParentRunner.java:413)
	at org.apache.maven.surefire.junit4.JUnit4Provider.execute(JUnit4Provider.java:316)
	at org.apache.maven.surefire.junit4.JUnit4Provider.executeWithRerun(JUnit4Provider.java:240)
	at org.apache.maven.surefire.junit4.JUnit4Provider.executeTestSet(JUnit4Provider.java:214)
	at org.apache.maven.surefire.junit4.JUnit4Provider.invoke(JUnit4Provider.java:155)
	at org.apache.maven.surefire.booter.ForkedBooter.runSuitesInProcess(ForkedBooter.java:385)
	at org.apache.maven.surefire.booter.ForkedBooter.execute(ForkedBooter.java:162)
	at org.apache.maven.surefire.booter.ForkedBooter.run(ForkedBooter.java:507)
	at org.apache.maven.surefire.booter.ForkedBooter.main(ForkedBooter.java:495)

[ERROR] net.zerocloud.pdf.consumer.TablePaginationWorkflowTest.fixedAndAutomaticTablesFillOrderedAreasBeforeAdvancingToTheNextPage[IN_PROCESS] -- Time elapsed: 0.021 s <<< ERROR!
net.zerocloud.pdf.DocumentFailure: The text and logical-structure extraction limit was exceeded.
	at net.zerocloud.pdf.PdfBoxWorkflowEngine.failure(PdfBoxWorkflowEngine.java:292)
	at net.zerocloud.pdf.PdfBoxWorkflowEngine.executeWithDocument(PdfBoxWorkflowEngine.java:350)
	at net.zerocloud.pdf.PdfBoxWorkflowEngine.executeChecked(PdfBoxWorkflowEngine.java:238)
	at net.zerocloud.pdf.PdfBoxWorkflowEngine.execute(PdfBoxWorkflowEngine.java:41)
	at net.zerocloud.pdf.DocumentWorkflow.executeOnce(DocumentWorkflow.java:184)
	at net.zerocloud.pdf.DocumentWorkflow.execute(DocumentWorkflow.java:103)
	at net.zerocloud.pdf.DocumentWorkflow.execute(DocumentWorkflow.java:64)
	at net.zerocloud.pdf.consumer.TablePaginationWorkflowTest.read(TablePaginationWorkflowTest.java:365)
	at net.zerocloud.pdf.consumer.TablePaginationWorkflowTest.fixedAndAutomaticTablesFillOrderedAreasBeforeAdvancingToTheNextPage(TablePaginationWorkflowTest.java:92)
	at java.base/jdk.internal.reflect.NativeMethodAccessorImpl.invoke0(Native Method)
	at java.base/jdk.internal.reflect.NativeMethodAccessorImpl.invoke(NativeMethodAccessorImpl.java:77)
	at java.base/jdk.internal.reflect.DelegatingMethodAccessorImpl.invoke(DelegatingMethodAccessorImpl.java:43)
	at java.base/java.lang.reflect.Method.invoke(Method.java:568)
	at org.junit.runners.model.FrameworkMethod$1.runReflectiveCall(FrameworkMethod.java:59)
	at org.junit.internal.runners.model.ReflectiveCallable.run(ReflectiveCallable.java:12)
	at org.junit.runners.model.FrameworkMethod.invokeExplosively(FrameworkMethod.java:56)
	at org.junit.internal.runners.statements.InvokeMethod.evaluate(InvokeMethod.java:17)
	at org.junit.rules.ExternalResource$1.evaluate(ExternalResource.java:54)
	at org.junit.runners.ParentRunner$3.evaluate(ParentRunner.java:306)
	at org.junit.runners.BlockJUnit4ClassRunner$1.evaluate(BlockJUnit4ClassRunner.java:100)
	at org.junit.runners.ParentRunner.runLeaf(ParentRunner.java:366)
	at org.junit.runners.BlockJUnit4ClassRunner.runChild(BlockJUnit4ClassRunner.java:103)
	at org.junit.runners.BlockJUnit4ClassRunner.runChild(BlockJUnit4ClassRunner.java:63)
	at org.junit.runners.ParentRunner$4.run(ParentRunner.java:331)
	at org.junit.runners.ParentRunner$1.schedule(ParentRunner.java:79)
	at org.junit.runners.ParentRunner.runChildren(ParentRunner.java:329)
	at org.junit.runners.ParentRunner.access$100(ParentRunner.java:66)
	at org.junit.runners.ParentRunner$2.evaluate(ParentRunner.java:293)
	at org.junit.runners.ParentRunner.run(ParentRunner.java:413)
	at org.junit.runners.Suite.runChild(Suite.java:128)
	at org.junit.runners.Suite.runChild(Suite.java:27)
	at org.junit.runners.ParentRunner$4.run(ParentRunner.java:331)
	at org.junit.runners.ParentRunner$1.schedule(ParentRunner.java:79)
	at org.junit.runners.ParentRunner.runChildren(ParentRunner.java:329)
	at org.junit.runners.ParentRunner.access$100(ParentRunner.java:66)
	at org.junit.runners.ParentRunner$2.evaluate(ParentRunner.java:293)
	at org.junit.runners.ParentRunner$3.evaluate(ParentRunner.java:306)
	at org.junit.runners.ParentRunner.run(ParentRunner.java:413)
	at org.apache.maven.surefire.junit4.JUnit4Provider.execute(JUnit4Provider.java:316)
	at org.apache.maven.surefire.junit4.JUnit4Provider.executeWithRerun(JUnit4Provider.java:240)
	at org.apache.maven.surefire.junit4.JUnit4Provider.executeTestSet(JUnit4Provider.java:214)
	at org.apache.maven.surefire.junit4.JUnit4Provider.invoke(JUnit4Provider.java:155)
	at org.apache.maven.surefire.booter.ForkedBooter.runSuitesInProcess(ForkedBooter.java:385)
	at org.apache.maven.surefire.booter.ForkedBooter.execute(ForkedBooter.java:162)
	at org.apache.maven.surefire.booter.ForkedBooter.run(ForkedBooter.java:507)
	at org.apache.maven.surefire.booter.ForkedBooter.main(ForkedBooter.java:495)

[ERROR] net.zerocloud.pdf.consumer.TablePaginationWorkflowTest.repeatedHeadersAndFootersReserveSpaceAndFinalOmissionUsesTheFreedSpace[IN_PROCESS] -- Time elapsed: 0.014 s <<< ERROR!
net.zerocloud.pdf.DocumentFailure: The text and logical-structure extraction limit was exceeded.
	at net.zerocloud.pdf.PdfBoxWorkflowEngine.failure(PdfBoxWorkflowEngine.java:292)
	at net.zerocloud.pdf.PdfBoxWorkflowEngine.executeWithDocument(PdfBoxWorkflowEngine.java:350)
	at net.zerocloud.pdf.PdfBoxWorkflowEngine.executeChecked(PdfBoxWorkflowEngine.java:238)
	at net.zerocloud.pdf.PdfBoxWorkflowEngine.execute(PdfBoxWorkflowEngine.java:41)
	at net.zerocloud.pdf.DocumentWorkflow.executeOnce(DocumentWorkflow.java:184)
	at net.zerocloud.pdf.DocumentWorkflow.execute(DocumentWorkflow.java:103)
	at net.zerocloud.pdf.DocumentWorkflow.execute(DocumentWorkflow.java:64)
	at net.zerocloud.pdf.consumer.TablePaginationWorkflowTest.read(TablePaginationWorkflowTest.java:365)
	at net.zerocloud.pdf.consumer.TablePaginationWorkflowTest.repeatedHeadersAndFootersReserveSpaceAndFinalOmissionUsesTheFreedSpace(TablePaginationWorkflowTest.java:195)
	at java.base/jdk.internal.reflect.NativeMethodAccessorImpl.invoke0(Native Method)
	at java.base/jdk.internal.reflect.NativeMethodAccessorImpl.invoke(NativeMethodAccessorImpl.java:77)
	at java.base/jdk.internal.reflect.DelegatingMethodAccessorImpl.invoke(DelegatingMethodAccessorImpl.java:43)
	at java.base/java.lang.reflect.Method.invoke(Method.java:568)
	at org.junit.runners.model.FrameworkMethod$1.runReflectiveCall(FrameworkMethod.java:59)
	at org.junit.internal.runners.model.ReflectiveCallable.run(ReflectiveCallable.java:12)
	at org.junit.runners.model.FrameworkMethod.invokeExplosively(FrameworkMethod.java:56)
	at org.junit.internal.runners.statements.InvokeMethod.evaluate(InvokeMethod.java:17)
	at org.junit.rules.ExternalResource$1.evaluate(ExternalResource.java:54)
	at org.junit.runners.ParentRunner$3.evaluate(ParentRunner.java:306)
	at org.junit.runners.BlockJUnit4ClassRunner$1.evaluate(BlockJUnit4ClassRunner.java:100)
	at org.junit.runners.ParentRunner.runLeaf(ParentRunner.java:366)
	at org.junit.runners.BlockJUnit4ClassRunner.runChild(BlockJUnit4ClassRunner.java:103)
	at org.junit.runners.BlockJUnit4ClassRunner.runChild(BlockJUnit4ClassRunner.java:63)
	at org.junit.runners.ParentRunner$4.run(ParentRunner.java:331)
	at org.junit.runners.ParentRunner$1.schedule(ParentRunner.java:79)
	at org.junit.runners.ParentRunner.runChildren(ParentRunner.java:329)
	at org.junit.runners.ParentRunner.access$100(ParentRunner.java:66)
	at org.junit.runners.ParentRunner$2.evaluate(ParentRunner.java:293)
	at org.junit.runners.ParentRunner.run(ParentRunner.java:413)
	at org.junit.runners.Suite.runChild(Suite.java:128)
	at org.junit.runners.Suite.runChild(Suite.java:27)
	at org.junit.runners.ParentRunner$4.run(ParentRunner.java:331)
	at org.junit.runners.ParentRunner$1.schedule(ParentRunner.java:79)
	at org.junit.runners.ParentRunner.runChildren(ParentRunner.java:329)
	at org.junit.runners.ParentRunner.access$100(ParentRunner.java:66)
	at org.junit.runners.ParentRunner$2.evaluate(ParentRunner.java:293)
	at org.junit.runners.ParentRunner$3.evaluate(ParentRunner.java:306)
	at org.junit.runners.ParentRunner.run(ParentRunner.java:413)
	at org.apache.maven.surefire.junit4.JUnit4Provider.execute(JUnit4Provider.java:316)
	at org.apache.maven.surefire.junit4.JUnit4Provider.executeWithRerun(JUnit4Provider.java:240)
	at org.apache.maven.surefire.junit4.JUnit4Provider.executeTestSet(JUnit4Provider.java:214)
	at org.apache.maven.surefire.junit4.JUnit4Provider.invoke(JUnit4Provider.java:155)
	at org.apache.maven.surefire.booter.ForkedBooter.runSuitesInProcess(ForkedBooter.java:385)
	at org.apache.maven.surefire.booter.ForkedBooter.execute(ForkedBooter.java:162)
	at org.apache.maven.surefire.booter.ForkedBooter.run(ForkedBooter.java:507)
	at org.apache.maven.surefire.booter.ForkedBooter.main(ForkedBooter.java:495)

[ERROR] net.zerocloud.pdf.consumer.TablePaginationWorkflowTest.anOversizedRowContinuesAtWholeLinesWithoutRepeatingOrDroppingText[IN_PROCESS] -- Time elapsed: 0.009 s <<< ERROR!
net.zerocloud.pdf.DocumentFailure: The text and logical-structure extraction limit was exceeded.
	at net.zerocloud.pdf.PdfBoxWorkflowEngine.failure(PdfBoxWorkflowEngine.java:292)
	at net.zerocloud.pdf.PdfBoxWorkflowEngine.executeWithDocument(PdfBoxWorkflowEngine.java:350)
	at net.zerocloud.pdf.PdfBoxWorkflowEngine.executeChecked(PdfBoxWorkflowEngine.java:238)
	at net.zerocloud.pdf.PdfBoxWorkflowEngine.execute(PdfBoxWorkflowEngine.java:41)
	at net.zerocloud.pdf.DocumentWorkflow.executeOnce(DocumentWorkflow.java:184)
	at net.zerocloud.pdf.DocumentWorkflow.execute(DocumentWorkflow.java:103)
	at net.zerocloud.pdf.DocumentWorkflow.execute(DocumentWorkflow.java:64)
	at net.zerocloud.pdf.consumer.TablePaginationWorkflowTest.read(TablePaginationWorkflowTest.java:365)
	at net.zerocloud.pdf.consumer.TablePaginationWorkflowTest.anOversizedRowContinuesAtWholeLinesWithoutRepeatingOrDroppingText(TablePaginationWorkflowTest.java:111)
	at java.base/jdk.internal.reflect.NativeMethodAccessorImpl.invoke0(Native Method)
	at java.base/jdk.internal.reflect.NativeMethodAccessorImpl.invoke(NativeMethodAccessorImpl.java:77)
	at java.base/jdk.internal.reflect.DelegatingMethodAccessorImpl.invoke(DelegatingMethodAccessorImpl.java:43)
	at java.base/java.lang.reflect.Method.invoke(Method.java:568)
	at org.junit.runners.model.FrameworkMethod$1.runReflectiveCall(FrameworkMethod.java:59)
	at org.junit.internal.runners.model.ReflectiveCallable.run(ReflectiveCallable.java:12)
	at org.junit.runners.model.FrameworkMethod.invokeExplosively(FrameworkMethod.java:56)
	at org.junit.internal.runners.statements.InvokeMethod.evaluate(InvokeMethod.java:17)
	at org.junit.rules.ExternalResource$1.evaluate(ExternalResource.java:54)
	at org.junit.runners.ParentRunner$3.evaluate(ParentRunner.java:306)
	at org.junit.runners.BlockJUnit4ClassRunner$1.evaluate(BlockJUnit4ClassRunner.java:100)
	at org.junit.runners.ParentRunner.runLeaf(ParentRunner.java:366)
	at org.junit.runners.BlockJUnit4ClassRunner.runChild(BlockJUnit4ClassRunner.java:103)
	at org.junit.runners.BlockJUnit4ClassRunner.runChild(BlockJUnit4ClassRunner.java:63)
	at org.junit.runners.ParentRunner$4.run(ParentRunner.java:331)
	at org.junit.runners.ParentRunner$1.schedule(ParentRunner.java:79)
	at org.junit.runners.ParentRunner.runChildren(ParentRunner.java:329)
	at org.junit.runners.ParentRunner.access$100(ParentRunner.java:66)
	at org.junit.runners.ParentRunner$2.evaluate(ParentRunner.java:293)
	at org.junit.runners.ParentRunner.run(ParentRunner.java:413)
	at org.junit.runners.Suite.runChild(Suite.java:128)
	at org.junit.runners.Suite.runChild(Suite.java:27)
	at org.junit.runners.ParentRunner$4.run(ParentRunner.java:331)
	at org.junit.runners.ParentRunner$1.schedule(ParentRunner.java:79)
	at org.junit.runners.ParentRunner.runChildren(ParentRunner.java:329)
	at org.junit.runners.ParentRunner.access$100(ParentRunner.java:66)
	at org.junit.runners.ParentRunner$2.evaluate(ParentRunner.java:293)
	at org.junit.runners.ParentRunner$3.evaluate(ParentRunner.java:306)
	at org.junit.runners.ParentRunner.run(ParentRunner.java:413)
	at org.apache.maven.surefire.junit4.JUnit4Provider.execute(JUnit4Provider.java:316)
	at org.apache.maven.surefire.junit4.JUnit4Provider.executeWithRerun(JUnit4Provider.java:240)
	at org.apache.maven.surefire.junit4.JUnit4Provider.executeTestSet(JUnit4Provider.java:214)
	at org.apache.maven.surefire.junit4.JUnit4Provider.invoke(JUnit4Provider.java:155)
	at org.apache.maven.surefire.booter.ForkedBooter.runSuitesInProcess(ForkedBooter.java:385)
	at org.apache.maven.surefire.booter.ForkedBooter.execute(ForkedBooter.java:162)
	at org.apache.maven.surefire.booter.ForkedBooter.run(ForkedBooter.java:507)
	at org.apache.maven.surefire.booter.ForkedBooter.main(ForkedBooter.java:495)

[ERROR] net.zerocloud.pdf.consumer.TablePaginationWorkflowTest.tableKeepsBacktrackToASmallerFragmentOrMoveTheCompleteTable[IN_PROCESS] -- Time elapsed: 0.008 s <<< ERROR!
net.zerocloud.pdf.DocumentFailure: The text and logical-structure extraction limit was exceeded.
	at net.zerocloud.pdf.PdfBoxWorkflowEngine.failure(PdfBoxWorkflowEngine.java:292)
	at net.zerocloud.pdf.PdfBoxWorkflowEngine.executeWithDocument(PdfBoxWorkflowEngine.java:350)
	at net.zerocloud.pdf.PdfBoxWorkflowEngine.executeChecked(PdfBoxWorkflowEngine.java:238)
	at net.zerocloud.pdf.PdfBoxWorkflowEngine.execute(PdfBoxWorkflowEngine.java:41)
	at net.zerocloud.pdf.DocumentWorkflow.executeOnce(DocumentWorkflow.java:184)
	at net.zerocloud.pdf.DocumentWorkflow.execute(DocumentWorkflow.java:103)
	at net.zerocloud.pdf.DocumentWorkflow.execute(DocumentWorkflow.java:64)
	at net.zerocloud.pdf.consumer.TablePaginationWorkflowTest.read(TablePaginationWorkflowTest.java:365)
	at net.zerocloud.pdf.consumer.TablePaginationWorkflowTest.tableKeepsBacktrackToASmallerFragmentOrMoveTheCompleteTable(TablePaginationWorkflowTest.java:149)
	at java.base/jdk.internal.reflect.NativeMethodAccessorImpl.invoke0(Native Method)
	at java.base/jdk.internal.reflect.NativeMethodAccessorImpl.invoke(NativeMethodAccessorImpl.java:77)
	at java.base/jdk.internal.reflect.DelegatingMethodAccessorImpl.invoke(DelegatingMethodAccessorImpl.java:43)
	at java.base/java.lang.reflect.Method.invoke(Method.java:568)
	at org.junit.runners.model.FrameworkMethod$1.runReflectiveCall(FrameworkMethod.java:59)
	at org.junit.internal.runners.model.ReflectiveCallable.run(ReflectiveCallable.java:12)
	at org.junit.runners.model.FrameworkMethod.invokeExplosively(FrameworkMethod.java:56)
	at org.junit.internal.runners.statements.InvokeMethod.evaluate(InvokeMethod.java:17)
	at org.junit.rules.ExternalResource$1.evaluate(ExternalResource.java:54)
	at org.junit.runners.ParentRunner$3.evaluate(ParentRunner.java:306)
	at org.junit.runners.BlockJUnit4ClassRunner$1.evaluate(BlockJUnit4ClassRunner.java:100)
	at org.junit.runners.ParentRunner.runLeaf(ParentRunner.java:366)
	at org.junit.runners.BlockJUnit4ClassRunner.runChild(BlockJUnit4ClassRunner.java:103)
	at org.junit.runners.BlockJUnit4ClassRunner.runChild(BlockJUnit4ClassRunner.java:63)
	at org.junit.runners.ParentRunner$4.run(ParentRunner.java:331)
	at org.junit.runners.ParentRunner$1.schedule(ParentRunner.java:79)
	at org.junit.runners.ParentRunner.runChildren(ParentRunner.java:329)
	at org.junit.runners.ParentRunner.access$100(ParentRunner.java:66)
	at org.junit.runners.ParentRunner$2.evaluate(ParentRunner.java:293)
	at org.junit.runners.ParentRunner.run(ParentRunner.java:413)
	at org.junit.runners.Suite.runChild(Suite.java:128)
	at org.junit.runners.Suite.runChild(Suite.java:27)
	at org.junit.runners.ParentRunner$4.run(ParentRunner.java:331)
	at org.junit.runners.ParentRunner$1.schedule(ParentRunner.java:79)
	at org.junit.runners.ParentRunner.runChildren(ParentRunner.java:329)
	at org.junit.runners.ParentRunner.access$100(ParentRunner.java:66)
	at org.junit.runners.ParentRunner$2.evaluate(ParentRunner.java:293)
	at org.junit.runners.ParentRunner$3.evaluate(ParentRunner.java:306)
	at org.junit.runners.ParentRunner.run(ParentRunner.java:413)
	at org.apache.maven.surefire.junit4.JUnit4Provider.execute(JUnit4Provider.java:316)
	at org.apache.maven.surefire.junit4.JUnit4Provider.executeWithRerun(JUnit4Provider.java:240)
	at org.apache.maven.surefire.junit4.JUnit4Provider.executeTestSet(JUnit4Provider.java:214)
	at org.apache.maven.surefire.junit4.JUnit4Provider.invoke(JUnit4Provider.java:155)
	at org.apache.maven.surefire.booter.ForkedBooter.runSuitesInProcess(ForkedBooter.java:385)
	at org.apache.maven.surefire.booter.ForkedBooter.execute(ForkedBooter.java:162)
	at org.apache.maven.surefire.booter.ForkedBooter.run(ForkedBooter.java:507)
	at org.apache.maven.surefire.booter.ForkedBooter.main(ForkedBooter.java:495)

[ERROR] net.zerocloud.pdf.consumer.TablePaginationWorkflowTest.aContinuedRowRewrapsItsRemainingTextAtTheNextAreasWidth[IN_PROCESS] -- Time elapsed: 0.007 s <<< ERROR!
net.zerocloud.pdf.DocumentFailure: The text and logical-structure extraction limit was exceeded.
	at net.zerocloud.pdf.PdfBoxWorkflowEngine.failure(PdfBoxWorkflowEngine.java:292)
	at net.zerocloud.pdf.PdfBoxWorkflowEngine.executeWithDocument(PdfBoxWorkflowEngine.java:350)
	at net.zerocloud.pdf.PdfBoxWorkflowEngine.executeChecked(PdfBoxWorkflowEngine.java:238)
	at net.zerocloud.pdf.PdfBoxWorkflowEngine.execute(PdfBoxWorkflowEngine.java:41)
	at net.zerocloud.pdf.DocumentWorkflow.executeOnce(DocumentWorkflow.java:184)
	at net.zerocloud.pdf.DocumentWorkflow.execute(DocumentWorkflow.java:103)
	at net.zerocloud.pdf.DocumentWorkflow.execute(DocumentWorkflow.java:64)
	at net.zerocloud.pdf.consumer.TablePaginationWorkflowTest.read(TablePaginationWorkflowTest.java:365)
	at net.zerocloud.pdf.consumer.TablePaginationWorkflowTest.aContinuedRowRewrapsItsRemainingTextAtTheNextAreasWidth(TablePaginationWorkflowTest.java:177)
	at java.base/jdk.internal.reflect.NativeMethodAccessorImpl.invoke0(Native Method)
	at java.base/jdk.internal.reflect.NativeMethodAccessorImpl.invoke(NativeMethodAccessorImpl.java:77)
	at java.base/jdk.internal.reflect.DelegatingMethodAccessorImpl.invoke(DelegatingMethodAccessorImpl.java:43)
	at java.base/java.lang.reflect.Method.invoke(Method.java:568)
	at org.junit.runners.model.FrameworkMethod$1.runReflectiveCall(FrameworkMethod.java:59)
	at org.junit.internal.runners.model.ReflectiveCallable.run(ReflectiveCallable.java:12)
	at org.junit.runners.model.FrameworkMethod.invokeExplosively(FrameworkMethod.java:56)
	at org.junit.internal.runners.statements.InvokeMethod.evaluate(InvokeMethod.java:17)
	at org.junit.rules.ExternalResource$1.evaluate(ExternalResource.java:54)
	at org.junit.runners.ParentRunner$3.evaluate(ParentRunner.java:306)
	at org.junit.runners.BlockJUnit4ClassRunner$1.evaluate(BlockJUnit4ClassRunner.java:100)
	at org.junit.runners.ParentRunner.runLeaf(ParentRunner.java:366)
	at org.junit.runners.BlockJUnit4ClassRunner.runChild(BlockJUnit4ClassRunner.java:103)
	at org.junit.runners.BlockJUnit4ClassRunner.runChild(BlockJUnit4ClassRunner.java:63)
	at org.junit.runners.ParentRunner$4.run(ParentRunner.java:331)
	at org.junit.runners.ParentRunner$1.schedule(ParentRunner.java:79)
	at org.junit.runners.ParentRunner.runChildren(ParentRunner.java:329)
	at org.junit.runners.ParentRunner.access$100(ParentRunner.java:66)
	at org.junit.runners.ParentRunner$2.evaluate(ParentRunner.java:293)
	at org.junit.runners.ParentRunner.run(ParentRunner.java:413)
	at org.junit.runners.Suite.runChild(Suite.java:128)
	at org.junit.runners.Suite.runChild(Suite.java:27)
	at org.junit.runners.ParentRunner$4.run(ParentRunner.java:331)
	at org.junit.runners.ParentRunner$1.schedule(ParentRunner.java:79)
	at org.junit.runners.ParentRunner.runChildren(ParentRunner.java:329)
	at org.junit.runners.ParentRunner.access$100(ParentRunner.java:66)
	at org.junit.runners.ParentRunner$2.evaluate(ParentRunner.java:293)
	at org.junit.runners.ParentRunner$3.evaluate(ParentRunner.java:306)
	at org.junit.runners.ParentRunner.run(ParentRunner.java:413)
	at org.apache.maven.surefire.junit4.JUnit4Provider.execute(JUnit4Provider.java:316)
	at org.apache.maven.surefire.junit4.JUnit4Provider.executeWithRerun(JUnit4Provider.java:240)
	at org.apache.maven.surefire.junit4.JUnit4Provider.executeTestSet(JUnit4Provider.java:214)
	at org.apache.maven.surefire.junit4.JUnit4Provider.invoke(JUnit4Provider.java:155)
	at org.apache.maven.surefire.booter.ForkedBooter.runSuitesInProcess(ForkedBooter.java:385)
	at org.apache.maven.surefire.booter.ForkedBooter.execute(ForkedBooter.java:162)
	at org.apache.maven.surefire.booter.ForkedBooter.run(ForkedBooter.java:507)
	at org.apache.maven.surefire.booter.ForkedBooter.main(ForkedBooter.java:495)

[ERROR] net.zerocloud.pdf.consumer.TablePaginationWorkflowTest.disablingRowSplittingMovesAnIntactRowAndRejectsAnImpossibleRow[IN_PROCESS] -- Time elapsed: 0.007 s <<< ERROR!
net.zerocloud.pdf.DocumentFailure: The text and logical-structure extraction limit was exceeded.
	at net.zerocloud.pdf.PdfBoxWorkflowEngine.failure(PdfBoxWorkflowEngine.java:292)
	at net.zerocloud.pdf.PdfBoxWorkflowEngine.executeWithDocument(PdfBoxWorkflowEngine.java:350)
	at net.zerocloud.pdf.PdfBoxWorkflowEngine.executeChecked(PdfBoxWorkflowEngine.java:238)
	at net.zerocloud.pdf.PdfBoxWorkflowEngine.execute(PdfBoxWorkflowEngine.java:41)
	at net.zerocloud.pdf.DocumentWorkflow.executeOnce(DocumentWorkflow.java:184)
	at net.zerocloud.pdf.DocumentWorkflow.execute(DocumentWorkflow.java:103)
	at net.zerocloud.pdf.DocumentWorkflow.execute(DocumentWorkflow.java:64)
	at net.zerocloud.pdf.consumer.TablePaginationWorkflowTest.read(TablePaginationWorkflowTest.java:365)
	at net.zerocloud.pdf.consumer.TablePaginationWorkflowTest.disablingRowSplittingMovesAnIntactRowAndRejectsAnImpossibleRow(TablePaginationWorkflowTest.java:327)
	at java.base/jdk.internal.reflect.NativeMethodAccessorImpl.invoke0(Native Method)
	at java.base/jdk.internal.reflect.NativeMethodAccessorImpl.invoke(NativeMethodAccessorImpl.java:77)
	at java.base/jdk.internal.reflect.DelegatingMethodAccessorImpl.invoke(DelegatingMethodAccessorImpl.java:43)
	at java.base/java.lang.reflect.Method.invoke(Method.java:568)
	at org.junit.runners.model.FrameworkMethod$1.runReflectiveCall(FrameworkMethod.java:59)
	at org.junit.internal.runners.model.ReflectiveCallable.run(ReflectiveCallable.java:12)
	at org.junit.runners.model.FrameworkMethod.invokeExplosively(FrameworkMethod.java:56)
	at org.junit.internal.runners.statements.InvokeMethod.evaluate(InvokeMethod.java:17)
	at org.junit.rules.ExternalResource$1.evaluate(ExternalResource.java:54)
	at org.junit.runners.ParentRunner$3.evaluate(ParentRunner.java:306)
	at org.junit.runners.BlockJUnit4ClassRunner$1.evaluate(BlockJUnit4ClassRunner.java:100)
	at org.junit.runners.ParentRunner.runLeaf(ParentRunner.java:366)
	at org.junit.runners.BlockJUnit4ClassRunner.runChild(BlockJUnit4ClassRunner.java:103)
	at org.junit.runners.BlockJUnit4ClassRunner.runChild(BlockJUnit4ClassRunner.java:63)
	at org.junit.runners.ParentRunner$4.run(ParentRunner.java:331)
	at org.junit.runners.ParentRunner$1.schedule(ParentRunner.java:79)
	at org.junit.runners.ParentRunner.runChildren(ParentRunner.java:329)
	at org.junit.runners.ParentRunner.access$100(ParentRunner.java:66)
	at org.junit.runners.ParentRunner$2.evaluate(ParentRunner.java:293)
	at org.junit.runners.ParentRunner.run(ParentRunner.java:413)
	at org.junit.runners.Suite.runChild(Suite.java:128)
	at org.junit.runners.Suite.runChild(Suite.java:27)
	at org.junit.runners.ParentRunner$4.run(ParentRunner.java:331)
	at org.junit.runners.ParentRunner$1.schedule(ParentRunner.java:79)
	at org.junit.runners.ParentRunner.runChildren(ParentRunner.java:329)
	at org.junit.runners.ParentRunner.access$100(ParentRunner.java:66)
	at org.junit.runners.ParentRunner$2.evaluate(ParentRunner.java:293)
	at org.junit.runners.ParentRunner$3.evaluate(ParentRunner.java:306)
	at org.junit.runners.ParentRunner.run(ParentRunner.java:413)
	at org.apache.maven.surefire.junit4.JUnit4Provider.execute(JUnit4Provider.java:316)
	at org.apache.maven.surefire.junit4.JUnit4Provider.executeWithRerun(JUnit4Provider.java:240)
	at org.apache.maven.surefire.junit4.JUnit4Provider.executeTestSet(JUnit4Provider.java:214)
	at org.apache.maven.surefire.junit4.JUnit4Provider.invoke(JUnit4Provider.java:155)
	at org.apache.maven.surefire.booter.ForkedBooter.runSuitesInProcess(ForkedBooter.java:385)
	at org.apache.maven.surefire.booter.ForkedBooter.execute(ForkedBooter.java:162)
	at org.apache.maven.surefire.booter.ForkedBooter.run(ForkedBooter.java:507)
	at org.apache.maven.surefire.booter.ForkedBooter.main(ForkedBooter.java:495)

[ERROR] net.zerocloud.pdf.consumer.TablePaginationWorkflowTest.laterMutationAndPublicationSealBufferedTableRelayout[IN_PROCESS] -- Time elapsed: 0.006 s <<< ERROR!
net.zerocloud.pdf.DocumentFailure: The text and logical-structure extraction limit was exceeded.
	at net.zerocloud.pdf.PdfBoxWorkflowEngine.failure(PdfBoxWorkflowEngine.java:292)
	at net.zerocloud.pdf.PdfBoxWorkflowEngine.executeWithDocument(PdfBoxWorkflowEngine.java:350)
	at net.zerocloud.pdf.PdfBoxWorkflowEngine.executeChecked(PdfBoxWorkflowEngine.java:238)
	at net.zerocloud.pdf.PdfBoxWorkflowEngine.execute(PdfBoxWorkflowEngine.java:41)
	at net.zerocloud.pdf.DocumentWorkflow.executeOnce(DocumentWorkflow.java:184)
	at net.zerocloud.pdf.DocumentWorkflow.execute(DocumentWorkflow.java:103)
	at net.zerocloud.pdf.DocumentWorkflow.execute(DocumentWorkflow.java:64)
	at net.zerocloud.pdf.consumer.TablePaginationWorkflowTest.read(TablePaginationWorkflowTest.java:365)
	at net.zerocloud.pdf.consumer.TablePaginationWorkflowTest.laterMutationAndPublicationSealBufferedTableRelayout(TablePaginationWorkflowTest.java:285)
	at java.base/jdk.internal.reflect.NativeMethodAccessorImpl.invoke0(Native Method)
	at java.base/jdk.internal.reflect.NativeMethodAccessorImpl.invoke(NativeMethodAccessorImpl.java:77)
	at java.base/jdk.internal.reflect.DelegatingMethodAccessorImpl.invoke(DelegatingMethodAccessorImpl.java:43)
	at java.base/java.lang.reflect.Method.invoke(Method.java:568)
	at org.junit.runners.model.FrameworkMethod$1.runReflectiveCall(FrameworkMethod.java:59)
	at org.junit.internal.runners.model.ReflectiveCallable.run(ReflectiveCallable.java:12)
	at org.junit.runners.model.FrameworkMethod.invokeExplosively(FrameworkMethod.java:56)
	at org.junit.internal.runners.statements.InvokeMethod.evaluate(InvokeMethod.java:17)
	at org.junit.rules.ExternalResource$1.evaluate(ExternalResource.java:54)
	at org.junit.runners.ParentRunner$3.evaluate(ParentRunner.java:306)
	at org.junit.runners.BlockJUnit4ClassRunner$1.evaluate(BlockJUnit4ClassRunner.java:100)
	at org.junit.runners.ParentRunner.runLeaf(ParentRunner.java:366)
	at org.junit.runners.BlockJUnit4ClassRunner.runChild(BlockJUnit4ClassRunner.java:103)
	at org.junit.runners.BlockJUnit4ClassRunner.runChild(BlockJUnit4ClassRunner.java:63)
	at org.junit.runners.ParentRunner$4.run(ParentRunner.java:331)
	at org.junit.runners.ParentRunner$1.schedule(ParentRunner.java:79)
	at org.junit.runners.ParentRunner.runChildren(ParentRunner.java:329)
	at org.junit.runners.ParentRunner.access$100(ParentRunner.java:66)
	at org.junit.runners.ParentRunner$2.evaluate(ParentRunner.java:293)
	at org.junit.runners.ParentRunner.run(ParentRunner.java:413)
	at org.junit.runners.Suite.runChild(Suite.java:128)
	at org.junit.runners.Suite.runChild(Suite.java:27)
	at org.junit.runners.ParentRunner$4.run(ParentRunner.java:331)
	at org.junit.runners.ParentRunner$1.schedule(ParentRunner.java:79)
	at org.junit.runners.ParentRunner.runChildren(ParentRunner.java:329)
	at org.junit.runners.ParentRunner.access$100(ParentRunner.java:66)
	at org.junit.runners.ParentRunner$2.evaluate(ParentRunner.java:293)
	at org.junit.runners.ParentRunner$3.evaluate(ParentRunner.java:306)
	at org.junit.runners.ParentRunner.run(ParentRunner.java:413)
	at org.apache.maven.surefire.junit4.JUnit4Provider.execute(JUnit4Provider.java:316)
	at org.apache.maven.surefire.junit4.JUnit4Provider.executeWithRerun(JUnit4Provider.java:240)
	at org.apache.maven.surefire.junit4.JUnit4Provider.executeTestSet(JUnit4Provider.java:214)
	at org.apache.maven.surefire.junit4.JUnit4Provider.invoke(JUnit4Provider.java:155)
	at org.apache.maven.surefire.booter.ForkedBooter.runSuitesInProcess(ForkedBooter.java:385)
	at org.apache.maven.surefire.booter.ForkedBooter.execute(ForkedBooter.java:162)
	at org.apache.maven.surefire.booter.ForkedBooter.run(ForkedBooter.java:507)
	at org.apache.maven.surefire.booter.ForkedBooter.main(ForkedBooter.java:495)

[ERROR] net.zerocloud.pdf.consumer.TablePaginationWorkflowTest.bufferedTableRelayoutIsAtomicAndFlushSealsItsLastSuccessfulPages[IN_PROCESS] -- Time elapsed: 0.006 s <<< ERROR!
net.zerocloud.pdf.DocumentFailure: The text and logical-structure extraction limit was exceeded.
	at net.zerocloud.pdf.PdfBoxWorkflowEngine.failure(PdfBoxWorkflowEngine.java:292)
	at net.zerocloud.pdf.PdfBoxWorkflowEngine.executeWithDocument(PdfBoxWorkflowEngine.java:350)
	at net.zerocloud.pdf.PdfBoxWorkflowEngine.executeChecked(PdfBoxWorkflowEngine.java:238)
	at net.zerocloud.pdf.PdfBoxWorkflowEngine.execute(PdfBoxWorkflowEngine.java:41)
	at net.zerocloud.pdf.DocumentWorkflow.executeOnce(DocumentWorkflow.java:184)
	at net.zerocloud.pdf.DocumentWorkflow.execute(DocumentWorkflow.java:103)
	at net.zerocloud.pdf.DocumentWorkflow.execute(DocumentWorkflow.java:64)
	at net.zerocloud.pdf.consumer.TablePaginationWorkflowTest.bufferedTableRelayoutIsAtomicAndFlushSealsItsLastSuccessfulPages(TablePaginationWorkflowTest.java:219)
	at java.base/jdk.internal.reflect.NativeMethodAccessorImpl.invoke0(Native Method)
	at java.base/jdk.internal.reflect.NativeMethodAccessorImpl.invoke(NativeMethodAccessorImpl.java:77)
	at java.base/jdk.internal.reflect.DelegatingMethodAccessorImpl.invoke(DelegatingMethodAccessorImpl.java:43)
	at java.base/java.lang.reflect.Method.invoke(Method.java:568)
	at org.junit.runners.model.FrameworkMethod$1.runReflectiveCall(FrameworkMethod.java:59)
	at org.junit.internal.runners.model.ReflectiveCallable.run(ReflectiveCallable.java:12)
	at org.junit.runners.model.FrameworkMethod.invokeExplosively(FrameworkMethod.java:56)
	at org.junit.internal.runners.statements.InvokeMethod.evaluate(InvokeMethod.java:17)
	at org.junit.rules.ExternalResource$1.evaluate(ExternalResource.java:54)
	at org.junit.runners.ParentRunner$3.evaluate(ParentRunner.java:306)
	at org.junit.runners.BlockJUnit4ClassRunner$1.evaluate(BlockJUnit4ClassRunner.java:100)
	at org.junit.runners.ParentRunner.runLeaf(ParentRunner.java:366)
	at org.junit.runners.BlockJUnit4ClassRunner.runChild(BlockJUnit4ClassRunner.java:103)
	at org.junit.runners.BlockJUnit4ClassRunner.runChild(BlockJUnit4ClassRunner.java:63)
	at org.junit.runners.ParentRunner$4.run(ParentRunner.java:331)
	at org.junit.runners.ParentRunner$1.schedule(ParentRunner.java:79)
	at org.junit.runners.ParentRunner.runChildren(ParentRunner.java:329)
	at org.junit.runners.ParentRunner.access$100(ParentRunner.java:66)
	at org.junit.runners.ParentRunner$2.evaluate(ParentRunner.java:293)
	at org.junit.runners.ParentRunner.run(ParentRunner.java:413)
	at org.junit.runners.Suite.runChild(Suite.java:128)
	at org.junit.runners.Suite.runChild(Suite.java:27)
	at org.junit.runners.ParentRunner$4.run(ParentRunner.java:331)
	at org.junit.runners.ParentRunner$1.schedule(ParentRunner.java:79)
	at org.junit.runners.ParentRunner.runChildren(ParentRunner.java:329)
	at org.junit.runners.ParentRunner.access$100(ParentRunner.java:66)
	at org.junit.runners.ParentRunner$2.evaluate(ParentRunner.java:293)
	at org.junit.runners.ParentRunner$3.evaluate(ParentRunner.java:306)
	at org.junit.runners.ParentRunner.run(ParentRunner.java:413)
	at org.apache.maven.surefire.junit4.JUnit4Provider.execute(JUnit4Provider.java:316)
	at org.apache.maven.surefire.junit4.JUnit4Provider.executeWithRerun(JUnit4Provider.java:240)
	at org.apache.maven.surefire.junit4.JUnit4Provider.executeTestSet(JUnit4Provider.java:214)
	at org.apache.maven.surefire.junit4.JUnit4Provider.invoke(JUnit4Provider.java:155)
	at org.apache.maven.surefire.booter.ForkedBooter.runSuitesInProcess(ForkedBooter.java:385)
	at org.apache.maven.surefire.booter.ForkedBooter.execute(ForkedBooter.java:162)
	at org.apache.maven.surefire.booter.ForkedBooter.run(ForkedBooter.java:507)
	at org.apache.maven.surefire.booter.ForkedBooter.main(ForkedBooter.java:495)

[ERROR] net.zerocloud.pdf.consumer.TablePaginationWorkflowTest.paginatedWorkAndOutputBudgetsAdmitExactCountsAndRejectTheirFirstExcess[IN_PROCESS] -- Time elapsed: 0.006 s <<< ERROR!
net.zerocloud.pdf.DocumentFailure: The text and logical-structure extraction limit was exceeded.
	at net.zerocloud.pdf.PdfBoxWorkflowEngine.failure(PdfBoxWorkflowEngine.java:292)
	at net.zerocloud.pdf.PdfBoxWorkflowEngine.executeWithDocument(PdfBoxWorkflowEngine.java:350)
	at net.zerocloud.pdf.PdfBoxWorkflowEngine.executeChecked(PdfBoxWorkflowEngine.java:238)
	at net.zerocloud.pdf.PdfBoxWorkflowEngine.execute(PdfBoxWorkflowEngine.java:41)
	at net.zerocloud.pdf.DocumentWorkflow.executeOnce(DocumentWorkflow.java:184)
	at net.zerocloud.pdf.DocumentWorkflow.execute(DocumentWorkflow.java:103)
	at net.zerocloud.pdf.DocumentWorkflow.execute(DocumentWorkflow.java:64)
	at net.zerocloud.pdf.consumer.TablePaginationWorkflowTest.read(TablePaginationWorkflowTest.java:365)
	at net.zerocloud.pdf.consumer.TablePaginationWorkflowTest.paginatedWorkAndOutputBudgetsAdmitExactCountsAndRejectTheirFirstExcess(TablePaginationWorkflowTest.java:344)
	at java.base/jdk.internal.reflect.NativeMethodAccessorImpl.invoke0(Native Method)
	at java.base/jdk.internal.reflect.NativeMethodAccessorImpl.invoke(NativeMethodAccessorImpl.java:77)
	at java.base/jdk.internal.reflect.DelegatingMethodAccessorImpl.invoke(DelegatingMethodAccessorImpl.java:43)
	at java.base/java.lang.reflect.Method.invoke(Method.java:568)
	at org.junit.runners.model.FrameworkMethod$1.runReflectiveCall(FrameworkMethod.java:59)
	at org.junit.internal.runners.model.ReflectiveCallable.run(ReflectiveCallable.java:12)
	at org.junit.runners.model.FrameworkMethod.invokeExplosively(FrameworkMethod.java:56)
	at org.junit.internal.runners.statements.InvokeMethod.evaluate(InvokeMethod.java:17)
	at org.junit.rules.ExternalResource$1.evaluate(ExternalResource.java:54)
	at org.junit.runners.ParentRunner$3.evaluate(ParentRunner.java:306)
	at org.junit.runners.BlockJUnit4ClassRunner$1.evaluate(BlockJUnit4ClassRunner.java:100)
	at org.junit.runners.ParentRunner.runLeaf(ParentRunner.java:366)
	at org.junit.runners.BlockJUnit4ClassRunner.runChild(BlockJUnit4ClassRunner.java:103)
	at org.junit.runners.BlockJUnit4ClassRunner.runChild(BlockJUnit4ClassRunner.java:63)
	at org.junit.runners.ParentRunner$4.run(ParentRunner.java:331)
	at org.junit.runners.ParentRunner$1.schedule(ParentRunner.java:79)
	at org.junit.runners.ParentRunner.runChildren(ParentRunner.java:329)
	at org.junit.runners.ParentRunner.access$100(ParentRunner.java:66)
	at org.junit.runners.ParentRunner$2.evaluate(ParentRunner.java:293)
	at org.junit.runners.ParentRunner.run(ParentRunner.java:413)
	at org.junit.runners.Suite.runChild(Suite.java:128)
	at org.junit.runners.Suite.runChild(Suite.java:27)
	at org.junit.runners.ParentRunner$4.run(ParentRunner.java:331)
	at org.junit.runners.ParentRunner$1.schedule(ParentRunner.java:79)
	at org.junit.runners.ParentRunner.runChildren(ParentRunner.java:329)
	at org.junit.runners.ParentRunner.access$100(ParentRunner.java:66)
	at org.junit.runners.ParentRunner$2.evaluate(ParentRunner.java:293)
	at org.junit.runners.ParentRunner$3.evaluate(ParentRunner.java:306)
	at org.junit.runners.ParentRunner.run(ParentRunner.java:413)
	at org.apache.maven.surefire.junit4.JUnit4Provider.execute(JUnit4Provider.java:316)
	at org.apache.maven.surefire.junit4.JUnit4Provider.executeWithRerun(JUnit4Provider.java:240)
	at org.apache.maven.surefire.junit4.JUnit4Provider.executeTestSet(JUnit4Provider.java:214)
	at org.apache.maven.surefire.junit4.JUnit4Provider.invoke(JUnit4Provider.java:155)
	at org.apache.maven.surefire.booter.ForkedBooter.runSuitesInProcess(ForkedBooter.java:385)
	at org.apache.maven.surefire.booter.ForkedBooter.execute(ForkedBooter.java:162)
	at org.apache.maven.surefire.booter.ForkedBooter.run(ForkedBooter.java:507)
	at org.apache.maven.surefire.booter.ForkedBooter.main(ForkedBooter.java:495)

[ERROR] net.zerocloud.pdf.consumer.TablePaginationWorkflowTest.aRowFragmentFillsTheSpaceAfterEarlierCompleteRows[IN_PROCESS] -- Time elapsed: 0.009 s <<< ERROR!
net.zerocloud.pdf.DocumentFailure: The text and logical-structure extraction limit was exceeded.
	at net.zerocloud.pdf.PdfBoxWorkflowEngine.failure(PdfBoxWorkflowEngine.java:292)
	at net.zerocloud.pdf.PdfBoxWorkflowEngine.executeWithDocument(PdfBoxWorkflowEngine.java:350)
	at net.zerocloud.pdf.PdfBoxWorkflowEngine.executeChecked(PdfBoxWorkflowEngine.java:238)
	at net.zerocloud.pdf.PdfBoxWorkflowEngine.execute(PdfBoxWorkflowEngine.java:41)
	at net.zerocloud.pdf.DocumentWorkflow.executeOnce(DocumentWorkflow.java:184)
	at net.zerocloud.pdf.DocumentWorkflow.execute(DocumentWorkflow.java:103)
	at net.zerocloud.pdf.DocumentWorkflow.execute(DocumentWorkflow.java:64)
	at net.zerocloud.pdf.consumer.TablePaginationWorkflowTest.read(TablePaginationWorkflowTest.java:365)
	at net.zerocloud.pdf.consumer.TablePaginationWorkflowTest.aRowFragmentFillsTheSpaceAfterEarlierCompleteRows(TablePaginationWorkflowTest.java:314)
	at java.base/jdk.internal.reflect.NativeMethodAccessorImpl.invoke0(Native Method)
	at java.base/jdk.internal.reflect.NativeMethodAccessorImpl.invoke(NativeMethodAccessorImpl.java:77)
	at java.base/jdk.internal.reflect.DelegatingMethodAccessorImpl.invoke(DelegatingMethodAccessorImpl.java:43)
	at java.base/java.lang.reflect.Method.invoke(Method.java:568)
	at org.junit.runners.model.FrameworkMethod$1.runReflectiveCall(FrameworkMethod.java:59)
	at org.junit.internal.runners.model.ReflectiveCallable.run(ReflectiveCallable.java:12)
	at org.junit.runners.model.FrameworkMethod.invokeExplosively(FrameworkMethod.java:56)
	at org.junit.internal.runners.statements.InvokeMethod.evaluate(InvokeMethod.java:17)
	at org.junit.rules.ExternalResource$1.evaluate(ExternalResource.java:54)
	at org.junit.runners.ParentRunner$3.evaluate(ParentRunner.java:306)
	at org.junit.runners.BlockJUnit4ClassRunner$1.evaluate(BlockJUnit4ClassRunner.java:100)
	at org.junit.runners.ParentRunner.runLeaf(ParentRunner.java:366)
	at org.junit.runners.BlockJUnit4ClassRunner.runChild(BlockJUnit4ClassRunner.java:103)
	at org.junit.runners.BlockJUnit4ClassRunner.runChild(BlockJUnit4ClassRunner.java:63)
	at org.junit.runners.ParentRunner$4.run(ParentRunner.java:331)
	at org.junit.runners.ParentRunner$1.schedule(ParentRunner.java:79)
	at org.junit.runners.ParentRunner.runChildren(ParentRunner.java:329)
	at org.junit.runners.ParentRunner.access$100(ParentRunner.java:66)
	at org.junit.runners.ParentRunner$2.evaluate(ParentRunner.java:293)
	at org.junit.runners.ParentRunner.run(ParentRunner.java:413)
	at org.junit.runners.Suite.runChild(Suite.java:128)
	at org.junit.runners.Suite.runChild(Suite.java:27)
	at org.junit.runners.ParentRunner$4.run(ParentRunner.java:331)
	at org.junit.runners.ParentRunner$1.schedule(ParentRunner.java:79)
	at org.junit.runners.ParentRunner.runChildren(ParentRunner.java:329)
	at org.junit.runners.ParentRunner.access$100(ParentRunner.java:66)
	at org.junit.runners.ParentRunner$2.evaluate(ParentRunner.java:293)
	at org.junit.runners.ParentRunner$3.evaluate(ParentRunner.java:306)
	at org.junit.runners.ParentRunner.run(ParentRunner.java:413)
	at org.apache.maven.surefire.junit4.JUnit4Provider.execute(JUnit4Provider.java:316)
	at org.apache.maven.surefire.junit4.JUnit4Provider.executeWithRerun(JUnit4Provider.java:240)
	at org.apache.maven.surefire.junit4.JUnit4Provider.executeTestSet(JUnit4Provider.java:214)
	at org.apache.maven.surefire.junit4.JUnit4Provider.invoke(JUnit4Provider.java:155)
	at org.apache.maven.surefire.booter.ForkedBooter.runSuitesInProcess(ForkedBooter.java:385)
	at org.apache.maven.surefire.booter.ForkedBooter.execute(ForkedBooter.java:162)
	at org.apache.maven.surefire.booter.ForkedBooter.run(ForkedBooter.java:507)
	at org.apache.maven.surefire.booter.ForkedBooter.main(ForkedBooter.java:495)

[ERROR] net.zerocloud.pdf.consumer.TablePaginationWorkflowTest.cellOverflowWrapsRejectsOrPreservesTheEntireVisibleWord[HARDENED_WORKER] -- Time elapsed: 1.262 s <<< ERROR!
net.zerocloud.pdf.DocumentFailure: The text and logical-structure extraction limit was exceeded.
	at net.zerocloud.pdf.HardenedWorkerEngine.execute(HardenedWorkerEngine.java:247)
	at net.zerocloud.pdf.DocumentWorkflow.executeOnce(DocumentWorkflow.java:177)
	at net.zerocloud.pdf.DocumentWorkflow.execute(DocumentWorkflow.java:103)
	at net.zerocloud.pdf.DocumentWorkflow.execute(DocumentWorkflow.java:64)
	at net.zerocloud.pdf.consumer.TablePaginationWorkflowTest.read(TablePaginationWorkflowTest.java:365)
	at net.zerocloud.pdf.consumer.TablePaginationWorkflowTest.cellOverflowWrapsRejectsOrPreservesTheEntireVisibleWord(TablePaginationWorkflowTest.java:299)
	at java.base/jdk.internal.reflect.NativeMethodAccessorImpl.invoke0(Native Method)
	at java.base/jdk.internal.reflect.NativeMethodAccessorImpl.invoke(NativeMethodAccessorImpl.java:77)
	at java.base/jdk.internal.reflect.DelegatingMethodAccessorImpl.invoke(DelegatingMethodAccessorImpl.java:43)
	at java.base/java.lang.reflect.Method.invoke(Method.java:568)
	at org.junit.runners.model.FrameworkMethod$1.runReflectiveCall(FrameworkMethod.java:59)
	at org.junit.internal.runners.model.ReflectiveCallable.run(ReflectiveCallable.java:12)
	at org.junit.runners.model.FrameworkMethod.invokeExplosively(FrameworkMethod.java:56)
	at org.junit.internal.runners.statements.InvokeMethod.evaluate(InvokeMethod.java:17)
	at org.junit.rules.ExternalResource$1.evaluate(ExternalResource.java:54)
	at org.junit.runners.ParentRunner$3.evaluate(ParentRunner.java:306)
	at org.junit.runners.BlockJUnit4ClassRunner$1.evaluate(BlockJUnit4ClassRunner.java:100)
	at org.junit.runners.ParentRunner.runLeaf(ParentRunner.java:366)
	at org.junit.runners.BlockJUnit4ClassRunner.runChild(BlockJUnit4ClassRunner.java:103)
	at org.junit.runners.BlockJUnit4ClassRunner.runChild(BlockJUnit4ClassRunner.java:63)
	at org.junit.runners.ParentRunner$4.run(ParentRunner.java:331)
	at org.junit.runners.ParentRunner$1.schedule(ParentRunner.java:79)
	at org.junit.runners.ParentRunner.runChildren(ParentRunner.java:329)
	at org.junit.runners.ParentRunner.access$100(ParentRunner.java:66)
	at org.junit.runners.ParentRunner$2.evaluate(ParentRunner.java:293)
	at org.junit.runners.ParentRunner.run(ParentRunner.java:413)
	at org.junit.runners.Suite.runChild(Suite.java:128)
	at org.junit.runners.Suite.runChild(Suite.java:27)
	at org.junit.runners.ParentRunner$4.run(ParentRunner.java:331)
	at org.junit.runners.ParentRunner$1.schedule(ParentRunner.java:79)
	at org.junit.runners.ParentRunner.runChildren(ParentRunner.java:329)
	at org.junit.runners.ParentRunner.access$100(ParentRunner.java:66)
	at org.junit.runners.ParentRunner$2.evaluate(ParentRunner.java:293)
	at org.junit.runners.ParentRunner$3.evaluate(ParentRunner.java:306)
	at org.junit.runners.ParentRunner.run(ParentRunner.java:413)
	at org.apache.maven.surefire.junit4.JUnit4Provider.execute(JUnit4Provider.java:316)
	at org.apache.maven.surefire.junit4.JUnit4Provider.executeWithRerun(JUnit4Provider.java:240)
	at org.apache.maven.surefire.junit4.JUnit4Provider.executeTestSet(JUnit4Provider.java:214)
	at org.apache.maven.surefire.junit4.JUnit4Provider.invoke(JUnit4Provider.java:155)
	at org.apache.maven.surefire.booter.ForkedBooter.runSuitesInProcess(ForkedBooter.java:385)
	at org.apache.maven.surefire.booter.ForkedBooter.execute(ForkedBooter.java:162)
	at org.apache.maven.surefire.booter.ForkedBooter.run(ForkedBooter.java:507)
	at org.apache.maven.surefire.booter.ForkedBooter.main(ForkedBooter.java:495)

[ERROR] net.zerocloud.pdf.consumer.TablePaginationWorkflowTest.rowAndColumnSpansContinueWithIndependentFragmentBordersAndReadingOrder[HARDENED_WORKER] -- Time elapsed: 1.440 s <<< ERROR!
net.zerocloud.pdf.DocumentFailure: The text and logical-structure extraction limit was exceeded.
	at net.zerocloud.pdf.HardenedWorkerEngine.execute(HardenedWorkerEngine.java:247)
	at net.zerocloud.pdf.DocumentWorkflow.executeOnce(DocumentWorkflow.java:177)
	at net.zerocloud.pdf.DocumentWorkflow.execute(DocumentWorkflow.java:103)
	at net.zerocloud.pdf.DocumentWorkflow.execute(DocumentWorkflow.java:64)
	at net.zerocloud.pdf.consumer.TablePaginationWorkflowTest.read(TablePaginationWorkflowTest.java:365)
	at net.zerocloud.pdf.consumer.TablePaginationWorkflowTest.rowAndColumnSpansContinueWithIndependentFragmentBordersAndReadingOrder(TablePaginationWorkflowTest.java:130)
	at java.base/jdk.internal.reflect.NativeMethodAccessorImpl.invoke0(Native Method)
	at java.base/jdk.internal.reflect.NativeMethodAccessorImpl.invoke(NativeMethodAccessorImpl.java:77)
	at java.base/jdk.internal.reflect.DelegatingMethodAccessorImpl.invoke(DelegatingMethodAccessorImpl.java:43)
	at java.base/java.lang.reflect.Method.invoke(Method.java:568)
	at org.junit.runners.model.FrameworkMethod$1.runReflectiveCall(FrameworkMethod.java:59)
	at org.junit.internal.runners.model.ReflectiveCallable.run(ReflectiveCallable.java:12)
	at org.junit.runners.model.FrameworkMethod.invokeExplosively(FrameworkMethod.java:56)
	at org.junit.internal.runners.statements.InvokeMethod.evaluate(InvokeMethod.java:17)
	at org.junit.rules.ExternalResource$1.evaluate(ExternalResource.java:54)
	at org.junit.runners.ParentRunner$3.evaluate(ParentRunner.java:306)
	at org.junit.runners.BlockJUnit4ClassRunner$1.evaluate(BlockJUnit4ClassRunner.java:100)
	at org.junit.runners.ParentRunner.runLeaf(ParentRunner.java:366)
	at org.junit.runners.BlockJUnit4ClassRunner.runChild(BlockJUnit4ClassRunner.java:103)
	at org.junit.runners.BlockJUnit4ClassRunner.runChild(BlockJUnit4ClassRunner.java:63)
	at org.junit.runners.ParentRunner$4.run(ParentRunner.java:331)
	at org.junit.runners.ParentRunner$1.schedule(ParentRunner.java:79)
	at org.junit.runners.ParentRunner.runChildren(ParentRunner.java:329)
	at org.junit.runners.ParentRunner.access$100(ParentRunner.java:66)
	at org.junit.runners.ParentRunner$2.evaluate(ParentRunner.java:293)
	at org.junit.runners.ParentRunner.run(ParentRunner.java:413)
	at org.junit.runners.Suite.runChild(Suite.java:128)
	at org.junit.runners.Suite.runChild(Suite.java:27)
	at org.junit.runners.ParentRunner$4.run(ParentRunner.java:331)
	at org.junit.runners.ParentRunner$1.schedule(ParentRunner.java:79)
	at org.junit.runners.ParentRunner.runChildren(ParentRunner.java:329)
	at org.junit.runners.ParentRunner.access$100(ParentRunner.java:66)
	at org.junit.runners.ParentRunner$2.evaluate(ParentRunner.java:293)
	at org.junit.runners.ParentRunner$3.evaluate(ParentRunner.java:306)
	at org.junit.runners.ParentRunner.run(ParentRunner.java:413)
	at org.apache.maven.surefire.junit4.JUnit4Provider.execute(JUnit4Provider.java:316)
	at org.apache.maven.surefire.junit4.JUnit4Provider.executeWithRerun(JUnit4Provider.java:240)
	at org.apache.maven.surefire.junit4.JUnit4Provider.executeTestSet(JUnit4Provider.java:214)
	at org.apache.maven.surefire.junit4.JUnit4Provider.invoke(JUnit4Provider.java:155)
	at org.apache.maven.surefire.booter.ForkedBooter.runSuitesInProcess(ForkedBooter.java:385)
	at org.apache.maven.surefire.booter.ForkedBooter.execute(ForkedBooter.java:162)
	at org.apache.maven.surefire.booter.ForkedBooter.run(ForkedBooter.java:507)
	at org.apache.maven.surefire.booter.ForkedBooter.main(ForkedBooter.java:495)

[ERROR] net.zerocloud.pdf.consumer.TablePaginationWorkflowTest.fixedAndAutomaticTablesFillOrderedAreasBeforeAdvancingToTheNextPage[HARDENED_WORKER] -- Time elapsed: 1.528 s <<< ERROR!
net.zerocloud.pdf.DocumentFailure: The text and logical-structure extraction limit was exceeded.
	at net.zerocloud.pdf.HardenedWorkerEngine.execute(HardenedWorkerEngine.java:247)
	at net.zerocloud.pdf.DocumentWorkflow.executeOnce(DocumentWorkflow.java:177)
	at net.zerocloud.pdf.DocumentWorkflow.execute(DocumentWorkflow.java:103)
	at net.zerocloud.pdf.DocumentWorkflow.execute(DocumentWorkflow.java:64)
	at net.zerocloud.pdf.consumer.TablePaginationWorkflowTest.read(TablePaginationWorkflowTest.java:365)
	at net.zerocloud.pdf.consumer.TablePaginationWorkflowTest.fixedAndAutomaticTablesFillOrderedAreasBeforeAdvancingToTheNextPage(TablePaginationWorkflowTest.java:92)
	at java.base/jdk.internal.reflect.NativeMethodAccessorImpl.invoke0(Native Method)
	at java.base/jdk.internal.reflect.NativeMethodAccessorImpl.invoke(NativeMethodAccessorImpl.java:77)
	at java.base/jdk.internal.reflect.DelegatingMethodAccessorImpl.invoke(DelegatingMethodAccessorImpl.java:43)
	at java.base/java.lang.reflect.Method.invoke(Method.java:568)
	at org.junit.runners.model.FrameworkMethod$1.runReflectiveCall(FrameworkMethod.java:59)
	at org.junit.internal.runners.model.ReflectiveCallable.run(ReflectiveCallable.java:12)
	at org.junit.runners.model.FrameworkMethod.invokeExplosively(FrameworkMethod.java:56)
	at org.junit.internal.runners.statements.InvokeMethod.evaluate(InvokeMethod.java:17)
	at org.junit.rules.ExternalResource$1.evaluate(ExternalResource.java:54)
	at org.junit.runners.ParentRunner$3.evaluate(ParentRunner.java:306)
	at org.junit.runners.BlockJUnit4ClassRunner$1.evaluate(BlockJUnit4ClassRunner.java:100)
	at org.junit.runners.ParentRunner.runLeaf(ParentRunner.java:366)
	at org.junit.runners.BlockJUnit4ClassRunner.runChild(BlockJUnit4ClassRunner.java:103)
	at org.junit.runners.BlockJUnit4ClassRunner.runChild(BlockJUnit4ClassRunner.java:63)
	at org.junit.runners.ParentRunner$4.run(ParentRunner.java:331)
	at org.junit.runners.ParentRunner$1.schedule(ParentRunner.java:79)
	at org.junit.runners.ParentRunner.runChildren(ParentRunner.java:329)
	at org.junit.runners.ParentRunner.access$100(ParentRunner.java:66)
	at org.junit.runners.ParentRunner$2.evaluate(ParentRunner.java:293)
	at org.junit.runners.ParentRunner.run(ParentRunner.java:413)
	at org.junit.runners.Suite.runChild(Suite.java:128)
	at org.junit.runners.Suite.runChild(Suite.java:27)
	at org.junit.runners.ParentRunner$4.run(ParentRunner.java:331)
	at org.junit.runners.ParentRunner$1.schedule(ParentRunner.java:79)
	at org.junit.runners.ParentRunner.runChildren(ParentRunner.java:329)
	at org.junit.runners.ParentRunner.access$100(ParentRunner.java:66)
	at org.junit.runners.ParentRunner$2.evaluate(ParentRunner.java:293)
	at org.junit.runners.ParentRunner$3.evaluate(ParentRunner.java:306)
	at org.junit.runners.ParentRunner.run(ParentRunner.java:413)
	at org.apache.maven.surefire.junit4.JUnit4Provider.execute(JUnit4Provider.java:316)
	at org.apache.maven.surefire.junit4.JUnit4Provider.executeWithRerun(JUnit4Provider.java:240)
	at org.apache.maven.surefire.junit4.JUnit4Provider.executeTestSet(JUnit4Provider.java:214)
	at org.apache.maven.surefire.junit4.JUnit4Provider.invoke(JUnit4Provider.java:155)
	at org.apache.maven.surefire.booter.ForkedBooter.runSuitesInProcess(ForkedBooter.java:385)
	at org.apache.maven.surefire.booter.ForkedBooter.execute(ForkedBooter.java:162)
	at org.apache.maven.surefire.booter.ForkedBooter.run(ForkedBooter.java:507)
	at org.apache.maven.surefire.booter.ForkedBooter.main(ForkedBooter.java:495)

[ERROR] net.zerocloud.pdf.consumer.TablePaginationWorkflowTest.repeatedHeadersAndFootersReserveSpaceAndFinalOmissionUsesTheFreedSpace[HARDENED_WORKER] -- Time elapsed: 1.473 s <<< ERROR!
net.zerocloud.pdf.DocumentFailure: The text and logical-structure extraction limit was exceeded.
	at net.zerocloud.pdf.HardenedWorkerEngine.execute(HardenedWorkerEngine.java:247)
	at net.zerocloud.pdf.DocumentWorkflow.executeOnce(DocumentWorkflow.java:177)
	at net.zerocloud.pdf.DocumentWorkflow.execute(DocumentWorkflow.java:103)
	at net.zerocloud.pdf.DocumentWorkflow.execute(DocumentWorkflow.java:64)
	at net.zerocloud.pdf.consumer.TablePaginationWorkflowTest.read(TablePaginationWorkflowTest.java:365)
	at net.zerocloud.pdf.consumer.TablePaginationWorkflowTest.repeatedHeadersAndFootersReserveSpaceAndFinalOmissionUsesTheFreedSpace(TablePaginationWorkflowTest.java:195)
	at java.base/jdk.internal.reflect.NativeMethodAccessorImpl.invoke0(Native Method)
	at java.base/jdk.internal.reflect.NativeMethodAccessorImpl.invoke(NativeMethodAccessorImpl.java:77)
	at java.base/jdk.internal.reflect.DelegatingMethodAccessorImpl.invoke(DelegatingMethodAccessorImpl.java:43)
	at java.base/java.lang.reflect.Method.invoke(Method.java:568)
	at org.junit.runners.model.FrameworkMethod$1.runReflectiveCall(FrameworkMethod.java:59)
	at org.junit.internal.runners.model.ReflectiveCallable.run(ReflectiveCallable.java:12)
	at org.junit.runners.model.FrameworkMethod.invokeExplosively(FrameworkMethod.java:56)
	at org.junit.internal.runners.statements.InvokeMethod.evaluate(InvokeMethod.java:17)
	at org.junit.rules.ExternalResource$1.evaluate(ExternalResource.java:54)
	at org.junit.runners.ParentRunner$3.evaluate(ParentRunner.java:306)
	at org.junit.runners.BlockJUnit4ClassRunner$1.evaluate(BlockJUnit4ClassRunner.java:100)
	at org.junit.runners.ParentRunner.runLeaf(ParentRunner.java:366)
	at org.junit.runners.BlockJUnit4ClassRunner.runChild(BlockJUnit4ClassRunner.java:103)
	at org.junit.runners.BlockJUnit4ClassRunner.runChild(BlockJUnit4ClassRunner.java:63)
	at org.junit.runners.ParentRunner$4.run(ParentRunner.java:331)
	at org.junit.runners.ParentRunner$1.schedule(ParentRunner.java:79)
	at org.junit.runners.ParentRunner.runChildren(ParentRunner.java:329)
	at org.junit.runners.ParentRunner.access$100(ParentRunner.java:66)
	at org.junit.runners.ParentRunner$2.evaluate(ParentRunner.java:293)
	at org.junit.runners.ParentRunner.run(ParentRunner.java:413)
	at org.junit.runners.Suite.runChild(Suite.java:128)
	at org.junit.runners.Suite.runChild(Suite.java:27)
	at org.junit.runners.ParentRunner$4.run(ParentRunner.java:331)
	at org.junit.runners.ParentRunner$1.schedule(ParentRunner.java:79)
	at org.junit.runners.ParentRunner.runChildren(ParentRunner.java:329)
	at org.junit.runners.ParentRunner.access$100(ParentRunner.java:66)
	at org.junit.runners.ParentRunner$2.evaluate(ParentRunner.java:293)
	at org.junit.runners.ParentRunner$3.evaluate(ParentRunner.java:306)
	at org.junit.runners.ParentRunner.run(ParentRunner.java:413)
	at org.apache.maven.surefire.junit4.JUnit4Provider.execute(JUnit4Provider.java:316)
	at org.apache.maven.surefire.junit4.JUnit4Provider.executeWithRerun(JUnit4Provider.java:240)
	at org.apache.maven.surefire.junit4.JUnit4Provider.executeTestSet(JUnit4Provider.java:214)
	at org.apache.maven.surefire.junit4.JUnit4Provider.invoke(JUnit4Provider.java:155)
	at org.apache.maven.surefire.booter.ForkedBooter.runSuitesInProcess(ForkedBooter.java:385)
	at org.apache.maven.surefire.booter.ForkedBooter.execute(ForkedBooter.java:162)
	at org.apache.maven.surefire.booter.ForkedBooter.run(ForkedBooter.java:507)
	at org.apache.maven.surefire.booter.ForkedBooter.main(ForkedBooter.java:495)

[ERROR] net.zerocloud.pdf.consumer.TablePaginationWorkflowTest.anOversizedRowContinuesAtWholeLinesWithoutRepeatingOrDroppingText[HARDENED_WORKER] -- Time elapsed: 1.337 s <<< ERROR!
net.zerocloud.pdf.DocumentFailure: The text and logical-structure extraction limit was exceeded.
	at net.zerocloud.pdf.HardenedWorkerEngine.execute(HardenedWorkerEngine.java:247)
	at net.zerocloud.pdf.DocumentWorkflow.executeOnce(DocumentWorkflow.java:177)
	at net.zerocloud.pdf.DocumentWorkflow.execute(DocumentWorkflow.java:103)
	at net.zerocloud.pdf.DocumentWorkflow.execute(DocumentWorkflow.java:64)
	at net.zerocloud.pdf.consumer.TablePaginationWorkflowTest.read(TablePaginationWorkflowTest.java:365)
	at net.zerocloud.pdf.consumer.TablePaginationWorkflowTest.anOversizedRowContinuesAtWholeLinesWithoutRepeatingOrDroppingText(TablePaginationWorkflowTest.java:111)
	at java.base/jdk.internal.reflect.NativeMethodAccessorImpl.invoke0(Native Method)
	at java.base/jdk.internal.reflect.NativeMethodAccessorImpl.invoke(NativeMethodAccessorImpl.java:77)
	at java.base/jdk.internal.reflect.DelegatingMethodAccessorImpl.invoke(DelegatingMethodAccessorImpl.java:43)
	at java.base/java.lang.reflect.Method.invoke(Method.java:568)
	at org.junit.runners.model.FrameworkMethod$1.runReflectiveCall(FrameworkMethod.java:59)
	at org.junit.internal.runners.model.ReflectiveCallable.run(ReflectiveCallable.java:12)
	at org.junit.runners.model.FrameworkMethod.invokeExplosively(FrameworkMethod.java:56)
	at org.junit.internal.runners.statements.InvokeMethod.evaluate(InvokeMethod.java:17)
	at org.junit.rules.ExternalResource$1.evaluate(ExternalResource.java:54)
	at org.junit.runners.ParentRunner$3.evaluate(ParentRunner.java:306)
	at org.junit.runners.BlockJUnit4ClassRunner$1.evaluate(BlockJUnit4ClassRunner.java:100)
	at org.junit.runners.ParentRunner.runLeaf(ParentRunner.java:366)
	at org.junit.runners.BlockJUnit4ClassRunner.runChild(BlockJUnit4ClassRunner.java:103)
	at org.junit.runners.BlockJUnit4ClassRunner.runChild(BlockJUnit4ClassRunner.java:63)
	at org.junit.runners.ParentRunner$4.run(ParentRunner.java:331)
	at org.junit.runners.ParentRunner$1.schedule(ParentRunner.java:79)
	at org.junit.runners.ParentRunner.runChildren(ParentRunner.java:329)
	at org.junit.runners.ParentRunner.access$100(ParentRunner.java:66)
	at org.junit.runners.ParentRunner$2.evaluate(ParentRunner.java:293)
	at org.junit.runners.ParentRunner.run(ParentRunner.java:413)
	at org.junit.runners.Suite.runChild(Suite.java:128)
	at org.junit.runners.Suite.runChild(Suite.java:27)
	at org.junit.runners.ParentRunner$4.run(ParentRunner.java:331)
	at org.junit.runners.ParentRunner$1.schedule(ParentRunner.java:79)
	at org.junit.runners.ParentRunner.runChildren(ParentRunner.java:329)
	at org.junit.runners.ParentRunner.access$100(ParentRunner.java:66)
	at org.junit.runners.ParentRunner$2.evaluate(ParentRunner.java:293)
	at org.junit.runners.ParentRunner$3.evaluate(ParentRunner.java:306)
	at org.junit.runners.ParentRunner.run(ParentRunner.java:413)
	at org.apache.maven.surefire.junit4.JUnit4Provider.execute(JUnit4Provider.java:316)
	at org.apache.maven.surefire.junit4.JUnit4Provider.executeWithRerun(JUnit4Provider.java:240)
	at org.apache.maven.surefire.junit4.JUnit4Provider.executeTestSet(JUnit4Provider.java:214)
	at org.apache.maven.surefire.junit4.JUnit4Provider.invoke(JUnit4Provider.java:155)
	at org.apache.maven.surefire.booter.ForkedBooter.runSuitesInProcess(ForkedBooter.java:385)
	at org.apache.maven.surefire.booter.ForkedBooter.execute(ForkedBooter.java:162)
	at org.apache.maven.surefire.booter.ForkedBooter.run(ForkedBooter.java:507)
	at org.apache.maven.surefire.booter.ForkedBooter.main(ForkedBooter.java:495)

[ERROR] net.zerocloud.pdf.consumer.TablePaginationWorkflowTest.tableKeepsBacktrackToASmallerFragmentOrMoveTheCompleteTable[HARDENED_WORKER] -- Time elapsed: 1.361 s <<< ERROR!
net.zerocloud.pdf.DocumentFailure: The text and logical-structure extraction limit was exceeded.
	at net.zerocloud.pdf.HardenedWorkerEngine.execute(HardenedWorkerEngine.java:247)
	at net.zerocloud.pdf.DocumentWorkflow.executeOnce(DocumentWorkflow.java:177)
	at net.zerocloud.pdf.DocumentWorkflow.execute(DocumentWorkflow.java:103)
	at net.zerocloud.pdf.DocumentWorkflow.execute(DocumentWorkflow.java:64)
	at net.zerocloud.pdf.consumer.TablePaginationWorkflowTest.read(TablePaginationWorkflowTest.java:365)
	at net.zerocloud.pdf.consumer.TablePaginationWorkflowTest.tableKeepsBacktrackToASmallerFragmentOrMoveTheCompleteTable(TablePaginationWorkflowTest.java:149)
	at java.base/jdk.internal.reflect.NativeMethodAccessorImpl.invoke0(Native Method)
	at java.base/jdk.internal.reflect.NativeMethodAccessorImpl.invoke(NativeMethodAccessorImpl.java:77)
	at java.base/jdk.internal.reflect.DelegatingMethodAccessorImpl.invoke(DelegatingMethodAccessorImpl.java:43)
	at java.base/java.lang.reflect.Method.invoke(Method.java:568)
	at org.junit.runners.model.FrameworkMethod$1.runReflectiveCall(FrameworkMethod.java:59)
	at org.junit.internal.runners.model.ReflectiveCallable.run(ReflectiveCallable.java:12)
	at org.junit.runners.model.FrameworkMethod.invokeExplosively(FrameworkMethod.java:56)
	at org.junit.internal.runners.statements.InvokeMethod.evaluate(InvokeMethod.java:17)
	at org.junit.rules.ExternalResource$1.evaluate(ExternalResource.java:54)
	at org.junit.runners.ParentRunner$3.evaluate(ParentRunner.java:306)
	at org.junit.runners.BlockJUnit4ClassRunner$1.evaluate(BlockJUnit4ClassRunner.java:100)
	at org.junit.runners.ParentRunner.runLeaf(ParentRunner.java:366)
	at org.junit.runners.BlockJUnit4ClassRunner.runChild(BlockJUnit4ClassRunner.java:103)
	at org.junit.runners.BlockJUnit4ClassRunner.runChild(BlockJUnit4ClassRunner.java:63)
	at org.junit.runners.ParentRunner$4.run(ParentRunner.java:331)
	at org.junit.runners.ParentRunner$1.schedule(ParentRunner.java:79)
	at org.junit.runners.ParentRunner.runChildren(ParentRunner.java:329)
	at org.junit.runners.ParentRunner.access$100(ParentRunner.java:66)
	at org.junit.runners.ParentRunner$2.evaluate(ParentRunner.java:293)
	at org.junit.runners.ParentRunner.run(ParentRunner.java:413)
	at org.junit.runners.Suite.runChild(Suite.java:128)
	at org.junit.runners.Suite.runChild(Suite.java:27)
	at org.junit.runners.ParentRunner$4.run(ParentRunner.java:331)
	at org.junit.runners.ParentRunner$1.schedule(ParentRunner.java:79)
	at org.junit.runners.ParentRunner.runChildren(ParentRunner.java:329)
	at org.junit.runners.ParentRunner.access$100(ParentRunner.java:66)
	at org.junit.runners.ParentRunner$2.evaluate(ParentRunner.java:293)
	at org.junit.runners.ParentRunner$3.evaluate(ParentRunner.java:306)
	at org.junit.runners.ParentRunner.run(ParentRunner.java:413)
	at org.apache.maven.surefire.junit4.JUnit4Provider.execute(JUnit4Provider.java:316)
	at org.apache.maven.surefire.junit4.JUnit4Provider.executeWithRerun(JUnit4Provider.java:240)
	at org.apache.maven.surefire.junit4.JUnit4Provider.executeTestSet(JUnit4Provider.java:214)
	at org.apache.maven.surefire.junit4.JUnit4Provider.invoke(JUnit4Provider.java:155)
	at org.apache.maven.surefire.booter.ForkedBooter.runSuitesInProcess(ForkedBooter.java:385)
	at org.apache.maven.surefire.booter.ForkedBooter.execute(ForkedBooter.java:162)
	at org.apache.maven.surefire.booter.ForkedBooter.run(ForkedBooter.java:507)
	at org.apache.maven.surefire.booter.ForkedBooter.main(ForkedBooter.java:495)

[ERROR] net.zerocloud.pdf.consumer.TablePaginationWorkflowTest.aContinuedRowRewrapsItsRemainingTextAtTheNextAreasWidth[HARDENED_WORKER] -- Time elapsed: 1.297 s <<< ERROR!
net.zerocloud.pdf.DocumentFailure: The text and logical-structure extraction limit was exceeded.
	at net.zerocloud.pdf.HardenedWorkerEngine.execute(HardenedWorkerEngine.java:247)
	at net.zerocloud.pdf.DocumentWorkflow.executeOnce(DocumentWorkflow.java:177)
	at net.zerocloud.pdf.DocumentWorkflow.execute(DocumentWorkflow.java:103)
	at net.zerocloud.pdf.DocumentWorkflow.execute(DocumentWorkflow.java:64)
	at net.zerocloud.pdf.consumer.TablePaginationWorkflowTest.read(TablePaginationWorkflowTest.java:365)
	at net.zerocloud.pdf.consumer.TablePaginationWorkflowTest.aContinuedRowRewrapsItsRemainingTextAtTheNextAreasWidth(TablePaginationWorkflowTest.java:177)
	at java.base/jdk.internal.reflect.NativeMethodAccessorImpl.invoke0(Native Method)
	at java.base/jdk.internal.reflect.NativeMethodAccessorImpl.invoke(NativeMethodAccessorImpl.java:77)
	at java.base/jdk.internal.reflect.DelegatingMethodAccessorImpl.invoke(DelegatingMethodAccessorImpl.java:43)
	at java.base/java.lang.reflect.Method.invoke(Method.java:568)
	at org.junit.runners.model.FrameworkMethod$1.runReflectiveCall(FrameworkMethod.java:59)
	at org.junit.internal.runners.model.ReflectiveCallable.run(ReflectiveCallable.java:12)
	at org.junit.runners.model.FrameworkMethod.invokeExplosively(FrameworkMethod.java:56)
	at org.junit.internal.runners.statements.InvokeMethod.evaluate(InvokeMethod.java:17)
	at org.junit.rules.ExternalResource$1.evaluate(ExternalResource.java:54)
	at org.junit.runners.ParentRunner$3.evaluate(ParentRunner.java:306)
	at org.junit.runners.BlockJUnit4ClassRunner$1.evaluate(BlockJUnit4ClassRunner.java:100)
	at org.junit.runners.ParentRunner.runLeaf(ParentRunner.java:366)
	at org.junit.runners.BlockJUnit4ClassRunner.runChild(BlockJUnit4ClassRunner.java:103)
	at org.junit.runners.BlockJUnit4ClassRunner.runChild(BlockJUnit4ClassRunner.java:63)
	at org.junit.runners.ParentRunner$4.run(ParentRunner.java:331)
	at org.junit.runners.ParentRunner$1.schedule(ParentRunner.java:79)
	at org.junit.runners.ParentRunner.runChildren(ParentRunner.java:329)
	at org.junit.runners.ParentRunner.access$100(ParentRunner.java:66)
	at org.junit.runners.ParentRunner$2.evaluate(ParentRunner.java:293)
	at org.junit.runners.ParentRunner.run(ParentRunner.java:413)
	at org.junit.runners.Suite.runChild(Suite.java:128)
	at org.junit.runners.Suite.runChild(Suite.java:27)
	at org.junit.runners.ParentRunner$4.run(ParentRunner.java:331)
	at org.junit.runners.ParentRunner$1.schedule(ParentRunner.java:79)
	at org.junit.runners.ParentRunner.runChildren(ParentRunner.java:329)
	at org.junit.runners.ParentRunner.access$100(ParentRunner.java:66)
	at org.junit.runners.ParentRunner$2.evaluate(ParentRunner.java:293)
	at org.junit.runners.ParentRunner$3.evaluate(ParentRunner.java:306)
	at org.junit.runners.ParentRunner.run(ParentRunner.java:413)
	at org.apache.maven.surefire.junit4.JUnit4Provider.execute(JUnit4Provider.java:316)
	at org.apache.maven.surefire.junit4.JUnit4Provider.executeWithRerun(JUnit4Provider.java:240)
	at org.apache.maven.surefire.junit4.JUnit4Provider.executeTestSet(JUnit4Provider.java:214)
	at org.apache.maven.surefire.junit4.JUnit4Provider.invoke(JUnit4Provider.java:155)
	at org.apache.maven.surefire.booter.ForkedBooter.runSuitesInProcess(ForkedBooter.java:385)
	at org.apache.maven.surefire.booter.ForkedBooter.execute(ForkedBooter.java:162)
	at org.apache.maven.surefire.booter.ForkedBooter.run(ForkedBooter.java:507)
	at org.apache.maven.surefire.booter.ForkedBooter.main(ForkedBooter.java:495)

[ERROR] net.zerocloud.pdf.consumer.TablePaginationWorkflowTest.disablingRowSplittingMovesAnIntactRowAndRejectsAnImpossibleRow[HARDENED_WORKER] -- Time elapsed: 1.305 s <<< ERROR!
net.zerocloud.pdf.DocumentFailure: The text and logical-structure extraction limit was exceeded.
	at net.zerocloud.pdf.HardenedWorkerEngine.execute(HardenedWorkerEngine.java:247)
	at net.zerocloud.pdf.DocumentWorkflow.executeOnce(DocumentWorkflow.java:177)
	at net.zerocloud.pdf.DocumentWorkflow.execute(DocumentWorkflow.java:103)
	at net.zerocloud.pdf.DocumentWorkflow.execute(DocumentWorkflow.java:64)
	at net.zerocloud.pdf.consumer.TablePaginationWorkflowTest.read(TablePaginationWorkflowTest.java:365)
	at net.zerocloud.pdf.consumer.TablePaginationWorkflowTest.disablingRowSplittingMovesAnIntactRowAndRejectsAnImpossibleRow(TablePaginationWorkflowTest.java:327)
	at java.base/jdk.internal.reflect.NativeMethodAccessorImpl.invoke0(Native Method)
	at java.base/jdk.internal.reflect.NativeMethodAccessorImpl.invoke(NativeMethodAccessorImpl.java:77)
	at java.base/jdk.internal.reflect.DelegatingMethodAccessorImpl.invoke(DelegatingMethodAccessorImpl.java:43)
	at java.base/java.lang.reflect.Method.invoke(Method.java:568)
	at org.junit.runners.model.FrameworkMethod$1.runReflectiveCall(FrameworkMethod.java:59)
	at org.junit.internal.runners.model.ReflectiveCallable.run(ReflectiveCallable.java:12)
	at org.junit.runners.model.FrameworkMethod.invokeExplosively(FrameworkMethod.java:56)
	at org.junit.internal.runners.statements.InvokeMethod.evaluate(InvokeMethod.java:17)
	at org.junit.rules.ExternalResource$1.evaluate(ExternalResource.java:54)
	at org.junit.runners.ParentRunner$3.evaluate(ParentRunner.java:306)
	at org.junit.runners.BlockJUnit4ClassRunner$1.evaluate(BlockJUnit4ClassRunner.java:100)
	at org.junit.runners.ParentRunner.runLeaf(ParentRunner.java:366)
	at org.junit.runners.BlockJUnit4ClassRunner.runChild(BlockJUnit4ClassRunner.java:103)
	at org.junit.runners.BlockJUnit4ClassRunner.runChild(BlockJUnit4ClassRunner.java:63)
	at org.junit.runners.ParentRunner$4.run(ParentRunner.java:331)
	at org.junit.runners.ParentRunner$1.schedule(ParentRunner.java:79)
	at org.junit.runners.ParentRunner.runChildren(ParentRunner.java:329)
	at org.junit.runners.ParentRunner.access$100(ParentRunner.java:66)
	at org.junit.runners.ParentRunner$2.evaluate(ParentRunner.java:293)
	at org.junit.runners.ParentRunner.run(ParentRunner.java:413)
	at org.junit.runners.Suite.runChild(Suite.java:128)
	at org.junit.runners.Suite.runChild(Suite.java:27)
	at org.junit.runners.ParentRunner$4.run(ParentRunner.java:331)
	at org.junit.runners.ParentRunner$1.schedule(ParentRunner.java:79)
	at org.junit.runners.ParentRunner.runChildren(ParentRunner.java:329)
	at org.junit.runners.ParentRunner.access$100(ParentRunner.java:66)
	at org.junit.runners.ParentRunner$2.evaluate(ParentRunner.java:293)
	at org.junit.runners.ParentRunner$3.evaluate(ParentRunner.java:306)
	at org.junit.runners.ParentRunner.run(ParentRunner.java:413)
	at org.apache.maven.surefire.junit4.JUnit4Provider.execute(JUnit4Provider.java:316)
	at org.apache.maven.surefire.junit4.JUnit4Provider.executeWithRerun(JUnit4Provider.java:240)
	at org.apache.maven.surefire.junit4.JUnit4Provider.executeTestSet(JUnit4Provider.java:214)
	at org.apache.maven.surefire.junit4.JUnit4Provider.invoke(JUnit4Provider.java:155)
	at org.apache.maven.surefire.booter.ForkedBooter.runSuitesInProcess(ForkedBooter.java:385)
	at org.apache.maven.surefire.booter.ForkedBooter.execute(ForkedBooter.java:162)
	at org.apache.maven.surefire.booter.ForkedBooter.run(ForkedBooter.java:507)
	at org.apache.maven.surefire.booter.ForkedBooter.main(ForkedBooter.java:495)

[ERROR] net.zerocloud.pdf.consumer.TablePaginationWorkflowTest.laterMutationAndPublicationSealBufferedTableRelayout[HARDENED_WORKER] -- Time elapsed: 1.283 s <<< ERROR!
net.zerocloud.pdf.DocumentFailure: The text and logical-structure extraction limit was exceeded.
	at net.zerocloud.pdf.HardenedWorkerEngine.execute(HardenedWorkerEngine.java:247)
	at net.zerocloud.pdf.DocumentWorkflow.executeOnce(DocumentWorkflow.java:177)
	at net.zerocloud.pdf.DocumentWorkflow.execute(DocumentWorkflow.java:103)
	at net.zerocloud.pdf.DocumentWorkflow.execute(DocumentWorkflow.java:64)
	at net.zerocloud.pdf.consumer.TablePaginationWorkflowTest.read(TablePaginationWorkflowTest.java:365)
	at net.zerocloud.pdf.consumer.TablePaginationWorkflowTest.laterMutationAndPublicationSealBufferedTableRelayout(TablePaginationWorkflowTest.java:285)
	at java.base/jdk.internal.reflect.NativeMethodAccessorImpl.invoke0(Native Method)
	at java.base/jdk.internal.reflect.NativeMethodAccessorImpl.invoke(NativeMethodAccessorImpl.java:77)
	at java.base/jdk.internal.reflect.DelegatingMethodAccessorImpl.invoke(DelegatingMethodAccessorImpl.java:43)
	at java.base/java.lang.reflect.Method.invoke(Method.java:568)
	at org.junit.runners.model.FrameworkMethod$1.runReflectiveCall(FrameworkMethod.java:59)
	at org.junit.internal.runners.model.ReflectiveCallable.run(ReflectiveCallable.java:12)
	at org.junit.runners.model.FrameworkMethod.invokeExplosively(FrameworkMethod.java:56)
	at org.junit.internal.runners.statements.InvokeMethod.evaluate(InvokeMethod.java:17)
	at org.junit.rules.ExternalResource$1.evaluate(ExternalResource.java:54)
	at org.junit.runners.ParentRunner$3.evaluate(ParentRunner.java:306)
	at org.junit.runners.BlockJUnit4ClassRunner$1.evaluate(BlockJUnit4ClassRunner.java:100)
	at org.junit.runners.ParentRunner.runLeaf(ParentRunner.java:366)
	at org.junit.runners.BlockJUnit4ClassRunner.runChild(BlockJUnit4ClassRunner.java:103)
	at org.junit.runners.BlockJUnit4ClassRunner.runChild(BlockJUnit4ClassRunner.java:63)
	at org.junit.runners.ParentRunner$4.run(ParentRunner.java:331)
	at org.junit.runners.ParentRunner$1.schedule(ParentRunner.java:79)
	at org.junit.runners.ParentRunner.runChildren(ParentRunner.java:329)
	at org.junit.runners.ParentRunner.access$100(ParentRunner.java:66)
	at org.junit.runners.ParentRunner$2.evaluate(ParentRunner.java:293)
	at org.junit.runners.ParentRunner.run(ParentRunner.java:413)
	at org.junit.runners.Suite.runChild(Suite.java:128)
	at org.junit.runners.Suite.runChild(Suite.java:27)
	at org.junit.runners.ParentRunner$4.run(ParentRunner.java:331)
	at org.junit.runners.ParentRunner$1.schedule(ParentRunner.java:79)
	at org.junit.runners.ParentRunner.runChildren(ParentRunner.java:329)
	at org.junit.runners.ParentRunner.access$100(ParentRunner.java:66)
	at org.junit.runners.ParentRunner$2.evaluate(ParentRunner.java:293)
	at org.junit.runners.ParentRunner$3.evaluate(ParentRunner.java:306)
	at org.junit.runners.ParentRunner.run(ParentRunner.java:413)
	at org.apache.maven.surefire.junit4.JUnit4Provider.execute(JUnit4Provider.java:316)
	at org.apache.maven.surefire.junit4.JUnit4Provider.executeWithRerun(JUnit4Provider.java:240)
	at org.apache.maven.surefire.junit4.JUnit4Provider.executeTestSet(JUnit4Provider.java:214)
	at org.apache.maven.surefire.junit4.JUnit4Provider.invoke(JUnit4Provider.java:155)
	at org.apache.maven.surefire.booter.ForkedBooter.runSuitesInProcess(ForkedBooter.java:385)
	at org.apache.maven.surefire.booter.ForkedBooter.execute(ForkedBooter.java:162)
	at org.apache.maven.surefire.booter.ForkedBooter.run(ForkedBooter.java:507)
	at org.apache.maven.surefire.booter.ForkedBooter.main(ForkedBooter.java:495)

[ERROR] net.zerocloud.pdf.consumer.TablePaginationWorkflowTest.bufferedTableRelayoutIsAtomicAndFlushSealsItsLastSuccessfulPages[HARDENED_WORKER] -- Time elapsed: 0.831 s <<< ERROR!
net.zerocloud.pdf.DocumentFailure: The text and logical-structure extraction limit was exceeded.
	at net.zerocloud.pdf.HardenedWorkerEngine.execute(HardenedWorkerEngine.java:247)
	at net.zerocloud.pdf.DocumentWorkflow.executeOnce(DocumentWorkflow.java:177)
	at net.zerocloud.pdf.DocumentWorkflow.execute(DocumentWorkflow.java:103)
	at net.zerocloud.pdf.DocumentWorkflow.execute(DocumentWorkflow.java:64)
	at net.zerocloud.pdf.consumer.TablePaginationWorkflowTest.bufferedTableRelayoutIsAtomicAndFlushSealsItsLastSuccessfulPages(TablePaginationWorkflowTest.java:219)
	at java.base/jdk.internal.reflect.NativeMethodAccessorImpl.invoke0(Native Method)
	at java.base/jdk.internal.reflect.NativeMethodAccessorImpl.invoke(NativeMethodAccessorImpl.java:77)
	at java.base/jdk.internal.reflect.DelegatingMethodAccessorImpl.invoke(DelegatingMethodAccessorImpl.java:43)
	at java.base/java.lang.reflect.Method.invoke(Method.java:568)
	at org.junit.runners.model.FrameworkMethod$1.runReflectiveCall(FrameworkMethod.java:59)
	at org.junit.internal.runners.model.ReflectiveCallable.run(ReflectiveCallable.java:12)
	at org.junit.runners.model.FrameworkMethod.invokeExplosively(FrameworkMethod.java:56)
	at org.junit.internal.runners.statements.InvokeMethod.evaluate(InvokeMethod.java:17)
	at org.junit.rules.ExternalResource$1.evaluate(ExternalResource.java:54)
	at org.junit.runners.ParentRunner$3.evaluate(ParentRunner.java:306)
	at org.junit.runners.BlockJUnit4ClassRunner$1.evaluate(BlockJUnit4ClassRunner.java:100)
	at org.junit.runners.ParentRunner.runLeaf(ParentRunner.java:366)
	at org.junit.runners.BlockJUnit4ClassRunner.runChild(BlockJUnit4ClassRunner.java:103)
	at org.junit.runners.BlockJUnit4ClassRunner.runChild(BlockJUnit4ClassRunner.java:63)
	at org.junit.runners.ParentRunner$4.run(ParentRunner.java:331)
	at org.junit.runners.ParentRunner$1.schedule(ParentRunner.java:79)
	at org.junit.runners.ParentRunner.runChildren(ParentRunner.java:329)
	at org.junit.runners.ParentRunner.access$100(ParentRunner.java:66)
	at org.junit.runners.ParentRunner$2.evaluate(ParentRunner.java:293)
	at org.junit.runners.ParentRunner.run(ParentRunner.java:413)
	at org.junit.runners.Suite.runChild(Suite.java:128)
	at org.junit.runners.Suite.runChild(Suite.java:27)
	at org.junit.runners.ParentRunner$4.run(ParentRunner.java:331)
	at org.junit.runners.ParentRunner$1.schedule(ParentRunner.java:79)
	at org.junit.runners.ParentRunner.runChildren(ParentRunner.java:329)
	at org.junit.runners.ParentRunner.access$100(ParentRunner.java:66)
	at org.junit.runners.ParentRunner$2.evaluate(ParentRunner.java:293)
	at org.junit.runners.ParentRunner$3.evaluate(ParentRunner.java:306)
	at org.junit.runners.ParentRunner.run(ParentRunner.java:413)
	at org.apache.maven.surefire.junit4.JUnit4Provider.execute(JUnit4Provider.java:316)
	at org.apache.maven.surefire.junit4.JUnit4Provider.executeWithRerun(JUnit4Provider.java:240)
	at org.apache.maven.surefire.junit4.JUnit4Provider.executeTestSet(JUnit4Provider.java:214)
	at org.apache.maven.surefire.junit4.JUnit4Provider.invoke(JUnit4Provider.java:155)
	at org.apache.maven.surefire.booter.ForkedBooter.runSuitesInProcess(ForkedBooter.java:385)
	at org.apache.maven.surefire.booter.ForkedBooter.execute(ForkedBooter.java:162)
	at org.apache.maven.surefire.booter.ForkedBooter.run(ForkedBooter.java:507)
	at org.apache.maven.surefire.booter.ForkedBooter.main(ForkedBooter.java:495)

[ERROR] net.zerocloud.pdf.consumer.TablePaginationWorkflowTest.paginatedWorkAndOutputBudgetsAdmitExactCountsAndRejectTheirFirstExcess[HARDENED_WORKER] -- Time elapsed: 1.358 s <<< ERROR!
net.zerocloud.pdf.DocumentFailure: The text and logical-structure extraction limit was exceeded.
	at net.zerocloud.pdf.HardenedWorkerEngine.execute(HardenedWorkerEngine.java:247)
	at net.zerocloud.pdf.DocumentWorkflow.executeOnce(DocumentWorkflow.java:177)
	at net.zerocloud.pdf.DocumentWorkflow.execute(DocumentWorkflow.java:103)
	at net.zerocloud.pdf.DocumentWorkflow.execute(DocumentWorkflow.java:64)
	at net.zerocloud.pdf.consumer.TablePaginationWorkflowTest.read(TablePaginationWorkflowTest.java:365)
	at net.zerocloud.pdf.consumer.TablePaginationWorkflowTest.paginatedWorkAndOutputBudgetsAdmitExactCountsAndRejectTheirFirstExcess(TablePaginationWorkflowTest.java:344)
	at java.base/jdk.internal.reflect.NativeMethodAccessorImpl.invoke0(Native Method)
	at java.base/jdk.internal.reflect.NativeMethodAccessorImpl.invoke(NativeMethodAccessorImpl.java:77)
	at java.base/jdk.internal.reflect.DelegatingMethodAccessorImpl.invoke(DelegatingMethodAccessorImpl.java:43)
	at java.base/java.lang.reflect.Method.invoke(Method.java:568)
	at org.junit.runners.model.FrameworkMethod$1.runReflectiveCall(FrameworkMethod.java:59)
	at org.junit.internal.runners.model.ReflectiveCallable.run(ReflectiveCallable.java:12)
	at org.junit.runners.model.FrameworkMethod.invokeExplosively(FrameworkMethod.java:56)
	at org.junit.internal.runners.statements.InvokeMethod.evaluate(InvokeMethod.java:17)
	at org.junit.rules.ExternalResource$1.evaluate(ExternalResource.java:54)
	at org.junit.runners.ParentRunner$3.evaluate(ParentRunner.java:306)
	at org.junit.runners.BlockJUnit4ClassRunner$1.evaluate(BlockJUnit4ClassRunner.java:100)
	at org.junit.runners.ParentRunner.runLeaf(ParentRunner.java:366)
	at org.junit.runners.BlockJUnit4ClassRunner.runChild(BlockJUnit4ClassRunner.java:103)
	at org.junit.runners.BlockJUnit4ClassRunner.runChild(BlockJUnit4ClassRunner.java:63)
	at org.junit.runners.ParentRunner$4.run(ParentRunner.java:331)
	at org.junit.runners.ParentRunner$1.schedule(ParentRunner.java:79)
	at org.junit.runners.ParentRunner.runChildren(ParentRunner.java:329)
	at org.junit.runners.ParentRunner.access$100(ParentRunner.java:66)
	at org.junit.runners.ParentRunner$2.evaluate(ParentRunner.java:293)
	at org.junit.runners.ParentRunner.run(ParentRunner.java:413)
	at org.junit.runners.Suite.runChild(Suite.java:128)
	at org.junit.runners.Suite.runChild(Suite.java:27)
	at org.junit.runners.ParentRunner$4.run(ParentRunner.java:331)
	at org.junit.runners.ParentRunner$1.schedule(ParentRunner.java:79)
	at org.junit.runners.ParentRunner.runChildren(ParentRunner.java:329)
	at org.junit.runners.ParentRunner.access$100(ParentRunner.java:66)
	at org.junit.runners.ParentRunner$2.evaluate(ParentRunner.java:293)
	at org.junit.runners.ParentRunner$3.evaluate(ParentRunner.java:306)
	at org.junit.runners.ParentRunner.run(ParentRunner.java:413)
	at org.apache.maven.surefire.junit4.JUnit4Provider.execute(JUnit4Provider.java:316)
	at org.apache.maven.surefire.junit4.JUnit4Provider.executeWithRerun(JUnit4Provider.java:240)
	at org.apache.maven.surefire.junit4.JUnit4Provider.executeTestSet(JUnit4Provider.java:214)
	at org.apache.maven.surefire.junit4.JUnit4Provider.invoke(JUnit4Provider.java:155)
	at org.apache.maven.surefire.booter.ForkedBooter.runSuitesInProcess(ForkedBooter.java:385)
	at org.apache.maven.surefire.booter.ForkedBooter.execute(ForkedBooter.java:162)
	at org.apache.maven.surefire.booter.ForkedBooter.run(ForkedBooter.java:507)
	at org.apache.maven.surefire.booter.ForkedBooter.main(ForkedBooter.java:495)

[ERROR] net.zerocloud.pdf.consumer.TablePaginationWorkflowTest.aRowFragmentFillsTheSpaceAfterEarlierCompleteRows[HARDENED_WORKER] -- Time elapsed: 1.382 s <<< ERROR!
net.zerocloud.pdf.DocumentFailure: The text and logical-structure extraction limit was exceeded.
	at net.zerocloud.pdf.HardenedWorkerEngine.execute(HardenedWorkerEngine.java:247)
	at net.zerocloud.pdf.DocumentWorkflow.executeOnce(DocumentWorkflow.java:177)
	at net.zerocloud.pdf.DocumentWorkflow.execute(DocumentWorkflow.java:103)
	at net.zerocloud.pdf.DocumentWorkflow.execute(DocumentWorkflow.java:64)
	at net.zerocloud.pdf.consumer.TablePaginationWorkflowTest.read(TablePaginationWorkflowTest.java:365)
	at net.zerocloud.pdf.consumer.TablePaginationWorkflowTest.aRowFragmentFillsTheSpaceAfterEarlierCompleteRows(TablePaginationWorkflowTest.java:314)
	at java.base/jdk.internal.reflect.NativeMethodAccessorImpl.invoke0(Native Method)
	at java.base/jdk.internal.reflect.NativeMethodAccessorImpl.invoke(NativeMethodAccessorImpl.java:77)
	at java.base/jdk.internal.reflect.DelegatingMethodAccessorImpl.invoke(DelegatingMethodAccessorImpl.java:43)
	at java.base/java.lang.reflect.Method.invoke(Method.java:568)
	at org.junit.runners.model.FrameworkMethod$1.runReflectiveCall(FrameworkMethod.java:59)
	at org.junit.internal.runners.model.ReflectiveCallable.run(ReflectiveCallable.java:12)
	at org.junit.runners.model.FrameworkMethod.invokeExplosively(FrameworkMethod.java:56)
	at org.junit.internal.runners.statements.InvokeMethod.evaluate(InvokeMethod.java:17)
	at org.junit.rules.ExternalResource$1.evaluate(ExternalResource.java:54)
	at org.junit.runners.ParentRunner$3.evaluate(ParentRunner.java:306)
	at org.junit.runners.BlockJUnit4ClassRunner$1.evaluate(BlockJUnit4ClassRunner.java:100)
	at org.junit.runners.ParentRunner.runLeaf(ParentRunner.java:366)
	at org.junit.runners.BlockJUnit4ClassRunner.runChild(BlockJUnit4ClassRunner.java:103)
	at org.junit.runners.BlockJUnit4ClassRunner.runChild(BlockJUnit4ClassRunner.java:63)
	at org.junit.runners.ParentRunner$4.run(ParentRunner.java:331)
	at org.junit.runners.ParentRunner$1.schedule(ParentRunner.java:79)
	at org.junit.runners.ParentRunner.runChildren(ParentRunner.java:329)
	at org.junit.runners.ParentRunner.access$100(ParentRunner.java:66)
	at org.junit.runners.ParentRunner$2.evaluate(ParentRunner.java:293)
	at org.junit.runners.ParentRunner.run(ParentRunner.java:413)
	at org.junit.runners.Suite.runChild(Suite.java:128)
	at org.junit.runners.Suite.runChild(Suite.java:27)
	at org.junit.runners.ParentRunner$4.run(ParentRunner.java:331)
	at org.junit.runners.ParentRunner$1.schedule(ParentRunner.java:79)
	at org.junit.runners.ParentRunner.runChildren(ParentRunner.java:329)
	at org.junit.runners.ParentRunner.access$100(ParentRunner.java:66)
	at org.junit.runners.ParentRunner$2.evaluate(ParentRunner.java:293)
	at org.junit.runners.ParentRunner$3.evaluate(ParentRunner.java:306)
	at org.junit.runners.ParentRunner.run(ParentRunner.java:413)
	at org.apache.maven.surefire.junit4.JUnit4Provider.execute(JUnit4Provider.java:316)
	at org.apache.maven.surefire.junit4.JUnit4Provider.executeWithRerun(JUnit4Provider.java:240)
	at org.apache.maven.surefire.junit4.JUnit4Provider.executeTestSet(JUnit4Provider.java:214)
	at org.apache.maven.surefire.junit4.JUnit4Provider.invoke(JUnit4Provider.java:155)
	at org.apache.maven.surefire.booter.ForkedBooter.runSuitesInProcess(ForkedBooter.java:385)
	at org.apache.maven.surefire.booter.ForkedBooter.execute(ForkedBooter.java:162)
	at org.apache.maven.surefire.booter.ForkedBooter.run(ForkedBooter.java:507)
	at org.apache.maven.surefire.booter.ForkedBooter.main(ForkedBooter.java:495)

[INFO] Running net.zerocloud.pdf.consumer.TextStructureExtractionWorkflowTest
Sep 13, 2026 7:01:18 AM org.apache.pdfbox.pdmodel.font.PDCIDFontType2 findFontOrSubstitute
WARNING: Using fallback font LiberationSans for CID-keyed TrueType font FolioT75
Sep 13, 2026 7:01:18 AM org.apache.pdfbox.pdmodel.font.PDCIDFontType2 findFontOrSubstitute
WARNING: Using fallback font LiberationSans for CID-keyed TrueType font FolioT75
Sep 13, 2026 7:01:18 AM org.apache.pdfbox.pdmodel.font.PDCIDFontType0 <init>
WARNING: Using fallback LiberationSans for CID-keyed font FolioT75
Sep 13, 2026 7:01:18 AM org.apache.pdfbox.pdmodel.font.PDCIDFontType2 findFontOrSubstitute
WARNING: Using fallback font LiberationSans for CID-keyed TrueType font FolioT75
Sep 13, 2026 7:01:18 AM org.apache.pdfbox.pdmodel.font.PDCIDFontType0 <init>
WARNING: Using fallback LiberationSans for CID-keyed font FolioT75
Sep 13, 2026 7:01:18 AM org.apache.pdfbox.pdmodel.font.PDCIDFontType2 findFontOrSubstitute
WARNING: Using fallback font LiberationSans for CID-keyed TrueType font FolioT75
Sep 13, 2026 7:01:18 AM org.apache.pdfbox.pdmodel.font.PDCIDFontType2 findFontOrSubstitute
WARNING: Using fallback font LiberationSans for CID-keyed TrueType font FolioT75
Sep 13, 2026 7:01:18 AM org.apache.pdfbox.pdmodel.font.PDCIDFontType2 findFontOrSubstitute
WARNING: Using fallback font LiberationSans for CID-keyed TrueType font FolioT75
Sep 13, 2026 7:01:18 AM org.apache.pdfbox.pdmodel.font.PDCIDFontType2 findFontOrSubstitute
WARNING: Using fallback font LiberationSans for CID-keyed TrueType font FolioT75
Sep 13, 2026 7:01:18 AM org.apache.pdfbox.pdmodel.font.PDCIDFontType2 findFontOrSubstitute
WARNING: Using fallback font LiberationSans for CID-keyed TrueType font FolioT75
Sep 13, 2026 7:01:18 AM org.apache.pdfbox.pdmodel.font.PDCIDFontType2 findFontOrSubstitute
WARNING: Using fallback font LiberationSans for CID-keyed TrueType font FolioT75
Sep 13, 2026 7:01:18 AM org.apache.pdfbox.pdmodel.font.PDCIDFontType2 findFontOrSubstitute
WARNING: Using fallback font LiberationSans for CID-keyed TrueType font FolioT75
Sep 13, 2026 7:01:18 AM org.apache.pdfbox.pdmodel.font.PDCIDFontType2 findFontOrSubstitute
WARNING: Using fallback font LiberationSans for CID-keyed TrueType font FolioT75
Sep 13, 2026 7:01:18 AM org.apache.pdfbox.pdmodel.font.PDCIDFontType2 findFontOrSubstitute
WARNING: Using fallback font LiberationSans for CID-keyed TrueType font FolioT75
Sep 13, 2026 7:01:18 AM org.apache.pdfbox.pdmodel.font.PDCIDFontType2 findFontOrSubstitute
WARNING: Using fallback font LiberationSans for CID-keyed TrueType font FolioT75
Sep 13, 2026 7:01:18 AM org.apache.pdfbox.pdmodel.font.PDCIDFontType2 findFontOrSubstitute
WARNING: Using fallback font LiberationSans for CID-keyed TrueType font FolioT75
Sep 13, 2026 7:01:18 AM org.apache.pdfbox.pdmodel.font.PDCIDFontType2 findFontOrSubstitute
WARNING: Using fallback font LiberationSans for CID-keyed TrueType font FolioT75
Sep 13, 2026 7:01:18 AM org.apache.pdfbox.pdmodel.font.PDCIDFontType2 findFontOrSubstitute
WARNING: Using fallback font LiberationSans for CID-keyed TrueType font FolioT75
Sep 13, 2026 7:01:18 AM org.apache.pdfbox.pdmodel.font.PDCIDFontType2 findFontOrSubstitute
WARNING: Using fallback font LiberationSans for CID-keyed TrueType font FolioT75
Sep 13, 2026 7:01:18 AM org.apache.pdfbox.pdmodel.font.PDCIDFontType2 findFontOrSubstitute
WARNING: Using fallback font LiberationSans for CID-keyed TrueType font FolioT75
Sep 13, 2026 7:01:18 AM org.apache.pdfbox.pdmodel.font.PDCIDFontType2 findFontOrSubstitute
WARNING: Using fallback font LiberationSans for CID-keyed TrueType font FolioT75
Sep 13, 2026 7:01:18 AM org.apache.pdfbox.pdmodel.font.PDCIDFontType2 findFontOrSubstitute
WARNING: Using fallback font LiberationSans for CID-keyed TrueType font FolioT75
Sep 13, 2026 7:01:18 AM org.apache.pdfbox.pdmodel.font.PDCIDFontType2 findFontOrSubstitute
WARNING: Using fallback font LiberationSans for CID-keyed TrueType font FolioT75
Sep 13, 2026 7:01:18 AM org.apache.pdfbox.pdmodel.font.PDCIDFontType2 findFontOrSubstitute
WARNING: Using fallback font LiberationSans for CID-keyed TrueType font FolioT75
Sep 13, 2026 7:01:18 AM org.apache.pdfbox.pdmodel.font.PDCIDFontType2 findFontOrSubstitute
WARNING: Using fallback font LiberationSans for CID-keyed TrueType font FolioT75
Sep 13, 2026 7:01:18 AM org.apache.pdfbox.pdmodel.font.PDCIDFontType2 findFontOrSubstitute
WARNING: Using fallback font LiberationSans for CID-keyed TrueType font FolioT75
Sep 13, 2026 7:01:18 AM org.apache.pdfbox.pdmodel.font.PDCIDFontType2 findFontOrSubstitute
WARNING: Using fallback font LiberationSans for CID-keyed TrueType font FolioT75
Sep 13, 2026 7:01:18 AM org.apache.pdfbox.pdmodel.font.PDCIDFontType2 findFontOrSubstitute
WARNING: Using fallback font LiberationSans for CID-keyed TrueType font FolioT75
Sep 13, 2026 7:01:18 AM org.apache.pdfbox.pdmodel.font.PDCIDFontType2 findFontOrSubstitute
WARNING: Using fallback font LiberationSans for CID-keyed TrueType font FolioT75
Sep 13, 2026 7:01:19 AM org.apache.pdfbox.pdmodel.font.PDCIDFontType2 findFontOrSubstitute
WARNING: Using fallback font LiberationSans for CID-keyed TrueType font FolioT75
Sep 13, 2026 7:01:19 AM org.apache.pdfbox.pdmodel.font.PDCIDFontType2 findFontOrSubstitute
WARNING: Using fallback font LiberationSans for CID-keyed TrueType font FolioT75
Sep 13, 2026 7:01:19 AM org.apache.pdfbox.pdmodel.font.PDCIDFontType2 findFontOrSubstitute
WARNING: Using fallback font LiberationSans for CID-keyed TrueType font FolioT75
Sep 13, 2026 7:01:19 AM org.apache.pdfbox.pdmodel.font.PDCIDFontType2 findFontOrSubstitute
WARNING: Using fallback font LiberationSans for CID-keyed TrueType font FolioT75
Sep 13, 2026 7:01:19 AM org.apache.pdfbox.pdmodel.font.PDCIDFontType2 findFontOrSubstitute
WARNING: Using fallback font LiberationSans for CID-keyed TrueType font FolioT75
Sep 13, 2026 7:01:19 AM org.apache.pdfbox.pdmodel.font.PDCIDFontType2 findFontOrSubstitute
WARNING: Using fallback font LiberationSans for CID-keyed TrueType font FolioT75
Sep 13, 2026 7:01:19 AM org.apache.pdfbox.pdmodel.font.PDCIDFontType2 findFontOrSubstitute
WARNING: Using fallback font LiberationSans for CID-keyed TrueType font FolioT75
Sep 13, 2026 7:01:19 AM org.apache.pdfbox.pdmodel.font.PDCIDFontType2 findFontOrSubstitute
WARNING: Using fallback font LiberationSans for CID-keyed TrueType font FolioT75
Sep 13, 2026 7:01:19 AM org.apache.pdfbox.pdmodel.font.PDCIDFontType2 findFontOrSubstitute
WARNING: Using fallback font LiberationSans for CID-keyed TrueType font FolioT75
Sep 13, 2026 7:01:19 AM org.apache.pdfbox.pdmodel.font.PDCIDFontType2 findFontOrSubstitute
WARNING: Using fallback font LiberationSans for CID-keyed TrueType font FolioT75
Sep 13, 2026 7:01:19 AM org.apache.pdfbox.pdmodel.font.PDCIDFontType2 findFontOrSubstitute
WARNING: Using fallback font LiberationSans for CID-keyed TrueType font FolioT75
Sep 13, 2026 7:01:19 AM org.apache.pdfbox.pdmodel.font.PDCIDFontType2 findFontOrSubstitute
WARNING: Using fallback font LiberationSans for CID-keyed TrueType font FolioT75
Sep 13, 2026 7:01:19 AM org.apache.pdfbox.pdmodel.font.PDCIDFontType2 findFontOrSubstitute
WARNING: Using fallback font LiberationSans for CID-keyed TrueType font FolioT75
Sep 13, 2026 7:01:19 AM org.apache.pdfbox.pdmodel.font.PDCIDFontType2 findFontOrSubstitute
WARNING: Using fallback font LiberationSans for CID-keyed TrueType font FolioT75
Sep 13, 2026 7:01:19 AM org.apache.pdfbox.pdmodel.font.PDCIDFontType2 findFontOrSubstitute
WARNING: Using fallback font LiberationSans for CID-keyed TrueType font FolioT75
Sep 13, 2026 7:01:19 AM org.apache.pdfbox.pdmodel.font.PDCIDFontType2 findFontOrSubstitute
WARNING: Using fallback font LiberationSans for CID-keyed TrueType font FolioT75
Sep 13, 2026 7:01:19 AM org.apache.pdfbox.pdmodel.font.PDCIDFontType2 findFontOrSubstitute
WARNING: Using fallback font LiberationSans for CID-keyed TrueType font FolioT75
Sep 13, 2026 7:01:19 AM org.apache.pdfbox.pdmodel.font.PDCIDFontType2 findFontOrSubstitute
WARNING: Using fallback font LiberationSans for CID-keyed TrueType font FolioT75
Sep 13, 2026 7:01:19 AM org.apache.pdfbox.pdmodel.font.PDCIDFontType2 findFontOrSubstitute
WARNING: Using fallback font LiberationSans for CID-keyed TrueType font FolioT75
Sep 13, 2026 7:01:19 AM org.apache.pdfbox.pdmodel.font.PDCIDFontType2 findFontOrSubstitute
WARNING: Using fallback font LiberationSans for CID-keyed TrueType font FolioT75
Sep 13, 2026 7:01:19 AM org.apache.pdfbox.pdmodel.font.PDCIDFontType2 findFontOrSubstitute
WARNING: Using fallback font LiberationSans for CID-keyed TrueType font FolioT75
Sep 13, 2026 7:01:19 AM org.apache.pdfbox.pdmodel.font.PDCIDFontType2 findFontOrSubstitute
WARNING: Using fallback font LiberationSans for CID-keyed TrueType font FolioT75
Sep 13, 2026 7:01:19 AM org.apache.pdfbox.pdmodel.font.PDCIDFontType2 findFontOrSubstitute
WARNING: Using fallback font LiberationSans for CID-keyed TrueType font FolioT75
Sep 13, 2026 7:01:19 AM org.apache.pdfbox.pdmodel.font.PDCIDFontType2 findFontOrSubstitute
WARNING: Using fallback font LiberationSans for CID-keyed TrueType font FolioT75
Sep 13, 2026 7:01:19 AM org.apache.pdfbox.pdmodel.font.PDCIDFontType2 findFontOrSubstitute
WARNING: Using fallback font LiberationSans for CID-keyed TrueType font FolioT75
Sep 13, 2026 7:01:19 AM org.apache.pdfbox.pdmodel.font.PDCIDFontType2 findFontOrSubstitute
WARNING: Using fallback font LiberationSans for CID-keyed TrueType font FolioT75
Sep 13, 2026 7:01:19 AM org.apache.pdfbox.pdmodel.font.PDCIDFontType2 findFontOrSubstitute
WARNING: Using fallback font LiberationSans for CID-keyed TrueType font FolioT75
Sep 13, 2026 7:01:19 AM org.apache.pdfbox.pdmodel.font.PDCIDFontType2 findFontOrSubstitute
WARNING: Using fallback font LiberationSans for CID-keyed TrueType font FolioT75
Sep 13, 2026 7:01:19 AM org.apache.pdfbox.pdmodel.font.PDCIDFontType2 findFontOrSubstitute
WARNING: Using fallback font LiberationSans for CID-keyed TrueType font FolioT75
Sep 13, 2026 7:01:19 AM org.apache.pdfbox.pdmodel.font.PDCIDFontType2 findFontOrSubstitute
WARNING: Using fallback font LiberationSans for CID-keyed TrueType font FolioT75
Sep 13, 2026 7:01:19 AM org.apache.pdfbox.pdmodel.font.PDCIDFontType2 findFontOrSubstitute
WARNING: Using fallback font LiberationSans for CID-keyed TrueType font FolioT75
Sep 13, 2026 7:01:19 AM org.apache.pdfbox.pdmodel.font.PDCIDFontType2 findFontOrSubstitute
WARNING: Using fallback font LiberationSans for CID-keyed TrueType font FolioT75
Sep 13, 2026 7:01:19 AM org.apache.pdfbox.pdmodel.font.PDCIDFontType2 findFontOrSubstitute
WARNING: Using fallback font LiberationSans for CID-keyed TrueType font FolioT75
Sep 13, 2026 7:01:19 AM org.apache.pdfbox.pdmodel.font.PDCIDFontType2 findFontOrSubstitute
WARNING: Using fallback font LiberationSans for CID-keyed TrueType font FolioT75
Sep 13, 2026 7:01:19 AM org.apache.pdfbox.pdmodel.font.PDCIDFontType2 findFontOrSubstitute
WARNING: Using fallback font LiberationSans for CID-keyed TrueType font FolioT75
Sep 13, 2026 7:01:19 AM org.apache.pdfbox.pdmodel.font.PDCIDFontType2 findFontOrSubstitute
WARNING: Using fallback font LiberationSans for CID-keyed TrueType font FolioT75
Sep 13, 2026 7:01:19 AM org.apache.pdfbox.pdmodel.font.PDCIDFontType2 findFontOrSubstitute
WARNING: Using fallback font LiberationSans for CID-keyed TrueType font FolioT75
Sep 13, 2026 7:01:19 AM org.apache.pdfbox.pdmodel.font.PDCIDFontType2 findFontOrSubstitute
WARNING: Using fallback font LiberationSans for CID-keyed TrueType font FolioT75
Sep 13, 2026 7:01:19 AM org.apache.pdfbox.pdmodel.font.PDCIDFontType2 findFontOrSubstitute
WARNING: Using fallback font LiberationSans for CID-keyed TrueType font FolioT75
Sep 13, 2026 7:01:19 AM org.apache.pdfbox.pdmodel.font.PDCIDFontType2 findFontOrSubstitute
WARNING: Using fallback font LiberationSans for CID-keyed TrueType font FolioT13
Sep 13, 2026 7:01:19 AM org.apache.pdfbox.pdmodel.font.PDCIDFontType2 findFontOrSubstitute
WARNING: Using fallback font LiberationSans for CID-keyed TrueType font FolioT75
Sep 13, 2026 7:01:19 AM org.apache.pdfbox.pdmodel.font.PDCIDFontType2 findFontOrSubstitute
WARNING: Using fallback font LiberationSans for CID-keyed TrueType font FolioT75
Sep 13, 2026 7:01:19 AM org.apache.pdfbox.pdmodel.font.PDCIDFontType2 findFontOrSubstitute
WARNING: Using fallback font LiberationSans for CID-keyed TrueType font FolioT75
Sep 13, 2026 7:01:19 AM org.apache.pdfbox.pdmodel.font.PDCIDFontType2 findFontOrSubstitute
WARNING: Using fallback font LiberationSans for CID-keyed TrueType font FolioT75
Sep 13, 2026 7:01:20 AM org.apache.pdfbox.pdmodel.font.PDCIDFontType2 findFontOrSubstitute
WARNING: Using fallback font LiberationSans for CID-keyed TrueType font FolioT13
Sep 13, 2026 7:01:20 AM org.apache.pdfbox.pdfparser.BaseParser parseDirObject
WARNING: Skipped unexpected dir object = '__folio_pdf_content_stream_terminal_probe__' at offset 68 (start offset: 25)
Sep 13, 2026 7:01:20 AM org.apache.pdfbox.pdfparser.BaseParser parseCOSArray
WARNING: Corrupt array element at offset 68, start offset: 23
Sep 13, 2026 7:01:20 AM org.apache.pdfbox.pdfparser.BaseParser parseDirObject
WARNING: Skipped unexpected dir object = '__folio_pdf_content_stream_terminal_probe__' at offset 68 (start offset: 25)
Sep 13, 2026 7:01:20 AM org.apache.pdfbox.pdfparser.BaseParser parseCOSArray
WARNING: Corrupt array element at offset 68, start offset: 23
Sep 13, 2026 7:01:20 AM org.apache.pdfbox.pdmodel.font.PDCIDFontType2 findFontOrSubstitute
WARNING: Using fallback font LiberationSans for CID-keyed TrueType font FolioT75
Sep 13, 2026 7:01:20 AM org.apache.pdfbox.pdmodel.font.PDCIDFontType2 findFontOrSubstitute
WARNING: Using fallback font LiberationSans for CID-keyed TrueType font FolioT75
Sep 13, 2026 7:01:20 AM org.apache.pdfbox.pdmodel.font.PDCIDFontType2 findFontOrSubstitute
WARNING: Using fallback font LiberationSans for CID-keyed TrueType font FolioT75
Sep 13, 2026 7:01:20 AM org.apache.pdfbox.pdmodel.font.PDCIDFontType2 findFontOrSubstitute
WARNING: Using fallback font LiberationSans for CID-keyed TrueType font FolioT75
Sep 13, 2026 7:01:20 AM org.apache.pdfbox.pdmodel.font.PDCIDFontType2 findFontOrSubstitute
WARNING: Using fallback font LiberationSans for CID-keyed TrueType font FolioT75
Sep 13, 2026 7:01:20 AM org.apache.pdfbox.pdmodel.font.PDCIDFontType2 findFontOrSubstitute
WARNING: Using fallback font LiberationSans for CID-keyed TrueType font FolioT75
Sep 13, 2026 7:01:20 AM org.apache.pdfbox.pdmodel.font.PDCIDFontType2 findFontOrSubstitute
WARNING: Using fallback font LiberationSans for CID-keyed TrueType font FolioT75
[INFO] Tests run: 113, Failures: 0, Errors: 0, Skipped: 0, Time elapsed: 4.503 s -- in net.zerocloud.pdf.consumer.TextStructureExtractionWorkflowTest
[INFO] Running net.zerocloud.pdf.consumer.UnicodeCompositionWorkflowTest
Sep 13, 2026 7:01:23 AM org.apache.fontbox.ttf.CmapSubtable processSubtype14
WARNING: Format 14 cmap table is not supported and will be ignored
Sep 13, 2026 7:01:23 AM org.apache.fontbox.ttf.CmapSubtable processSubtype14
WARNING: Format 14 cmap table is not supported and will be ignored
Sep 13, 2026 7:01:23 AM org.apache.fontbox.ttf.CmapSubtable processSubtype14
WARNING: Format 14 cmap table is not supported and will be ignored
Sep 13, 2026 7:01:23 AM org.apache.fontbox.ttf.CmapSubtable processSubtype14
WARNING: Format 14 cmap table is not supported and will be ignored
Sep 13, 2026 7:01:24 AM org.apache.fontbox.ttf.CmapSubtable processSubtype14
WARNING: Format 14 cmap table is not supported and will be ignored
Sep 13, 2026 7:01:25 AM org.apache.fontbox.ttf.CmapSubtable processSubtype14
WARNING: Format 14 cmap table is not supported and will be ignored
Sep 13, 2026 7:01:25 AM org.apache.fontbox.ttf.CmapSubtable processSubtype14
WARNING: Format 14 cmap table is not supported and will be ignored
Sep 13, 2026 7:01:26 AM org.apache.fontbox.ttf.CmapSubtable processSubtype14
WARNING: Format 14 cmap table is not supported and will be ignored
Sep 13, 2026 7:01:26 AM org.apache.fontbox.ttf.CmapSubtable processSubtype14
WARNING: Format 14 cmap table is not supported and will be ignored
[ERROR] Tests run: 48, Failures: 0, Errors: 36, Skipped: 0, Time elapsed: 65.67 s <<< FAILURE! -- in net.zerocloud.pdf.consumer.UnicodeCompositionWorkflowTest
[ERROR] net.zerocloud.pdf.consumer.UnicodeCompositionWorkflowTest.nonWrappingOverflowPreservesSpacesUntilTheUnicodeLineOpportunity[IN_PROCESS] -- Time elapsed: 0.026 s <<< ERROR!
net.zerocloud.pdf.DocumentFailure: The text and logical-structure extraction limit was exceeded.
	at net.zerocloud.pdf.PdfBoxWorkflowEngine.failure(PdfBoxWorkflowEngine.java:292)
	at net.zerocloud.pdf.PdfBoxWorkflowEngine.executeWithDocument(PdfBoxWorkflowEngine.java:350)
	at net.zerocloud.pdf.PdfBoxWorkflowEngine.executeChecked(PdfBoxWorkflowEngine.java:238)
	at net.zerocloud.pdf.PdfBoxWorkflowEngine.execute(PdfBoxWorkflowEngine.java:41)
	at net.zerocloud.pdf.DocumentWorkflow.executeOnce(DocumentWorkflow.java:184)
	at net.zerocloud.pdf.DocumentWorkflow.execute(DocumentWorkflow.java:103)
	at net.zerocloud.pdf.DocumentWorkflow.execute(DocumentWorkflow.java:64)
	at net.zerocloud.pdf.consumer.UnicodeCompositionWorkflowTest.publishAndRead(UnicodeCompositionWorkflowTest.java:402)
	at net.zerocloud.pdf.consumer.UnicodeCompositionWorkflowTest.nonWrappingOverflowPreservesSpacesUntilTheUnicodeLineOpportunity(UnicodeCompositionWorkflowTest.java:170)
	at java.base/jdk.internal.reflect.NativeMethodAccessorImpl.invoke0(Native Method)
	at java.base/jdk.internal.reflect.NativeMethodAccessorImpl.invoke(NativeMethodAccessorImpl.java:77)
	at java.base/jdk.internal.reflect.DelegatingMethodAccessorImpl.invoke(DelegatingMethodAccessorImpl.java:43)
	at java.base/java.lang.reflect.Method.invoke(Method.java:568)
	at org.junit.runners.model.FrameworkMethod$1.runReflectiveCall(FrameworkMethod.java:59)
	at org.junit.internal.runners.model.ReflectiveCallable.run(ReflectiveCallable.java:12)
	at org.junit.runners.model.FrameworkMethod.invokeExplosively(FrameworkMethod.java:56)
	at org.junit.internal.runners.statements.InvokeMethod.evaluate(InvokeMethod.java:17)
	at org.junit.rules.ExternalResource$1.evaluate(ExternalResource.java:54)
	at org.junit.runners.ParentRunner$3.evaluate(ParentRunner.java:306)
	at org.junit.runners.BlockJUnit4ClassRunner$1.evaluate(BlockJUnit4ClassRunner.java:100)
	at org.junit.runners.ParentRunner.runLeaf(ParentRunner.java:366)
	at org.junit.runners.BlockJUnit4ClassRunner.runChild(BlockJUnit4ClassRunner.java:103)
	at org.junit.runners.BlockJUnit4ClassRunner.runChild(BlockJUnit4ClassRunner.java:63)
	at org.junit.runners.ParentRunner$4.run(ParentRunner.java:331)
	at org.junit.runners.ParentRunner$1.schedule(ParentRunner.java:79)
	at org.junit.runners.ParentRunner.runChildren(ParentRunner.java:329)
	at org.junit.runners.ParentRunner.access$100(ParentRunner.java:66)
	at org.junit.runners.ParentRunner$2.evaluate(ParentRunner.java:293)
	at org.junit.runners.ParentRunner.run(ParentRunner.java:413)
	at org.junit.runners.Suite.runChild(Suite.java:128)
	at org.junit.runners.Suite.runChild(Suite.java:27)
	at org.junit.runners.ParentRunner$4.run(ParentRunner.java:331)
	at org.junit.runners.ParentRunner$1.schedule(ParentRunner.java:79)
	at org.junit.runners.ParentRunner.runChildren(ParentRunner.java:329)
	at org.junit.runners.ParentRunner.access$100(ParentRunner.java:66)
	at org.junit.runners.ParentRunner$2.evaluate(ParentRunner.java:293)
	at org.junit.runners.ParentRunner$3.evaluate(ParentRunner.java:306)
	at org.junit.runners.ParentRunner.run(ParentRunner.java:413)
	at org.apache.maven.surefire.junit4.JUnit4Provider.execute(JUnit4Provider.java:316)
	at org.apache.maven.surefire.junit4.JUnit4Provider.executeWithRerun(JUnit4Provider.java:240)
	at org.apache.maven.surefire.junit4.JUnit4Provider.executeTestSet(JUnit4Provider.java:214)
	at org.apache.maven.surefire.junit4.JUnit4Provider.invoke(JUnit4Provider.java:155)
	at org.apache.maven.surefire.booter.ForkedBooter.runSuitesInProcess(ForkedBooter.java:385)
	at org.apache.maven.surefire.booter.ForkedBooter.execute(ForkedBooter.java:162)
	at org.apache.maven.surefire.booter.ForkedBooter.run(ForkedBooter.java:507)
	at org.apache.maven.surefire.booter.ForkedBooter.main(ForkedBooter.java:495)

[ERROR] net.zerocloud.pdf.consumer.UnicodeCompositionWorkflowTest.unicodeLineOpportunityPrecedesEmergencyGraphemeWrapping[IN_PROCESS] -- Time elapsed: 0.018 s <<< ERROR!
net.zerocloud.pdf.DocumentFailure: The text and logical-structure extraction limit was exceeded.
	at net.zerocloud.pdf.PdfBoxWorkflowEngine.failure(PdfBoxWorkflowEngine.java:292)
	at net.zerocloud.pdf.PdfBoxWorkflowEngine.executeWithDocument(PdfBoxWorkflowEngine.java:350)
	at net.zerocloud.pdf.PdfBoxWorkflowEngine.executeChecked(PdfBoxWorkflowEngine.java:238)
	at net.zerocloud.pdf.PdfBoxWorkflowEngine.execute(PdfBoxWorkflowEngine.java:41)
	at net.zerocloud.pdf.DocumentWorkflow.executeOnce(DocumentWorkflow.java:184)
	at net.zerocloud.pdf.DocumentWorkflow.execute(DocumentWorkflow.java:103)
	at net.zerocloud.pdf.DocumentWorkflow.execute(DocumentWorkflow.java:64)
	at net.zerocloud.pdf.consumer.UnicodeCompositionWorkflowTest.publishAndRead(UnicodeCompositionWorkflowTest.java:402)
	at net.zerocloud.pdf.consumer.UnicodeCompositionWorkflowTest.unicodeLineOpportunityPrecedesEmergencyGraphemeWrapping(UnicodeCompositionWorkflowTest.java:107)
	at java.base/jdk.internal.reflect.NativeMethodAccessorImpl.invoke0(Native Method)
	at java.base/jdk.internal.reflect.NativeMethodAccessorImpl.invoke(NativeMethodAccessorImpl.java:77)
	at java.base/jdk.internal.reflect.DelegatingMethodAccessorImpl.invoke(DelegatingMethodAccessorImpl.java:43)
	at java.base/java.lang.reflect.Method.invoke(Method.java:568)
	at org.junit.runners.model.FrameworkMethod$1.runReflectiveCall(FrameworkMethod.java:59)
	at org.junit.internal.runners.model.ReflectiveCallable.run(ReflectiveCallable.java:12)
	at org.junit.runners.model.FrameworkMethod.invokeExplosively(FrameworkMethod.java:56)
	at org.junit.internal.runners.statements.InvokeMethod.evaluate(InvokeMethod.java:17)
	at org.junit.rules.ExternalResource$1.evaluate(ExternalResource.java:54)
	at org.junit.runners.ParentRunner$3.evaluate(ParentRunner.java:306)
	at org.junit.runners.BlockJUnit4ClassRunner$1.evaluate(BlockJUnit4ClassRunner.java:100)
	at org.junit.runners.ParentRunner.runLeaf(ParentRunner.java:366)
	at org.junit.runners.BlockJUnit4ClassRunner.runChild(BlockJUnit4ClassRunner.java:103)
	at org.junit.runners.BlockJUnit4ClassRunner.runChild(BlockJUnit4ClassRunner.java:63)
	at org.junit.runners.ParentRunner$4.run(ParentRunner.java:331)
	at org.junit.runners.ParentRunner$1.schedule(ParentRunner.java:79)
	at org.junit.runners.ParentRunner.runChildren(ParentRunner.java:329)
	at org.junit.runners.ParentRunner.access$100(ParentRunner.java:66)
	at org.junit.runners.ParentRunner$2.evaluate(ParentRunner.java:293)
	at org.junit.runners.ParentRunner.run(ParentRunner.java:413)
	at org.junit.runners.Suite.runChild(Suite.java:128)
	at org.junit.runners.Suite.runChild(Suite.java:27)
	at org.junit.runners.ParentRunner$4.run(ParentRunner.java:331)
	at org.junit.runners.ParentRunner$1.schedule(ParentRunner.java:79)
	at org.junit.runners.ParentRunner.runChildren(ParentRunner.java:329)
	at org.junit.runners.ParentRunner.access$100(ParentRunner.java:66)
	at org.junit.runners.ParentRunner$2.evaluate(ParentRunner.java:293)
	at org.junit.runners.ParentRunner$3.evaluate(ParentRunner.java:306)
	at org.junit.runners.ParentRunner.run(ParentRunner.java:413)
	at org.apache.maven.surefire.junit4.JUnit4Provider.execute(JUnit4Provider.java:316)
	at org.apache.maven.surefire.junit4.JUnit4Provider.executeWithRerun(JUnit4Provider.java:240)
	at org.apache.maven.surefire.junit4.JUnit4Provider.executeTestSet(JUnit4Provider.java:214)
	at org.apache.maven.surefire.junit4.JUnit4Provider.invoke(JUnit4Provider.java:155)
	at org.apache.maven.surefire.booter.ForkedBooter.runSuitesInProcess(ForkedBooter.java:385)
	at org.apache.maven.surefire.booter.ForkedBooter.execute(ForkedBooter.java:162)
	at org.apache.maven.surefire.booter.ForkedBooter.run(ForkedBooter.java:507)
	at org.apache.maven.surefire.booter.ForkedBooter.main(ForkedBooter.java:495)

[ERROR] net.zerocloud.pdf.consumer.UnicodeCompositionWorkflowTest.koreanJamoClustersWrapAtomicallyAndOverwideClustersDoNotPublish[IN_PROCESS] -- Time elapsed: 0.516 s <<< ERROR!
net.zerocloud.pdf.DocumentFailure: The text and logical-structure extraction limit was exceeded.
	at net.zerocloud.pdf.PdfBoxWorkflowEngine.failure(PdfBoxWorkflowEngine.java:292)
	at net.zerocloud.pdf.PdfBoxWorkflowEngine.executeWithDocument(PdfBoxWorkflowEngine.java:350)
	at net.zerocloud.pdf.PdfBoxWorkflowEngine.executeChecked(PdfBoxWorkflowEngine.java:238)
	at net.zerocloud.pdf.PdfBoxWorkflowEngine.execute(PdfBoxWorkflowEngine.java:41)
	at net.zerocloud.pdf.DocumentWorkflow.executeOnce(DocumentWorkflow.java:184)
	at net.zerocloud.pdf.DocumentWorkflow.execute(DocumentWorkflow.java:103)
	at net.zerocloud.pdf.DocumentWorkflow.execute(DocumentWorkflow.java:64)
	at net.zerocloud.pdf.consumer.UnicodeCompositionWorkflowTest.publishAndRead(UnicodeCompositionWorkflowTest.java:402)
	at net.zerocloud.pdf.consumer.UnicodeCompositionWorkflowTest.koreanJamoClustersWrapAtomicallyAndOverwideClustersDoNotPublish(UnicodeCompositionWorkflowTest.java:244)
	at java.base/jdk.internal.reflect.NativeMethodAccessorImpl.invoke0(Native Method)
	at java.base/jdk.internal.reflect.NativeMethodAccessorImpl.invoke(NativeMethodAccessorImpl.java:77)
	at java.base/jdk.internal.reflect.DelegatingMethodAccessorImpl.invoke(DelegatingMethodAccessorImpl.java:43)
	at java.base/java.lang.reflect.Method.invoke(Method.java:568)
	at org.junit.runners.model.FrameworkMethod$1.runReflectiveCall(FrameworkMethod.java:59)
	at org.junit.internal.runners.model.ReflectiveCallable.run(ReflectiveCallable.java:12)
	at org.junit.runners.model.FrameworkMethod.invokeExplosively(FrameworkMethod.java:56)
	at org.junit.internal.runners.statements.InvokeMethod.evaluate(InvokeMethod.java:17)
	at org.junit.rules.ExternalResource$1.evaluate(ExternalResource.java:54)
	at org.junit.runners.ParentRunner$3.evaluate(ParentRunner.java:306)
	at org.junit.runners.BlockJUnit4ClassRunner$1.evaluate(BlockJUnit4ClassRunner.java:100)
	at org.junit.runners.ParentRunner.runLeaf(ParentRunner.java:366)
	at org.junit.runners.BlockJUnit4ClassRunner.runChild(BlockJUnit4ClassRunner.java:103)
	at org.junit.runners.BlockJUnit4ClassRunner.runChild(BlockJUnit4ClassRunner.java:63)
	at org.junit.runners.ParentRunner$4.run(ParentRunner.java:331)
	at org.junit.runners.ParentRunner$1.schedule(ParentRunner.java:79)
	at org.junit.runners.ParentRunner.runChildren(ParentRunner.java:329)
	at org.junit.runners.ParentRunner.access$100(ParentRunner.java:66)
	at org.junit.runners.ParentRunner$2.evaluate(ParentRunner.java:293)
	at org.junit.runners.ParentRunner.run(ParentRunner.java:413)
	at org.junit.runners.Suite.runChild(Suite.java:128)
	at org.junit.runners.Suite.runChild(Suite.java:27)
	at org.junit.runners.ParentRunner$4.run(ParentRunner.java:331)
	at org.junit.runners.ParentRunner$1.schedule(ParentRunner.java:79)
	at org.junit.runners.ParentRunner.runChildren(ParentRunner.java:329)
	at org.junit.runners.ParentRunner.access$100(ParentRunner.java:66)
	at org.junit.runners.ParentRunner$2.evaluate(ParentRunner.java:293)
	at org.junit.runners.ParentRunner$3.evaluate(ParentRunner.java:306)
	at org.junit.runners.ParentRunner.run(ParentRunner.java:413)
	at org.apache.maven.surefire.junit4.JUnit4Provider.execute(JUnit4Provider.java:316)
	at org.apache.maven.surefire.junit4.JUnit4Provider.executeWithRerun(JUnit4Provider.java:240)
	at org.apache.maven.surefire.junit4.JUnit4Provider.executeTestSet(JUnit4Provider.java:214)
	at org.apache.maven.surefire.junit4.JUnit4Provider.invoke(JUnit4Provider.java:155)
	at org.apache.maven.surefire.booter.ForkedBooter.runSuitesInProcess(ForkedBooter.java:385)
	at org.apache.maven.surefire.booter.ForkedBooter.execute(ForkedBooter.java:162)
	at org.apache.maven.surefire.booter.ForkedBooter.run(ForkedBooter.java:507)
	at org.apache.maven.surefire.booter.ForkedBooter.main(ForkedBooter.java:495)

[ERROR] net.zerocloud.pdf.consumer.UnicodeCompositionWorkflowTest.supplementaryHanUsesOneScalarAndOneClusterAcrossWorkerTransport[IN_PROCESS] -- Time elapsed: 0.615 s <<< ERROR!
net.zerocloud.pdf.DocumentFailure: The text and logical-structure extraction limit was exceeded.
	at net.zerocloud.pdf.PdfBoxWorkflowEngine.failure(PdfBoxWorkflowEngine.java:292)
	at net.zerocloud.pdf.PdfBoxWorkflowEngine.executeWithDocument(PdfBoxWorkflowEngine.java:350)
	at net.zerocloud.pdf.PdfBoxWorkflowEngine.executeChecked(PdfBoxWorkflowEngine.java:238)
	at net.zerocloud.pdf.PdfBoxWorkflowEngine.execute(PdfBoxWorkflowEngine.java:41)
	at net.zerocloud.pdf.DocumentWorkflow.executeOnce(DocumentWorkflow.java:184)
	at net.zerocloud.pdf.DocumentWorkflow.execute(DocumentWorkflow.java:103)
	at net.zerocloud.pdf.DocumentWorkflow.execute(DocumentWorkflow.java:64)
	at net.zerocloud.pdf.consumer.UnicodeCompositionWorkflowTest.publishAndRead(UnicodeCompositionWorkflowTest.java:402)
	at net.zerocloud.pdf.consumer.UnicodeCompositionWorkflowTest.supplementaryHanUsesOneScalarAndOneClusterAcrossWorkerTransport(UnicodeCompositionWorkflowTest.java:372)
	at java.base/jdk.internal.reflect.NativeMethodAccessorImpl.invoke0(Native Method)
	at java.base/jdk.internal.reflect.NativeMethodAccessorImpl.invoke(NativeMethodAccessorImpl.java:77)
	at java.base/jdk.internal.reflect.DelegatingMethodAccessorImpl.invoke(DelegatingMethodAccessorImpl.java:43)
	at java.base/java.lang.reflect.Method.invoke(Method.java:568)
	at org.junit.runners.model.FrameworkMethod$1.runReflectiveCall(FrameworkMethod.java:59)
	at org.junit.internal.runners.model.ReflectiveCallable.run(ReflectiveCallable.java:12)
	at org.junit.runners.model.FrameworkMethod.invokeExplosively(FrameworkMethod.java:56)
	at org.junit.internal.runners.statements.InvokeMethod.evaluate(InvokeMethod.java:17)
	at org.junit.rules.ExternalResource$1.evaluate(ExternalResource.java:54)
	at org.junit.runners.ParentRunner$3.evaluate(ParentRunner.java:306)
	at org.junit.runners.BlockJUnit4ClassRunner$1.evaluate(BlockJUnit4ClassRunner.java:100)
	at org.junit.runners.ParentRunner.runLeaf(ParentRunner.java:366)
	at org.junit.runners.BlockJUnit4ClassRunner.runChild(BlockJUnit4ClassRunner.java:103)
	at org.junit.runners.BlockJUnit4ClassRunner.runChild(BlockJUnit4ClassRunner.java:63)
	at org.junit.runners.ParentRunner$4.run(ParentRunner.java:331)
	at org.junit.runners.ParentRunner$1.schedule(ParentRunner.java:79)
	at org.junit.runners.ParentRunner.runChildren(ParentRunner.java:329)
	at org.junit.runners.ParentRunner.access$100(ParentRunner.java:66)
	at org.junit.runners.ParentRunner$2.evaluate(ParentRunner.java:293)
	at org.junit.runners.ParentRunner.run(ParentRunner.java:413)
	at org.junit.runners.Suite.runChild(Suite.java:128)
	at org.junit.runners.Suite.runChild(Suite.java:27)
	at org.junit.runners.ParentRunner$4.run(ParentRunner.java:331)
	at org.junit.runners.ParentRunner$1.schedule(ParentRunner.java:79)
	at org.junit.runners.ParentRunner.runChildren(ParentRunner.java:329)
	at org.junit.runners.ParentRunner.access$100(ParentRunner.java:66)
	at org.junit.runners.ParentRunner$2.evaluate(ParentRunner.java:293)
	at org.junit.runners.ParentRunner$3.evaluate(ParentRunner.java:306)
	at org.junit.runners.ParentRunner.run(ParentRunner.java:413)
	at org.apache.maven.surefire.junit4.JUnit4Provider.execute(JUnit4Provider.java:316)
	at org.apache.maven.surefire.junit4.JUnit4Provider.executeWithRerun(JUnit4Provider.java:240)
	at org.apache.maven.surefire.junit4.JUnit4Provider.executeTestSet(JUnit4Provider.java:214)
	at org.apache.maven.surefire.junit4.JUnit4Provider.invoke(JUnit4Provider.java:155)
	at org.apache.maven.surefire.booter.ForkedBooter.runSuitesInProcess(ForkedBooter.java:385)
	at org.apache.maven.surefire.booter.ForkedBooter.execute(ForkedBooter.java:162)
	at org.apache.maven.surefire.booter.ForkedBooter.run(ForkedBooter.java:507)
	at org.apache.maven.surefire.booter.ForkedBooter.main(ForkedBooter.java:495)

[ERROR] net.zerocloud.pdf.consumer.UnicodeCompositionWorkflowTest.mixedBidiRunsKeepNumbersAndPunctuationInTheReferenceOrder[IN_PROCESS] -- Time elapsed: 0.024 s <<< ERROR!
net.zerocloud.pdf.DocumentFailure: The text and logical-structure extraction limit was exceeded.
	at net.zerocloud.pdf.PdfBoxWorkflowEngine.failure(PdfBoxWorkflowEngine.java:292)
	at net.zerocloud.pdf.PdfBoxWorkflowEngine.executeWithDocument(PdfBoxWorkflowEngine.java:350)
	at net.zerocloud.pdf.PdfBoxWorkflowEngine.executeChecked(PdfBoxWorkflowEngine.java:238)
	at net.zerocloud.pdf.PdfBoxWorkflowEngine.execute(PdfBoxWorkflowEngine.java:41)
	at net.zerocloud.pdf.DocumentWorkflow.executeOnce(DocumentWorkflow.java:184)
	at net.zerocloud.pdf.DocumentWorkflow.execute(DocumentWorkflow.java:103)
	at net.zerocloud.pdf.DocumentWorkflow.execute(DocumentWorkflow.java:64)
	at net.zerocloud.pdf.consumer.UnicodeCompositionWorkflowTest.publishAndRead(UnicodeCompositionWorkflowTest.java:402)
	at net.zerocloud.pdf.consumer.UnicodeCompositionWorkflowTest.mixedBidiRunsKeepNumbersAndPunctuationInTheReferenceOrder(UnicodeCompositionWorkflowTest.java:121)
	at java.base/jdk.internal.reflect.NativeMethodAccessorImpl.invoke0(Native Method)
	at java.base/jdk.internal.reflect.NativeMethodAccessorImpl.invoke(NativeMethodAccessorImpl.java:77)
	at java.base/jdk.internal.reflect.DelegatingMethodAccessorImpl.invoke(DelegatingMethodAccessorImpl.java:43)
	at java.base/java.lang.reflect.Method.invoke(Method.java:568)
	at org.junit.runners.model.FrameworkMethod$1.runReflectiveCall(FrameworkMethod.java:59)
	at org.junit.internal.runners.model.ReflectiveCallable.run(ReflectiveCallable.java:12)
	at org.junit.runners.model.FrameworkMethod.invokeExplosively(FrameworkMethod.java:56)
	at org.junit.internal.runners.statements.InvokeMethod.evaluate(InvokeMethod.java:17)
	at org.junit.rules.ExternalResource$1.evaluate(ExternalResource.java:54)
	at org.junit.runners.ParentRunner$3.evaluate(ParentRunner.java:306)
	at org.junit.runners.BlockJUnit4ClassRunner$1.evaluate(BlockJUnit4ClassRunner.java:100)
	at org.junit.runners.ParentRunner.runLeaf(ParentRunner.java:366)
	at org.junit.runners.BlockJUnit4ClassRunner.runChild(BlockJUnit4ClassRunner.java:103)
	at org.junit.runners.BlockJUnit4ClassRunner.runChild(BlockJUnit4ClassRunner.java:63)
	at org.junit.runners.ParentRunner$4.run(ParentRunner.java:331)
	at org.junit.runners.ParentRunner$1.schedule(ParentRunner.java:79)
	at org.junit.runners.ParentRunner.runChildren(ParentRunner.java:329)
	at org.junit.runners.ParentRunner.access$100(ParentRunner.java:66)
	at org.junit.runners.ParentRunner$2.evaluate(ParentRunner.java:293)
	at org.junit.runners.ParentRunner.run(ParentRunner.java:413)
	at org.junit.runners.Suite.runChild(Suite.java:128)
	at org.junit.runners.Suite.runChild(Suite.java:27)
	at org.junit.runners.ParentRunner$4.run(ParentRunner.java:331)
	at org.junit.runners.ParentRunner$1.schedule(ParentRunner.java:79)
	at org.junit.runners.ParentRunner.runChildren(ParentRunner.java:329)
	at org.junit.runners.ParentRunner.access$100(ParentRunner.java:66)
	at org.junit.runners.ParentRunner$2.evaluate(ParentRunner.java:293)
	at org.junit.runners.ParentRunner$3.evaluate(ParentRunner.java:306)
	at org.junit.runners.ParentRunner.run(ParentRunner.java:413)
	at org.apache.maven.surefire.junit4.JUnit4Provider.execute(JUnit4Provider.java:316)
	at org.apache.maven.surefire.junit4.JUnit4Provider.executeWithRerun(JUnit4Provider.java:240)
	at org.apache.maven.surefire.junit4.JUnit4Provider.executeTestSet(JUnit4Provider.java:214)
	at org.apache.maven.surefire.junit4.JUnit4Provider.invoke(JUnit4Provider.java:155)
	at org.apache.maven.surefire.booter.ForkedBooter.runSuitesInProcess(ForkedBooter.java:385)
	at org.apache.maven.surefire.booter.ForkedBooter.execute(ForkedBooter.java:162)
	at org.apache.maven.surefire.booter.ForkedBooter.run(ForkedBooter.java:507)
	at org.apache.maven.surefire.booter.ForkedBooter.main(ForkedBooter.java:495)

[ERROR] net.zerocloud.pdf.consumer.UnicodeCompositionWorkflowTest.literalObjectReplacementCharacterIsTextRatherThanAnInlineGraphic[IN_PROCESS] -- Time elapsed: 0.019 s <<< ERROR!
net.zerocloud.pdf.DocumentFailure: The text and logical-structure extraction limit was exceeded.
	at net.zerocloud.pdf.PdfBoxWorkflowEngine.failure(PdfBoxWorkflowEngine.java:292)
	at net.zerocloud.pdf.PdfBoxWorkflowEngine.executeWithDocument(PdfBoxWorkflowEngine.java:350)
	at net.zerocloud.pdf.PdfBoxWorkflowEngine.executeChecked(PdfBoxWorkflowEngine.java:238)
	at net.zerocloud.pdf.PdfBoxWorkflowEngine.execute(PdfBoxWorkflowEngine.java:41)
	at net.zerocloud.pdf.DocumentWorkflow.executeOnce(DocumentWorkflow.java:184)
	at net.zerocloud.pdf.DocumentWorkflow.execute(DocumentWorkflow.java:103)
	at net.zerocloud.pdf.DocumentWorkflow.execute(DocumentWorkflow.java:64)
	at net.zerocloud.pdf.consumer.UnicodeCompositionWorkflowTest.publishAndRead(UnicodeCompositionWorkflowTest.java:402)
	at net.zerocloud.pdf.consumer.UnicodeCompositionWorkflowTest.literalObjectReplacementCharacterIsTextRatherThanAnInlineGraphic(UnicodeCompositionWorkflowTest.java:144)
	at java.base/jdk.internal.reflect.NativeMethodAccessorImpl.invoke0(Native Method)
	at java.base/jdk.internal.reflect.NativeMethodAccessorImpl.invoke(NativeMethodAccessorImpl.java:77)
	at java.base/jdk.internal.reflect.DelegatingMethodAccessorImpl.invoke(DelegatingMethodAccessorImpl.java:43)
	at java.base/java.lang.reflect.Method.invoke(Method.java:568)
	at org.junit.runners.model.FrameworkMethod$1.runReflectiveCall(FrameworkMethod.java:59)
	at org.junit.internal.runners.model.ReflectiveCallable.run(ReflectiveCallable.java:12)
	at org.junit.runners.model.FrameworkMethod.invokeExplosively(FrameworkMethod.java:56)
	at org.junit.internal.runners.statements.InvokeMethod.evaluate(InvokeMethod.java:17)
	at org.junit.rules.ExternalResource$1.evaluate(ExternalResource.java:54)
	at org.junit.runners.ParentRunner$3.evaluate(ParentRunner.java:306)
	at org.junit.runners.BlockJUnit4ClassRunner$1.evaluate(BlockJUnit4ClassRunner.java:100)
	at org.junit.runners.ParentRunner.runLeaf(ParentRunner.java:366)
	at org.junit.runners.BlockJUnit4ClassRunner.runChild(BlockJUnit4ClassRunner.java:103)
	at org.junit.runners.BlockJUnit4ClassRunner.runChild(BlockJUnit4ClassRunner.java:63)
	at org.junit.runners.ParentRunner$4.run(ParentRunner.java:331)
	at org.junit.runners.ParentRunner$1.schedule(ParentRunner.java:79)
	at org.junit.runners.ParentRunner.runChildren(ParentRunner.java:329)
	at org.junit.runners.ParentRunner.access$100(ParentRunner.java:66)
	at org.junit.runners.ParentRunner$2.evaluate(ParentRunner.java:293)
	at org.junit.runners.ParentRunner.run(ParentRunner.java:413)
	at org.junit.runners.Suite.runChild(Suite.java:128)
	at org.junit.runners.Suite.runChild(Suite.java:27)
	at org.junit.runners.ParentRunner$4.run(ParentRunner.java:331)
	at org.junit.runners.ParentRunner$1.schedule(ParentRunner.java:79)
	at org.junit.runners.ParentRunner.runChildren(ParentRunner.java:329)
	at org.junit.runners.ParentRunner.access$100(ParentRunner.java:66)
	at org.junit.runners.ParentRunner$2.evaluate(ParentRunner.java:293)
	at org.junit.runners.ParentRunner$3.evaluate(ParentRunner.java:306)
	at org.junit.runners.ParentRunner.run(ParentRunner.java:413)
	at org.apache.maven.surefire.junit4.JUnit4Provider.execute(JUnit4Provider.java:316)
	at org.apache.maven.surefire.junit4.JUnit4Provider.executeWithRerun(JUnit4Provider.java:240)
	at org.apache.maven.surefire.junit4.JUnit4Provider.executeTestSet(JUnit4Provider.java:214)
	at org.apache.maven.surefire.junit4.JUnit4Provider.invoke(JUnit4Provider.java:155)
	at org.apache.maven.surefire.booter.ForkedBooter.runSuitesInProcess(ForkedBooter.java:385)
	at org.apache.maven.surefire.booter.ForkedBooter.execute(ForkedBooter.java:162)
	at org.apache.maven.surefire.booter.ForkedBooter.run(ForkedBooter.java:507)
	at org.apache.maven.surefire.booter.ForkedBooter.main(ForkedBooter.java:495)

[ERROR] net.zerocloud.pdf.consumer.UnicodeCompositionWorkflowTest.wordAndScriptRunsWrapAtUnicodeOpportunitiesUnderRejectOverflow[IN_PROCESS] -- Time elapsed: 0.020 s <<< ERROR!
net.zerocloud.pdf.DocumentFailure: The text and logical-structure extraction limit was exceeded.
	at net.zerocloud.pdf.PdfBoxWorkflowEngine.failure(PdfBoxWorkflowEngine.java:292)
	at net.zerocloud.pdf.PdfBoxWorkflowEngine.executeWithDocument(PdfBoxWorkflowEngine.java:350)
	at net.zerocloud.pdf.PdfBoxWorkflowEngine.executeChecked(PdfBoxWorkflowEngine.java:238)
	at net.zerocloud.pdf.PdfBoxWorkflowEngine.execute(PdfBoxWorkflowEngine.java:41)
	at net.zerocloud.pdf.DocumentWorkflow.executeOnce(DocumentWorkflow.java:184)
	at net.zerocloud.pdf.DocumentWorkflow.execute(DocumentWorkflow.java:103)
	at net.zerocloud.pdf.DocumentWorkflow.execute(DocumentWorkflow.java:64)
	at net.zerocloud.pdf.consumer.UnicodeCompositionWorkflowTest.publishAndRead(UnicodeCompositionWorkflowTest.java:402)
	at net.zerocloud.pdf.consumer.UnicodeCompositionWorkflowTest.wordAndScriptRunsWrapAtUnicodeOpportunitiesUnderRejectOverflow(UnicodeCompositionWorkflowTest.java:152)
	at java.base/jdk.internal.reflect.NativeMethodAccessorImpl.invoke0(Native Method)
	at java.base/jdk.internal.reflect.NativeMethodAccessorImpl.invoke(NativeMethodAccessorImpl.java:77)
	at java.base/jdk.internal.reflect.DelegatingMethodAccessorImpl.invoke(DelegatingMethodAccessorImpl.java:43)
	at java.base/java.lang.reflect.Method.invoke(Method.java:568)
	at org.junit.runners.model.FrameworkMethod$1.runReflectiveCall(FrameworkMethod.java:59)
	at org.junit.internal.runners.model.ReflectiveCallable.run(ReflectiveCallable.java:12)
	at org.junit.runners.model.FrameworkMethod.invokeExplosively(FrameworkMethod.java:56)
	at org.junit.internal.runners.statements.InvokeMethod.evaluate(InvokeMethod.java:17)
	at org.junit.rules.ExternalResource$1.evaluate(ExternalResource.java:54)
	at org.junit.runners.ParentRunner$3.evaluate(ParentRunner.java:306)
	at org.junit.runners.BlockJUnit4ClassRunner$1.evaluate(BlockJUnit4ClassRunner.java:100)
	at org.junit.runners.ParentRunner.runLeaf(ParentRunner.java:366)
	at org.junit.runners.BlockJUnit4ClassRunner.runChild(BlockJUnit4ClassRunner.java:103)
	at org.junit.runners.BlockJUnit4ClassRunner.runChild(BlockJUnit4ClassRunner.java:63)
	at org.junit.runners.ParentRunner$4.run(ParentRunner.java:331)
	at org.junit.runners.ParentRunner$1.schedule(ParentRunner.java:79)
	at org.junit.runners.ParentRunner.runChildren(ParentRunner.java:329)
	at org.junit.runners.ParentRunner.access$100(ParentRunner.java:66)
	at org.junit.runners.ParentRunner$2.evaluate(ParentRunner.java:293)
	at org.junit.runners.ParentRunner.run(ParentRunner.java:413)
	at org.junit.runners.Suite.runChild(Suite.java:128)
	at org.junit.runners.Suite.runChild(Suite.java:27)
	at org.junit.runners.ParentRunner$4.run(ParentRunner.java:331)
	at org.junit.runners.ParentRunner$1.schedule(ParentRunner.java:79)
	at org.junit.runners.ParentRunner.runChildren(ParentRunner.java:329)
	at org.junit.runners.ParentRunner.access$100(ParentRunner.java:66)
	at org.junit.runners.ParentRunner$2.evaluate(ParentRunner.java:293)
	at org.junit.runners.ParentRunner$3.evaluate(ParentRunner.java:306)
	at org.junit.runners.ParentRunner.run(ParentRunner.java:413)
	at org.apache.maven.surefire.junit4.JUnit4Provider.execute(JUnit4Provider.java:316)
	at org.apache.maven.surefire.junit4.JUnit4Provider.executeWithRerun(JUnit4Provider.java:240)
	at org.apache.maven.surefire.junit4.JUnit4Provider.executeTestSet(JUnit4Provider.java:214)
	at org.apache.maven.surefire.junit4.JUnit4Provider.invoke(JUnit4Provider.java:155)
	at org.apache.maven.surefire.booter.ForkedBooter.runSuitesInProcess(ForkedBooter.java:385)
	at org.apache.maven.surefire.booter.ForkedBooter.execute(ForkedBooter.java:162)
	at org.apache.maven.surefire.booter.ForkedBooter.run(ForkedBooter.java:507)
	at org.apache.maven.surefire.booter.ForkedBooter.main(ForkedBooter.java:495)

[ERROR] net.zerocloud.pdf.consumer.UnicodeCompositionWorkflowTest.rightToLeftBaseMirrorsPairedPunctuationWithoutReversingDigits[IN_PROCESS] -- Time elapsed: 0.021 s <<< ERROR!
net.zerocloud.pdf.DocumentFailure: The text and logical-structure extraction limit was exceeded.
	at net.zerocloud.pdf.PdfBoxWorkflowEngine.failure(PdfBoxWorkflowEngine.java:292)
	at net.zerocloud.pdf.PdfBoxWorkflowEngine.executeWithDocument(PdfBoxWorkflowEngine.java:350)
	at net.zerocloud.pdf.PdfBoxWorkflowEngine.executeChecked(PdfBoxWorkflowEngine.java:238)
	at net.zerocloud.pdf.PdfBoxWorkflowEngine.execute(PdfBoxWorkflowEngine.java:41)
	at net.zerocloud.pdf.DocumentWorkflow.executeOnce(DocumentWorkflow.java:184)
	at net.zerocloud.pdf.DocumentWorkflow.execute(DocumentWorkflow.java:103)
	at net.zerocloud.pdf.DocumentWorkflow.execute(DocumentWorkflow.java:64)
	at net.zerocloud.pdf.consumer.UnicodeCompositionWorkflowTest.publishAndRead(UnicodeCompositionWorkflowTest.java:402)
	at net.zerocloud.pdf.consumer.UnicodeCompositionWorkflowTest.rightToLeftBaseMirrorsPairedPunctuationWithoutReversingDigits(UnicodeCompositionWorkflowTest.java:134)
	at java.base/jdk.internal.reflect.NativeMethodAccessorImpl.invoke0(Native Method)
	at java.base/jdk.internal.reflect.NativeMethodAccessorImpl.invoke(NativeMethodAccessorImpl.java:77)
	at java.base/jdk.internal.reflect.DelegatingMethodAccessorImpl.invoke(DelegatingMethodAccessorImpl.java:43)
	at java.base/java.lang.reflect.Method.invoke(Method.java:568)
	at org.junit.runners.model.FrameworkMethod$1.runReflectiveCall(FrameworkMethod.java:59)
	at org.junit.internal.runners.model.ReflectiveCallable.run(ReflectiveCallable.java:12)
	at org.junit.runners.model.FrameworkMethod.invokeExplosively(FrameworkMethod.java:56)
	at org.junit.internal.runners.statements.InvokeMethod.evaluate(InvokeMethod.java:17)
	at org.junit.rules.ExternalResource$1.evaluate(ExternalResource.java:54)
	at org.junit.runners.ParentRunner$3.evaluate(ParentRunner.java:306)
	at org.junit.runners.BlockJUnit4ClassRunner$1.evaluate(BlockJUnit4ClassRunner.java:100)
	at org.junit.runners.ParentRunner.runLeaf(ParentRunner.java:366)
	at org.junit.runners.BlockJUnit4ClassRunner.runChild(BlockJUnit4ClassRunner.java:103)
	at org.junit.runners.BlockJUnit4ClassRunner.runChild(BlockJUnit4ClassRunner.java:63)
	at org.junit.runners.ParentRunner$4.run(ParentRunner.java:331)
	at org.junit.runners.ParentRunner$1.schedule(ParentRunner.java:79)
	at org.junit.runners.ParentRunner.runChildren(ParentRunner.java:329)
	at org.junit.runners.ParentRunner.access$100(ParentRunner.java:66)
	at org.junit.runners.ParentRunner$2.evaluate(ParentRunner.java:293)
	at org.junit.runners.ParentRunner.run(ParentRunner.java:413)
	at org.junit.runners.Suite.runChild(Suite.java:128)
	at org.junit.runners.Suite.runChild(Suite.java:27)
	at org.junit.runners.ParentRunner$4.run(ParentRunner.java:331)
	at org.junit.runners.ParentRunner$1.schedule(ParentRunner.java:79)
	at org.junit.runners.ParentRunner.runChildren(ParentRunner.java:329)
	at org.junit.runners.ParentRunner.access$100(ParentRunner.java:66)
	at org.junit.runners.ParentRunner$2.evaluate(ParentRunner.java:293)
	at org.junit.runners.ParentRunner$3.evaluate(ParentRunner.java:306)
	at org.junit.runners.ParentRunner.run(ParentRunner.java:413)
	at org.apache.maven.surefire.junit4.JUnit4Provider.execute(JUnit4Provider.java:316)
	at org.apache.maven.surefire.junit4.JUnit4Provider.executeWithRerun(JUnit4Provider.java:240)
	at org.apache.maven.surefire.junit4.JUnit4Provider.executeTestSet(JUnit4Provider.java:214)
	at org.apache.maven.surefire.junit4.JUnit4Provider.invoke(JUnit4Provider.java:155)
	at org.apache.maven.surefire.booter.ForkedBooter.runSuitesInProcess(ForkedBooter.java:385)
	at org.apache.maven.surefire.booter.ForkedBooter.execute(ForkedBooter.java:162)
	at org.apache.maven.surefire.booter.ForkedBooter.run(ForkedBooter.java:507)
	at org.apache.maven.surefire.booter.ForkedBooter.main(ForkedBooter.java:495)

[ERROR] net.zerocloud.pdf.consumer.UnicodeCompositionWorkflowTest.completeCjkFontsUseTheExplicitRegionAndPreserveSubsetMappings[IN_PROCESS] -- Time elapsed: 1.015 s <<< ERROR!
net.zerocloud.pdf.DocumentFailure: The text and logical-structure extraction limit was exceeded.
	at net.zerocloud.pdf.PdfBoxWorkflowEngine.failure(PdfBoxWorkflowEngine.java:292)
	at net.zerocloud.pdf.PdfBoxWorkflowEngine.executeWithDocument(PdfBoxWorkflowEngine.java:350)
	at net.zerocloud.pdf.PdfBoxWorkflowEngine.executeChecked(PdfBoxWorkflowEngine.java:238)
	at net.zerocloud.pdf.PdfBoxWorkflowEngine.execute(PdfBoxWorkflowEngine.java:41)
	at net.zerocloud.pdf.DocumentWorkflow.executeOnce(DocumentWorkflow.java:184)
	at net.zerocloud.pdf.DocumentWorkflow.execute(DocumentWorkflow.java:103)
	at net.zerocloud.pdf.DocumentWorkflow.execute(DocumentWorkflow.java:64)
	at net.zerocloud.pdf.consumer.UnicodeCompositionWorkflowTest.publishAndRead(UnicodeCompositionWorkflowTest.java:402)
	at net.zerocloud.pdf.consumer.UnicodeCompositionWorkflowTest.completeCjkFontsUseTheExplicitRegionAndPreserveSubsetMappings(UnicodeCompositionWorkflowTest.java:391)
	at java.base/jdk.internal.reflect.NativeMethodAccessorImpl.invoke0(Native Method)
	at java.base/jdk.internal.reflect.NativeMethodAccessorImpl.invoke(NativeMethodAccessorImpl.java:77)
	at java.base/jdk.internal.reflect.DelegatingMethodAccessorImpl.invoke(DelegatingMethodAccessorImpl.java:43)
	at java.base/java.lang.reflect.Method.invoke(Method.java:568)
	at org.junit.runners.model.FrameworkMethod$1.runReflectiveCall(FrameworkMethod.java:59)
	at org.junit.internal.runners.model.ReflectiveCallable.run(ReflectiveCallable.java:12)
	at org.junit.runners.model.FrameworkMethod.invokeExplosively(FrameworkMethod.java:56)
	at org.junit.internal.runners.statements.InvokeMethod.evaluate(InvokeMethod.java:17)
	at org.junit.rules.ExternalResource$1.evaluate(ExternalResource.java:54)
	at org.junit.runners.ParentRunner$3.evaluate(ParentRunner.java:306)
	at org.junit.runners.BlockJUnit4ClassRunner$1.evaluate(BlockJUnit4ClassRunner.java:100)
	at org.junit.runners.ParentRunner.runLeaf(ParentRunner.java:366)
	at org.junit.runners.BlockJUnit4ClassRunner.runChild(BlockJUnit4ClassRunner.java:103)
	at org.junit.runners.BlockJUnit4ClassRunner.runChild(BlockJUnit4ClassRunner.java:63)
	at org.junit.runners.ParentRunner$4.run(ParentRunner.java:331)
	at org.junit.runners.ParentRunner$1.schedule(ParentRunner.java:79)
	at org.junit.runners.ParentRunner.runChildren(ParentRunner.java:329)
	at org.junit.runners.ParentRunner.access$100(ParentRunner.java:66)
	at org.junit.runners.ParentRunner$2.evaluate(ParentRunner.java:293)
	at org.junit.runners.ParentRunner.run(ParentRunner.java:413)
	at org.junit.runners.Suite.runChild(Suite.java:128)
	at org.junit.runners.Suite.runChild(Suite.java:27)
	at org.junit.runners.ParentRunner$4.run(ParentRunner.java:331)
	at org.junit.runners.ParentRunner$1.schedule(ParentRunner.java:79)
	at org.junit.runners.ParentRunner.runChildren(ParentRunner.java:329)
	at org.junit.runners.ParentRunner.access$100(ParentRunner.java:66)
	at org.junit.runners.ParentRunner$2.evaluate(ParentRunner.java:293)
	at org.junit.runners.ParentRunner$3.evaluate(ParentRunner.java:306)
	at org.junit.runners.ParentRunner.run(ParentRunner.java:413)
	at org.apache.maven.surefire.junit4.JUnit4Provider.execute(JUnit4Provider.java:316)
	at org.apache.maven.surefire.junit4.JUnit4Provider.executeWithRerun(JUnit4Provider.java:240)
	at org.apache.maven.surefire.junit4.JUnit4Provider.executeTestSet(JUnit4Provider.java:214)
	at org.apache.maven.surefire.junit4.JUnit4Provider.invoke(JUnit4Provider.java:155)
	at org.apache.maven.surefire.booter.ForkedBooter.runSuitesInProcess(ForkedBooter.java:385)
	at org.apache.maven.surefire.booter.ForkedBooter.execute(ForkedBooter.java:162)
	at org.apache.maven.surefire.booter.ForkedBooter.run(ForkedBooter.java:507)
	at org.apache.maven.surefire.booter.ForkedBooter.main(ForkedBooter.java:495)

[ERROR] net.zerocloud.pdf.consumer.UnicodeCompositionWorkflowTest.unicodeLineAndParagraphSeparatorsForceLinesWithoutDrawingControlGlyphs[IN_PROCESS] -- Time elapsed: 0.019 s <<< ERROR!
net.zerocloud.pdf.DocumentFailure: The text and logical-structure extraction limit was exceeded.
	at net.zerocloud.pdf.PdfBoxWorkflowEngine.failure(PdfBoxWorkflowEngine.java:292)
	at net.zerocloud.pdf.PdfBoxWorkflowEngine.executeWithDocument(PdfBoxWorkflowEngine.java:350)
	at net.zerocloud.pdf.PdfBoxWorkflowEngine.executeChecked(PdfBoxWorkflowEngine.java:238)
	at net.zerocloud.pdf.PdfBoxWorkflowEngine.execute(PdfBoxWorkflowEngine.java:41)
	at net.zerocloud.pdf.DocumentWorkflow.executeOnce(DocumentWorkflow.java:184)
	at net.zerocloud.pdf.DocumentWorkflow.execute(DocumentWorkflow.java:103)
	at net.zerocloud.pdf.DocumentWorkflow.execute(DocumentWorkflow.java:64)
	at net.zerocloud.pdf.consumer.UnicodeCompositionWorkflowTest.publishAndRead(UnicodeCompositionWorkflowTest.java:402)
	at net.zerocloud.pdf.consumer.UnicodeCompositionWorkflowTest.unicodeLineAndParagraphSeparatorsForceLinesWithoutDrawingControlGlyphs(UnicodeCompositionWorkflowTest.java:190)
	at java.base/jdk.internal.reflect.NativeMethodAccessorImpl.invoke0(Native Method)
	at java.base/jdk.internal.reflect.NativeMethodAccessorImpl.invoke(NativeMethodAccessorImpl.java:77)
	at java.base/jdk.internal.reflect.DelegatingMethodAccessorImpl.invoke(DelegatingMethodAccessorImpl.java:43)
	at java.base/java.lang.reflect.Method.invoke(Method.java:568)
	at org.junit.runners.model.FrameworkMethod$1.runReflectiveCall(FrameworkMethod.java:59)
	at org.junit.internal.runners.model.ReflectiveCallable.run(ReflectiveCallable.java:12)
	at org.junit.runners.model.FrameworkMethod.invokeExplosively(FrameworkMethod.java:56)
	at org.junit.internal.runners.statements.InvokeMethod.evaluate(InvokeMethod.java:17)
	at org.junit.rules.ExternalResource$1.evaluate(ExternalResource.java:54)
	at org.junit.runners.ParentRunner$3.evaluate(ParentRunner.java:306)
	at org.junit.runners.BlockJUnit4ClassRunner$1.evaluate(BlockJUnit4ClassRunner.java:100)
	at org.junit.runners.ParentRunner.runLeaf(ParentRunner.java:366)
	at org.junit.runners.BlockJUnit4ClassRunner.runChild(BlockJUnit4ClassRunner.java:103)
	at org.junit.runners.BlockJUnit4ClassRunner.runChild(BlockJUnit4ClassRunner.java:63)
	at org.junit.runners.ParentRunner$4.run(ParentRunner.java:331)
	at org.junit.runners.ParentRunner$1.schedule(ParentRunner.java:79)
	at org.junit.runners.ParentRunner.runChildren(ParentRunner.java:329)
	at org.junit.runners.ParentRunner.access$100(ParentRunner.java:66)
	at org.junit.runners.ParentRunner$2.evaluate(ParentRunner.java:293)
	at org.junit.runners.ParentRunner.run(ParentRunner.java:413)
	at org.junit.runners.Suite.runChild(Suite.java:128)
	at org.junit.runners.Suite.runChild(Suite.java:27)
	at org.junit.runners.ParentRunner$4.run(ParentRunner.java:331)
	at org.junit.runners.ParentRunner$1.schedule(ParentRunner.java:79)
	at org.junit.runners.ParentRunner.runChildren(ParentRunner.java:329)
	at org.junit.runners.ParentRunner.access$100(ParentRunner.java:66)
	at org.junit.runners.ParentRunner$2.evaluate(ParentRunner.java:293)
	at org.junit.runners.ParentRunner$3.evaluate(ParentRunner.java:306)
	at org.junit.runners.ParentRunner.run(ParentRunner.java:413)
	at org.apache.maven.surefire.junit4.JUnit4Provider.execute(JUnit4Provider.java:316)
	at org.apache.maven.surefire.junit4.JUnit4Provider.executeWithRerun(JUnit4Provider.java:240)
	at org.apache.maven.surefire.junit4.JUnit4Provider.executeTestSet(JUnit4Provider.java:214)
	at org.apache.maven.surefire.junit4.JUnit4Provider.invoke(JUnit4Provider.java:155)
	at org.apache.maven.surefire.booter.ForkedBooter.runSuitesInProcess(ForkedBooter.java:385)
	at org.apache.maven.surefire.booter.ForkedBooter.execute(ForkedBooter.java:162)
	at org.apache.maven.surefire.booter.ForkedBooter.run(ForkedBooter.java:507)
	at org.apache.maven.surefire.booter.ForkedBooter.main(ForkedBooter.java:495)

[ERROR] net.zerocloud.pdf.consumer.UnicodeCompositionWorkflowTest.staticNotoSansPreservesLatinGreekAndCyrillicThroughPublication[IN_PROCESS] -- Time elapsed: 0.032 s <<< ERROR!
net.zerocloud.pdf.DocumentFailure: The text and logical-structure extraction limit was exceeded.
	at net.zerocloud.pdf.PdfBoxWorkflowEngine.failure(PdfBoxWorkflowEngine.java:292)
	at net.zerocloud.pdf.PdfBoxWorkflowEngine.executeWithDocument(PdfBoxWorkflowEngine.java:350)
	at net.zerocloud.pdf.PdfBoxWorkflowEngine.executeChecked(PdfBoxWorkflowEngine.java:238)
	at net.zerocloud.pdf.PdfBoxWorkflowEngine.execute(PdfBoxWorkflowEngine.java:41)
	at net.zerocloud.pdf.DocumentWorkflow.executeOnce(DocumentWorkflow.java:184)
	at net.zerocloud.pdf.DocumentWorkflow.execute(DocumentWorkflow.java:103)
	at net.zerocloud.pdf.DocumentWorkflow.execute(DocumentWorkflow.java:64)
	at net.zerocloud.pdf.consumer.UnicodeCompositionWorkflowTest.publishAndRead(UnicodeCompositionWorkflowTest.java:402)
	at net.zerocloud.pdf.consumer.UnicodeCompositionWorkflowTest.staticNotoSansPreservesLatinGreekAndCyrillicThroughPublication(UnicodeCompositionWorkflowTest.java:81)
	at java.base/jdk.internal.reflect.NativeMethodAccessorImpl.invoke0(Native Method)
	at java.base/jdk.internal.reflect.NativeMethodAccessorImpl.invoke(NativeMethodAccessorImpl.java:77)
	at java.base/jdk.internal.reflect.DelegatingMethodAccessorImpl.invoke(DelegatingMethodAccessorImpl.java:43)
	at java.base/java.lang.reflect.Method.invoke(Method.java:568)
	at org.junit.runners.model.FrameworkMethod$1.runReflectiveCall(FrameworkMethod.java:59)
	at org.junit.internal.runners.model.ReflectiveCallable.run(ReflectiveCallable.java:12)
	at org.junit.runners.model.FrameworkMethod.invokeExplosively(FrameworkMethod.java:56)
	at org.junit.internal.runners.statements.InvokeMethod.evaluate(InvokeMethod.java:17)
	at org.junit.rules.ExternalResource$1.evaluate(ExternalResource.java:54)
	at org.junit.runners.ParentRunner$3.evaluate(ParentRunner.java:306)
	at org.junit.runners.BlockJUnit4ClassRunner$1.evaluate(BlockJUnit4ClassRunner.java:100)
	at org.junit.runners.ParentRunner.runLeaf(ParentRunner.java:366)
	at org.junit.runners.BlockJUnit4ClassRunner.runChild(BlockJUnit4ClassRunner.java:103)
	at org.junit.runners.BlockJUnit4ClassRunner.runChild(BlockJUnit4ClassRunner.java:63)
	at org.junit.runners.ParentRunner$4.run(ParentRunner.java:331)
	at org.junit.runners.ParentRunner$1.schedule(ParentRunner.java:79)
	at org.junit.runners.ParentRunner.runChildren(ParentRunner.java:329)
	at org.junit.runners.ParentRunner.access$100(ParentRunner.java:66)
	at org.junit.runners.ParentRunner$2.evaluate(ParentRunner.java:293)
	at org.junit.runners.ParentRunner.run(ParentRunner.java:413)
	at org.junit.runners.Suite.runChild(Suite.java:128)
	at org.junit.runners.Suite.runChild(Suite.java:27)
	at org.junit.runners.ParentRunner$4.run(ParentRunner.java:331)
	at org.junit.runners.ParentRunner$1.schedule(ParentRunner.java:79)
	at org.junit.runners.ParentRunner.runChildren(ParentRunner.java:329)
	at org.junit.runners.ParentRunner.access$100(ParentRunner.java:66)
	at org.junit.runners.ParentRunner$2.evaluate(ParentRunner.java:293)
	at org.junit.runners.ParentRunner$3.evaluate(ParentRunner.java:306)
	at org.junit.runners.ParentRunner.run(ParentRunner.java:413)
	at org.apache.maven.surefire.junit4.JUnit4Provider.execute(JUnit4Provider.java:316)
	at org.apache.maven.surefire.junit4.JUnit4Provider.executeWithRerun(JUnit4Provider.java:240)
	at org.apache.maven.surefire.junit4.JUnit4Provider.executeTestSet(JUnit4Provider.java:214)
	at org.apache.maven.surefire.junit4.JUnit4Provider.invoke(JUnit4Provider.java:155)
	at org.apache.maven.surefire.booter.ForkedBooter.runSuitesInProcess(ForkedBooter.java:385)
	at org.apache.maven.surefire.booter.ForkedBooter.execute(ForkedBooter.java:162)
	at org.apache.maven.surefire.booter.ForkedBooter.run(ForkedBooter.java:507)
	at org.apache.maven.surefire.booter.ForkedBooter.main(ForkedBooter.java:495)

[ERROR] net.zerocloud.pdf.consumer.UnicodeCompositionWorkflowTest.justificationExpandsAfterTheWholeSpaceCombiningCluster[IN_PROCESS] -- Time elapsed: 0.023 s <<< ERROR!
net.zerocloud.pdf.DocumentFailure: The text and logical-structure extraction limit was exceeded.
	at net.zerocloud.pdf.PdfBoxWorkflowEngine.failure(PdfBoxWorkflowEngine.java:292)
	at net.zerocloud.pdf.PdfBoxWorkflowEngine.executeWithDocument(PdfBoxWorkflowEngine.java:350)
	at net.zerocloud.pdf.PdfBoxWorkflowEngine.executeChecked(PdfBoxWorkflowEngine.java:238)
	at net.zerocloud.pdf.PdfBoxWorkflowEngine.execute(PdfBoxWorkflowEngine.java:41)
	at net.zerocloud.pdf.DocumentWorkflow.executeOnce(DocumentWorkflow.java:184)
	at net.zerocloud.pdf.DocumentWorkflow.execute(DocumentWorkflow.java:103)
	at net.zerocloud.pdf.DocumentWorkflow.execute(DocumentWorkflow.java:64)
	at net.zerocloud.pdf.consumer.UnicodeCompositionWorkflowTest.publishAndRead(UnicodeCompositionWorkflowTest.java:402)
	at net.zerocloud.pdf.consumer.UnicodeCompositionWorkflowTest.justificationExpandsAfterTheWholeSpaceCombiningCluster(UnicodeCompositionWorkflowTest.java:202)
	at java.base/jdk.internal.reflect.NativeMethodAccessorImpl.invoke0(Native Method)
	at java.base/jdk.internal.reflect.NativeMethodAccessorImpl.invoke(NativeMethodAccessorImpl.java:77)
	at java.base/jdk.internal.reflect.DelegatingMethodAccessorImpl.invoke(DelegatingMethodAccessorImpl.java:43)
	at java.base/java.lang.reflect.Method.invoke(Method.java:568)
	at org.junit.runners.model.FrameworkMethod$1.runReflectiveCall(FrameworkMethod.java:59)
	at org.junit.internal.runners.model.ReflectiveCallable.run(ReflectiveCallable.java:12)
	at org.junit.runners.model.FrameworkMethod.invokeExplosively(FrameworkMethod.java:56)
	at org.junit.internal.runners.statements.InvokeMethod.evaluate(InvokeMethod.java:17)
	at org.junit.rules.ExternalResource$1.evaluate(ExternalResource.java:54)
	at org.junit.runners.ParentRunner$3.evaluate(ParentRunner.java:306)
	at org.junit.runners.BlockJUnit4ClassRunner$1.evaluate(BlockJUnit4ClassRunner.java:100)
	at org.junit.runners.ParentRunner.runLeaf(ParentRunner.java:366)
	at org.junit.runners.BlockJUnit4ClassRunner.runChild(BlockJUnit4ClassRunner.java:103)
	at org.junit.runners.BlockJUnit4ClassRunner.runChild(BlockJUnit4ClassRunner.java:63)
	at org.junit.runners.ParentRunner$4.run(ParentRunner.java:331)
	at org.junit.runners.ParentRunner$1.schedule(ParentRunner.java:79)
	at org.junit.runners.ParentRunner.runChildren(ParentRunner.java:329)
	at org.junit.runners.ParentRunner.access$100(ParentRunner.java:66)
	at org.junit.runners.ParentRunner$2.evaluate(ParentRunner.java:293)
	at org.junit.runners.ParentRunner.run(ParentRunner.java:413)
	at org.junit.runners.Suite.runChild(Suite.java:128)
	at org.junit.runners.Suite.runChild(Suite.java:27)
	at org.junit.runners.ParentRunner$4.run(ParentRunner.java:331)
	at org.junit.runners.ParentRunner$1.schedule(ParentRunner.java:79)
	at org.junit.runners.ParentRunner.runChildren(ParentRunner.java:329)
	at org.junit.runners.ParentRunner.access$100(ParentRunner.java:66)
	at org.junit.runners.ParentRunner$2.evaluate(ParentRunner.java:293)
	at org.junit.runners.ParentRunner$3.evaluate(ParentRunner.java:306)
	at org.junit.runners.ParentRunner.run(ParentRunner.java:413)
	at org.apache.maven.surefire.junit4.JUnit4Provider.execute(JUnit4Provider.java:316)
	at org.apache.maven.surefire.junit4.JUnit4Provider.executeWithRerun(JUnit4Provider.java:240)
	at org.apache.maven.surefire.junit4.JUnit4Provider.executeTestSet(JUnit4Provider.java:214)
	at org.apache.maven.surefire.junit4.JUnit4Provider.invoke(JUnit4Provider.java:155)
	at org.apache.maven.surefire.booter.ForkedBooter.runSuitesInProcess(ForkedBooter.java:385)
	at org.apache.maven.surefire.booter.ForkedBooter.execute(ForkedBooter.java:162)
	at org.apache.maven.surefire.booter.ForkedBooter.run(ForkedBooter.java:507)
	at org.apache.maven.surefire.booter.ForkedBooter.main(ForkedBooter.java:495)

[ERROR] net.zerocloud.pdf.consumer.UnicodeCompositionWorkflowTest.bidiTabAnchorsUseVisualOffsetsAndFieldsKeepTheirPhysicalPositions[IN_PROCESS] -- Time elapsed: 0.032 s <<< ERROR!
net.zerocloud.pdf.DocumentFailure: The text and logical-structure extraction limit was exceeded.
	at net.zerocloud.pdf.PdfBoxWorkflowEngine.failure(PdfBoxWorkflowEngine.java:292)
	at net.zerocloud.pdf.PdfBoxWorkflowEngine.executeWithDocument(PdfBoxWorkflowEngine.java:350)
	at net.zerocloud.pdf.PdfBoxWorkflowEngine.executeChecked(PdfBoxWorkflowEngine.java:238)
	at net.zerocloud.pdf.PdfBoxWorkflowEngine.execute(PdfBoxWorkflowEngine.java:41)
	at net.zerocloud.pdf.DocumentWorkflow.executeOnce(DocumentWorkflow.java:184)
	at net.zerocloud.pdf.DocumentWorkflow.execute(DocumentWorkflow.java:103)
	at net.zerocloud.pdf.DocumentWorkflow.execute(DocumentWorkflow.java:64)
	at net.zerocloud.pdf.consumer.UnicodeCompositionWorkflowTest.publishAndRead(UnicodeCompositionWorkflowTest.java:402)
	at net.zerocloud.pdf.consumer.UnicodeCompositionWorkflowTest.bidiTabAnchorsUseVisualOffsetsAndFieldsKeepTheirPhysicalPositions(UnicodeCompositionWorkflowTest.java:226)
	at java.base/jdk.internal.reflect.NativeMethodAccessorImpl.invoke0(Native Method)
	at java.base/jdk.internal.reflect.NativeMethodAccessorImpl.invoke(NativeMethodAccessorImpl.java:77)
	at java.base/jdk.internal.reflect.DelegatingMethodAccessorImpl.invoke(DelegatingMethodAccessorImpl.java:43)
	at java.base/java.lang.reflect.Method.invoke(Method.java:568)
	at org.junit.runners.model.FrameworkMethod$1.runReflectiveCall(FrameworkMethod.java:59)
	at org.junit.internal.runners.model.ReflectiveCallable.run(ReflectiveCallable.java:12)
	at org.junit.runners.model.FrameworkMethod.invokeExplosively(FrameworkMethod.java:56)
	at org.junit.internal.runners.statements.InvokeMethod.evaluate(InvokeMethod.java:17)
	at org.junit.rules.ExternalResource$1.evaluate(ExternalResource.java:54)
	at org.junit.runners.ParentRunner$3.evaluate(ParentRunner.java:306)
	at org.junit.runners.BlockJUnit4ClassRunner$1.evaluate(BlockJUnit4ClassRunner.java:100)
	at org.junit.runners.ParentRunner.runLeaf(ParentRunner.java:366)
	at org.junit.runners.BlockJUnit4ClassRunner.runChild(BlockJUnit4ClassRunner.java:103)
	at org.junit.runners.BlockJUnit4ClassRunner.runChild(BlockJUnit4ClassRunner.java:63)
	at org.junit.runners.ParentRunner$4.run(ParentRunner.java:331)
	at org.junit.runners.ParentRunner$1.schedule(ParentRunner.java:79)
	at org.junit.runners.ParentRunner.runChildren(ParentRunner.java:329)
	at org.junit.runners.ParentRunner.access$100(ParentRunner.java:66)
	at org.junit.runners.ParentRunner$2.evaluate(ParentRunner.java:293)
	at org.junit.runners.ParentRunner.run(ParentRunner.java:413)
	at org.junit.runners.Suite.runChild(Suite.java:128)
	at org.junit.runners.Suite.runChild(Suite.java:27)
	at org.junit.runners.ParentRunner$4.run(ParentRunner.java:331)
	at org.junit.runners.ParentRunner$1.schedule(ParentRunner.java:79)
	at org.junit.runners.ParentRunner.runChildren(ParentRunner.java:329)
	at org.junit.runners.ParentRunner.access$100(ParentRunner.java:66)
	at org.junit.runners.ParentRunner$2.evaluate(ParentRunner.java:293)
	at org.junit.runners.ParentRunner$3.evaluate(ParentRunner.java:306)
	at org.junit.runners.ParentRunner.run(ParentRunner.java:413)
	at org.apache.maven.surefire.junit4.JUnit4Provider.execute(JUnit4Provider.java:316)
	at org.apache.maven.surefire.junit4.JUnit4Provider.executeWithRerun(JUnit4Provider.java:240)
	at org.apache.maven.surefire.junit4.JUnit4Provider.executeTestSet(JUnit4Provider.java:214)
	at org.apache.maven.surefire.junit4.JUnit4Provider.invoke(JUnit4Provider.java:155)
	at org.apache.maven.surefire.booter.ForkedBooter.runSuitesInProcess(ForkedBooter.java:385)
	at org.apache.maven.surefire.booter.ForkedBooter.execute(ForkedBooter.java:162)
	at org.apache.maven.surefire.booter.ForkedBooter.run(ForkedBooter.java:507)
	at org.apache.maven.surefire.booter.ForkedBooter.main(ForkedBooter.java:495)

[ERROR] net.zerocloud.pdf.consumer.UnicodeCompositionWorkflowTest.explicitBidiIsolatesAffectOrderWithoutRequestingControlGlyphs[IN_PROCESS] -- Time elapsed: 0.032 s <<< ERROR!
net.zerocloud.pdf.DocumentFailure: The text and logical-structure extraction limit was exceeded.
	at net.zerocloud.pdf.PdfBoxWorkflowEngine.failure(PdfBoxWorkflowEngine.java:292)
	at net.zerocloud.pdf.PdfBoxWorkflowEngine.executeWithDocument(PdfBoxWorkflowEngine.java:350)
	at net.zerocloud.pdf.PdfBoxWorkflowEngine.executeChecked(PdfBoxWorkflowEngine.java:238)
	at net.zerocloud.pdf.PdfBoxWorkflowEngine.execute(PdfBoxWorkflowEngine.java:41)
	at net.zerocloud.pdf.DocumentWorkflow.executeOnce(DocumentWorkflow.java:184)
	at net.zerocloud.pdf.DocumentWorkflow.execute(DocumentWorkflow.java:103)
	at net.zerocloud.pdf.DocumentWorkflow.execute(DocumentWorkflow.java:64)
	at net.zerocloud.pdf.consumer.UnicodeCompositionWorkflowTest.publishAndRead(UnicodeCompositionWorkflowTest.java:402)
	at net.zerocloud.pdf.consumer.UnicodeCompositionWorkflowTest.explicitBidiIsolatesAffectOrderWithoutRequestingControlGlyphs(UnicodeCompositionWorkflowTest.java:182)
	at java.base/jdk.internal.reflect.NativeMethodAccessorImpl.invoke0(Native Method)
	at java.base/jdk.internal.reflect.NativeMethodAccessorImpl.invoke(NativeMethodAccessorImpl.java:77)
	at java.base/jdk.internal.reflect.DelegatingMethodAccessorImpl.invoke(DelegatingMethodAccessorImpl.java:43)
	at java.base/java.lang.reflect.Method.invoke(Method.java:568)
	at org.junit.runners.model.FrameworkMethod$1.runReflectiveCall(FrameworkMethod.java:59)
	at org.junit.internal.runners.model.ReflectiveCallable.run(ReflectiveCallable.java:12)
	at org.junit.runners.model.FrameworkMethod.invokeExplosively(FrameworkMethod.java:56)
	at org.junit.internal.runners.statements.InvokeMethod.evaluate(InvokeMethod.java:17)
	at org.junit.rules.ExternalResource$1.evaluate(ExternalResource.java:54)
	at org.junit.runners.ParentRunner$3.evaluate(ParentRunner.java:306)
	at org.junit.runners.BlockJUnit4ClassRunner$1.evaluate(BlockJUnit4ClassRunner.java:100)
	at org.junit.runners.ParentRunner.runLeaf(ParentRunner.java:366)
	at org.junit.runners.BlockJUnit4ClassRunner.runChild(BlockJUnit4ClassRunner.java:103)
	at org.junit.runners.BlockJUnit4ClassRunner.runChild(BlockJUnit4ClassRunner.java:63)
	at org.junit.runners.ParentRunner$4.run(ParentRunner.java:331)
	at org.junit.runners.ParentRunner$1.schedule(ParentRunner.java:79)
	at org.junit.runners.ParentRunner.runChildren(ParentRunner.java:329)
	at org.junit.runners.ParentRunner.access$100(ParentRunner.java:66)
	at org.junit.runners.ParentRunner$2.evaluate(ParentRunner.java:293)
	at org.junit.runners.ParentRunner.run(ParentRunner.java:413)
	at org.junit.runners.Suite.runChild(Suite.java:128)
	at org.junit.runners.Suite.runChild(Suite.java:27)
	at org.junit.runners.ParentRunner$4.run(ParentRunner.java:331)
	at org.junit.runners.ParentRunner$1.schedule(ParentRunner.java:79)
	at org.junit.runners.ParentRunner.runChildren(ParentRunner.java:329)
	at org.junit.runners.ParentRunner.access$100(ParentRunner.java:66)
	at org.junit.runners.ParentRunner$2.evaluate(ParentRunner.java:293)
	at org.junit.runners.ParentRunner$3.evaluate(ParentRunner.java:306)
	at org.junit.runners.ParentRunner.run(ParentRunner.java:413)
	at org.apache.maven.surefire.junit4.JUnit4Provider.execute(JUnit4Provider.java:316)
	at org.apache.maven.surefire.junit4.JUnit4Provider.executeWithRerun(JUnit4Provider.java:240)
	at org.apache.maven.surefire.junit4.JUnit4Provider.executeTestSet(JUnit4Provider.java:214)
	at org.apache.maven.surefire.junit4.JUnit4Provider.invoke(JUnit4Provider.java:155)
	at org.apache.maven.surefire.booter.ForkedBooter.runSuitesInProcess(ForkedBooter.java:385)
	at org.apache.maven.surefire.booter.ForkedBooter.execute(ForkedBooter.java:162)
	at org.apache.maven.surefire.booter.ForkedBooter.run(ForkedBooter.java:507)
	at org.apache.maven.surefire.booter.ForkedBooter.main(ForkedBooter.java:495)

[ERROR] net.zerocloud.pdf.consumer.UnicodeCompositionWorkflowTest.tablePreferredWidthsRecognizeUnicodeHardLineBreaks[IN_PROCESS] -- Time elapsed: 0.020 s <<< ERROR!
net.zerocloud.pdf.DocumentFailure: The text and logical-structure extraction limit was exceeded.
	at net.zerocloud.pdf.PdfBoxWorkflowEngine.failure(PdfBoxWorkflowEngine.java:292)
	at net.zerocloud.pdf.PdfBoxWorkflowEngine.executeWithDocument(PdfBoxWorkflowEngine.java:350)
	at net.zerocloud.pdf.PdfBoxWorkflowEngine.executeChecked(PdfBoxWorkflowEngine.java:238)
	at net.zerocloud.pdf.PdfBoxWorkflowEngine.execute(PdfBoxWorkflowEngine.java:41)
	at net.zerocloud.pdf.DocumentWorkflow.executeOnce(DocumentWorkflow.java:184)
	at net.zerocloud.pdf.DocumentWorkflow.execute(DocumentWorkflow.java:103)
	at net.zerocloud.pdf.DocumentWorkflow.execute(DocumentWorkflow.java:64)
	at net.zerocloud.pdf.consumer.UnicodeCompositionWorkflowTest.publishAndRead(UnicodeCompositionWorkflowTest.java:402)
	at net.zerocloud.pdf.consumer.UnicodeCompositionWorkflowTest.tablePreferredWidthsRecognizeUnicodeHardLineBreaks(UnicodeCompositionWorkflowTest.java:361)
	at java.base/jdk.internal.reflect.NativeMethodAccessorImpl.invoke0(Native Method)
	at java.base/jdk.internal.reflect.NativeMethodAccessorImpl.invoke(NativeMethodAccessorImpl.java:77)
	at java.base/jdk.internal.reflect.DelegatingMethodAccessorImpl.invoke(DelegatingMethodAccessorImpl.java:43)
	at java.base/java.lang.reflect.Method.invoke(Method.java:568)
	at org.junit.runners.model.FrameworkMethod$1.runReflectiveCall(FrameworkMethod.java:59)
	at org.junit.internal.runners.model.ReflectiveCallable.run(ReflectiveCallable.java:12)
	at org.junit.runners.model.FrameworkMethod.invokeExplosively(FrameworkMethod.java:56)
	at org.junit.internal.runners.statements.InvokeMethod.evaluate(InvokeMethod.java:17)
	at org.junit.rules.ExternalResource$1.evaluate(ExternalResource.java:54)
	at org.junit.runners.ParentRunner$3.evaluate(ParentRunner.java:306)
	at org.junit.runners.BlockJUnit4ClassRunner$1.evaluate(BlockJUnit4ClassRunner.java:100)
	at org.junit.runners.ParentRunner.runLeaf(ParentRunner.java:366)
	at org.junit.runners.BlockJUnit4ClassRunner.runChild(BlockJUnit4ClassRunner.java:103)
	at org.junit.runners.BlockJUnit4ClassRunner.runChild(BlockJUnit4ClassRunner.java:63)
	at org.junit.runners.ParentRunner$4.run(ParentRunner.java:331)
	at org.junit.runners.ParentRunner$1.schedule(ParentRunner.java:79)
	at org.junit.runners.ParentRunner.runChildren(ParentRunner.java:329)
	at org.junit.runners.ParentRunner.access$100(ParentRunner.java:66)
	at org.junit.runners.ParentRunner$2.evaluate(ParentRunner.java:293)
	at org.junit.runners.ParentRunner.run(ParentRunner.java:413)
	at org.junit.runners.Suite.runChild(Suite.java:128)
	at org.junit.runners.Suite.runChild(Suite.java:27)
	at org.junit.runners.ParentRunner$4.run(ParentRunner.java:331)
	at org.junit.runners.ParentRunner$1.schedule(ParentRunner.java:79)
	at org.junit.runners.ParentRunner.runChildren(ParentRunner.java:329)
	at org.junit.runners.ParentRunner.access$100(ParentRunner.java:66)
	at org.junit.runners.ParentRunner$2.evaluate(ParentRunner.java:293)
	at org.junit.runners.ParentRunner$3.evaluate(ParentRunner.java:306)
	at org.junit.runners.ParentRunner.run(ParentRunner.java:413)
	at org.apache.maven.surefire.junit4.JUnit4Provider.execute(JUnit4Provider.java:316)
	at org.apache.maven.surefire.junit4.JUnit4Provider.executeWithRerun(JUnit4Provider.java:240)
	at org.apache.maven.surefire.junit4.JUnit4Provider.executeTestSet(JUnit4Provider.java:214)
	at org.apache.maven.surefire.junit4.JUnit4Provider.invoke(JUnit4Provider.java:155)
	at org.apache.maven.surefire.booter.ForkedBooter.runSuitesInProcess(ForkedBooter.java:385)
	at org.apache.maven.surefire.booter.ForkedBooter.execute(ForkedBooter.java:162)
	at org.apache.maven.surefire.booter.ForkedBooter.run(ForkedBooter.java:507)
	at org.apache.maven.surefire.booter.ForkedBooter.main(ForkedBooter.java:495)

[ERROR] net.zerocloud.pdf.consumer.UnicodeCompositionWorkflowTest.automaticTableWidthsReserveTheWholeGraphemeCluster[IN_PROCESS] -- Time elapsed: 0.509 s <<< ERROR!
net.zerocloud.pdf.DocumentFailure: The text and logical-structure extraction limit was exceeded.
	at net.zerocloud.pdf.PdfBoxWorkflowEngine.failure(PdfBoxWorkflowEngine.java:292)
	at net.zerocloud.pdf.PdfBoxWorkflowEngine.executeWithDocument(PdfBoxWorkflowEngine.java:350)
	at net.zerocloud.pdf.PdfBoxWorkflowEngine.executeChecked(PdfBoxWorkflowEngine.java:238)
	at net.zerocloud.pdf.PdfBoxWorkflowEngine.execute(PdfBoxWorkflowEngine.java:41)
	at net.zerocloud.pdf.DocumentWorkflow.executeOnce(DocumentWorkflow.java:184)
	at net.zerocloud.pdf.DocumentWorkflow.execute(DocumentWorkflow.java:103)
	at net.zerocloud.pdf.DocumentWorkflow.execute(DocumentWorkflow.java:64)
	at net.zerocloud.pdf.consumer.UnicodeCompositionWorkflowTest.publishAndRead(UnicodeCompositionWorkflowTest.java:402)
	at net.zerocloud.pdf.consumer.UnicodeCompositionWorkflowTest.automaticTableWidthsReserveTheWholeGraphemeCluster(UnicodeCompositionWorkflowTest.java:345)
	at java.base/jdk.internal.reflect.NativeMethodAccessorImpl.invoke0(Native Method)
	at java.base/jdk.internal.reflect.NativeMethodAccessorImpl.invoke(NativeMethodAccessorImpl.java:77)
	at java.base/jdk.internal.reflect.DelegatingMethodAccessorImpl.invoke(DelegatingMethodAccessorImpl.java:43)
	at java.base/java.lang.reflect.Method.invoke(Method.java:568)
	at org.junit.runners.model.FrameworkMethod$1.runReflectiveCall(FrameworkMethod.java:59)
	at org.junit.internal.runners.model.ReflectiveCallable.run(ReflectiveCallable.java:12)
	at org.junit.runners.model.FrameworkMethod.invokeExplosively(FrameworkMethod.java:56)
	at org.junit.internal.runners.statements.InvokeMethod.evaluate(InvokeMethod.java:17)
	at org.junit.rules.ExternalResource$1.evaluate(ExternalResource.java:54)
	at org.junit.runners.ParentRunner$3.evaluate(ParentRunner.java:306)
	at org.junit.runners.BlockJUnit4ClassRunner$1.evaluate(BlockJUnit4ClassRunner.java:100)
	at org.junit.runners.ParentRunner.runLeaf(ParentRunner.java:366)
	at org.junit.runners.BlockJUnit4ClassRunner.runChild(BlockJUnit4ClassRunner.java:103)
	at org.junit.runners.BlockJUnit4ClassRunner.runChild(BlockJUnit4ClassRunner.java:63)
	at org.junit.runners.ParentRunner$4.run(ParentRunner.java:331)
	at org.junit.runners.ParentRunner$1.schedule(ParentRunner.java:79)
	at org.junit.runners.ParentRunner.runChildren(ParentRunner.java:329)
	at org.junit.runners.ParentRunner.access$100(ParentRunner.java:66)
	at org.junit.runners.ParentRunner$2.evaluate(ParentRunner.java:293)
	at org.junit.runners.ParentRunner.run(ParentRunner.java:413)
	at org.junit.runners.Suite.runChild(Suite.java:128)
	at org.junit.runners.Suite.runChild(Suite.java:27)
	at org.junit.runners.ParentRunner$4.run(ParentRunner.java:331)
	at org.junit.runners.ParentRunner$1.schedule(ParentRunner.java:79)
	at org.junit.runners.ParentRunner.runChildren(ParentRunner.java:329)
	at org.junit.runners.ParentRunner.access$100(ParentRunner.java:66)
	at org.junit.runners.ParentRunner$2.evaluate(ParentRunner.java:293)
	at org.junit.runners.ParentRunner$3.evaluate(ParentRunner.java:306)
	at org.junit.runners.ParentRunner.run(ParentRunner.java:413)
	at org.apache.maven.surefire.junit4.JUnit4Provider.execute(JUnit4Provider.java:316)
	at org.apache.maven.surefire.junit4.JUnit4Provider.executeWithRerun(JUnit4Provider.java:240)
	at org.apache.maven.surefire.junit4.JUnit4Provider.executeTestSet(JUnit4Provider.java:214)
	at org.apache.maven.surefire.junit4.JUnit4Provider.invoke(JUnit4Provider.java:155)
	at org.apache.maven.surefire.booter.ForkedBooter.runSuitesInProcess(ForkedBooter.java:385)
	at org.apache.maven.surefire.booter.ForkedBooter.execute(ForkedBooter.java:162)
	at org.apache.maven.surefire.booter.ForkedBooter.run(ForkedBooter.java:507)
	at org.apache.maven.surefire.booter.ForkedBooter.main(ForkedBooter.java:495)

[ERROR] net.zerocloud.pdf.consumer.UnicodeCompositionWorkflowTest.rightToLeftTabFieldKeepsItsExplicitStopAndClusterOrder[IN_PROCESS] -- Time elapsed: 0.019 s <<< ERROR!
net.zerocloud.pdf.DocumentFailure: The text and logical-structure extraction limit was exceeded.
	at net.zerocloud.pdf.PdfBoxWorkflowEngine.failure(PdfBoxWorkflowEngine.java:292)
	at net.zerocloud.pdf.PdfBoxWorkflowEngine.executeWithDocument(PdfBoxWorkflowEngine.java:350)
	at net.zerocloud.pdf.PdfBoxWorkflowEngine.executeChecked(PdfBoxWorkflowEngine.java:238)
	at net.zerocloud.pdf.PdfBoxWorkflowEngine.execute(PdfBoxWorkflowEngine.java:41)
	at net.zerocloud.pdf.DocumentWorkflow.executeOnce(DocumentWorkflow.java:184)
	at net.zerocloud.pdf.DocumentWorkflow.execute(DocumentWorkflow.java:103)
	at net.zerocloud.pdf.DocumentWorkflow.execute(DocumentWorkflow.java:64)
	at net.zerocloud.pdf.consumer.UnicodeCompositionWorkflowTest.publishAndRead(UnicodeCompositionWorkflowTest.java:402)
	at net.zerocloud.pdf.consumer.UnicodeCompositionWorkflowTest.rightToLeftTabFieldKeepsItsExplicitStopAndClusterOrder(UnicodeCompositionWorkflowTest.java:215)
	at java.base/jdk.internal.reflect.NativeMethodAccessorImpl.invoke0(Native Method)
	at java.base/jdk.internal.reflect.NativeMethodAccessorImpl.invoke(NativeMethodAccessorImpl.java:77)
	at java.base/jdk.internal.reflect.DelegatingMethodAccessorImpl.invoke(DelegatingMethodAccessorImpl.java:43)
	at java.base/java.lang.reflect.Method.invoke(Method.java:568)
	at org.junit.runners.model.FrameworkMethod$1.runReflectiveCall(FrameworkMethod.java:59)
	at org.junit.internal.runners.model.ReflectiveCallable.run(ReflectiveCallable.java:12)
	at org.junit.runners.model.FrameworkMethod.invokeExplosively(FrameworkMethod.java:56)
	at org.junit.internal.runners.statements.InvokeMethod.evaluate(InvokeMethod.java:17)
	at org.junit.rules.ExternalResource$1.evaluate(ExternalResource.java:54)
	at org.junit.runners.ParentRunner$3.evaluate(ParentRunner.java:306)
	at org.junit.runners.BlockJUnit4ClassRunner$1.evaluate(BlockJUnit4ClassRunner.java:100)
	at org.junit.runners.ParentRunner.runLeaf(ParentRunner.java:366)
	at org.junit.runners.BlockJUnit4ClassRunner.runChild(BlockJUnit4ClassRunner.java:103)
	at org.junit.runners.BlockJUnit4ClassRunner.runChild(BlockJUnit4ClassRunner.java:63)
	at org.junit.runners.ParentRunner$4.run(ParentRunner.java:331)
	at org.junit.runners.ParentRunner$1.schedule(ParentRunner.java:79)
	at org.junit.runners.ParentRunner.runChildren(ParentRunner.java:329)
	at org.junit.runners.ParentRunner.access$100(ParentRunner.java:66)
	at org.junit.runners.ParentRunner$2.evaluate(ParentRunner.java:293)
	at org.junit.runners.ParentRunner.run(ParentRunner.java:413)
	at org.junit.runners.Suite.runChild(Suite.java:128)
	at org.junit.runners.Suite.runChild(Suite.java:27)
	at org.junit.runners.ParentRunner$4.run(ParentRunner.java:331)
	at org.junit.runners.ParentRunner$1.schedule(ParentRunner.java:79)
	at org.junit.runners.ParentRunner.runChildren(ParentRunner.java:329)
	at org.junit.runners.ParentRunner.access$100(ParentRunner.java:66)
	at org.junit.runners.ParentRunner$2.evaluate(ParentRunner.java:293)
	at org.junit.runners.ParentRunner$3.evaluate(ParentRunner.java:306)
	at org.junit.runners.ParentRunner.run(ParentRunner.java:413)
	at org.apache.maven.surefire.junit4.JUnit4Provider.execute(JUnit4Provider.java:316)
	at org.apache.maven.surefire.junit4.JUnit4Provider.executeWithRerun(JUnit4Provider.java:240)
	at org.apache.maven.surefire.junit4.JUnit4Provider.executeTestSet(JUnit4Provider.java:214)
	at org.apache.maven.surefire.junit4.JUnit4Provider.invoke(JUnit4Provider.java:155)
	at org.apache.maven.surefire.booter.ForkedBooter.runSuitesInProcess(ForkedBooter.java:385)
	at org.apache.maven.surefire.booter.ForkedBooter.execute(ForkedBooter.java:162)
	at org.apache.maven.surefire.booter.ForkedBooter.run(ForkedBooter.java:507)
	at org.apache.maven.surefire.booter.ForkedBooter.main(ForkedBooter.java:495)

[ERROR] net.zerocloud.pdf.consumer.UnicodeCompositionWorkflowTest.combiningClusterAcrossInlinesCannotSplitAtItsSpace[IN_PROCESS] -- Time elapsed: 0.020 s <<< ERROR!
net.zerocloud.pdf.DocumentFailure: The text and logical-structure extraction limit was exceeded.
	at net.zerocloud.pdf.PdfBoxWorkflowEngine.failure(PdfBoxWorkflowEngine.java:292)
	at net.zerocloud.pdf.PdfBoxWorkflowEngine.executeWithDocument(PdfBoxWorkflowEngine.java:350)
	at net.zerocloud.pdf.PdfBoxWorkflowEngine.executeChecked(PdfBoxWorkflowEngine.java:238)
	at net.zerocloud.pdf.PdfBoxWorkflowEngine.execute(PdfBoxWorkflowEngine.java:41)
	at net.zerocloud.pdf.DocumentWorkflow.executeOnce(DocumentWorkflow.java:184)
	at net.zerocloud.pdf.DocumentWorkflow.execute(DocumentWorkflow.java:103)
	at net.zerocloud.pdf.DocumentWorkflow.execute(DocumentWorkflow.java:64)
	at net.zerocloud.pdf.consumer.UnicodeCompositionWorkflowTest.publishAndRead(UnicodeCompositionWorkflowTest.java:402)
	at net.zerocloud.pdf.consumer.UnicodeCompositionWorkflowTest.combiningClusterAcrossInlinesCannotSplitAtItsSpace(UnicodeCompositionWorkflowTest.java:94)
	at java.base/jdk.internal.reflect.NativeMethodAccessorImpl.invoke0(Native Method)
	at java.base/jdk.internal.reflect.NativeMethodAccessorImpl.invoke(NativeMethodAccessorImpl.java:77)
	at java.base/jdk.internal.reflect.DelegatingMethodAccessorImpl.invoke(DelegatingMethodAccessorImpl.java:43)
	at java.base/java.lang.reflect.Method.invoke(Method.java:568)
	at org.junit.runners.model.FrameworkMethod$1.runReflectiveCall(FrameworkMethod.java:59)
	at org.junit.internal.runners.model.ReflectiveCallable.run(ReflectiveCallable.java:12)
	at org.junit.runners.model.FrameworkMethod.invokeExplosively(FrameworkMethod.java:56)
	at org.junit.internal.runners.statements.InvokeMethod.evaluate(InvokeMethod.java:17)
	at org.junit.rules.ExternalResource$1.evaluate(ExternalResource.java:54)
	at org.junit.runners.ParentRunner$3.evaluate(ParentRunner.java:306)
	at org.junit.runners.BlockJUnit4ClassRunner$1.evaluate(BlockJUnit4ClassRunner.java:100)
	at org.junit.runners.ParentRunner.runLeaf(ParentRunner.java:366)
	at org.junit.runners.BlockJUnit4ClassRunner.runChild(BlockJUnit4ClassRunner.java:103)
	at org.junit.runners.BlockJUnit4ClassRunner.runChild(BlockJUnit4ClassRunner.java:63)
	at org.junit.runners.ParentRunner$4.run(ParentRunner.java:331)
	at org.junit.runners.ParentRunner$1.schedule(ParentRunner.java:79)
	at org.junit.runners.ParentRunner.runChildren(ParentRunner.java:329)
	at org.junit.runners.ParentRunner.access$100(ParentRunner.java:66)
	at org.junit.runners.ParentRunner$2.evaluate(ParentRunner.java:293)
	at org.junit.runners.ParentRunner.run(ParentRunner.java:413)
	at org.junit.runners.Suite.runChild(Suite.java:128)
	at org.junit.runners.Suite.runChild(Suite.java:27)
	at org.junit.runners.ParentRunner$4.run(ParentRunner.java:331)
	at org.junit.runners.ParentRunner$1.schedule(ParentRunner.java:79)
	at org.junit.runners.ParentRunner.runChildren(ParentRunner.java:329)
	at org.junit.runners.ParentRunner.access$100(ParentRunner.java:66)
	at org.junit.runners.ParentRunner$2.evaluate(ParentRunner.java:293)
	at org.junit.runners.ParentRunner$3.evaluate(ParentRunner.java:306)
	at org.junit.runners.ParentRunner.run(ParentRunner.java:413)
	at org.apache.maven.surefire.junit4.JUnit4Provider.execute(JUnit4Provider.java:316)
	at org.apache.maven.surefire.junit4.JUnit4Provider.executeWithRerun(JUnit4Provider.java:240)
	at org.apache.maven.surefire.junit4.JUnit4Provider.executeTestSet(JUnit4Provider.java:214)
	at org.apache.maven.surefire.junit4.JUnit4Provider.invoke(JUnit4Provider.java:155)
	at org.apache.maven.surefire.booter.ForkedBooter.runSuitesInProcess(ForkedBooter.java:385)
	at org.apache.maven.surefire.booter.ForkedBooter.execute(ForkedBooter.java:162)
	at org.apache.maven.surefire.booter.ForkedBooter.run(ForkedBooter.java:507)
	at org.apache.maven.surefire.booter.ForkedBooter.main(ForkedBooter.java:495)

[ERROR] net.zerocloud.pdf.consumer.UnicodeCompositionWorkflowTest.nonWrappingOverflowPreservesSpacesUntilTheUnicodeLineOpportunity[HARDENED_WORKER] -- Time elapsed: 1.920 s <<< ERROR!
net.zerocloud.pdf.DocumentFailure: The text and logical-structure extraction limit was exceeded.
	at net.zerocloud.pdf.HardenedWorkerEngine.execute(HardenedWorkerEngine.java:247)
	at net.zerocloud.pdf.DocumentWorkflow.executeOnce(DocumentWorkflow.java:177)
	at net.zerocloud.pdf.DocumentWorkflow.execute(DocumentWorkflow.java:103)
	at net.zerocloud.pdf.DocumentWorkflow.execute(DocumentWorkflow.java:64)
	at net.zerocloud.pdf.consumer.UnicodeCompositionWorkflowTest.publishAndRead(UnicodeCompositionWorkflowTest.java:402)
	at net.zerocloud.pdf.consumer.UnicodeCompositionWorkflowTest.nonWrappingOverflowPreservesSpacesUntilTheUnicodeLineOpportunity(UnicodeCompositionWorkflowTest.java:170)
	at java.base/jdk.internal.reflect.NativeMethodAccessorImpl.invoke0(Native Method)
	at java.base/jdk.internal.reflect.NativeMethodAccessorImpl.invoke(NativeMethodAccessorImpl.java:77)
	at java.base/jdk.internal.reflect.DelegatingMethodAccessorImpl.invoke(DelegatingMethodAccessorImpl.java:43)
	at java.base/java.lang.reflect.Method.invoke(Method.java:568)
	at org.junit.runners.model.FrameworkMethod$1.runReflectiveCall(FrameworkMethod.java:59)
	at org.junit.internal.runners.model.ReflectiveCallable.run(ReflectiveCallable.java:12)
	at org.junit.runners.model.FrameworkMethod.invokeExplosively(FrameworkMethod.java:56)
	at org.junit.internal.runners.statements.InvokeMethod.evaluate(InvokeMethod.java:17)
	at org.junit.rules.ExternalResource$1.evaluate(ExternalResource.java:54)
	at org.junit.runners.ParentRunner$3.evaluate(ParentRunner.java:306)
	at org.junit.runners.BlockJUnit4ClassRunner$1.evaluate(BlockJUnit4ClassRunner.java:100)
	at org.junit.runners.ParentRunner.runLeaf(ParentRunner.java:366)
	at org.junit.runners.BlockJUnit4ClassRunner.runChild(BlockJUnit4ClassRunner.java:103)
	at org.junit.runners.BlockJUnit4ClassRunner.runChild(BlockJUnit4ClassRunner.java:63)
	at org.junit.runners.ParentRunner$4.run(ParentRunner.java:331)
	at org.junit.runners.ParentRunner$1.schedule(ParentRunner.java:79)
	at org.junit.runners.ParentRunner.runChildren(ParentRunner.java:329)
	at org.junit.runners.ParentRunner.access$100(ParentRunner.java:66)
	at org.junit.runners.ParentRunner$2.evaluate(ParentRunner.java:293)
	at org.junit.runners.ParentRunner.run(ParentRunner.java:413)
	at org.junit.runners.Suite.runChild(Suite.java:128)
	at org.junit.runners.Suite.runChild(Suite.java:27)
	at org.junit.runners.ParentRunner$4.run(ParentRunner.java:331)
	at org.junit.runners.ParentRunner$1.schedule(ParentRunner.java:79)
	at org.junit.runners.ParentRunner.runChildren(ParentRunner.java:329)
	at org.junit.runners.ParentRunner.access$100(ParentRunner.java:66)
	at org.junit.runners.ParentRunner$2.evaluate(ParentRunner.java:293)
	at org.junit.runners.ParentRunner$3.evaluate(ParentRunner.java:306)
	at org.junit.runners.ParentRunner.run(ParentRunner.java:413)
	at org.apache.maven.surefire.junit4.JUnit4Provider.execute(JUnit4Provider.java:316)
	at org.apache.maven.surefire.junit4.JUnit4Provider.executeWithRerun(JUnit4Provider.java:240)
	at org.apache.maven.surefire.junit4.JUnit4Provider.executeTestSet(JUnit4Provider.java:214)
	at org.apache.maven.surefire.junit4.JUnit4Provider.invoke(JUnit4Provider.java:155)
	at org.apache.maven.surefire.booter.ForkedBooter.runSuitesInProcess(ForkedBooter.java:385)
	at org.apache.maven.surefire.booter.ForkedBooter.execute(ForkedBooter.java:162)
	at org.apache.maven.surefire.booter.ForkedBooter.run(ForkedBooter.java:507)
	at org.apache.maven.surefire.booter.ForkedBooter.main(ForkedBooter.java:495)

[ERROR] net.zerocloud.pdf.consumer.UnicodeCompositionWorkflowTest.unicodeLineOpportunityPrecedesEmergencyGraphemeWrapping[HARDENED_WORKER] -- Time elapsed: 1.008 s <<< ERROR!
net.zerocloud.pdf.DocumentFailure: The text and logical-structure extraction limit was exceeded.
	at net.zerocloud.pdf.HardenedWorkerEngine.execute(HardenedWorkerEngine.java:247)
	at net.zerocloud.pdf.DocumentWorkflow.executeOnce(DocumentWorkflow.java:177)
	at net.zerocloud.pdf.DocumentWorkflow.execute(DocumentWorkflow.java:103)
	at net.zerocloud.pdf.DocumentWorkflow.execute(DocumentWorkflow.java:64)
	at net.zerocloud.pdf.consumer.UnicodeCompositionWorkflowTest.publishAndRead(UnicodeCompositionWorkflowTest.java:402)
	at net.zerocloud.pdf.consumer.UnicodeCompositionWorkflowTest.unicodeLineOpportunityPrecedesEmergencyGraphemeWrapping(UnicodeCompositionWorkflowTest.java:107)
	at java.base/jdk.internal.reflect.NativeMethodAccessorImpl.invoke0(Native Method)
	at java.base/jdk.internal.reflect.NativeMethodAccessorImpl.invoke(NativeMethodAccessorImpl.java:77)
	at java.base/jdk.internal.reflect.DelegatingMethodAccessorImpl.invoke(DelegatingMethodAccessorImpl.java:43)
	at java.base/java.lang.reflect.Method.invoke(Method.java:568)
	at org.junit.runners.model.FrameworkMethod$1.runReflectiveCall(FrameworkMethod.java:59)
	at org.junit.internal.runners.model.ReflectiveCallable.run(ReflectiveCallable.java:12)
	at org.junit.runners.model.FrameworkMethod.invokeExplosively(FrameworkMethod.java:56)
	at org.junit.internal.runners.statements.InvokeMethod.evaluate(InvokeMethod.java:17)
	at org.junit.rules.ExternalResource$1.evaluate(ExternalResource.java:54)
	at org.junit.runners.ParentRunner$3.evaluate(ParentRunner.java:306)
	at org.junit.runners.BlockJUnit4ClassRunner$1.evaluate(BlockJUnit4ClassRunner.java:100)
	at org.junit.runners.ParentRunner.runLeaf(ParentRunner.java:366)
	at org.junit.runners.BlockJUnit4ClassRunner.runChild(BlockJUnit4ClassRunner.java:103)
	at org.junit.runners.BlockJUnit4ClassRunner.runChild(BlockJUnit4ClassRunner.java:63)
	at org.junit.runners.ParentRunner$4.run(ParentRunner.java:331)
	at org.junit.runners.ParentRunner$1.schedule(ParentRunner.java:79)
	at org.junit.runners.ParentRunner.runChildren(ParentRunner.java:329)
	at org.junit.runners.ParentRunner.access$100(ParentRunner.java:66)
	at org.junit.runners.ParentRunner$2.evaluate(ParentRunner.java:293)
	at org.junit.runners.ParentRunner.run(ParentRunner.java:413)
	at org.junit.runners.Suite.runChild(Suite.java:128)
	at org.junit.runners.Suite.runChild(Suite.java:27)
	at org.junit.runners.ParentRunner$4.run(ParentRunner.java:331)
	at org.junit.runners.ParentRunner$1.schedule(ParentRunner.java:79)
	at org.junit.runners.ParentRunner.runChildren(ParentRunner.java:329)
	at org.junit.runners.ParentRunner.access$100(ParentRunner.java:66)
	at org.junit.runners.ParentRunner$2.evaluate(ParentRunner.java:293)
	at org.junit.runners.ParentRunner$3.evaluate(ParentRunner.java:306)
	at org.junit.runners.ParentRunner.run(ParentRunner.java:413)
	at org.apache.maven.surefire.junit4.JUnit4Provider.execute(JUnit4Provider.java:316)
	at org.apache.maven.surefire.junit4.JUnit4Provider.executeWithRerun(JUnit4Provider.java:240)
	at org.apache.maven.surefire.junit4.JUnit4Provider.executeTestSet(JUnit4Provider.java:214)
	at org.apache.maven.surefire.junit4.JUnit4Provider.invoke(JUnit4Provider.java:155)
	at org.apache.maven.surefire.booter.ForkedBooter.runSuitesInProcess(ForkedBooter.java:385)
	at org.apache.maven.surefire.booter.ForkedBooter.execute(ForkedBooter.java:162)
	at org.apache.maven.surefire.booter.ForkedBooter.run(ForkedBooter.java:507)
	at org.apache.maven.surefire.booter.ForkedBooter.main(ForkedBooter.java:495)

[ERROR] net.zerocloud.pdf.consumer.UnicodeCompositionWorkflowTest.koreanJamoClustersWrapAtomicallyAndOverwideClustersDoNotPublish[HARDENED_WORKER] -- Time elapsed: 6.098 s <<< ERROR!
net.zerocloud.pdf.DocumentFailure: The text and logical-structure extraction limit was exceeded.
	at net.zerocloud.pdf.HardenedWorkerEngine.execute(HardenedWorkerEngine.java:247)
	at net.zerocloud.pdf.DocumentWorkflow.executeOnce(DocumentWorkflow.java:177)
	at net.zerocloud.pdf.DocumentWorkflow.execute(DocumentWorkflow.java:103)
	at net.zerocloud.pdf.DocumentWorkflow.execute(DocumentWorkflow.java:64)
	at net.zerocloud.pdf.consumer.UnicodeCompositionWorkflowTest.publishAndRead(UnicodeCompositionWorkflowTest.java:402)
	at net.zerocloud.pdf.consumer.UnicodeCompositionWorkflowTest.koreanJamoClustersWrapAtomicallyAndOverwideClustersDoNotPublish(UnicodeCompositionWorkflowTest.java:244)
	at java.base/jdk.internal.reflect.NativeMethodAccessorImpl.invoke0(Native Method)
	at java.base/jdk.internal.reflect.NativeMethodAccessorImpl.invoke(NativeMethodAccessorImpl.java:77)
	at java.base/jdk.internal.reflect.DelegatingMethodAccessorImpl.invoke(DelegatingMethodAccessorImpl.java:43)
	at java.base/java.lang.reflect.Method.invoke(Method.java:568)
	at org.junit.runners.model.FrameworkMethod$1.runReflectiveCall(FrameworkMethod.java:59)
	at org.junit.internal.runners.model.ReflectiveCallable.run(ReflectiveCallable.java:12)
	at org.junit.runners.model.FrameworkMethod.invokeExplosively(FrameworkMethod.java:56)
	at org.junit.internal.runners.statements.InvokeMethod.evaluate(InvokeMethod.java:17)
	at org.junit.rules.ExternalResource$1.evaluate(ExternalResource.java:54)
	at org.junit.runners.ParentRunner$3.evaluate(ParentRunner.java:306)
	at org.junit.runners.BlockJUnit4ClassRunner$1.evaluate(BlockJUnit4ClassRunner.java:100)
	at org.junit.runners.ParentRunner.runLeaf(ParentRunner.java:366)
	at org.junit.runners.BlockJUnit4ClassRunner.runChild(BlockJUnit4ClassRunner.java:103)
	at org.junit.runners.BlockJUnit4ClassRunner.runChild(BlockJUnit4ClassRunner.java:63)
	at org.junit.runners.ParentRunner$4.run(ParentRunner.java:331)
	at org.junit.runners.ParentRunner$1.schedule(ParentRunner.java:79)
	at org.junit.runners.ParentRunner.runChildren(ParentRunner.java:329)
	at org.junit.runners.ParentRunner.access$100(ParentRunner.java:66)
	at org.junit.runners.ParentRunner$2.evaluate(ParentRunner.java:293)
	at org.junit.runners.ParentRunner.run(ParentRunner.java:413)
	at org.junit.runners.Suite.runChild(Suite.java:128)
	at org.junit.runners.Suite.runChild(Suite.java:27)
	at org.junit.runners.ParentRunner$4.run(ParentRunner.java:331)
	at org.junit.runners.ParentRunner$1.schedule(ParentRunner.java:79)
	at org.junit.runners.ParentRunner.runChildren(ParentRunner.java:329)
	at org.junit.runners.ParentRunner.access$100(ParentRunner.java:66)
	at org.junit.runners.ParentRunner$2.evaluate(ParentRunner.java:293)
	at org.junit.runners.ParentRunner$3.evaluate(ParentRunner.java:306)
	at org.junit.runners.ParentRunner.run(ParentRunner.java:413)
	at org.apache.maven.surefire.junit4.JUnit4Provider.execute(JUnit4Provider.java:316)
	at org.apache.maven.surefire.junit4.JUnit4Provider.executeWithRerun(JUnit4Provider.java:240)
	at org.apache.maven.surefire.junit4.JUnit4Provider.executeTestSet(JUnit4Provider.java:214)
	at org.apache.maven.surefire.junit4.JUnit4Provider.invoke(JUnit4Provider.java:155)
	at org.apache.maven.surefire.booter.ForkedBooter.runSuitesInProcess(ForkedBooter.java:385)
	at org.apache.maven.surefire.booter.ForkedBooter.execute(ForkedBooter.java:162)
	at org.apache.maven.surefire.booter.ForkedBooter.run(ForkedBooter.java:507)
	at org.apache.maven.surefire.booter.ForkedBooter.main(ForkedBooter.java:495)

[ERROR] net.zerocloud.pdf.consumer.UnicodeCompositionWorkflowTest.supplementaryHanUsesOneScalarAndOneClusterAcrossWorkerTransport[HARDENED_WORKER] -- Time elapsed: 6.142 s <<< ERROR!
net.zerocloud.pdf.DocumentFailure: The text and logical-structure extraction limit was exceeded.
	at net.zerocloud.pdf.HardenedWorkerEngine.execute(HardenedWorkerEngine.java:247)
	at net.zerocloud.pdf.DocumentWorkflow.executeOnce(DocumentWorkflow.java:177)
	at net.zerocloud.pdf.DocumentWorkflow.execute(DocumentWorkflow.java:103)
	at net.zerocloud.pdf.DocumentWorkflow.execute(DocumentWorkflow.java:64)
	at net.zerocloud.pdf.consumer.UnicodeCompositionWorkflowTest.publishAndRead(UnicodeCompositionWorkflowTest.java:402)
	at net.zerocloud.pdf.consumer.UnicodeCompositionWorkflowTest.supplementaryHanUsesOneScalarAndOneClusterAcrossWorkerTransport(UnicodeCompositionWorkflowTest.java:372)
	at java.base/jdk.internal.reflect.NativeMethodAccessorImpl.invoke0(Native Method)
	at java.base/jdk.internal.reflect.NativeMethodAccessorImpl.invoke(NativeMethodAccessorImpl.java:77)
	at java.base/jdk.internal.reflect.DelegatingMethodAccessorImpl.invoke(DelegatingMethodAccessorImpl.java:43)
	at java.base/java.lang.reflect.Method.invoke(Method.java:568)
	at org.junit.runners.model.FrameworkMethod$1.runReflectiveCall(FrameworkMethod.java:59)
	at org.junit.internal.runners.model.ReflectiveCallable.run(ReflectiveCallable.java:12)
	at org.junit.runners.model.FrameworkMethod.invokeExplosively(FrameworkMethod.java:56)
	at org.junit.internal.runners.statements.InvokeMethod.evaluate(InvokeMethod.java:17)
	at org.junit.rules.ExternalResource$1.evaluate(ExternalResource.java:54)
	at org.junit.runners.ParentRunner$3.evaluate(ParentRunner.java:306)
	at org.junit.runners.BlockJUnit4ClassRunner$1.evaluate(BlockJUnit4ClassRunner.java:100)
	at org.junit.runners.ParentRunner.runLeaf(ParentRunner.java:366)
	at org.junit.runners.BlockJUnit4ClassRunner.runChild(BlockJUnit4ClassRunner.java:103)
	at org.junit.runners.BlockJUnit4ClassRunner.runChild(BlockJUnit4ClassRunner.java:63)
	at org.junit.runners.ParentRunner$4.run(ParentRunner.java:331)
	at org.junit.runners.ParentRunner$1.schedule(ParentRunner.java:79)
	at org.junit.runners.ParentRunner.runChildren(ParentRunner.java:329)
	at org.junit.runners.ParentRunner.access$100(ParentRunner.java:66)
	at org.junit.runners.ParentRunner$2.evaluate(ParentRunner.java:293)
	at org.junit.runners.ParentRunner.run(ParentRunner.java:413)
	at org.junit.runners.Suite.runChild(Suite.java:128)
	at org.junit.runners.Suite.runChild(Suite.java:27)
	at org.junit.runners.ParentRunner$4.run(ParentRunner.java:331)
	at org.junit.runners.ParentRunner$1.schedule(ParentRunner.java:79)
	at org.junit.runners.ParentRunner.runChildren(ParentRunner.java:329)
	at org.junit.runners.ParentRunner.access$100(ParentRunner.java:66)
	at org.junit.runners.ParentRunner$2.evaluate(ParentRunner.java:293)
	at org.junit.runners.ParentRunner$3.evaluate(ParentRunner.java:306)
	at org.junit.runners.ParentRunner.run(ParentRunner.java:413)
	at org.apache.maven.surefire.junit4.JUnit4Provider.execute(JUnit4Provider.java:316)
	at org.apache.maven.surefire.junit4.JUnit4Provider.executeWithRerun(JUnit4Provider.java:240)
	at org.apache.maven.surefire.junit4.JUnit4Provider.executeTestSet(JUnit4Provider.java:214)
	at org.apache.maven.surefire.junit4.JUnit4Provider.invoke(JUnit4Provider.java:155)
	at org.apache.maven.surefire.booter.ForkedBooter.runSuitesInProcess(ForkedBooter.java:385)
	at org.apache.maven.surefire.booter.ForkedBooter.execute(ForkedBooter.java:162)
	at org.apache.maven.surefire.booter.ForkedBooter.run(ForkedBooter.java:507)
	at org.apache.maven.surefire.booter.ForkedBooter.main(ForkedBooter.java:495)

[ERROR] net.zerocloud.pdf.consumer.UnicodeCompositionWorkflowTest.mixedBidiRunsKeepNumbersAndPunctuationInTheReferenceOrder[HARDENED_WORKER] -- Time elapsed: 1.065 s <<< ERROR!
net.zerocloud.pdf.DocumentFailure: The text and logical-structure extraction limit was exceeded.
	at net.zerocloud.pdf.HardenedWorkerEngine.execute(HardenedWorkerEngine.java:247)
	at net.zerocloud.pdf.DocumentWorkflow.executeOnce(DocumentWorkflow.java:177)
	at net.zerocloud.pdf.DocumentWorkflow.execute(DocumentWorkflow.java:103)
	at net.zerocloud.pdf.DocumentWorkflow.execute(DocumentWorkflow.java:64)
	at net.zerocloud.pdf.consumer.UnicodeCompositionWorkflowTest.publishAndRead(UnicodeCompositionWorkflowTest.java:402)
	at net.zerocloud.pdf.consumer.UnicodeCompositionWorkflowTest.mixedBidiRunsKeepNumbersAndPunctuationInTheReferenceOrder(UnicodeCompositionWorkflowTest.java:121)
	at java.base/jdk.internal.reflect.NativeMethodAccessorImpl.invoke0(Native Method)
	at java.base/jdk.internal.reflect.NativeMethodAccessorImpl.invoke(NativeMethodAccessorImpl.java:77)
	at java.base/jdk.internal.reflect.DelegatingMethodAccessorImpl.invoke(DelegatingMethodAccessorImpl.java:43)
	at java.base/java.lang.reflect.Method.invoke(Method.java:568)
	at org.junit.runners.model.FrameworkMethod$1.runReflectiveCall(FrameworkMethod.java:59)
	at org.junit.internal.runners.model.ReflectiveCallable.run(ReflectiveCallable.java:12)
	at org.junit.runners.model.FrameworkMethod.invokeExplosively(FrameworkMethod.java:56)
	at org.junit.internal.runners.statements.InvokeMethod.evaluate(InvokeMethod.java:17)
	at org.junit.rules.ExternalResource$1.evaluate(ExternalResource.java:54)
	at org.junit.runners.ParentRunner$3.evaluate(ParentRunner.java:306)
	at org.junit.runners.BlockJUnit4ClassRunner$1.evaluate(BlockJUnit4ClassRunner.java:100)
	at org.junit.runners.ParentRunner.runLeaf(ParentRunner.java:366)
	at org.junit.runners.BlockJUnit4ClassRunner.runChild(BlockJUnit4ClassRunner.java:103)
	at org.junit.runners.BlockJUnit4ClassRunner.runChild(BlockJUnit4ClassRunner.java:63)
	at org.junit.runners.ParentRunner$4.run(ParentRunner.java:331)
	at org.junit.runners.ParentRunner$1.schedule(ParentRunner.java:79)
	at org.junit.runners.ParentRunner.runChildren(ParentRunner.java:329)
	at org.junit.runners.ParentRunner.access$100(ParentRunner.java:66)
	at org.junit.runners.ParentRunner$2.evaluate(ParentRunner.java:293)
	at org.junit.runners.ParentRunner.run(ParentRunner.java:413)
	at org.junit.runners.Suite.runChild(Suite.java:128)
	at org.junit.runners.Suite.runChild(Suite.java:27)
	at org.junit.runners.ParentRunner$4.run(ParentRunner.java:331)
	at org.junit.runners.ParentRunner$1.schedule(ParentRunner.java:79)
	at org.junit.runners.ParentRunner.runChildren(ParentRunner.java:329)
	at org.junit.runners.ParentRunner.access$100(ParentRunner.java:66)
	at org.junit.runners.ParentRunner$2.evaluate(ParentRunner.java:293)
	at org.junit.runners.ParentRunner$3.evaluate(ParentRunner.java:306)
	at org.junit.runners.ParentRunner.run(ParentRunner.java:413)
	at org.apache.maven.surefire.junit4.JUnit4Provider.execute(JUnit4Provider.java:316)
	at org.apache.maven.surefire.junit4.JUnit4Provider.executeWithRerun(JUnit4Provider.java:240)
	at org.apache.maven.surefire.junit4.JUnit4Provider.executeTestSet(JUnit4Provider.java:214)
	at org.apache.maven.surefire.junit4.JUnit4Provider.invoke(JUnit4Provider.java:155)
	at org.apache.maven.surefire.booter.ForkedBooter.runSuitesInProcess(ForkedBooter.java:385)
	at org.apache.maven.surefire.booter.ForkedBooter.execute(ForkedBooter.java:162)
	at org.apache.maven.surefire.booter.ForkedBooter.run(ForkedBooter.java:507)
	at org.apache.maven.surefire.booter.ForkedBooter.main(ForkedBooter.java:495)

[ERROR] net.zerocloud.pdf.consumer.UnicodeCompositionWorkflowTest.literalObjectReplacementCharacterIsTextRatherThanAnInlineGraphic[HARDENED_WORKER] -- Time elapsed: 0.982 s <<< ERROR!
net.zerocloud.pdf.DocumentFailure: The text and logical-structure extraction limit was exceeded.
	at net.zerocloud.pdf.HardenedWorkerEngine.execute(HardenedWorkerEngine.java:247)
	at net.zerocloud.pdf.DocumentWorkflow.executeOnce(DocumentWorkflow.java:177)
	at net.zerocloud.pdf.DocumentWorkflow.execute(DocumentWorkflow.java:103)
	at net.zerocloud.pdf.DocumentWorkflow.execute(DocumentWorkflow.java:64)
	at net.zerocloud.pdf.consumer.UnicodeCompositionWorkflowTest.publishAndRead(UnicodeCompositionWorkflowTest.java:402)
	at net.zerocloud.pdf.consumer.UnicodeCompositionWorkflowTest.literalObjectReplacementCharacterIsTextRatherThanAnInlineGraphic(UnicodeCompositionWorkflowTest.java:144)
	at java.base/jdk.internal.reflect.NativeMethodAccessorImpl.invoke0(Native Method)
	at java.base/jdk.internal.reflect.NativeMethodAccessorImpl.invoke(NativeMethodAccessorImpl.java:77)
	at java.base/jdk.internal.reflect.DelegatingMethodAccessorImpl.invoke(DelegatingMethodAccessorImpl.java:43)
	at java.base/java.lang.reflect.Method.invoke(Method.java:568)
	at org.junit.runners.model.FrameworkMethod$1.runReflectiveCall(FrameworkMethod.java:59)
	at org.junit.internal.runners.model.ReflectiveCallable.run(ReflectiveCallable.java:12)
	at org.junit.runners.model.FrameworkMethod.invokeExplosively(FrameworkMethod.java:56)
	at org.junit.internal.runners.statements.InvokeMethod.evaluate(InvokeMethod.java:17)
	at org.junit.rules.ExternalResource$1.evaluate(ExternalResource.java:54)
	at org.junit.runners.ParentRunner$3.evaluate(ParentRunner.java:306)
	at org.junit.runners.BlockJUnit4ClassRunner$1.evaluate(BlockJUnit4ClassRunner.java:100)
	at org.junit.runners.ParentRunner.runLeaf(ParentRunner.java:366)
	at org.junit.runners.BlockJUnit4ClassRunner.runChild(BlockJUnit4ClassRunner.java:103)
	at org.junit.runners.BlockJUnit4ClassRunner.runChild(BlockJUnit4ClassRunner.java:63)
	at org.junit.runners.ParentRunner$4.run(ParentRunner.java:331)
	at org.junit.runners.ParentRunner$1.schedule(ParentRunner.java:79)
	at org.junit.runners.ParentRunner.runChildren(ParentRunner.java:329)
	at org.junit.runners.ParentRunner.access$100(ParentRunner.java:66)
	at org.junit.runners.ParentRunner$2.evaluate(ParentRunner.java:293)
	at org.junit.runners.ParentRunner.run(ParentRunner.java:413)
	at org.junit.runners.Suite.runChild(Suite.java:128)
	at org.junit.runners.Suite.runChild(Suite.java:27)
	at org.junit.runners.ParentRunner$4.run(ParentRunner.java:331)
	at org.junit.runners.ParentRunner$1.schedule(ParentRunner.java:79)
	at org.junit.runners.ParentRunner.runChildren(ParentRunner.java:329)
	at org.junit.runners.ParentRunner.access$100(ParentRunner.java:66)
	at org.junit.runners.ParentRunner$2.evaluate(ParentRunner.java:293)
	at org.junit.runners.ParentRunner$3.evaluate(ParentRunner.java:306)
	at org.junit.runners.ParentRunner.run(ParentRunner.java:413)
	at org.apache.maven.surefire.junit4.JUnit4Provider.execute(JUnit4Provider.java:316)
	at org.apache.maven.surefire.junit4.JUnit4Provider.executeWithRerun(JUnit4Provider.java:240)
	at org.apache.maven.surefire.junit4.JUnit4Provider.executeTestSet(JUnit4Provider.java:214)
	at org.apache.maven.surefire.junit4.JUnit4Provider.invoke(JUnit4Provider.java:155)
	at org.apache.maven.surefire.booter.ForkedBooter.runSuitesInProcess(ForkedBooter.java:385)
	at org.apache.maven.surefire.booter.ForkedBooter.execute(ForkedBooter.java:162)
	at org.apache.maven.surefire.booter.ForkedBooter.run(ForkedBooter.java:507)
	at org.apache.maven.surefire.booter.ForkedBooter.main(ForkedBooter.java:495)

[ERROR] net.zerocloud.pdf.consumer.UnicodeCompositionWorkflowTest.wordAndScriptRunsWrapAtUnicodeOpportunitiesUnderRejectOverflow[HARDENED_WORKER] -- Time elapsed: 1.034 s <<< ERROR!
net.zerocloud.pdf.DocumentFailure: The text and logical-structure extraction limit was exceeded.
	at net.zerocloud.pdf.HardenedWorkerEngine.execute(HardenedWorkerEngine.java:247)
	at net.zerocloud.pdf.DocumentWorkflow.executeOnce(DocumentWorkflow.java:177)
	at net.zerocloud.pdf.DocumentWorkflow.execute(DocumentWorkflow.java:103)
	at net.zerocloud.pdf.DocumentWorkflow.execute(DocumentWorkflow.java:64)
	at net.zerocloud.pdf.consumer.UnicodeCompositionWorkflowTest.publishAndRead(UnicodeCompositionWorkflowTest.java:402)
	at net.zerocloud.pdf.consumer.UnicodeCompositionWorkflowTest.wordAndScriptRunsWrapAtUnicodeOpportunitiesUnderRejectOverflow(UnicodeCompositionWorkflowTest.java:152)
	at java.base/jdk.internal.reflect.NativeMethodAccessorImpl.invoke0(Native Method)
	at java.base/jdk.internal.reflect.NativeMethodAccessorImpl.invoke(NativeMethodAccessorImpl.java:77)
	at java.base/jdk.internal.reflect.DelegatingMethodAccessorImpl.invoke(DelegatingMethodAccessorImpl.java:43)
	at java.base/java.lang.reflect.Method.invoke(Method.java:568)
	at org.junit.runners.model.FrameworkMethod$1.runReflectiveCall(FrameworkMethod.java:59)
	at org.junit.internal.runners.model.ReflectiveCallable.run(ReflectiveCallable.java:12)
	at org.junit.runners.model.FrameworkMethod.invokeExplosively(FrameworkMethod.java:56)
	at org.junit.internal.runners.statements.InvokeMethod.evaluate(InvokeMethod.java:17)
	at org.junit.rules.ExternalResource$1.evaluate(ExternalResource.java:54)
	at org.junit.runners.ParentRunner$3.evaluate(ParentRunner.java:306)
	at org.junit.runners.BlockJUnit4ClassRunner$1.evaluate(BlockJUnit4ClassRunner.java:100)
	at org.junit.runners.ParentRunner.runLeaf(ParentRunner.java:366)
	at org.junit.runners.BlockJUnit4ClassRunner.runChild(BlockJUnit4ClassRunner.java:103)
	at org.junit.runners.BlockJUnit4ClassRunner.runChild(BlockJUnit4ClassRunner.java:63)
	at org.junit.runners.ParentRunner$4.run(ParentRunner.java:331)
	at org.junit.runners.ParentRunner$1.schedule(ParentRunner.java:79)
	at org.junit.runners.ParentRunner.runChildren(ParentRunner.java:329)
	at org.junit.runners.ParentRunner.access$100(ParentRunner.java:66)
	at org.junit.runners.ParentRunner$2.evaluate(ParentRunner.java:293)
	at org.junit.runners.ParentRunner.run(ParentRunner.java:413)
	at org.junit.runners.Suite.runChild(Suite.java:128)
	at org.junit.runners.Suite.runChild(Suite.java:27)
	at org.junit.runners.ParentRunner$4.run(ParentRunner.java:331)
	at org.junit.runners.ParentRunner$1.schedule(ParentRunner.java:79)
	at org.junit.runners.ParentRunner.runChildren(ParentRunner.java:329)
	at org.junit.runners.ParentRunner.access$100(ParentRunner.java:66)
	at org.junit.runners.ParentRunner$2.evaluate(ParentRunner.java:293)
	at org.junit.runners.ParentRunner$3.evaluate(ParentRunner.java:306)
	at org.junit.runners.ParentRunner.run(ParentRunner.java:413)
	at org.apache.maven.surefire.junit4.JUnit4Provider.execute(JUnit4Provider.java:316)
	at org.apache.maven.surefire.junit4.JUnit4Provider.executeWithRerun(JUnit4Provider.java:240)
	at org.apache.maven.surefire.junit4.JUnit4Provider.executeTestSet(JUnit4Provider.java:214)
	at org.apache.maven.surefire.junit4.JUnit4Provider.invoke(JUnit4Provider.java:155)
	at org.apache.maven.surefire.booter.ForkedBooter.runSuitesInProcess(ForkedBooter.java:385)
	at org.apache.maven.surefire.booter.ForkedBooter.execute(ForkedBooter.java:162)
	at org.apache.maven.surefire.booter.ForkedBooter.run(ForkedBooter.java:507)
	at org.apache.maven.surefire.booter.ForkedBooter.main(ForkedBooter.java:495)

[ERROR] net.zerocloud.pdf.consumer.UnicodeCompositionWorkflowTest.rightToLeftBaseMirrorsPairedPunctuationWithoutReversingDigits[HARDENED_WORKER] -- Time elapsed: 1.040 s <<< ERROR!
net.zerocloud.pdf.DocumentFailure: The text and logical-structure extraction limit was exceeded.
	at net.zerocloud.pdf.HardenedWorkerEngine.execute(HardenedWorkerEngine.java:247)
	at net.zerocloud.pdf.DocumentWorkflow.executeOnce(DocumentWorkflow.java:177)
	at net.zerocloud.pdf.DocumentWorkflow.execute(DocumentWorkflow.java:103)
	at net.zerocloud.pdf.DocumentWorkflow.execute(DocumentWorkflow.java:64)
	at net.zerocloud.pdf.consumer.UnicodeCompositionWorkflowTest.publishAndRead(UnicodeCompositionWorkflowTest.java:402)
	at net.zerocloud.pdf.consumer.UnicodeCompositionWorkflowTest.rightToLeftBaseMirrorsPairedPunctuationWithoutReversingDigits(UnicodeCompositionWorkflowTest.java:134)
	at java.base/jdk.internal.reflect.NativeMethodAccessorImpl.invoke0(Native Method)
	at java.base/jdk.internal.reflect.NativeMethodAccessorImpl.invoke(NativeMethodAccessorImpl.java:77)
	at java.base/jdk.internal.reflect.DelegatingMethodAccessorImpl.invoke(DelegatingMethodAccessorImpl.java:43)
	at java.base/java.lang.reflect.Method.invoke(Method.java:568)
	at org.junit.runners.model.FrameworkMethod$1.runReflectiveCall(FrameworkMethod.java:59)
	at org.junit.internal.runners.model.ReflectiveCallable.run(ReflectiveCallable.java:12)
	at org.junit.runners.model.FrameworkMethod.invokeExplosively(FrameworkMethod.java:56)
	at org.junit.internal.runners.statements.InvokeMethod.evaluate(InvokeMethod.java:17)
	at org.junit.rules.ExternalResource$1.evaluate(ExternalResource.java:54)
	at org.junit.runners.ParentRunner$3.evaluate(ParentRunner.java:306)
	at org.junit.runners.BlockJUnit4ClassRunner$1.evaluate(BlockJUnit4ClassRunner.java:100)
	at org.junit.runners.ParentRunner.runLeaf(ParentRunner.java:366)
	at org.junit.runners.BlockJUnit4ClassRunner.runChild(BlockJUnit4ClassRunner.java:103)
	at org.junit.runners.BlockJUnit4ClassRunner.runChild(BlockJUnit4ClassRunner.java:63)
	at org.junit.runners.ParentRunner$4.run(ParentRunner.java:331)
	at org.junit.runners.ParentRunner$1.schedule(ParentRunner.java:79)
	at org.junit.runners.ParentRunner.runChildren(ParentRunner.java:329)
	at org.junit.runners.ParentRunner.access$100(ParentRunner.java:66)
	at org.junit.runners.ParentRunner$2.evaluate(ParentRunner.java:293)
	at org.junit.runners.ParentRunner.run(ParentRunner.java:413)
	at org.junit.runners.Suite.runChild(Suite.java:128)
	at org.junit.runners.Suite.runChild(Suite.java:27)
	at org.junit.runners.ParentRunner$4.run(ParentRunner.java:331)
	at org.junit.runners.ParentRunner$1.schedule(ParentRunner.java:79)
	at org.junit.runners.ParentRunner.runChildren(ParentRunner.java:329)
	at org.junit.runners.ParentRunner.access$100(ParentRunner.java:66)
	at org.junit.runners.ParentRunner$2.evaluate(ParentRunner.java:293)
	at org.junit.runners.ParentRunner$3.evaluate(ParentRunner.java:306)
	at org.junit.runners.ParentRunner.run(ParentRunner.java:413)
	at org.apache.maven.surefire.junit4.JUnit4Provider.execute(JUnit4Provider.java:316)
	at org.apache.maven.surefire.junit4.JUnit4Provider.executeWithRerun(JUnit4Provider.java:240)
	at org.apache.maven.surefire.junit4.JUnit4Provider.executeTestSet(JUnit4Provider.java:214)
	at org.apache.maven.surefire.junit4.JUnit4Provider.invoke(JUnit4Provider.java:155)
	at org.apache.maven.surefire.booter.ForkedBooter.runSuitesInProcess(ForkedBooter.java:385)
	at org.apache.maven.surefire.booter.ForkedBooter.execute(ForkedBooter.java:162)
	at org.apache.maven.surefire.booter.ForkedBooter.run(ForkedBooter.java:507)
	at org.apache.maven.surefire.booter.ForkedBooter.main(ForkedBooter.java:495)

[ERROR] net.zerocloud.pdf.consumer.UnicodeCompositionWorkflowTest.completeCjkFontsUseTheExplicitRegionAndPreserveSubsetMappings[HARDENED_WORKER] -- Time elapsed: 12.05 s <<< ERROR!
net.zerocloud.pdf.DocumentFailure: The text and logical-structure extraction limit was exceeded.
	at net.zerocloud.pdf.HardenedWorkerEngine.execute(HardenedWorkerEngine.java:247)
	at net.zerocloud.pdf.DocumentWorkflow.executeOnce(DocumentWorkflow.java:177)
	at net.zerocloud.pdf.DocumentWorkflow.execute(DocumentWorkflow.java:103)
	at net.zerocloud.pdf.DocumentWorkflow.execute(DocumentWorkflow.java:64)
	at net.zerocloud.pdf.consumer.UnicodeCompositionWorkflowTest.publishAndRead(UnicodeCompositionWorkflowTest.java:402)
	at net.zerocloud.pdf.consumer.UnicodeCompositionWorkflowTest.completeCjkFontsUseTheExplicitRegionAndPreserveSubsetMappings(UnicodeCompositionWorkflowTest.java:391)
	at java.base/jdk.internal.reflect.NativeMethodAccessorImpl.invoke0(Native Method)
	at java.base/jdk.internal.reflect.NativeMethodAccessorImpl.invoke(NativeMethodAccessorImpl.java:77)
	at java.base/jdk.internal.reflect.DelegatingMethodAccessorImpl.invoke(DelegatingMethodAccessorImpl.java:43)
	at java.base/java.lang.reflect.Method.invoke(Method.java:568)
	at org.junit.runners.model.FrameworkMethod$1.runReflectiveCall(FrameworkMethod.java:59)
	at org.junit.internal.runners.model.ReflectiveCallable.run(ReflectiveCallable.java:12)
	at org.junit.runners.model.FrameworkMethod.invokeExplosively(FrameworkMethod.java:56)
	at org.junit.internal.runners.statements.InvokeMethod.evaluate(InvokeMethod.java:17)
	at org.junit.rules.ExternalResource$1.evaluate(ExternalResource.java:54)
	at org.junit.runners.ParentRunner$3.evaluate(ParentRunner.java:306)
	at org.junit.runners.BlockJUnit4ClassRunner$1.evaluate(BlockJUnit4ClassRunner.java:100)
	at org.junit.runners.ParentRunner.runLeaf(ParentRunner.java:366)
	at org.junit.runners.BlockJUnit4ClassRunner.runChild(BlockJUnit4ClassRunner.java:103)
	at org.junit.runners.BlockJUnit4ClassRunner.runChild(BlockJUnit4ClassRunner.java:63)
	at org.junit.runners.ParentRunner$4.run(ParentRunner.java:331)
	at org.junit.runners.ParentRunner$1.schedule(ParentRunner.java:79)
	at org.junit.runners.ParentRunner.runChildren(ParentRunner.java:329)
	at org.junit.runners.ParentRunner.access$100(ParentRunner.java:66)
	at org.junit.runners.ParentRunner$2.evaluate(ParentRunner.java:293)
	at org.junit.runners.ParentRunner.run(ParentRunner.java:413)
	at org.junit.runners.Suite.runChild(Suite.java:128)
	at org.junit.runners.Suite.runChild(Suite.java:27)
	at org.junit.runners.ParentRunner$4.run(ParentRunner.java:331)
	at org.junit.runners.ParentRunner$1.schedule(ParentRunner.java:79)
	at org.junit.runners.ParentRunner.runChildren(ParentRunner.java:329)
	at org.junit.runners.ParentRunner.access$100(ParentRunner.java:66)
	at org.junit.runners.ParentRunner$2.evaluate(ParentRunner.java:293)
	at org.junit.runners.ParentRunner$3.evaluate(ParentRunner.java:306)
	at org.junit.runners.ParentRunner.run(ParentRunner.java:413)
	at org.apache.maven.surefire.junit4.JUnit4Provider.execute(JUnit4Provider.java:316)
	at org.apache.maven.surefire.junit4.JUnit4Provider.executeWithRerun(JUnit4Provider.java:240)
	at org.apache.maven.surefire.junit4.JUnit4Provider.executeTestSet(JUnit4Provider.java:214)
	at org.apache.maven.surefire.junit4.JUnit4Provider.invoke(JUnit4Provider.java:155)
	at org.apache.maven.surefire.booter.ForkedBooter.runSuitesInProcess(ForkedBooter.java:385)
	at org.apache.maven.surefire.booter.ForkedBooter.execute(ForkedBooter.java:162)
	at org.apache.maven.surefire.booter.ForkedBooter.run(ForkedBooter.java:507)
	at org.apache.maven.surefire.booter.ForkedBooter.main(ForkedBooter.java:495)

[ERROR] net.zerocloud.pdf.consumer.UnicodeCompositionWorkflowTest.unicodeLineAndParagraphSeparatorsForceLinesWithoutDrawingControlGlyphs[HARDENED_WORKER] -- Time elapsed: 1.027 s <<< ERROR!
net.zerocloud.pdf.DocumentFailure: The text and logical-structure extraction limit was exceeded.
	at net.zerocloud.pdf.HardenedWorkerEngine.execute(HardenedWorkerEngine.java:247)
	at net.zerocloud.pdf.DocumentWorkflow.executeOnce(DocumentWorkflow.java:177)
	at net.zerocloud.pdf.DocumentWorkflow.execute(DocumentWorkflow.java:103)
	at net.zerocloud.pdf.DocumentWorkflow.execute(DocumentWorkflow.java:64)
	at net.zerocloud.pdf.consumer.UnicodeCompositionWorkflowTest.publishAndRead(UnicodeCompositionWorkflowTest.java:402)
	at net.zerocloud.pdf.consumer.UnicodeCompositionWorkflowTest.unicodeLineAndParagraphSeparatorsForceLinesWithoutDrawingControlGlyphs(UnicodeCompositionWorkflowTest.java:190)
	at java.base/jdk.internal.reflect.NativeMethodAccessorImpl.invoke0(Native Method)
	at java.base/jdk.internal.reflect.NativeMethodAccessorImpl.invoke(NativeMethodAccessorImpl.java:77)
	at java.base/jdk.internal.reflect.DelegatingMethodAccessorImpl.invoke(DelegatingMethodAccessorImpl.java:43)
	at java.base/java.lang.reflect.Method.invoke(Method.java:568)
	at org.junit.runners.model.FrameworkMethod$1.runReflectiveCall(FrameworkMethod.java:59)
	at org.junit.internal.runners.model.ReflectiveCallable.run(ReflectiveCallable.java:12)
	at org.junit.runners.model.FrameworkMethod.invokeExplosively(FrameworkMethod.java:56)
	at org.junit.internal.runners.statements.InvokeMethod.evaluate(InvokeMethod.java:17)
	at org.junit.rules.ExternalResource$1.evaluate(ExternalResource.java:54)
	at org.junit.runners.ParentRunner$3.evaluate(ParentRunner.java:306)
	at org.junit.runners.BlockJUnit4ClassRunner$1.evaluate(BlockJUnit4ClassRunner.java:100)
	at org.junit.runners.ParentRunner.runLeaf(ParentRunner.java:366)
	at org.junit.runners.BlockJUnit4ClassRunner.runChild(BlockJUnit4ClassRunner.java:103)
	at org.junit.runners.BlockJUnit4ClassRunner.runChild(BlockJUnit4ClassRunner.java:63)
	at org.junit.runners.ParentRunner$4.run(ParentRunner.java:331)
	at org.junit.runners.ParentRunner$1.schedule(ParentRunner.java:79)
	at org.junit.runners.ParentRunner.runChildren(ParentRunner.java:329)
	at org.junit.runners.ParentRunner.access$100(ParentRunner.java:66)
	at org.junit.runners.ParentRunner$2.evaluate(ParentRunner.java:293)
	at org.junit.runners.ParentRunner.run(ParentRunner.java:413)
	at org.junit.runners.Suite.runChild(Suite.java:128)
	at org.junit.runners.Suite.runChild(Suite.java:27)
	at org.junit.runners.ParentRunner$4.run(ParentRunner.java:331)
	at org.junit.runners.ParentRunner$1.schedule(ParentRunner.java:79)
	at org.junit.runners.ParentRunner.runChildren(ParentRunner.java:329)
	at org.junit.runners.ParentRunner.access$100(ParentRunner.java:66)
	at org.junit.runners.ParentRunner$2.evaluate(ParentRunner.java:293)
	at org.junit.runners.ParentRunner$3.evaluate(ParentRunner.java:306)
	at org.junit.runners.ParentRunner.run(ParentRunner.java:413)
	at org.apache.maven.surefire.junit4.JUnit4Provider.execute(JUnit4Provider.java:316)
	at org.apache.maven.surefire.junit4.JUnit4Provider.executeWithRerun(JUnit4Provider.java:240)
	at org.apache.maven.surefire.junit4.JUnit4Provider.executeTestSet(JUnit4Provider.java:214)
	at org.apache.maven.surefire.junit4.JUnit4Provider.invoke(JUnit4Provider.java:155)
	at org.apache.maven.surefire.booter.ForkedBooter.runSuitesInProcess(ForkedBooter.java:385)
	at org.apache.maven.surefire.booter.ForkedBooter.execute(ForkedBooter.java:162)
	at org.apache.maven.surefire.booter.ForkedBooter.run(ForkedBooter.java:507)
	at org.apache.maven.surefire.booter.ForkedBooter.main(ForkedBooter.java:495)

[ERROR] net.zerocloud.pdf.consumer.UnicodeCompositionWorkflowTest.staticNotoSansPreservesLatinGreekAndCyrillicThroughPublication[HARDENED_WORKER] -- Time elapsed: 1.023 s <<< ERROR!
net.zerocloud.pdf.DocumentFailure: The text and logical-structure extraction limit was exceeded.
	at net.zerocloud.pdf.HardenedWorkerEngine.execute(HardenedWorkerEngine.java:247)
	at net.zerocloud.pdf.DocumentWorkflow.executeOnce(DocumentWorkflow.java:177)
	at net.zerocloud.pdf.DocumentWorkflow.execute(DocumentWorkflow.java:103)
	at net.zerocloud.pdf.DocumentWorkflow.execute(DocumentWorkflow.java:64)
	at net.zerocloud.pdf.consumer.UnicodeCompositionWorkflowTest.publishAndRead(UnicodeCompositionWorkflowTest.java:402)
	at net.zerocloud.pdf.consumer.UnicodeCompositionWorkflowTest.staticNotoSansPreservesLatinGreekAndCyrillicThroughPublication(UnicodeCompositionWorkflowTest.java:81)
	at java.base/jdk.internal.reflect.NativeMethodAccessorImpl.invoke0(Native Method)
	at java.base/jdk.internal.reflect.NativeMethodAccessorImpl.invoke(NativeMethodAccessorImpl.java:77)
	at java.base/jdk.internal.reflect.DelegatingMethodAccessorImpl.invoke(DelegatingMethodAccessorImpl.java:43)
	at java.base/java.lang.reflect.Method.invoke(Method.java:568)
	at org.junit.runners.model.FrameworkMethod$1.runReflectiveCall(FrameworkMethod.java:59)
	at org.junit.internal.runners.model.ReflectiveCallable.run(ReflectiveCallable.java:12)
	at org.junit.runners.model.FrameworkMethod.invokeExplosively(FrameworkMethod.java:56)
	at org.junit.internal.runners.statements.InvokeMethod.evaluate(InvokeMethod.java:17)
	at org.junit.rules.ExternalResource$1.evaluate(ExternalResource.java:54)
	at org.junit.runners.ParentRunner$3.evaluate(ParentRunner.java:306)
	at org.junit.runners.BlockJUnit4ClassRunner$1.evaluate(BlockJUnit4ClassRunner.java:100)
	at org.junit.runners.ParentRunner.runLeaf(ParentRunner.java:366)
	at org.junit.runners.BlockJUnit4ClassRunner.runChild(BlockJUnit4ClassRunner.java:103)
	at org.junit.runners.BlockJUnit4ClassRunner.runChild(BlockJUnit4ClassRunner.java:63)
	at org.junit.runners.ParentRunner$4.run(ParentRunner.java:331)
	at org.junit.runners.ParentRunner$1.schedule(ParentRunner.java:79)
	at org.junit.runners.ParentRunner.runChildren(ParentRunner.java:329)
	at org.junit.runners.ParentRunner.access$100(ParentRunner.java:66)
	at org.junit.runners.ParentRunner$2.evaluate(ParentRunner.java:293)
	at org.junit.runners.ParentRunner.run(ParentRunner.java:413)
	at org.junit.runners.Suite.runChild(Suite.java:128)
	at org.junit.runners.Suite.runChild(Suite.java:27)
	at org.junit.runners.ParentRunner$4.run(ParentRunner.java:331)
	at org.junit.runners.ParentRunner$1.schedule(ParentRunner.java:79)
	at org.junit.runners.ParentRunner.runChildren(ParentRunner.java:329)
	at org.junit.runners.ParentRunner.access$100(ParentRunner.java:66)
	at org.junit.runners.ParentRunner$2.evaluate(ParentRunner.java:293)
	at org.junit.runners.ParentRunner$3.evaluate(ParentRunner.java:306)
	at org.junit.runners.ParentRunner.run(ParentRunner.java:413)
	at org.apache.maven.surefire.junit4.JUnit4Provider.execute(JUnit4Provider.java:316)
	at org.apache.maven.surefire.junit4.JUnit4Provider.executeWithRerun(JUnit4Provider.java:240)
	at org.apache.maven.surefire.junit4.JUnit4Provider.executeTestSet(JUnit4Provider.java:214)
	at org.apache.maven.surefire.junit4.JUnit4Provider.invoke(JUnit4Provider.java:155)
	at org.apache.maven.surefire.booter.ForkedBooter.runSuitesInProcess(ForkedBooter.java:385)
	at org.apache.maven.surefire.booter.ForkedBooter.execute(ForkedBooter.java:162)
	at org.apache.maven.surefire.booter.ForkedBooter.run(ForkedBooter.java:507)
	at org.apache.maven.surefire.booter.ForkedBooter.main(ForkedBooter.java:495)

[ERROR] net.zerocloud.pdf.consumer.UnicodeCompositionWorkflowTest.justificationExpandsAfterTheWholeSpaceCombiningCluster[HARDENED_WORKER] -- Time elapsed: 1.031 s <<< ERROR!
net.zerocloud.pdf.DocumentFailure: The text and logical-structure extraction limit was exceeded.
	at net.zerocloud.pdf.HardenedWorkerEngine.execute(HardenedWorkerEngine.java:247)
	at net.zerocloud.pdf.DocumentWorkflow.executeOnce(DocumentWorkflow.java:177)
	at net.zerocloud.pdf.DocumentWorkflow.execute(DocumentWorkflow.java:103)
	at net.zerocloud.pdf.DocumentWorkflow.execute(DocumentWorkflow.java:64)
	at net.zerocloud.pdf.consumer.UnicodeCompositionWorkflowTest.publishAndRead(UnicodeCompositionWorkflowTest.java:402)
	at net.zerocloud.pdf.consumer.UnicodeCompositionWorkflowTest.justificationExpandsAfterTheWholeSpaceCombiningCluster(UnicodeCompositionWorkflowTest.java:202)
	at java.base/jdk.internal.reflect.NativeMethodAccessorImpl.invoke0(Native Method)
	at java.base/jdk.internal.reflect.NativeMethodAccessorImpl.invoke(NativeMethodAccessorImpl.java:77)
	at java.base/jdk.internal.reflect.DelegatingMethodAccessorImpl.invoke(DelegatingMethodAccessorImpl.java:43)
	at java.base/java.lang.reflect.Method.invoke(Method.java:568)
	at org.junit.runners.model.FrameworkMethod$1.runReflectiveCall(FrameworkMethod.java:59)
	at org.junit.internal.runners.model.ReflectiveCallable.run(ReflectiveCallable.java:12)
	at org.junit.runners.model.FrameworkMethod.invokeExplosively(FrameworkMethod.java:56)
	at org.junit.internal.runners.statements.InvokeMethod.evaluate(InvokeMethod.java:17)
	at org.junit.rules.ExternalResource$1.evaluate(ExternalResource.java:54)
	at org.junit.runners.ParentRunner$3.evaluate(ParentRunner.java:306)
	at org.junit.runners.BlockJUnit4ClassRunner$1.evaluate(BlockJUnit4ClassRunner.java:100)
	at org.junit.runners.ParentRunner.runLeaf(ParentRunner.java:366)
	at org.junit.runners.BlockJUnit4ClassRunner.runChild(BlockJUnit4ClassRunner.java:103)
	at org.junit.runners.BlockJUnit4ClassRunner.runChild(BlockJUnit4ClassRunner.java:63)
	at org.junit.runners.ParentRunner$4.run(ParentRunner.java:331)
	at org.junit.runners.ParentRunner$1.schedule(ParentRunner.java:79)
	at org.junit.runners.ParentRunner.runChildren(ParentRunner.java:329)
	at org.junit.runners.ParentRunner.access$100(ParentRunner.java:66)
	at org.junit.runners.ParentRunner$2.evaluate(ParentRunner.java:293)
	at org.junit.runners.ParentRunner.run(ParentRunner.java:413)
	at org.junit.runners.Suite.runChild(Suite.java:128)
	at org.junit.runners.Suite.runChild(Suite.java:27)
	at org.junit.runners.ParentRunner$4.run(ParentRunner.java:331)
	at org.junit.runners.ParentRunner$1.schedule(ParentRunner.java:79)
	at org.junit.runners.ParentRunner.runChildren(ParentRunner.java:329)
	at org.junit.runners.ParentRunner.access$100(ParentRunner.java:66)
	at org.junit.runners.ParentRunner$2.evaluate(ParentRunner.java:293)
	at org.junit.runners.ParentRunner$3.evaluate(ParentRunner.java:306)
	at org.junit.runners.ParentRunner.run(ParentRunner.java:413)
	at org.apache.maven.surefire.junit4.JUnit4Provider.execute(JUnit4Provider.java:316)
	at org.apache.maven.surefire.junit4.JUnit4Provider.executeWithRerun(JUnit4Provider.java:240)
	at org.apache.maven.surefire.junit4.JUnit4Provider.executeTestSet(JUnit4Provider.java:214)
	at org.apache.maven.surefire.junit4.JUnit4Provider.invoke(JUnit4Provider.java:155)
	at org.apache.maven.surefire.booter.ForkedBooter.runSuitesInProcess(ForkedBooter.java:385)
	at org.apache.maven.surefire.booter.ForkedBooter.execute(ForkedBooter.java:162)
	at org.apache.maven.surefire.booter.ForkedBooter.run(ForkedBooter.java:507)
	at org.apache.maven.surefire.booter.ForkedBooter.main(ForkedBooter.java:495)

[ERROR] net.zerocloud.pdf.consumer.UnicodeCompositionWorkflowTest.bidiTabAnchorsUseVisualOffsetsAndFieldsKeepTheirPhysicalPositions[HARDENED_WORKER] -- Time elapsed: 1.087 s <<< ERROR!
net.zerocloud.pdf.DocumentFailure: The text and logical-structure extraction limit was exceeded.
	at net.zerocloud.pdf.HardenedWorkerEngine.execute(HardenedWorkerEngine.java:247)
	at net.zerocloud.pdf.DocumentWorkflow.executeOnce(DocumentWorkflow.java:177)
	at net.zerocloud.pdf.DocumentWorkflow.execute(DocumentWorkflow.java:103)
	at net.zerocloud.pdf.DocumentWorkflow.execute(DocumentWorkflow.java:64)
	at net.zerocloud.pdf.consumer.UnicodeCompositionWorkflowTest.publishAndRead(UnicodeCompositionWorkflowTest.java:402)
	at net.zerocloud.pdf.consumer.UnicodeCompositionWorkflowTest.bidiTabAnchorsUseVisualOffsetsAndFieldsKeepTheirPhysicalPositions(UnicodeCompositionWorkflowTest.java:226)
	at java.base/jdk.internal.reflect.NativeMethodAccessorImpl.invoke0(Native Method)
	at java.base/jdk.internal.reflect.NativeMethodAccessorImpl.invoke(NativeMethodAccessorImpl.java:77)
	at java.base/jdk.internal.reflect.DelegatingMethodAccessorImpl.invoke(DelegatingMethodAccessorImpl.java:43)
	at java.base/java.lang.reflect.Method.invoke(Method.java:568)
	at org.junit.runners.model.FrameworkMethod$1.runReflectiveCall(FrameworkMethod.java:59)
	at org.junit.internal.runners.model.ReflectiveCallable.run(ReflectiveCallable.java:12)
	at org.junit.runners.model.FrameworkMethod.invokeExplosively(FrameworkMethod.java:56)
	at org.junit.internal.runners.statements.InvokeMethod.evaluate(InvokeMethod.java:17)
	at org.junit.rules.ExternalResource$1.evaluate(ExternalResource.java:54)
	at org.junit.runners.ParentRunner$3.evaluate(ParentRunner.java:306)
	at org.junit.runners.BlockJUnit4ClassRunner$1.evaluate(BlockJUnit4ClassRunner.java:100)
	at org.junit.runners.ParentRunner.runLeaf(ParentRunner.java:366)
	at org.junit.runners.BlockJUnit4ClassRunner.runChild(BlockJUnit4ClassRunner.java:103)
	at org.junit.runners.BlockJUnit4ClassRunner.runChild(BlockJUnit4ClassRunner.java:63)
	at org.junit.runners.ParentRunner$4.run(ParentRunner.java:331)
	at org.junit.runners.ParentRunner$1.schedule(ParentRunner.java:79)
	at org.junit.runners.ParentRunner.runChildren(ParentRunner.java:329)
	at org.junit.runners.ParentRunner.access$100(ParentRunner.java:66)
	at org.junit.runners.ParentRunner$2.evaluate(ParentRunner.java:293)
	at org.junit.runners.ParentRunner.run(ParentRunner.java:413)
	at org.junit.runners.Suite.runChild(Suite.java:128)
	at org.junit.runners.Suite.runChild(Suite.java:27)
	at org.junit.runners.ParentRunner$4.run(ParentRunner.java:331)
	at org.junit.runners.ParentRunner$1.schedule(ParentRunner.java:79)
	at org.junit.runners.ParentRunner.runChildren(ParentRunner.java:329)
	at org.junit.runners.ParentRunner.access$100(ParentRunner.java:66)
	at org.junit.runners.ParentRunner$2.evaluate(ParentRunner.java:293)
	at org.junit.runners.ParentRunner$3.evaluate(ParentRunner.java:306)
	at org.junit.runners.ParentRunner.run(ParentRunner.java:413)
	at org.apache.maven.surefire.junit4.JUnit4Provider.execute(JUnit4Provider.java:316)
	at org.apache.maven.surefire.junit4.JUnit4Provider.executeWithRerun(JUnit4Provider.java:240)
	at org.apache.maven.surefire.junit4.JUnit4Provider.executeTestSet(JUnit4Provider.java:214)
	at org.apache.maven.surefire.junit4.JUnit4Provider.invoke(JUnit4Provider.java:155)
	at org.apache.maven.surefire.booter.ForkedBooter.runSuitesInProcess(ForkedBooter.java:385)
	at org.apache.maven.surefire.booter.ForkedBooter.execute(ForkedBooter.java:162)
	at org.apache.maven.surefire.booter.ForkedBooter.run(ForkedBooter.java:507)
	at org.apache.maven.surefire.booter.ForkedBooter.main(ForkedBooter.java:495)

[ERROR] net.zerocloud.pdf.consumer.UnicodeCompositionWorkflowTest.explicitBidiIsolatesAffectOrderWithoutRequestingControlGlyphs[HARDENED_WORKER] -- Time elapsed: 1.057 s <<< ERROR!
net.zerocloud.pdf.DocumentFailure: The text and logical-structure extraction limit was exceeded.
	at net.zerocloud.pdf.HardenedWorkerEngine.execute(HardenedWorkerEngine.java:247)
	at net.zerocloud.pdf.DocumentWorkflow.executeOnce(DocumentWorkflow.java:177)
	at net.zerocloud.pdf.DocumentWorkflow.execute(DocumentWorkflow.java:103)
	at net.zerocloud.pdf.DocumentWorkflow.execute(DocumentWorkflow.java:64)
	at net.zerocloud.pdf.consumer.UnicodeCompositionWorkflowTest.publishAndRead(UnicodeCompositionWorkflowTest.java:402)
	at net.zerocloud.pdf.consumer.UnicodeCompositionWorkflowTest.explicitBidiIsolatesAffectOrderWithoutRequestingControlGlyphs(UnicodeCompositionWorkflowTest.java:182)
	at java.base/jdk.internal.reflect.NativeMethodAccessorImpl.invoke0(Native Method)
	at java.base/jdk.internal.reflect.NativeMethodAccessorImpl.invoke(NativeMethodAccessorImpl.java:77)
	at java.base/jdk.internal.reflect.DelegatingMethodAccessorImpl.invoke(DelegatingMethodAccessorImpl.java:43)
	at java.base/java.lang.reflect.Method.invoke(Method.java:568)
	at org.junit.runners.model.FrameworkMethod$1.runReflectiveCall(FrameworkMethod.java:59)
	at org.junit.internal.runners.model.ReflectiveCallable.run(ReflectiveCallable.java:12)
	at org.junit.runners.model.FrameworkMethod.invokeExplosively(FrameworkMethod.java:56)
	at org.junit.internal.runners.statements.InvokeMethod.evaluate(InvokeMethod.java:17)
	at org.junit.rules.ExternalResource$1.evaluate(ExternalResource.java:54)
	at org.junit.runners.ParentRunner$3.evaluate(ParentRunner.java:306)
	at org.junit.runners.BlockJUnit4ClassRunner$1.evaluate(BlockJUnit4ClassRunner.java:100)
	at org.junit.runners.ParentRunner.runLeaf(ParentRunner.java:366)
	at org.junit.runners.BlockJUnit4ClassRunner.runChild(BlockJUnit4ClassRunner.java:103)
	at org.junit.runners.BlockJUnit4ClassRunner.runChild(BlockJUnit4ClassRunner.java:63)
	at org.junit.runners.ParentRunner$4.run(ParentRunner.java:331)
	at org.junit.runners.ParentRunner$1.schedule(ParentRunner.java:79)
	at org.junit.runners.ParentRunner.runChildren(ParentRunner.java:329)
	at org.junit.runners.ParentRunner.access$100(ParentRunner.java:66)
	at org.junit.runners.ParentRunner$2.evaluate(ParentRunner.java:293)
	at org.junit.runners.ParentRunner.run(ParentRunner.java:413)
	at org.junit.runners.Suite.runChild(Suite.java:128)
	at org.junit.runners.Suite.runChild(Suite.java:27)
	at org.junit.runners.ParentRunner$4.run(ParentRunner.java:331)
	at org.junit.runners.ParentRunner$1.schedule(ParentRunner.java:79)
	at org.junit.runners.ParentRunner.runChildren(ParentRunner.java:329)
	at org.junit.runners.ParentRunner.access$100(ParentRunner.java:66)
	at org.junit.runners.ParentRunner$2.evaluate(ParentRunner.java:293)
	at org.junit.runners.ParentRunner$3.evaluate(ParentRunner.java:306)
	at org.junit.runners.ParentRunner.run(ParentRunner.java:413)
	at org.apache.maven.surefire.junit4.JUnit4Provider.execute(JUnit4Provider.java:316)
	at org.apache.maven.surefire.junit4.JUnit4Provider.executeWithRerun(JUnit4Provider.java:240)
	at org.apache.maven.surefire.junit4.JUnit4Provider.executeTestSet(JUnit4Provider.java:214)
	at org.apache.maven.surefire.junit4.JUnit4Provider.invoke(JUnit4Provider.java:155)
	at org.apache.maven.surefire.booter.ForkedBooter.runSuitesInProcess(ForkedBooter.java:385)
	at org.apache.maven.surefire.booter.ForkedBooter.execute(ForkedBooter.java:162)
	at org.apache.maven.surefire.booter.ForkedBooter.run(ForkedBooter.java:507)
	at org.apache.maven.surefire.booter.ForkedBooter.main(ForkedBooter.java:495)

[ERROR] net.zerocloud.pdf.consumer.UnicodeCompositionWorkflowTest.tablePreferredWidthsRecognizeUnicodeHardLineBreaks[HARDENED_WORKER] -- Time elapsed: 1.121 s <<< ERROR!
net.zerocloud.pdf.DocumentFailure: The text and logical-structure extraction limit was exceeded.
	at net.zerocloud.pdf.HardenedWorkerEngine.execute(HardenedWorkerEngine.java:247)
	at net.zerocloud.pdf.DocumentWorkflow.executeOnce(DocumentWorkflow.java:177)
	at net.zerocloud.pdf.DocumentWorkflow.execute(DocumentWorkflow.java:103)
	at net.zerocloud.pdf.DocumentWorkflow.execute(DocumentWorkflow.java:64)
	at net.zerocloud.pdf.consumer.UnicodeCompositionWorkflowTest.publishAndRead(UnicodeCompositionWorkflowTest.java:402)
	at net.zerocloud.pdf.consumer.UnicodeCompositionWorkflowTest.tablePreferredWidthsRecognizeUnicodeHardLineBreaks(UnicodeCompositionWorkflowTest.java:361)
	at java.base/jdk.internal.reflect.NativeMethodAccessorImpl.invoke0(Native Method)
	at java.base/jdk.internal.reflect.NativeMethodAccessorImpl.invoke(NativeMethodAccessorImpl.java:77)
	at java.base/jdk.internal.reflect.DelegatingMethodAccessorImpl.invoke(DelegatingMethodAccessorImpl.java:43)
	at java.base/java.lang.reflect.Method.invoke(Method.java:568)
	at org.junit.runners.model.FrameworkMethod$1.runReflectiveCall(FrameworkMethod.java:59)
	at org.junit.internal.runners.model.ReflectiveCallable.run(ReflectiveCallable.java:12)
	at org.junit.runners.model.FrameworkMethod.invokeExplosively(FrameworkMethod.java:56)
	at org.junit.internal.runners.statements.InvokeMethod.evaluate(InvokeMethod.java:17)
	at org.junit.rules.ExternalResource$1.evaluate(ExternalResource.java:54)
	at org.junit.runners.ParentRunner$3.evaluate(ParentRunner.java:306)
	at org.junit.runners.BlockJUnit4ClassRunner$1.evaluate(BlockJUnit4ClassRunner.java:100)
	at org.junit.runners.ParentRunner.runLeaf(ParentRunner.java:366)
	at org.junit.runners.BlockJUnit4ClassRunner.runChild(BlockJUnit4ClassRunner.java:103)
	at org.junit.runners.BlockJUnit4ClassRunner.runChild(BlockJUnit4ClassRunner.java:63)
	at org.junit.runners.ParentRunner$4.run(ParentRunner.java:331)
	at org.junit.runners.ParentRunner$1.schedule(ParentRunner.java:79)
	at org.junit.runners.ParentRunner.runChildren(ParentRunner.java:329)
	at org.junit.runners.ParentRunner.access$100(ParentRunner.java:66)
	at org.junit.runners.ParentRunner$2.evaluate(ParentRunner.java:293)
	at org.junit.runners.ParentRunner.run(ParentRunner.java:413)
	at org.junit.runners.Suite.runChild(Suite.java:128)
	at org.junit.runners.Suite.runChild(Suite.java:27)
	at org.junit.runners.ParentRunner$4.run(ParentRunner.java:331)
	at org.junit.runners.ParentRunner$1.schedule(ParentRunner.java:79)
	at org.junit.runners.ParentRunner.runChildren(ParentRunner.java:329)
	at org.junit.runners.ParentRunner.access$100(ParentRunner.java:66)
	at org.junit.runners.ParentRunner$2.evaluate(ParentRunner.java:293)
	at org.junit.runners.ParentRunner$3.evaluate(ParentRunner.java:306)
	at org.junit.runners.ParentRunner.run(ParentRunner.java:413)
	at org.apache.maven.surefire.junit4.JUnit4Provider.execute(JUnit4Provider.java:316)
	at org.apache.maven.surefire.junit4.JUnit4Provider.executeWithRerun(JUnit4Provider.java:240)
	at org.apache.maven.surefire.junit4.JUnit4Provider.executeTestSet(JUnit4Provider.java:214)
	at org.apache.maven.surefire.junit4.JUnit4Provider.invoke(JUnit4Provider.java:155)
	at org.apache.maven.surefire.booter.ForkedBooter.runSuitesInProcess(ForkedBooter.java:385)
	at org.apache.maven.surefire.booter.ForkedBooter.execute(ForkedBooter.java:162)
	at org.apache.maven.surefire.booter.ForkedBooter.run(ForkedBooter.java:507)
	at org.apache.maven.surefire.booter.ForkedBooter.main(ForkedBooter.java:495)

[ERROR] net.zerocloud.pdf.consumer.UnicodeCompositionWorkflowTest.automaticTableWidthsReserveTheWholeGraphemeCluster[HARDENED_WORKER] -- Time elapsed: 6.242 s <<< ERROR!
net.zerocloud.pdf.DocumentFailure: The text and logical-structure extraction limit was exceeded.
	at net.zerocloud.pdf.HardenedWorkerEngine.execute(HardenedWorkerEngine.java:247)
	at net.zerocloud.pdf.DocumentWorkflow.executeOnce(DocumentWorkflow.java:177)
	at net.zerocloud.pdf.DocumentWorkflow.execute(DocumentWorkflow.java:103)
	at net.zerocloud.pdf.DocumentWorkflow.execute(DocumentWorkflow.java:64)
	at net.zerocloud.pdf.consumer.UnicodeCompositionWorkflowTest.publishAndRead(UnicodeCompositionWorkflowTest.java:402)
	at net.zerocloud.pdf.consumer.UnicodeCompositionWorkflowTest.automaticTableWidthsReserveTheWholeGraphemeCluster(UnicodeCompositionWorkflowTest.java:345)
	at java.base/jdk.internal.reflect.NativeMethodAccessorImpl.invoke0(Native Method)
	at java.base/jdk.internal.reflect.NativeMethodAccessorImpl.invoke(NativeMethodAccessorImpl.java:77)
	at java.base/jdk.internal.reflect.DelegatingMethodAccessorImpl.invoke(DelegatingMethodAccessorImpl.java:43)
	at java.base/java.lang.reflect.Method.invoke(Method.java:568)
	at org.junit.runners.model.FrameworkMethod$1.runReflectiveCall(FrameworkMethod.java:59)
	at org.junit.internal.runners.model.ReflectiveCallable.run(ReflectiveCallable.java:12)
	at org.junit.runners.model.FrameworkMethod.invokeExplosively(FrameworkMethod.java:56)
	at org.junit.internal.runners.statements.InvokeMethod.evaluate(InvokeMethod.java:17)
	at org.junit.rules.ExternalResource$1.evaluate(ExternalResource.java:54)
	at org.junit.runners.ParentRunner$3.evaluate(ParentRunner.java:306)
	at org.junit.runners.BlockJUnit4ClassRunner$1.evaluate(BlockJUnit4ClassRunner.java:100)
	at org.junit.runners.ParentRunner.runLeaf(ParentRunner.java:366)
	at org.junit.runners.BlockJUnit4ClassRunner.runChild(BlockJUnit4ClassRunner.java:103)
	at org.junit.runners.BlockJUnit4ClassRunner.runChild(BlockJUnit4ClassRunner.java:63)
	at org.junit.runners.ParentRunner$4.run(ParentRunner.java:331)
	at org.junit.runners.ParentRunner$1.schedule(ParentRunner.java:79)
	at org.junit.runners.ParentRunner.runChildren(ParentRunner.java:329)
	at org.junit.runners.ParentRunner.access$100(ParentRunner.java:66)
	at org.junit.runners.ParentRunner$2.evaluate(ParentRunner.java:293)
	at org.junit.runners.ParentRunner.run(ParentRunner.java:413)
	at org.junit.runners.Suite.runChild(Suite.java:128)
	at org.junit.runners.Suite.runChild(Suite.java:27)
	at org.junit.runners.ParentRunner$4.run(ParentRunner.java:331)
	at org.junit.runners.ParentRunner$1.schedule(ParentRunner.java:79)
	at org.junit.runners.ParentRunner.runChildren(ParentRunner.java:329)
	at org.junit.runners.ParentRunner.access$100(ParentRunner.java:66)
	at org.junit.runners.ParentRunner$2.evaluate(ParentRunner.java:293)
	at org.junit.runners.ParentRunner$3.evaluate(ParentRunner.java:306)
	at org.junit.runners.ParentRunner.run(ParentRunner.java:413)
	at org.apache.maven.surefire.junit4.JUnit4Provider.execute(JUnit4Provider.java:316)
	at org.apache.maven.surefire.junit4.JUnit4Provider.executeWithRerun(JUnit4Provider.java:240)
	at org.apache.maven.surefire.junit4.JUnit4Provider.executeTestSet(JUnit4Provider.java:214)
	at org.apache.maven.surefire.junit4.JUnit4Provider.invoke(JUnit4Provider.java:155)
	at org.apache.maven.surefire.booter.ForkedBooter.runSuitesInProcess(ForkedBooter.java:385)
	at org.apache.maven.surefire.booter.ForkedBooter.execute(ForkedBooter.java:162)
	at org.apache.maven.surefire.booter.ForkedBooter.run(ForkedBooter.java:507)
	at org.apache.maven.surefire.booter.ForkedBooter.main(ForkedBooter.java:495)

[ERROR] net.zerocloud.pdf.consumer.UnicodeCompositionWorkflowTest.rightToLeftTabFieldKeepsItsExplicitStopAndClusterOrder[HARDENED_WORKER] -- Time elapsed: 1.019 s <<< ERROR!
net.zerocloud.pdf.DocumentFailure: The text and logical-structure extraction limit was exceeded.
	at net.zerocloud.pdf.HardenedWorkerEngine.execute(HardenedWorkerEngine.java:247)
	at net.zerocloud.pdf.DocumentWorkflow.executeOnce(DocumentWorkflow.java:177)
	at net.zerocloud.pdf.DocumentWorkflow.execute(DocumentWorkflow.java:103)
	at net.zerocloud.pdf.DocumentWorkflow.execute(DocumentWorkflow.java:64)
	at net.zerocloud.pdf.consumer.UnicodeCompositionWorkflowTest.publishAndRead(UnicodeCompositionWorkflowTest.java:402)
	at net.zerocloud.pdf.consumer.UnicodeCompositionWorkflowTest.rightToLeftTabFieldKeepsItsExplicitStopAndClusterOrder(UnicodeCompositionWorkflowTest.java:215)
	at java.base/jdk.internal.reflect.NativeMethodAccessorImpl.invoke0(Native Method)
	at java.base/jdk.internal.reflect.NativeMethodAccessorImpl.invoke(NativeMethodAccessorImpl.java:77)
	at java.base/jdk.internal.reflect.DelegatingMethodAccessorImpl.invoke(DelegatingMethodAccessorImpl.java:43)
	at java.base/java.lang.reflect.Method.invoke(Method.java:568)
	at org.junit.runners.model.FrameworkMethod$1.runReflectiveCall(FrameworkMethod.java:59)
	at org.junit.internal.runners.model.ReflectiveCallable.run(ReflectiveCallable.java:12)
	at org.junit.runners.model.FrameworkMethod.invokeExplosively(FrameworkMethod.java:56)
	at org.junit.internal.runners.statements.InvokeMethod.evaluate(InvokeMethod.java:17)
	at org.junit.rules.ExternalResource$1.evaluate(ExternalResource.java:54)
	at org.junit.runners.ParentRunner$3.evaluate(ParentRunner.java:306)
	at org.junit.runners.BlockJUnit4ClassRunner$1.evaluate(BlockJUnit4ClassRunner.java:100)
	at org.junit.runners.ParentRunner.runLeaf(ParentRunner.java:366)
	at org.junit.runners.BlockJUnit4ClassRunner.runChild(BlockJUnit4ClassRunner.java:103)
	at org.junit.runners.BlockJUnit4ClassRunner.runChild(BlockJUnit4ClassRunner.java:63)
	at org.junit.runners.ParentRunner$4.run(ParentRunner.java:331)
	at org.junit.runners.ParentRunner$1.schedule(ParentRunner.java:79)
	at org.junit.runners.ParentRunner.runChildren(ParentRunner.java:329)
	at org.junit.runners.ParentRunner.access$100(ParentRunner.java:66)
	at org.junit.runners.ParentRunner$2.evaluate(ParentRunner.java:293)
	at org.junit.runners.ParentRunner.run(ParentRunner.java:413)
	at org.junit.runners.Suite.runChild(Suite.java:128)
	at org.junit.runners.Suite.runChild(Suite.java:27)
	at org.junit.runners.ParentRunner$4.run(ParentRunner.java:331)
	at org.junit.runners.ParentRunner$1.schedule(ParentRunner.java:79)
	at org.junit.runners.ParentRunner.runChildren(ParentRunner.java:329)
	at org.junit.runners.ParentRunner.access$100(ParentRunner.java:66)
	at org.junit.runners.ParentRunner$2.evaluate(ParentRunner.java:293)
	at org.junit.runners.ParentRunner$3.evaluate(ParentRunner.java:306)
	at org.junit.runners.ParentRunner.run(ParentRunner.java:413)
	at org.apache.maven.surefire.junit4.JUnit4Provider.execute(JUnit4Provider.java:316)
	at org.apache.maven.surefire.junit4.JUnit4Provider.executeWithRerun(JUnit4Provider.java:240)
	at org.apache.maven.surefire.junit4.JUnit4Provider.executeTestSet(JUnit4Provider.java:214)
	at org.apache.maven.surefire.junit4.JUnit4Provider.invoke(JUnit4Provider.java:155)
	at org.apache.maven.surefire.booter.ForkedBooter.runSuitesInProcess(ForkedBooter.java:385)
	at org.apache.maven.surefire.booter.ForkedBooter.execute(ForkedBooter.java:162)
	at org.apache.maven.surefire.booter.ForkedBooter.run(ForkedBooter.java:507)
	at org.apache.maven.surefire.booter.ForkedBooter.main(ForkedBooter.java:495)

[ERROR] net.zerocloud.pdf.consumer.UnicodeCompositionWorkflowTest.combiningClusterAcrossInlinesCannotSplitAtItsSpace[HARDENED_WORKER] -- Time elapsed: 1.005 s <<< ERROR!
net.zerocloud.pdf.DocumentFailure: The text and logical-structure extraction limit was exceeded.
	at net.zerocloud.pdf.HardenedWorkerEngine.execute(HardenedWorkerEngine.java:247)
	at net.zerocloud.pdf.DocumentWorkflow.executeOnce(DocumentWorkflow.java:177)
	at net.zerocloud.pdf.DocumentWorkflow.execute(DocumentWorkflow.java:103)
	at net.zerocloud.pdf.DocumentWorkflow.execute(DocumentWorkflow.java:64)
	at net.zerocloud.pdf.consumer.UnicodeCompositionWorkflowTest.publishAndRead(UnicodeCompositionWorkflowTest.java:402)
	at net.zerocloud.pdf.consumer.UnicodeCompositionWorkflowTest.combiningClusterAcrossInlinesCannotSplitAtItsSpace(UnicodeCompositionWorkflowTest.java:94)
	at java.base/jdk.internal.reflect.NativeMethodAccessorImpl.invoke0(Native Method)
	at java.base/jdk.internal.reflect.NativeMethodAccessorImpl.invoke(NativeMethodAccessorImpl.java:77)
	at java.base/jdk.internal.reflect.DelegatingMethodAccessorImpl.invoke(DelegatingMethodAccessorImpl.java:43)
	at java.base/java.lang.reflect.Method.invoke(Method.java:568)
	at org.junit.runners.model.FrameworkMethod$1.runReflectiveCall(FrameworkMethod.java:59)
	at org.junit.internal.runners.model.ReflectiveCallable.run(ReflectiveCallable.java:12)
	at org.junit.runners.model.FrameworkMethod.invokeExplosively(FrameworkMethod.java:56)
	at org.junit.internal.runners.statements.InvokeMethod.evaluate(InvokeMethod.java:17)
	at org.junit.rules.ExternalResource$1.evaluate(ExternalResource.java:54)
	at org.junit.runners.ParentRunner$3.evaluate(ParentRunner.java:306)
	at org.junit.runners.BlockJUnit4ClassRunner$1.evaluate(BlockJUnit4ClassRunner.java:100)
	at org.junit.runners.ParentRunner.runLeaf(ParentRunner.java:366)
	at org.junit.runners.BlockJUnit4ClassRunner.runChild(BlockJUnit4ClassRunner.java:103)
	at org.junit.runners.BlockJUnit4ClassRunner.runChild(BlockJUnit4ClassRunner.java:63)
	at org.junit.runners.ParentRunner$4.run(ParentRunner.java:331)
	at org.junit.runners.ParentRunner$1.schedule(ParentRunner.java:79)
	at org.junit.runners.ParentRunner.runChildren(ParentRunner.java:329)
	at org.junit.runners.ParentRunner.access$100(ParentRunner.java:66)
	at org.junit.runners.ParentRunner$2.evaluate(ParentRunner.java:293)
	at org.junit.runners.ParentRunner.run(ParentRunner.java:413)
	at org.junit.runners.Suite.runChild(Suite.java:128)
	at org.junit.runners.Suite.runChild(Suite.java:27)
	at org.junit.runners.ParentRunner$4.run(ParentRunner.java:331)
	at org.junit.runners.ParentRunner$1.schedule(ParentRunner.java:79)
	at org.junit.runners.ParentRunner.runChildren(ParentRunner.java:329)
	at org.junit.runners.ParentRunner.access$100(ParentRunner.java:66)
	at org.junit.runners.ParentRunner$2.evaluate(ParentRunner.java:293)
	at org.junit.runners.ParentRunner$3.evaluate(ParentRunner.java:306)
	at org.junit.runners.ParentRunner.run(ParentRunner.java:413)
	at org.apache.maven.surefire.junit4.JUnit4Provider.execute(JUnit4Provider.java:316)
	at org.apache.maven.surefire.junit4.JUnit4Provider.executeWithRerun(JUnit4Provider.java:240)
	at org.apache.maven.surefire.junit4.JUnit4Provider.executeTestSet(JUnit4Provider.java:214)
	at org.apache.maven.surefire.junit4.JUnit4Provider.invoke(JUnit4Provider.java:155)
	at org.apache.maven.surefire.booter.ForkedBooter.runSuitesInProcess(ForkedBooter.java:385)
	at org.apache.maven.surefire.booter.ForkedBooter.execute(ForkedBooter.java:162)
	at org.apache.maven.surefire.booter.ForkedBooter.run(ForkedBooter.java:507)
	at org.apache.maven.surefire.booter.ForkedBooter.main(ForkedBooter.java:495)

[INFO] Running net.zerocloud.pdf.consumer.WorkflowCapabilityProviderTest
[INFO] Tests run: 7, Failures: 0, Errors: 0, Skipped: 0, Time elapsed: 0.002 s -- in net.zerocloud.pdf.consumer.WorkflowCapabilityProviderTest
[INFO] Running net.zerocloud.pdf.consumer.WorkflowExecutionProfileContractTest
[INFO] Tests run: 82, Failures: 0, Errors: 0, Skipped: 0, Time elapsed: 22.57 s -- in net.zerocloud.pdf.consumer.WorkflowExecutionProfileContractTest
[INFO] Running net.zerocloud.pdf.consumer.WorkflowLifecycleTest
[INFO] Tests run: 7, Failures: 0, Errors: 0, Skipped: 0, Time elapsed: 0.013 s -- in net.zerocloud.pdf.consumer.WorkflowLifecycleTest
[INFO] Running net.zerocloud.pdf.consumer.WorkflowResourceOwnershipTest
[INFO] Tests run: 3, Failures: 0, Errors: 0, Skipped: 0, Time elapsed: 0.039 s -- in net.zerocloud.pdf.consumer.WorkflowResourceOwnershipTest
[INFO] Running net.zerocloud.pdf.consumer.WorkflowTransactionContractTest
[INFO] Tests run: 16, Failures: 0, Errors: 0, Skipped: 0, Time elapsed: 0.044 s -- in net.zerocloud.pdf.consumer.WorkflowTransactionContractTest
[INFO] Running net.zerocloud.pdf.HardenedWorkerIsolationTest
[INFO] Tests run: 14, Failures: 0, Errors: 0, Skipped: 0, Time elapsed: 7.590 s -- in net.zerocloud.pdf.HardenedWorkerIsolationTest
[INFO] Running net.zerocloud.pdf.HardenedWorkerRecoveryFaultTest
[INFO] Tests run: 2, Failures: 0, Errors: 0, Skipped: 0, Time elapsed: 1.942 s -- in net.zerocloud.pdf.HardenedWorkerRecoveryFaultTest
[INFO] Running net.zerocloud.pdf.PdfBoxCMapPreflightTest
[INFO] Tests run: 9, Failures: 0, Errors: 0, Skipped: 0, Time elapsed: 0.001 s -- in net.zerocloud.pdf.PdfBoxCMapPreflightTest
[INFO] Running net.zerocloud.pdf.PdfBoxFontMetricPreflightTest
[INFO] Tests run: 5, Failures: 0, Errors: 0, Skipped: 0, Time elapsed: 0.001 s -- in net.zerocloud.pdf.PdfBoxFontMetricPreflightTest
[INFO] Running net.zerocloud.pdf.WorkerCodecContractTest
[INFO] Tests run: 11, Failures: 0, Errors: 0, Skipped: 0, Time elapsed: 0.468 s -- in net.zerocloud.pdf.WorkerCodecContractTest
[INFO] Running net.zerocloud.pdf.WorkerProtocolBoundaryTest
[INFO] Tests run: 15, Failures: 0, Errors: 0, Skipped: 0, Time elapsed: 8.794 s -- in net.zerocloud.pdf.WorkerProtocolBoundaryTest
[INFO] Running net.zerocloud.pdf.WorkflowResourceCacheAccountingTest
[INFO] Tests run: 15, Failures: 0, Errors: 0, Skipped: 0, Time elapsed: 0.016 s -- in net.zerocloud.pdf.WorkflowResourceCacheAccountingTest
[INFO] 
[INFO] Results:
[INFO] 
[ERROR] Failures: 
[ERROR]   ShapingCompositionWorkflowTest.incrementalShapingRequiresPdf15EvenWithOnlyBmpMappings:267 PDF 1.5 admits replacement text
[ERROR]   ShapingCompositionWorkflowTest.incrementalShapingRequiresPdf15EvenWithOnlyBmpMappings:267 PDF 1.5 admits replacement text
[ERROR]   ShapingCompositionWorkflowTest.shapingFallbackCountsEachScalarVisitAtTheExactBoundary:351 Four visits admit the exact boundary expected:<3> but was:<4>
[ERROR]   ShapingCompositionWorkflowTest.shapingFallbackCountsEachScalarVisitAtTheExactBoundary:351 Four visits admit the exact boundary expected:<3> but was:<4>
[ERROR] Errors: 
[ERROR]   BarcodeWorkflowTest.humanReadableLabelsExposeCanonicalChecksGuardsAndAlternateText:846 » DocumentFailure The text and logical-structure extraction limit was exceeded.
[ERROR]   BarcodeWorkflowTest.humanReadableLabelsExposeCanonicalChecksGuardsAndAlternateText:846 » DocumentFailure The text and logical-structure extraction limit was exceeded.
[ERROR]   BarcodeWorkflowTest.humanReadableTextUsesExplicitFontMetricsAndTheBarcodeTransform:882 » DocumentFailure The text and logical-structure extraction limit was exceeded.
[ERROR]   BarcodeWorkflowTest.humanReadableTextUsesExplicitFontMetricsAndTheBarcodeTransform:882 » DocumentFailure The text and logical-structure extraction limit was exceeded.
[ERROR]   BarcodeWorkflowTest.labelAlignmentAndAboveBarPlacementAreBoundedBeforePublication:787 » DocumentFailure The text and logical-structure extraction limit was exceeded.
[ERROR]   BarcodeWorkflowTest.labelAlignmentAndAboveBarPlacementAreBoundedBeforePublication:787 » DocumentFailure The text and logical-structure extraction limit was exceeded.
[ERROR]   BarcodeWorkflowTest.unsignedIncrementalBarcodesPreserveTheOriginalRevision:762 » DocumentFailure The text and logical-structure extraction limit was exceeded.
[ERROR]   BarcodeWorkflowTest.unsignedIncrementalBarcodesPreserveTheOriginalRevision:762 » DocumentFailure The text and logical-structure extraction limit was exceeded.
[ERROR]   FontLoadingWorkflowTest.callerOwnedSourcesStayOpenAndEqualProgramsReuseOneResource:421 » DocumentFailure The text and logical-structure extraction limit was exceeded.
[ERROR]   FontLoadingWorkflowTest.caughtPreflightFailureDoesNotLeakGlyphsIntoLaterSubset:1275 » DocumentFailure The text and logical-structure extraction limit was exceeded.
[ERROR]   FontLoadingWorkflowTest.compactHorizontalMetricsUseTheLastDeclaredAdvance:183 » DocumentFailure The text and logical-structure extraction limit was exceeded.
[ERROR]   FontLoadingWorkflowTest.configuredReferenceFontsUseStrictOrderedFallbackWithoutSystemFonts:266 » DocumentFailure The text and logical-structure extraction limit was exceeded.
[ERROR]   FontLoadingWorkflowTest.explicitBytesEmbedSubsetMetricsAndToUnicodeThroughPublicQueries:109 » DocumentFailure The text and logical-structure extraction limit was exceeded.
[ERROR]   FontLoadingWorkflowTest.format12SupplementaryMappingPublishesAndExtractsToUnicode:210 » DocumentFailure The text and logical-structure extraction limit was exceeded.
[ERROR]   FontLoadingWorkflowTest.laterDocumentCommandSurvivesFontFinalization:1042 » DocumentFailure The text and logical-structure extraction limit was exceeded.
[ERROR]   FontLoadingWorkflowTest.metricScalingUsesExactRationalRounding:453 » DocumentFailure The text and logical-structure extraction limit was exceeded.
[ERROR]   FontLoadingWorkflowTest.pathSourceIsWorkflowStagedAndFolioClosesItsHandle:536 » DocumentFailure The text and logical-structure extraction limit was exceeded.
[ERROR]   FontLoadingWorkflowTest.queriesObservePriorFontEmbeddingAndUnicodeText:1005 » DocumentFailure The text and logical-structure extraction limit was exceeded.
[ERROR]   FontLoadingWorkflowTest.supportedSfntProfileVariantsPublishReopenAndKeepGeometry:509 » DocumentFailure The text and logical-structure extraction limit was exceeded.
[ERROR]   FontLoadingWorkflowTest.unsignedIncrementalPublicationPreservesRevisionAndNewFont:1339 » DocumentFailure The text and logical-structure extraction limit was exceeded.
[ERROR]   LargeTableWorkflowTest.beginFreezesPathAndBorrowedStreamFontsForLaterFlushes:438 » DocumentFailure The text and logical-structure extraction limit was exceeded.
[ERROR]   LargeTableWorkflowTest.beginFreezesPathAndBorrowedStreamFontsForLaterFlushes:438 » DocumentFailure The text and logical-structure extraction limit was exceeded.
[ERROR]   LargeTableWorkflowTest.chunkedWorkerRowsCannotResetTheCumulativeScalarBudget:544 » DocumentFailure The text and logical-structure extraction limit was exceeded.
[ERROR]   LargeTableWorkflowTest.chunkedWorkerRowsCannotResetTheCumulativeScalarBudget:544 » DocumentFailure The text and logical-structure extraction limit was exceeded.
[ERROR]   LargeTableWorkflowTest.cumulativeDeclarationLimitsSurviveFlushAndRejectTheFirstExtraBatchAtomically:170 » DocumentFailure The text and logical-structure extraction limit was exceeded.
[ERROR]   LargeTableWorkflowTest.cumulativeDeclarationLimitsSurviveFlushAndRejectTheFirstExtraBatchAtomically:170 » DocumentFailure The text and logical-structure extraction limit was exceeded.
[ERROR]   LargeTableWorkflowTest.flushReleasesRowsBeforeAllRowsArriveAndCompleteUsesFinalFooterSpace:105 » DocumentFailure The text and logical-structure extraction limit was exceeded.
[ERROR]   LargeTableWorkflowTest.flushReleasesRowsBeforeAllRowsArriveAndCompleteUsesFinalFooterSpace:105 » DocumentFailure The text and logical-structure extraction limit was exceeded.
[ERROR]   LargeTableWorkflowTest.generatedRowsRemainBoundedAndContinueInLaterAreasOfTheSamePhysicalPage:338 » DocumentFailure The text and logical-structure extraction limit was exceeded.
[ERROR]   LargeTableWorkflowTest.generatedRowsRemainBoundedAndContinueInLaterAreasOfTheSamePhysicalPage:338 » DocumentFailure The text and logical-structure extraction limit was exceeded.
[ERROR]   LargeTableWorkflowTest.incompleteSpanWaitsForLaterRowsAndFlushReleasesTheCompletedSpanGroup:203 » DocumentFailure The text and logical-structure extraction limit was exceeded.
[ERROR]   LargeTableWorkflowTest.incompleteSpanWaitsForLaterRowsAndFlushReleasesTheCompletedSpanGroup:203 » DocumentFailure The text and logical-structure extraction limit was exceeded.
[ERROR]   LargeTableWorkflowTest.largeTableFlushParticipatesInIncrementalPublicationWithoutChangingTheSourcePrefix:506 » DocumentFailure The text and logical-structure extraction limit was exceeded.
[ERROR]   LargeTableWorkflowTest.largeTableFlushParticipatesInIncrementalPublicationWithoutChangingTheSourcePrefix:506 » DocumentFailure The text and logical-structure extraction limit was exceeded.
[ERROR]   LargeTableWorkflowTest.minimumOnlyRowFragmentRemainsRetainedUntilItsCompleteGroupCanBeReleased:372 » DocumentFailure The text and logical-structure extraction limit was exceeded.
[ERROR]   LargeTableWorkflowTest.minimumOnlyRowFragmentRemainsRetainedUntilItsCompleteGroupCanBeReleased:372 » DocumentFailure The text and logical-structure extraction limit was exceeded.
[ERROR]   ParagraphCompositionWorkflowTest.alignmentPositionsTextWithinTheDeclaredWidth:209->read:582 » DocumentFailure The text and logical-structure extraction limit was exceeded.
[ERROR]   ParagraphCompositionWorkflowTest.alignmentPositionsTextWithinTheDeclaredWidth:209->read:582 » DocumentFailure The text and logical-structure extraction limit was exceeded.
[ERROR]   ParagraphCompositionWorkflowTest.batchOrderQueryBarriersAndSessionExpiryArePreserved:265 » DocumentFailure The text and logical-structure extraction limit was exceeded.
[ERROR]   ParagraphCompositionWorkflowTest.batchOrderQueryBarriersAndSessionExpiryArePreserved:265 » DocumentFailure The text and logical-structure extraction limit was exceeded.
[ERROR]   ParagraphCompositionWorkflowTest.callerFontStreamIsStagedOnceAndRemainsOpenAcrossFlows:295->read:582 » DocumentFailure The text and logical-structure extraction limit was exceeded.
[ERROR]   ParagraphCompositionWorkflowTest.callerFontStreamIsStagedOnceAndRemainsOpenAcrossFlows:295->read:582 » DocumentFailure The text and logical-structure extraction limit was exceeded.
[ERROR]   ParagraphCompositionWorkflowTest.explicitAreaBreakSkipsTheRestOfTheCurrentArea:193->read:582 » DocumentFailure The text and logical-structure extraction limit was exceeded.
[ERROR]   ParagraphCompositionWorkflowTest.explicitAreaBreakSkipsTheRestOfTheCurrentArea:193->read:582 » DocumentFailure The text and logical-structure extraction limit was exceeded.
[ERROR]   ParagraphCompositionWorkflowTest.fractionalAdvancesFitExactlyWithoutCreatingAnExtraLine:140->read:582 » DocumentFailure The text and logical-structure extraction limit was exceeded.
[ERROR]   ParagraphCompositionWorkflowTest.fractionalAdvancesFitExactlyWithoutCreatingAnExtraLine:140->read:582 » DocumentFailure The text and logical-structure extraction limit was exceeded.
[ERROR]   ParagraphCompositionWorkflowTest.fractionalLeadingFitsAnExactAreaHeight:155->read:582 » DocumentFailure The text and logical-structure extraction limit was exceeded.
[ERROR]   ParagraphCompositionWorkflowTest.fractionalLeadingFitsAnExactAreaHeight:155->read:582 » DocumentFailure The text and logical-structure extraction limit was exceeded.
[ERROR]   ParagraphCompositionWorkflowTest.fractionalMarginsAdmitAnExactAreaAndRejectAnExcess:176->read:582 » DocumentFailure The text and logical-structure extraction limit was exceeded.
[ERROR]   ParagraphCompositionWorkflowTest.fractionalMarginsAdmitAnExactAreaAndRejectAnExcess:176->read:582 » DocumentFailure The text and logical-structure extraction limit was exceeded.
[ERROR]   ParagraphCompositionWorkflowTest.leadingAndExplicitLineBreaksControlBaselinesAndPagination:225->assertLayout:530->read:582 » DocumentFailure The text and logical-structure extraction limit was exceeded.
[ERROR]   ParagraphCompositionWorkflowTest.leadingAndExplicitLineBreaksControlBaselinesAndPagination:225->assertLayout:530->read:582 » DocumentFailure The text and logical-structure extraction limit was exceeded.
[ERROR]   ParagraphCompositionWorkflowTest.mixedParagraphFlowsAcrossTwoColumnsAndANewPage:104->read:582 » DocumentFailure The text and logical-structure extraction limit was exceeded.
[ERROR]   ParagraphCompositionWorkflowTest.mixedParagraphFlowsAcrossTwoColumnsAndANewPage:104->read:582 » DocumentFailure The text and logical-structure extraction limit was exceeded.
[ERROR]   ParagraphCompositionWorkflowTest.pageSizeMarginsAndWidthCapsDetermineIndependentBreakpoints:123->assertLayout:530->read:582 » DocumentFailure The text and logical-structure extraction limit was exceeded.
[ERROR]   ParagraphCompositionWorkflowTest.pageSizeMarginsAndWidthCapsDetermineIndependentBreakpoints:123->assertLayout:530->read:582 » DocumentFailure The text and logical-structure extraction limit was exceeded.
[ERROR]   ParagraphCompositionWorkflowTest.sameReferenceFontBytesAndDeclarationsRepeatTheEntireLayout:243->read:582 » DocumentFailure The text and logical-structure extraction limit was exceeded.
[ERROR]   ParagraphCompositionWorkflowTest.sameReferenceFontBytesAndDeclarationsRepeatTheEntireLayout:243->read:582 » DocumentFailure The text and logical-structure extraction limit was exceeded.
[ERROR]   ParagraphCompositionWorkflowTest.tallGraphicsAndDifferentTextSizesDetermineLineBoxes:493->read:582 » DocumentFailure The text and logical-structure extraction limit was exceeded.
[ERROR]   ParagraphCompositionWorkflowTest.tallGraphicsAndDifferentTextSizesDetermineLineBoxes:493->read:582 » DocumentFailure The text and logical-structure extraction limit was exceeded.
[ERROR]   ParagraphCompositionWorkflowTest.unsignedIncrementalAppendPreservesExistingPageContent:378->read:582 » DocumentFailure The text and logical-structure extraction limit was exceeded.
[ERROR]   ParagraphCompositionWorkflowTest.unsignedIncrementalAppendPreservesExistingPageContent:378->read:582 » DocumentFailure The text and logical-structure extraction limit was exceeded.
[ERROR]   ParagraphPaginationWorkflowTest.consecutiveTabsSkipStopsThatWouldMoveThePenBackwards:137->read:553 » DocumentFailure The text and logical-structure extraction limit was exceeded.
[ERROR]   ParagraphPaginationWorkflowTest.consecutiveTabsSkipStopsThatWouldMoveThePenBackwards:137->read:553 » DocumentFailure The text and logical-structure extraction limit was exceeded.
[ERROR]   ParagraphPaginationWorkflowTest.eachTabAlignmentAndDefaultGridCrossesPages:129->read:553 » DocumentFailure The text and logical-structure extraction limit was exceeded.
[ERROR]   ParagraphPaginationWorkflowTest.eachTabAlignmentAndDefaultGridCrossesPages:129->read:553 » DocumentFailure The text and logical-structure extraction limit was exceeded.
[ERROR]   ParagraphPaginationWorkflowTest.exactAttemptBoundSucceedsAndTheFirstExcessFails:423->read:553 » DocumentFailure The text and logical-structure extraction limit was exceeded.
[ERROR]   ParagraphPaginationWorkflowTest.exactAttemptBoundSucceedsAndTheFirstExcessFails:423->read:553 » DocumentFailure The text and logical-structure extraction limit was exceeded.
[ERROR]   ParagraphPaginationWorkflowTest.excessiveRelayoutDeclarationsPreserveContentAndConsumeTheAttempt:280 » DocumentFailure The text and logical-structure extraction limit was exceeded.
[ERROR]   ParagraphPaginationWorkflowTest.excessiveRelayoutDeclarationsPreserveContentAndConsumeTheAttempt:280 » DocumentFailure The text and logical-structure extraction limit was exceeded.
[ERROR]   ParagraphPaginationWorkflowTest.explicitTabsRemainFixedAcrossColumnsAndPages:113->read:553 » DocumentFailure The text and logical-structure extraction limit was exceeded.
[ERROR]   ParagraphPaginationWorkflowTest.explicitTabsRemainFixedAcrossColumnsAndPages:113->read:553 » DocumentFailure The text and logical-structure extraction limit was exceeded.
[ERROR]   ParagraphPaginationWorkflowTest.failedRelayoutPreservesLayoutAndConsumesItsAttempt:267 » DocumentFailure The text and logical-structure extraction limit was exceeded.
[ERROR]   ParagraphPaginationWorkflowTest.failedRelayoutPreservesLayoutAndConsumesItsAttempt:267 » DocumentFailure The text and logical-structure extraction limit was exceeded.
[ERROR]   ParagraphPaginationWorkflowTest.failedRelayoutStopsBatchBeforeReadingLaterCallerFonts:412->read:553 » DocumentFailure The text and logical-structure extraction limit was exceeded.
[ERROR]   ParagraphPaginationWorkflowTest.failedRelayoutStopsBatchBeforeReadingLaterCallerFonts:412->read:553 » DocumentFailure The text and logical-structure extraction limit was exceeded.
[ERROR]   ParagraphPaginationWorkflowTest.finiteSearchAndLineBoundsReportStableFailures:429->read:553 » DocumentFailure The text and logical-structure extraction limit was exceeded.
[ERROR]   ParagraphPaginationWorkflowTest.finiteSearchAndLineBoundsReportStableFailures:429->read:553 » DocumentFailure The text and logical-structure extraction limit was exceeded.
[ERROR]   ParagraphPaginationWorkflowTest.hangingFirstLineDoesNotRepeatOnTheNextPage:103->read:553 » DocumentFailure The text and logical-structure extraction limit was exceeded.
[ERROR]   ParagraphPaginationWorkflowTest.hangingFirstLineDoesNotRepeatOnTheNextPage:103->read:553 » DocumentFailure The text and logical-structure extraction limit was exceeded.
[ERROR]   ParagraphPaginationWorkflowTest.immediateAndExplicitFlushSealTheFlowWithoutEarlyPublication:323->read:553 » DocumentFailure The text and logical-structure extraction limit was exceeded.
[ERROR]   ParagraphPaginationWorkflowTest.immediateAndExplicitFlushSealTheFlowWithoutEarlyPublication:323->read:553 » DocumentFailure The text and logical-structure extraction limit was exceeded.
[ERROR]   ParagraphPaginationWorkflowTest.incomingAndOutgoingFragmentMinimaApplyToEveryPage:416->read:553 » DocumentFailure The text and logical-structure extraction limit was exceeded.
[ERROR]   ParagraphPaginationWorkflowTest.incomingAndOutgoingFragmentMinimaApplyToEveryPage:416->read:553 » DocumentFailure The text and logical-structure extraction limit was exceeded.
[ERROR]   ParagraphPaginationWorkflowTest.indentsAndWidthCapContinueAcrossColumnsAndPages:89->read:553 » DocumentFailure The text and logical-structure extraction limit was exceeded.
[ERROR]   ParagraphPaginationWorkflowTest.indentsAndWidthCapContinueAcrossColumnsAndPages:89->read:553 » DocumentFailure The text and logical-structure extraction limit was exceeded.
[ERROR]   ParagraphPaginationWorkflowTest.keepChainAndFollowingKeepTogetherAreSolvedJointly:172->read:553 » DocumentFailure The text and logical-structure extraction limit was exceeded.
[ERROR]   ParagraphPaginationWorkflowTest.keepChainAndFollowingKeepTogetherAreSolvedJointly:172->read:553 » DocumentFailure The text and logical-structure extraction limit was exceeded.
[ERROR]   ParagraphPaginationWorkflowTest.keepTogetherIncludesGraphicHeightAndRelayoutRetainsTheGraphic:363 » DocumentFailure The text and logical-structure extraction limit was exceeded.
[ERROR]   ParagraphPaginationWorkflowTest.keepTogetherIncludesGraphicHeightAndRelayoutRetainsTheGraphic:363 » DocumentFailure The text and logical-structure extraction limit was exceeded.
[ERROR]   ParagraphPaginationWorkflowTest.keepTogetherMovesAnEntireParagraphToTheNextPage:154->read:553 » DocumentFailure The text and logical-structure extraction limit was exceeded.
[ERROR]   ParagraphPaginationWorkflowTest.keepTogetherMovesAnEntireParagraphToTheNextPage:154->read:553 » DocumentFailure The text and logical-structure extraction limit was exceeded.
[ERROR]   ParagraphPaginationWorkflowTest.keepWithNextMovesTheHeadingWithTheFollowingFragment:163->read:553 » DocumentFailure The text and logical-structure extraction limit was exceeded.
[ERROR]   ParagraphPaginationWorkflowTest.keepWithNextMovesTheHeadingWithTheFollowingFragment:163->read:553 » DocumentFailure The text and logical-structure extraction limit was exceeded.
[ERROR]   ParagraphPaginationWorkflowTest.laterMutationSealsRelayoutAndNewCompositionEstablishesANewBuffer:338->read:553 » DocumentFailure The text and logical-structure extraction limit was exceeded.
[ERROR]   ParagraphPaginationWorkflowTest.laterMutationSealsRelayoutAndNewCompositionEstablishesANewBuffer:338->read:553 » DocumentFailure The text and logical-structure extraction limit was exceeded.
[ERROR]   ParagraphPaginationWorkflowTest.orphanMinimumMovesAParagraphPastAnInsufficientRemainder:190->read:553 » DocumentFailure The text and logical-structure extraction limit was exceeded.
[ERROR]   ParagraphPaginationWorkflowTest.orphanMinimumMovesAParagraphPastAnInsufficientRemainder:190->read:553 » DocumentFailure The text and logical-structure extraction limit was exceeded.
[ERROR]   ParagraphPaginationWorkflowTest.publicationExpiresSessionAndReopenedPdfHasNoRelayoutState:354->read:553 » DocumentFailure The text and logical-structure extraction limit was exceeded.
[ERROR]   ParagraphPaginationWorkflowTest.publicationExpiresSessionAndReopenedPdfHasNoRelayoutState:354->read:553 » DocumentFailure The text and logical-structure extraction limit was exceeded.
[ERROR]   ParagraphPaginationWorkflowTest.rejectOverflowUsesAWiderPageAndExhaustionNeverTruncates:235->read:553 » DocumentFailure The text and logical-structure extraction limit was exceeded.
[ERROR]   ParagraphPaginationWorkflowTest.rejectOverflowUsesAWiderPageAndExhaustionNeverTruncates:235->read:553 » DocumentFailure The text and logical-structure extraction limit was exceeded.
[ERROR]   ParagraphPaginationWorkflowTest.relayoutCanShrinkAndGrowTheTailWithoutChangingEarlierPages:247 » DocumentFailure The text and logical-structure extraction limit was exceeded.
[ERROR]   ParagraphPaginationWorkflowTest.relayoutCanShrinkAndGrowTheTailWithoutChangingEarlierPages:247 » DocumentFailure The text and logical-structure extraction limit was exceeded.
[ERROR]   ParagraphPaginationWorkflowTest.relayoutUsesTheOriginalFontSnapshotAndKeepsCallerStreamOpen:307->read:553 » DocumentFailure The text and logical-structure extraction limit was exceeded.
[ERROR]   ParagraphPaginationWorkflowTest.relayoutUsesTheOriginalFontSnapshotAndKeepsCallerStreamOpen:307->read:553 » DocumentFailure The text and logical-structure extraction limit was exceeded.
[ERROR]   ParagraphPaginationWorkflowTest.shortUnsplitParagraphIgnoresFragmentMinimaAndFinalKeepIsVacuous:207->read:553 » DocumentFailure The text and logical-structure extraction limit was exceeded.
[ERROR]   ParagraphPaginationWorkflowTest.shortUnsplitParagraphIgnoresFragmentMinimaAndFinalKeepIsVacuous:207->read:553 » DocumentFailure The text and logical-structure extraction limit was exceeded.
[ERROR]   ParagraphPaginationWorkflowTest.tabFieldMovesIntactToAWiderArea:147->read:553 » DocumentFailure The text and logical-structure extraction limit was exceeded.
[ERROR]   ParagraphPaginationWorkflowTest.tabFieldMovesIntactToAWiderArea:147->read:553 » DocumentFailure The text and logical-structure extraction limit was exceeded.
[ERROR]   ParagraphPaginationWorkflowTest.unsignedIncrementalRelayoutPreservesTheOriginalRevisionAndEarlierPages:392->read:553 » DocumentFailure The text and logical-structure extraction limit was exceeded.
[ERROR]   ParagraphPaginationWorkflowTest.unsignedIncrementalRelayoutPreservesTheOriginalRevisionAndEarlierPages:392->read:553 » DocumentFailure The text and logical-structure extraction limit was exceeded.
[ERROR]   ParagraphPaginationWorkflowTest.widowAndOrphanCountsRecomputeForDifferentPageWidths:199->read:553 » DocumentFailure The text and logical-structure extraction limit was exceeded.
[ERROR]   ParagraphPaginationWorkflowTest.widowAndOrphanCountsRecomputeForDifferentPageWidths:199->read:553 » DocumentFailure The text and logical-structure extraction limit was exceeded.
[ERROR]   ParagraphPaginationWorkflowTest.widowMinimumMovesOneEarlierLineAcrossThePageBoundary:181->read:553 » DocumentFailure The text and logical-structure extraction limit was exceeded.
[ERROR]   ParagraphPaginationWorkflowTest.widowMinimumMovesOneEarlierLineAcrossThePageBoundary:181->read:553 » DocumentFailure The text and logical-structure extraction limit was exceeded.
[ERROR]   ParagraphPaginationWorkflowTest.wrapAndVisibleOverflowPreserveEveryCharacterAcrossPages:225->read:553 » DocumentFailure The text and logical-structure extraction limit was exceeded.
[ERROR]   ParagraphPaginationWorkflowTest.wrapAndVisibleOverflowPreserveEveryCharacterAcrossPages:225->read:553 » DocumentFailure The text and logical-structure extraction limit was exceeded.
[ERROR]   ShapingCompositionWorkflowTest.arabicMarkedLigaturePublishesTwoPositionedGlyphsAndItsLogicalInput:134 » DocumentFailure The text and logical-structure extraction limit was exceeded.
[ERROR]   ShapingCompositionWorkflowTest.arabicMarkedLigaturePublishesTwoPositionedGlyphsAndItsLogicalInput:134 » DocumentFailure The text and logical-structure extraction limit was exceeded.
[ERROR]   ShapingCompositionWorkflowTest.bufferedRelayoutReshapesUsingTheBorrowedFontSnapshot:296->reopen:592 » DocumentFailure The text and logical-structure extraction limit was exceeded.
[ERROR]   ShapingCompositionWorkflowTest.bufferedRelayoutReshapesUsingTheBorrowedFontSnapshot:296->reopen:592 » DocumentFailure The text and logical-structure extraction limit was exceeded.
[ERROR]   ShapingCompositionWorkflowTest.completeArabicFontAcceptsAxisReflectedCompositeOutlines:103 » DocumentFailure The text and logical-structure extraction limit was exceeded.
[ERROR]   ShapingCompositionWorkflowTest.completeArabicFontAcceptsAxisReflectedCompositeOutlines:103 » DocumentFailure The text and logical-structure extraction limit was exceeded.
[ERROR]   ShapingCompositionWorkflowTest.fontSizeBoundariesPreserveTheIcuGraphemeAndEachDeclaredSize:528->reopen:592 » DocumentFailure The text and logical-structure extraction limit was exceeded.
[ERROR]   ShapingCompositionWorkflowTest.fontSizeBoundariesPreserveTheIcuGraphemeAndEachDeclaredSize:528->reopen:592 » DocumentFailure The text and logical-structure extraction limit was exceeded.
[ERROR]   ShapingCompositionWorkflowTest.incrementalTablesKeepShapedGlyphsAndBorrowedFontsAcrossFlushAndComplete:387->reopen:592 » DocumentFailure The text and logical-structure extraction limit was exceeded.
[ERROR]   ShapingCompositionWorkflowTest.incrementalTablesKeepShapedGlyphsAndBorrowedFontsAcrossFlushAndComplete:387->reopen:592 » DocumentFailure The text and logical-structure extraction limit was exceeded.
[ERROR]   ShapingCompositionWorkflowTest.narrowLinesReshapeALigatureAtOriginalGraphemeBoundaries:429->reopen:592 » DocumentFailure The text and logical-structure extraction limit was exceeded.
[ERROR]   ShapingCompositionWorkflowTest.narrowLinesReshapeALigatureAtOriginalGraphemeBoundaries:429->reopen:592 » DocumentFailure The text and logical-structure extraction limit was exceeded.
[ERROR]   ShapingCompositionWorkflowTest.positionedTextAndRegistrationWithoutPreferenceKeepTheirUnshapedContract:230->reopen:592 » DocumentFailure The text and logical-structure extraction limit was exceeded.
[ERROR]   ShapingCompositionWorkflowTest.positionedTextAndRegistrationWithoutPreferenceKeepTheirUnshapedContract:230->reopen:592 » DocumentFailure The text and logical-structure extraction limit was exceeded.
[ERROR]   ShapingCompositionWorkflowTest.rejectedAreasReleaseShapingWithinTheBudgetOfExplicitlySkippingThem:512->reopen:592 » DocumentFailure The text and logical-structure extraction limit was exceeded.
[ERROR]   ShapingCompositionWorkflowTest.rejectedAreasReleaseShapingWithinTheBudgetOfExplicitlySkippingThem:512->reopen:592 » DocumentFailure The text and logical-structure extraction limit was exceeded.
[ERROR]   ShapingCompositionWorkflowTest.repeatedBufferedRelayoutReleasesObsoleteInitialShapingPlans:315->reopen:592 » DocumentFailure The text and logical-structure extraction limit was exceeded.
[ERROR]   ShapingCompositionWorkflowTest.repeatedBufferedRelayoutReleasesObsoleteInitialShapingPlans:315->reopen:592 » DocumentFailure The text and logical-structure extraction limit was exceeded.
[ERROR]   ShapingCompositionWorkflowTest.softWrappedArabicReshapesAndRefitsEveryLineBoundary:407->reopen:592 » DocumentFailure The text and logical-structure extraction limit was exceeded.
[ERROR]   ShapingCompositionWorkflowTest.softWrappedArabicReshapesAndRefitsEveryLineBoundary:407->reopen:592 » DocumentFailure The text and logical-structure extraction limit was exceeded.
[ERROR]   ShapingCompositionWorkflowTest.tableIntrinsicMinimumUsesIndependentlyShapedGraphemes:460->reopen:592 » DocumentFailure The text and logical-structure extraction limit was exceeded.
[ERROR]   ShapingCompositionWorkflowTest.tableIntrinsicMinimumUsesIndependentlyShapedGraphemes:460->reopen:592 » DocumentFailure The text and logical-structure extraction limit was exceeded.
[ERROR]   ShapingCompositionWorkflowTest.tableMinimumAdmitsAJoinedLigatureNarrowerThanItsIsolatedGraphemes:490->reopen:592 » DocumentFailure The text and logical-structure extraction limit was exceeded.
[ERROR]   ShapingCompositionWorkflowTest.tableMinimumAdmitsAJoinedLigatureNarrowerThanItsIsolatedGraphemes:490->reopen:592 » DocumentFailure The text and logical-structure extraction limit was exceeded.
[ERROR]   TableCompositionWorkflowTest.automaticPointAndPercentageColumnsStayExactWithCellMinimums:330->read:723 » DocumentFailure The text and logical-structure extraction limit was exceeded.
[ERROR]   TableCompositionWorkflowTest.automaticPointAndPercentageColumnsStayExactWithCellMinimums:330->read:723 » DocumentFailure The text and logical-structure extraction limit was exceeded.
[ERROR]   TableCompositionWorkflowTest.automaticSpanningMinimumRequiresSurplusOrExplicitPositiveColumns:262->read:723 » DocumentFailure The text and logical-structure extraction limit was exceeded.
[ERROR]   TableCompositionWorkflowTest.automaticSpanningMinimumRequiresSurplusOrExplicitPositiveColumns:262->read:723 » DocumentFailure The text and logical-structure extraction limit was exceeded.
[ERROR]   TableCompositionWorkflowTest.automaticWidthsFollowContentPreferencesAndEqualSurplus:117->read:723 » DocumentFailure The text and logical-structure extraction limit was exceeded.
[ERROR]   TableCompositionWorkflowTest.automaticWidthsFollowContentPreferencesAndEqualSurplus:117->read:723 » DocumentFailure The text and logical-structure extraction limit was exceeded.
[ERROR]   TableCompositionWorkflowTest.automaticWidthsInterpolateBetweenMinimumAndPreferred:129->read:723 » DocumentFailure The text and logical-structure extraction limit was exceeded.
[ERROR]   TableCompositionWorkflowTest.automaticWidthsInterpolateBetweenMinimumAndPreferred:129->read:723 » DocumentFailure The text and logical-structure extraction limit was exceeded.
[ERROR]   TableCompositionWorkflowTest.cellAlignmentGraphicsMultipleParagraphsAndMinimumRowHeightAffectGeometry:342->read:723 » DocumentFailure The text and logical-structure extraction limit was exceeded.
[ERROR]   TableCompositionWorkflowTest.cellAlignmentGraphicsMultipleParagraphsAndMinimumRowHeightAffectGeometry:342->read:723 » DocumentFailure The text and logical-structure extraction limit was exceeded.
[ERROR]   TableCompositionWorkflowTest.distinctBorderWidthsRemainInsideCellsAndAdjacentWidthsAdd:564->read:723 » DocumentFailure The text and logical-structure extraction limit was exceeded.
[ERROR]   TableCompositionWorkflowTest.distinctBorderWidthsRemainInsideCellsAndAdjacentWidthsAdd:564->read:723 » DocumentFailure The text and logical-structure extraction limit was exceeded.
[ERROR]   TableCompositionWorkflowTest.exactFractionalGeometryFitsButFirstGeometricExcessFails:379->read:723 » DocumentFailure The text and logical-structure extraction limit was exceeded.
[ERROR]   TableCompositionWorkflowTest.exactFractionalGeometryFitsButFirstGeometricExcessFails:379->read:723 » DocumentFailure The text and logical-structure extraction limit was exceeded.
[ERROR]   TableCompositionWorkflowTest.failedPaintingAndLayoutLeavePreviousPagesObservableWithoutPartialTables:417->read:723 » DocumentFailure The text and logical-structure extraction limit was exceeded.
[ERROR]   TableCompositionWorkflowTest.failedPaintingAndLayoutLeavePreviousPagesObservableWithoutPartialTables:417->read:723 » DocumentFailure The text and logical-structure extraction limit was exceeded.
[ERROR]   TableCompositionWorkflowTest.fixedPointPercentageAndAutoWidthsMatchIndependentCoordinates:106->read:723 » DocumentFailure The text and logical-structure extraction limit was exceeded.
[ERROR]   TableCompositionWorkflowTest.fixedPointPercentageAndAutoWidthsMatchIndependentCoordinates:106->read:723 » DocumentFailure The text and logical-structure extraction limit was exceeded.
[ERROR]   TableCompositionWorkflowTest.layoutLineLimitCanSkipANarrowAreaAndDiscardedWorkStillCounts:552->read:723 » DocumentFailure The text and logical-structure extraction limit was exceeded.
[ERROR]   TableCompositionWorkflowTest.layoutLineLimitCanSkipANarrowAreaAndDiscardedWorkStillCounts:552->read:723 » DocumentFailure The text and logical-structure extraction limit was exceeded.
[ERROR]   TableCompositionWorkflowTest.layoutsRepeatAcrossExecutionsForBothAlgorithms:179->read:723 » DocumentFailure The text and logical-structure extraction limit was exceeded.
[ERROR]   TableCompositionWorkflowTest.layoutsRepeatAcrossExecutionsForBothAlgorithms:179->read:723 » DocumentFailure The text and logical-structure extraction limit was exceeded.
[ERROR]   TableCompositionWorkflowTest.oneShotFontsRemainCallerOwnedAcrossTablesParagraphsAndLaterCommands:427 » DocumentFailure The text and logical-structure extraction limit was exceeded.
[ERROR]   TableCompositionWorkflowTest.oneShotFontsRemainCallerOwnedAcrossTablesParagraphsAndLaterCommands:427 » DocumentFailure The text and logical-structure extraction limit was exceeded.
[ERROR]   TableCompositionWorkflowTest.overlappingAutomaticSpanConstraintsHaveAFeasibleDeterministicAllocation:315->read:723 » DocumentFailure The text and logical-structure extraction limit was exceeded.
[ERROR]   TableCompositionWorkflowTest.overlappingAutomaticSpanConstraintsHaveAFeasibleDeterministicAllocation:315->read:723 » DocumentFailure The text and logical-structure extraction limit was exceeded.
[ERROR]   TableCompositionWorkflowTest.queryBarriersIncrementalAppendAndSessionExpiryArePreserved:296 » DocumentFailure The text and logical-structure extraction limit was exceeded.
[ERROR]   TableCompositionWorkflowTest.queryBarriersIncrementalAppendAndSessionExpiryArePreserved:296 » DocumentFailure The text and logical-structure extraction limit was exceeded.
[ERROR]   TableCompositionWorkflowTest.rowAndColumnSpansPreserveGridBordersAndCellReadingOrder:143->read:723 » DocumentFailure The text and logical-structure extraction limit was exceeded.
[ERROR]   TableCompositionWorkflowTest.rowAndColumnSpansPreserveGridBordersAndCellReadingOrder:143->read:723 » DocumentFailure The text and logical-structure extraction limit was exceeded.
[ERROR]   TableCompositionWorkflowTest.spanningContentGrowsRowsAndEmptyContinuationRowsAreExplicit:156->read:723 » DocumentFailure The text and logical-structure extraction limit was exceeded.
[ERROR]   TableCompositionWorkflowTest.spanningContentGrowsRowsAndEmptyContinuationRowsAreExplicit:156->read:723 » DocumentFailure The text and logical-structure extraction limit was exceeded.
[ERROR]   TableCompositionWorkflowTest.tableMovesIntactAndPercentageWidthsRecomputeInLaterArea:169->read:723 » DocumentFailure The text and logical-structure extraction limit was exceeded.
[ERROR]   TableCompositionWorkflowTest.tableMovesIntactAndPercentageWidthsRecomputeInLaterArea:169->read:723 » DocumentFailure The text and logical-structure extraction limit was exceeded.
[ERROR]   TablePaginationWorkflowTest.aContinuedRowRewrapsItsRemainingTextAtTheNextAreasWidth:177->read:365 » DocumentFailure The text and logical-structure extraction limit was exceeded.
[ERROR]   TablePaginationWorkflowTest.aContinuedRowRewrapsItsRemainingTextAtTheNextAreasWidth:177->read:365 » DocumentFailure The text and logical-structure extraction limit was exceeded.
[ERROR]   TablePaginationWorkflowTest.aRowFragmentFillsTheSpaceAfterEarlierCompleteRows:314->read:365 » DocumentFailure The text and logical-structure extraction limit was exceeded.
[ERROR]   TablePaginationWorkflowTest.aRowFragmentFillsTheSpaceAfterEarlierCompleteRows:314->read:365 » DocumentFailure The text and logical-structure extraction limit was exceeded.
[ERROR]   TablePaginationWorkflowTest.anOversizedRowContinuesAtWholeLinesWithoutRepeatingOrDroppingText:111->read:365 » DocumentFailure The text and logical-structure extraction limit was exceeded.
[ERROR]   TablePaginationWorkflowTest.anOversizedRowContinuesAtWholeLinesWithoutRepeatingOrDroppingText:111->read:365 » DocumentFailure The text and logical-structure extraction limit was exceeded.
[ERROR]   TablePaginationWorkflowTest.bufferedTableRelayoutIsAtomicAndFlushSealsItsLastSuccessfulPages:219 » DocumentFailure The text and logical-structure extraction limit was exceeded.
[ERROR]   TablePaginationWorkflowTest.bufferedTableRelayoutIsAtomicAndFlushSealsItsLastSuccessfulPages:219 » DocumentFailure The text and logical-structure extraction limit was exceeded.
[ERROR]   TablePaginationWorkflowTest.cellOverflowWrapsRejectsOrPreservesTheEntireVisibleWord:299->read:365 » DocumentFailure The text and logical-structure extraction limit was exceeded.
[ERROR]   TablePaginationWorkflowTest.cellOverflowWrapsRejectsOrPreservesTheEntireVisibleWord:299->read:365 » DocumentFailure The text and logical-structure extraction limit was exceeded.
[ERROR]   TablePaginationWorkflowTest.disablingRowSplittingMovesAnIntactRowAndRejectsAnImpossibleRow:327->read:365 » DocumentFailure The text and logical-structure extraction limit was exceeded.
[ERROR]   TablePaginationWorkflowTest.disablingRowSplittingMovesAnIntactRowAndRejectsAnImpossibleRow:327->read:365 » DocumentFailure The text and logical-structure extraction limit was exceeded.
[ERROR]   TablePaginationWorkflowTest.fixedAndAutomaticTablesFillOrderedAreasBeforeAdvancingToTheNextPage:92->read:365 » DocumentFailure The text and logical-structure extraction limit was exceeded.
[ERROR]   TablePaginationWorkflowTest.fixedAndAutomaticTablesFillOrderedAreasBeforeAdvancingToTheNextPage:92->read:365 » DocumentFailure The text and logical-structure extraction limit was exceeded.
[ERROR]   TablePaginationWorkflowTest.laterMutationAndPublicationSealBufferedTableRelayout:285->read:365 » DocumentFailure The text and logical-structure extraction limit was exceeded.
[ERROR]   TablePaginationWorkflowTest.laterMutationAndPublicationSealBufferedTableRelayout:285->read:365 » DocumentFailure The text and logical-structure extraction limit was exceeded.
[ERROR]   TablePaginationWorkflowTest.paginatedWorkAndOutputBudgetsAdmitExactCountsAndRejectTheirFirstExcess:344->read:365 » DocumentFailure The text and logical-structure extraction limit was exceeded.
[ERROR]   TablePaginationWorkflowTest.paginatedWorkAndOutputBudgetsAdmitExactCountsAndRejectTheirFirstExcess:344->read:365 » DocumentFailure The text and logical-structure extraction limit was exceeded.
[ERROR]   TablePaginationWorkflowTest.repeatedHeadersAndFootersReserveSpaceAndFinalOmissionUsesTheFreedSpace:195->read:365 » DocumentFailure The text and logical-structure extraction limit was exceeded.
[ERROR]   TablePaginationWorkflowTest.repeatedHeadersAndFootersReserveSpaceAndFinalOmissionUsesTheFreedSpace:195->read:365 » DocumentFailure The text and logical-structure extraction limit was exceeded.
[ERROR]   TablePaginationWorkflowTest.rowAndColumnSpansContinueWithIndependentFragmentBordersAndReadingOrder:130->read:365 » DocumentFailure The text and logical-structure extraction limit was exceeded.
[ERROR]   TablePaginationWorkflowTest.rowAndColumnSpansContinueWithIndependentFragmentBordersAndReadingOrder:130->read:365 » DocumentFailure The text and logical-structure extraction limit was exceeded.
[ERROR]   TablePaginationWorkflowTest.tableKeepsBacktrackToASmallerFragmentOrMoveTheCompleteTable:149->read:365 » DocumentFailure The text and logical-structure extraction limit was exceeded.
[ERROR]   TablePaginationWorkflowTest.tableKeepsBacktrackToASmallerFragmentOrMoveTheCompleteTable:149->read:365 » DocumentFailure The text and logical-structure extraction limit was exceeded.
[ERROR]   UnicodeCompositionWorkflowTest.automaticTableWidthsReserveTheWholeGraphemeCluster:345->publishAndRead:402 » DocumentFailure The text and logical-structure extraction limit was exceeded.
[ERROR]   UnicodeCompositionWorkflowTest.automaticTableWidthsReserveTheWholeGraphemeCluster:345->publishAndRead:402 » DocumentFailure The text and logical-structure extraction limit was exceeded.
[ERROR]   UnicodeCompositionWorkflowTest.bidiTabAnchorsUseVisualOffsetsAndFieldsKeepTheirPhysicalPositions:226->publishAndRead:402 » DocumentFailure The text and logical-structure extraction limit was exceeded.
[ERROR]   UnicodeCompositionWorkflowTest.bidiTabAnchorsUseVisualOffsetsAndFieldsKeepTheirPhysicalPositions:226->publishAndRead:402 » DocumentFailure The text and logical-structure extraction limit was exceeded.
[ERROR]   UnicodeCompositionWorkflowTest.combiningClusterAcrossInlinesCannotSplitAtItsSpace:94->publishAndRead:402 » DocumentFailure The text and logical-structure extraction limit was exceeded.
[ERROR]   UnicodeCompositionWorkflowTest.combiningClusterAcrossInlinesCannotSplitAtItsSpace:94->publishAndRead:402 » DocumentFailure The text and logical-structure extraction limit was exceeded.
[ERROR]   UnicodeCompositionWorkflowTest.completeCjkFontsUseTheExplicitRegionAndPreserveSubsetMappings:391->publishAndRead:402 » DocumentFailure The text and logical-structure extraction limit was exceeded.
[ERROR]   UnicodeCompositionWorkflowTest.completeCjkFontsUseTheExplicitRegionAndPreserveSubsetMappings:391->publishAndRead:402 » DocumentFailure The text and logical-structure extraction limit was exceeded.
[ERROR]   UnicodeCompositionWorkflowTest.explicitBidiIsolatesAffectOrderWithoutRequestingControlGlyphs:182->publishAndRead:402 » DocumentFailure The text and logical-structure extraction limit was exceeded.
[ERROR]   UnicodeCompositionWorkflowTest.explicitBidiIsolatesAffectOrderWithoutRequestingControlGlyphs:182->publishAndRead:402 » DocumentFailure The text and logical-structure extraction limit was exceeded.
[ERROR]   UnicodeCompositionWorkflowTest.justificationExpandsAfterTheWholeSpaceCombiningCluster:202->publishAndRead:402 » DocumentFailure The text and logical-structure extraction limit was exceeded.
[ERROR]   UnicodeCompositionWorkflowTest.justificationExpandsAfterTheWholeSpaceCombiningCluster:202->publishAndRead:402 » DocumentFailure The text and logical-structure extraction limit was exceeded.
[ERROR]   UnicodeCompositionWorkflowTest.koreanJamoClustersWrapAtomicallyAndOverwideClustersDoNotPublish:244->publishAndRead:402 » DocumentFailure The text and logical-structure extraction limit was exceeded.
[ERROR]   UnicodeCompositionWorkflowTest.koreanJamoClustersWrapAtomicallyAndOverwideClustersDoNotPublish:244->publishAndRead:402 » DocumentFailure The text and logical-structure extraction limit was exceeded.
[ERROR]   UnicodeCompositionWorkflowTest.literalObjectReplacementCharacterIsTextRatherThanAnInlineGraphic:144->publishAndRead:402 » DocumentFailure The text and logical-structure extraction limit was exceeded.
[ERROR]   UnicodeCompositionWorkflowTest.literalObjectReplacementCharacterIsTextRatherThanAnInlineGraphic:144->publishAndRead:402 » DocumentFailure The text and logical-structure extraction limit was exceeded.
[ERROR]   UnicodeCompositionWorkflowTest.mixedBidiRunsKeepNumbersAndPunctuationInTheReferenceOrder:121->publishAndRead:402 » DocumentFailure The text and logical-structure extraction limit was exceeded.
[ERROR]   UnicodeCompositionWorkflowTest.mixedBidiRunsKeepNumbersAndPunctuationInTheReferenceOrder:121->publishAndRead:402 » DocumentFailure The text and logical-structure extraction limit was exceeded.
[ERROR]   UnicodeCompositionWorkflowTest.nonWrappingOverflowPreservesSpacesUntilTheUnicodeLineOpportunity:170->publishAndRead:402 » DocumentFailure The text and logical-structure extraction limit was exceeded.
[ERROR]   UnicodeCompositionWorkflowTest.nonWrappingOverflowPreservesSpacesUntilTheUnicodeLineOpportunity:170->publishAndRead:402 » DocumentFailure The text and logical-structure extraction limit was exceeded.
[ERROR]   UnicodeCompositionWorkflowTest.rightToLeftBaseMirrorsPairedPunctuationWithoutReversingDigits:134->publishAndRead:402 » DocumentFailure The text and logical-structure extraction limit was exceeded.
[ERROR]   UnicodeCompositionWorkflowTest.rightToLeftBaseMirrorsPairedPunctuationWithoutReversingDigits:134->publishAndRead:402 » DocumentFailure The text and logical-structure extraction limit was exceeded.
[ERROR]   UnicodeCompositionWorkflowTest.rightToLeftTabFieldKeepsItsExplicitStopAndClusterOrder:215->publishAndRead:402 » DocumentFailure The text and logical-structure extraction limit was exceeded.
[ERROR]   UnicodeCompositionWorkflowTest.rightToLeftTabFieldKeepsItsExplicitStopAndClusterOrder:215->publishAndRead:402 » DocumentFailure The text and logical-structure extraction limit was exceeded.
[ERROR]   UnicodeCompositionWorkflowTest.staticNotoSansPreservesLatinGreekAndCyrillicThroughPublication:81->publishAndRead:402 » DocumentFailure The text and logical-structure extraction limit was exceeded.
[ERROR]   UnicodeCompositionWorkflowTest.staticNotoSansPreservesLatinGreekAndCyrillicThroughPublication:81->publishAndRead:402 » DocumentFailure The text and logical-structure extraction limit was exceeded.
[ERROR]   UnicodeCompositionWorkflowTest.supplementaryHanUsesOneScalarAndOneClusterAcrossWorkerTransport:372->publishAndRead:402 » DocumentFailure The text and logical-structure extraction limit was exceeded.
[ERROR]   UnicodeCompositionWorkflowTest.supplementaryHanUsesOneScalarAndOneClusterAcrossWorkerTransport:372->publishAndRead:402 » DocumentFailure The text and logical-structure extraction limit was exceeded.
[ERROR]   UnicodeCompositionWorkflowTest.tablePreferredWidthsRecognizeUnicodeHardLineBreaks:361->publishAndRead:402 » DocumentFailure The text and logical-structure extraction limit was exceeded.
[ERROR]   UnicodeCompositionWorkflowTest.tablePreferredWidthsRecognizeUnicodeHardLineBreaks:361->publishAndRead:402 » DocumentFailure The text and logical-structure extraction limit was exceeded.
[ERROR]   UnicodeCompositionWorkflowTest.unicodeLineAndParagraphSeparatorsForceLinesWithoutDrawingControlGlyphs:190->publishAndRead:402 » DocumentFailure The text and logical-structure extraction limit was exceeded.
[ERROR]   UnicodeCompositionWorkflowTest.unicodeLineAndParagraphSeparatorsForceLinesWithoutDrawingControlGlyphs:190->publishAndRead:402 » DocumentFailure The text and logical-structure extraction limit was exceeded.
[ERROR]   UnicodeCompositionWorkflowTest.unicodeLineOpportunityPrecedesEmergencyGraphemeWrapping:107->publishAndRead:402 » DocumentFailure The text and logical-structure extraction limit was exceeded.
[ERROR]   UnicodeCompositionWorkflowTest.unicodeLineOpportunityPrecedesEmergencyGraphemeWrapping:107->publishAndRead:402 » DocumentFailure The text and logical-structure extraction limit was exceeded.
[ERROR]   UnicodeCompositionWorkflowTest.wordAndScriptRunsWrapAtUnicodeOpportunitiesUnderRejectOverflow:152->publishAndRead:402 » DocumentFailure The text and logical-structure extraction limit was exceeded.
[ERROR]   UnicodeCompositionWorkflowTest.wordAndScriptRunsWrapAtUnicodeOpportunitiesUnderRejectOverflow:152->publishAndRead:402 » DocumentFailure The text and logical-structure extraction limit was exceeded.
[INFO] 
[ERROR] Tests run: 1221, Failures: 4, Errors: 236, Skipped: 3
[INFO] 
[INFO] ------------------------------------------------------------------------
[INFO] Reactor Summary for Folio PDF by ZeroCloud - Parent 0.1.0-SNAPSHOT:
[INFO] 
[INFO] Folio PDF by ZeroCloud - Parent .................... SUCCESS [  0.275 s]
[INFO] Folio PDF by ZeroCloud - BOM ....................... SUCCESS [  0.004 s]
[INFO] Folio PDF by ZeroCloud - Capability Provider Contract SUCCESS [  1.046 s]
[INFO] Folio PDF by ZeroCloud - Conversion ................ SUCCESS [  2.848 s]
[INFO] Folio PDF by ZeroCloud - Document Engine ........... FAILURE [15:10 min]
[INFO] Folio PDF by ZeroCloud - Stable iText 7 Migration Facade SKIPPED
[INFO] Folio PDF by ZeroCloud - Acceptance Evidence ....... SKIPPED
[INFO] Folio PDF by ZeroCloud - Preview iText 7 Migration Facade SKIPPED
[INFO] Folio PDF by ZeroCloud - Inventory Build Tool ...... SKIPPED
[INFO] Folio PDF by ZeroCloud - Release Rehearsal Tool .... SKIPPED
[INFO] ------------------------------------------------------------------------
[INFO] BUILD FAILURE
[INFO] ------------------------------------------------------------------------
[INFO] Total time:  15:14 min
[INFO] Finished at: 2026-09-13T07:03:09+08:00
[INFO] ------------------------------------------------------------------------
[ERROR] Failed to execute goal org.apache.maven.plugins:maven-surefire-plugin:3.5.4:test (default-test) on project pdf-document: There are test failures.
[ERROR] 
[ERROR] See /home/ubuntu/IdeaProjects/open-pdf/pdf-document/target/surefire-reports for the individual test results.
[ERROR] See dump files (if any exist) [date].dump, [date]-jvmRun[N].dump and [date].dumpstream.
[ERROR] -> [Help 1]
[ERROR] 
[ERROR] To see the full stack trace of the errors, re-run Maven with the -e switch.
[ERROR] Re-run Maven using the -X switch to enable full debug logging.
[ERROR] 
[ERROR] For more information about the errors and possible solutions, please read the following articles:
[ERROR] [Help 1] http://cwiki.apache.org/confluence/display/MAVEN/MojoFailureException
[ERROR] 
[ERROR] After correcting the problems, you can resume the build with the command
[ERROR]   mvn <args> -rf :pdf-document
